ep306
Train step Loss: [0.9455443024635315, 0.9456116557121277, 0.9455282688140869, 0.9456461668014526, 0.9455767273902893, 0.9456288814544678, 0.9456343650817871, 0.9455949664115906, 0.9455521702766418, 0.9456257820129395, 0.9456358551979065, 0.9455618858337402, 0.9455856084823608, 0.9455671906471252, 0.9455265998840332, 0.9456316828727722, 0.9455666542053223, 0.945538341999054, 0.9455764293670654, 0.9455516934394836, 0.9455950856208801, 0.9455769062042236, 0.945588231086731, 0.9455652832984924, 0.9455558657646179, 0.9455826878547668, 0.9455333352088928, 0.9455664753913879, 0.9455450773239136, 0.945575475692749, 0.9456037282943726, 0.9455755949020386, 0.9455807209014893, 0.9455618858337402, 0.9456328749656677, 0.9456772804260254, 0.9456126689910889, 0.9455959796905518, 0.9454876184463501, 0.9455130696296692, 0.9455974698066711, 0.9455999732017517, 0.945684015750885, 0.9455609321594238, 0.9455252885818481, 0.94561368227005, 0.9455862045288086, 0.9455759525299072, 0.9456050395965576, 0.9455954432487488, 0.9455716609954834, 0.9455834031105042, 0.9455601572990417, 0.9455527663230896, 0.9456369280815125, 0.9455845952033997, 0.9455582499504089, 0.9456271529197693, 0.945641815662384, 0.9456169605255127, 0.94560706615448, 0.9456565976142883, 0.9455402493476868, 0.9455806612968445, 0.9455797076225281, 0.9455640316009521, 0.9456259608268738, 0.9455767273902893, 0.9456049203872681, 0.9455814361572266, 0.9455411434173584, 0.9455947875976562, 0.9456184506416321, 0.9456577897071838, 0.9454925060272217, 0.9456254243850708, 0.9455590844154358, 0.9456238150596619, 0.945605993270874, 0.9455845952033997, 0.94559246301651, 0.9455441236495972, 0.9456321001052856, 0.9456093311309814, 0.9455872178077698, 0.945557177066803, 0.9455410242080688, 0.9456027746200562, 0.9455355405807495, 0.9455651640892029, 0.945540726184845, 0.9456232786178589, 0.9455638527870178, 0.9455661773681641, 0.9455515742301941, 0.9456079006195068, 0.9455535411834717, 0.9455391764640808, 0.945563018321991, 0.9455462694168091, 0.9455966353416443, 0.9455001354217529, 0.945487380027771, 0.9455680251121521, 0.9456064105033875]
val step Loss: [0.9478573799133301, 0.9475501179695129, 0.9457288980484009, 0.9518387317657471, 0.9459323287010193, 0.9457352757453918, 0.9458767175674438, 0.9458929896354675, 0.9459998607635498, 0.9462012052536011, 0.9458380937576294, 0.9457272291183472, 0.9459203481674194, 0.945898711681366, 0.9459661841392517, 0.9458228945732117, 0.9467685222625732, 0.9459460377693176, 0.9459260702133179, 0.9458571672439575, 0.9468038082122803, 0.9458649158477783, 0.9498172402381897, 0.9460073709487915, 0.9459148645401001, 0.946063220500946, 0.9458050727844238]
Train step Accs: [1.0, 1.0, 1.0, 1.0, 1.0, 1.0, 1.0, 1.0, 1.0, 1.0, 1.0, 1.0, 1.0, 1.0, 1.0, 1.0, 1.0, 1.0, 1.0, 1.0, 1.0, 1.0, 1.0, 1.0, 1.0, 1.0, 1.0, 1.0, 1.0, 1.0, 1.0, 1.0, 1.0, 1.0, 1.0, 1.0, 1.0, 1.0, 1.0, 1.0, 1.0, 1.0, 1.0, 1.0, 1.0, 1.0, 1.0, 1.0, 1.0, 1.0, 1.0, 1.0, 1.0, 1.0, 1.0, 1.0, 1.0, 1.0, 1.0, 1.0, 1.0, 1.0, 1.0, 1.0, 1.0, 1.0, 1.0, 1.0, 1.0, 1.0, 1.0, 1.0, 1.0, 1.0, 1.0, 1.0, 1.0, 1.0, 1.0, 1.0, 1.0, 1.0, 1.0, 1.0, 1.0, 1.0, 1.0, 1.0, 1.0, 1.0, 1.0, 1.0, 1.0, 1.0, 1.0, 1.0, 1.0, 1.0, 1.0, 1.0, 1.0, 1.0, 1.0, 1.0, 1.0]
val step Accs: [0.9996630727762803, 0.9997021593447506, 1.0, 0.9989165763813651, 1.0, 1.0, 1.0, 1.0, 1.0, 1.0, 1.0, 1.0, 1.0, 1.0, 1.0, 1.0, 0.9998456551937027, 1.0, 1.0, 1.0, 0.9998104624715694, 1.0, 0.9993044687880369, 1.0, 1.0, 1.0, 1.0]
Preds: [17, 17, 152, 152, 152, 378, 378, 43, 276, 345, 345, 109, 174, 284, 319, 240, 240, 240, 314, 239, 82, 82, 449, 371, 444, 213, 324, 324, 324, 286, 301, 132, 42, 42, 147, 380, 380, 288, 443, 432, 330, 330, 388, 33, 33, 64, 394, 398, 219, 464, 464, 464, 180, 315, 315, 450, 450, 293, 43, 43, 43, 364, 276, 276, 276, 276, 346, 346, 284, 284, 284, 284, 376, 376, 206, 206, 85, 85, 240, 388, 251, 251, 251, 251, 251, 251, 241, 431, 355, 355, 452, 263, 263, 263, 420, 435, 420, 420, 420, 420, 420, 420, 420, 420, 420, 420, 420, 420, 420, 420, 420, 420, 420, 420, 420, 420, 420, 420, 420, 420, 420, 420, 420, 420, 420, 420, 420, 420, 420, 420, 420, 420, 420, 420, 420, 420, 420, 420, 420, 420, 420, 420, 420, 420, 420, 420, 420, 420, 420, 420, 420, 420, 420, 420, 420, 420, 420, 420, 420, 420, 420, 420, 420, 420, 420, 420, 420, 420, 420, 420, 420, 420, 420, 420, 420, 420, 420, 420, 420, 420, 420, 420, 420, 420, 420, 420, 420, 420, 420, 420, 420, 420, 420, 420, 420, 420, 420, 420, 420, 420, 420, 420, 420, 420, 420, 420, 420, 420, 420, 420, 420, 420, 420, 420, 420, 420, 420, 420, 420, 420, 420, 420, 420, 420, 420, 420, 420, 420, 420, 420, 420, 420, 420, 420, 420, 420, 420, 420, 420, 420, 420, 420, 420, 420, 420, 420, 420, 420, 420, 420, 420, 420, 420, 420, 420, 420, 420, 420, 420, 420, 420, 420, 420, 420, 420, 420, 420, 420, 420, 420, 420, 420, 420, 420, 420, 420, 420, 420, 420, 420, 420, 420, 420, 420, 420, 420, 420, 420, 420, 420, 420, 420, 420, 420, 420, 420, 420, 420, 420, 420, 420, 420, 420, 420, 420, 420, 420, 420, 420, 420, 420, 420, 420, 420, 420, 420, 420, 420, 420, 420, 420, 420, 420, 420, 420, 420, 420, 420, 420, 420, 420, 420, 420, 420, 420, 420, 420, 420, 420, 420, 420, 420, 420, 420, 420, 420, 420, 420, 420, 420, 420, 420, 420, 420, 420, 420, 420, 420, 420, 420, 420, 420, 420, 420, 420, 420, 420, 420, 420, 420, 420, 420, 420, 420, 420, 420, 420, 420, 420, 420, 420, 420, 420, 420, 420, 420, 420, 420, 420, 420, 420, 420, 420, 420, 420, 420, 420, 420, 420, 420, 420, 420, 420, 420, 420, 420, 420, 420, 420, 420, 420, 420, 420, 420, 420, 420, 420, 420, 420, 420, 420, 420, 420, 420, 420, 420, 420, 420, 420, 420, 420, 420, 420, 420, 420, 420, 420, 420, 420, 420, 420, 420, 420, 420, 420, 420, 420, 420, 420, 420, 420, 420, 420, 420, 420, 420, 420, 420, 420, 420, 420, 420, 420, 420, 420, 420, 420, 420, 420, 420, 420, 420, 420, 420, 420, 420, 420, 420, 420, 420, 420, 420, 420, 420, 420, 420, 420, 420, 420, 420, 420, 420, 420, 420, 420, 420, 420, 420, 420, 420, 420, 420, 420, 420, 420, 420, 420, 420, 420, 420, 420, 420, 420, 420, 420, 420, 420, 420, 420, 420, 420, 420, 420, 420, 420, 420, 420, 420, 420, 420, 420, 420, 420, 420, 420, 420, 420, 420, 420, 420, 420, 420, 420, 420, 420, 420, 420, 420, 420, 420, 420, 420, 420, 420, 420, 420, 420, 420, 420, 420, 420, 420, 420, 420, 420, 420, 420, 420, 420, 420, 420, 420, 420, 420, 420, 420, 420, 420, 420, 420, 420, 420, 420, 420, 420, 420, 420, 420, 420, 420, 420, 420, 420, 420, 420, 420, 420, 420, 420, 420]

ep307
Train step Loss: [0.9455398917198181, 0.9456296563148499, 0.945544958114624, 0.945634126663208, 0.9455863833427429, 0.9455390572547913, 0.9456267356872559, 0.9455721974372864, 0.9455108642578125, 0.945553183555603, 0.9455881118774414, 0.9456139802932739, 0.9455409646034241, 0.9456257224082947, 0.9455274343490601, 0.9455792307853699, 0.9456804394721985, 0.9456014633178711, 0.9455519318580627, 0.94563889503479, 0.9456064701080322, 0.9456199407577515, 0.9456411004066467, 0.9455456137657166, 0.9455406665802002, 0.9455611109733582, 0.9455758929252625, 0.9455620646476746, 0.9455789923667908, 0.9456299543380737, 0.9456265568733215, 0.945582389831543, 0.9456338882446289, 0.9455389976501465, 0.9456228613853455, 0.9455503821372986, 0.9455714821815491, 0.9455493688583374, 0.9456049203872681, 0.9455742835998535, 0.9455453753471375, 0.945592999458313, 0.9456063508987427, 0.9455775618553162, 0.9455776810646057, 0.9456160664558411, 0.9455689191818237, 0.9455752372741699, 0.9455757141113281, 0.9455374479293823, 0.9455516338348389, 0.9456113576889038, 0.9456819891929626, 0.9455451369285583, 0.9456167221069336, 0.9455713033676147, 0.9456045627593994, 0.9455248117446899, 0.9455231428146362, 0.9455736875534058, 0.945521891117096, 0.9455613493919373, 0.9455791711807251, 0.9455254673957825, 0.9455912113189697, 0.9455291628837585, 0.94563889503479, 0.9456496238708496, 0.9455648064613342, 0.9454929828643799, 0.9455684423446655, 0.9456025958061218, 0.9456087946891785, 0.9455693960189819, 0.9455984830856323, 0.9455254673957825, 0.945586085319519, 0.9455536007881165, 0.9456340074539185, 0.945589005947113, 0.9455748796463013, 0.9455388188362122, 0.9455828666687012, 0.9455544948577881, 0.9456074833869934, 0.9455986618995667, 0.9456124305725098, 0.9456045031547546, 0.9455757737159729, 0.9456194639205933, 0.9455925226211548, 0.945594847202301, 0.9455381035804749, 0.9455702304840088, 0.9455724954605103, 0.9455814957618713, 0.9456372857093811, 0.9455674886703491, 0.9455920457839966, 0.9456087350845337, 0.9455981254577637, 0.945527970790863, 0.9455558061599731, 0.9456337094306946, 0.9455381631851196]
val step Loss: [0.9459112286567688, 0.9458279609680176, 0.9458678364753723, 0.9458757042884827, 0.945904016494751, 0.9468647837638855, 0.9469120502471924, 0.9461169242858887, 0.9458774924278259, 0.9458907842636108, 0.9458436369895935, 0.957221508026123, 0.9459406137466431, 0.9458308219909668, 0.9467426538467407, 0.9459144473075867, 0.9458097815513611, 0.945947527885437, 0.9460180997848511, 0.9459821581840515, 0.9466867446899414, 0.9458971619606018, 0.9459172487258911, 0.9458059668540955, 0.9459086656570435, 0.9459068775177002, 0.9458193182945251]
Train step Accs: [1.0, 1.0, 1.0, 1.0, 1.0, 1.0, 1.0, 1.0, 1.0, 1.0, 1.0, 1.0, 1.0, 1.0, 1.0, 1.0, 1.0, 1.0, 1.0, 1.0, 1.0, 1.0, 1.0, 1.0, 1.0, 1.0, 1.0, 1.0, 1.0, 1.0, 1.0, 1.0, 1.0, 1.0, 1.0, 1.0, 1.0, 1.0, 1.0, 1.0, 1.0, 1.0, 1.0, 1.0, 1.0, 1.0, 1.0, 1.0, 1.0, 1.0, 1.0, 1.0, 1.0, 1.0, 1.0, 1.0, 1.0, 1.0, 1.0, 1.0, 1.0, 1.0, 1.0, 1.0, 1.0, 1.0, 1.0, 1.0, 1.0, 1.0, 1.0, 1.0, 1.0, 1.0, 1.0, 1.0, 1.0, 1.0, 1.0, 1.0, 1.0, 1.0, 1.0, 1.0, 1.0, 1.0, 1.0, 1.0, 1.0, 1.0, 1.0, 1.0, 1.0, 1.0, 1.0, 1.0, 1.0, 1.0, 1.0, 1.0, 1.0, 1.0, 1.0, 1.0, 1.0]
val step Accs: [1.0, 1.0, 1.0, 1.0, 1.0, 0.99981556621173, 0.9998213009292352, 1.0, 1.0, 1.0, 1.0, 0.9979256698357822, 1.0, 1.0, 0.9998423707440101, 1.0, 1.0, 1.0, 1.0, 1.0, 0.9998325238653492, 1.0, 1.0, 1.0, 1.0, 1.0, 1.0]
Preds: [17, 17, 441, 153, 153, 153, 424, 387, 497, 497, 122, 122, 35, 35, 259, 384, 371, 180, 180, 84, 84, 139, 16, 16, 375, 375, 375, 375, 98, 98, 98, 13, 13, 414, 414, 249, 249, 20, 47, 312, 187, 187, 101, 101, 101, 101, 149, 149, 149, 321, 287, 287, 287, 287, 297, 297, 297, 293, 293, 293, 122, 216, 22, 106, 106, 106, 284, 284, 284, 284, 306, 306, 372, 245, 406, 406, 284, 65, 284, 284, 284, 376, 376, 282, 282, 169, 271, 150, 77, 342, 342, 168, 97, 483, 196, 196, 479, 199, 199, 199, 360, 360, 330, 252, 368, 310, 310, 395, 395, 213, 278, 278, 278, 252, 368, 77, 453, 453, 168, 485, 301, 301, 374, 199, 106, 84, 84, 84, 84, 496, 293, 215, 215, 8, 251, 241, 241, 106, 106, 106, 284, 426, 405, 387, 387, 406, 406, 467, 467, 337, 207, 207, 19, 358, 233, 414, 417, 417, 417, 417, 442, 442, 414, 170, 102, 491, 312, 292, 292, 292, 292, 326, 326, 408, 408, 408, 228, 321, 320, 451, 30, 30, 422, 99, 338, 338, 338, 338, 400, 400, 400, 400, 171, 171, 301, 301, 378, 43, 364, 345, 345, 109, 109, 476, 476, 171, 324, 324, 301, 301, 8, 259, 354, 354, 420, 420, 420, 324, 324, 301, 251, 251, 241, 241, 331, 443, 443, 443, 443, 120, 120, 120, 120, 207, 207, 207, 207, 37, 203, 399, 217, 217, 473, 473, 476, 476, 171, 171, 171, 171, 252, 252, 310, 453, 107, 395, 444, 213, 213, 360, 252, 252, 368, 77, 54, 54, 224, 168, 494, 278, 301, 116, 251, 251, 241, 431, 431, 486, 376, 376, 376, 376, 376, 460, 460, 460, 240, 240, 35, 198, 384, 371, 114, 180, 84, 84, 84, 387, 372, 467, 467, 467, 467, 467, 207, 207, 207, 19, 19, 17, 420, 420, 420, 420, 420, 420, 420, 420, 420, 420, 420, 420, 420, 420, 420, 420, 420, 420, 420, 420, 420, 420, 420, 420, 420, 420, 420, 420, 420, 420, 420, 420, 420, 420, 420, 420, 420, 420, 420, 420, 420, 420, 420, 420, 420, 420, 420, 420, 420, 420, 420, 420, 420, 420, 420, 420, 420, 420, 420, 420, 420, 420, 420, 420, 420, 420, 420, 420, 420, 420, 420, 420, 420, 420, 420, 420, 420, 420, 420, 420, 420, 420, 420, 420, 420, 420, 420, 420, 420, 420, 420, 420, 420, 420, 420, 420, 420, 420, 420, 420, 420, 420, 420, 420, 420, 420, 420, 420, 420, 420, 420, 420, 420, 420, 420, 420, 420, 420, 420, 420, 420, 420, 420, 420, 420, 420, 420, 420, 420, 420, 420, 420, 420, 420, 420, 420, 420, 420, 420, 420, 420, 420, 420, 420, 420, 420, 420, 420, 420, 420, 420, 420, 420, 420, 420, 420, 420, 420, 420, 420, 420, 420, 420, 420, 420, 420, 420, 420, 420, 420, 420, 420, 420, 420, 420, 420, 420, 420, 420, 420, 420, 420, 420, 420, 420, 420, 420, 420, 420, 420, 420, 420, 420, 420, 420, 420, 420, 420, 420, 420, 420, 420, 420, 420, 420, 420, 420, 420, 420, 420, 420, 420, 420, 420, 420, 420, 420, 420, 420, 420, 420, 420, 420, 420, 420, 420, 420, 420, 420, 420, 420, 420, 420, 420, 420, 420, 420, 420, 420, 420, 420, 420, 420, 420, 420, 420, 420, 420, 420, 420, 420, 420, 420, 420, 420, 420, 420, 420, 420, 420, 420, 420, 420, 420, 420, 420, 420, 420, 420, 420, 420, 420, 420, 420, 420, 420, 420, 420, 420, 420, 420, 420, 420, 420, 420, 420, 420, 420, 420, 420]

ep308
Train step Loss: [0.9455172419548035, 0.9455637335777283, 0.9455764293670654, 0.9455989599227905, 0.9455901384353638, 0.9455617070198059, 0.9455888867378235, 0.9456242322921753, 0.9455549120903015, 0.9455453157424927, 0.9455952048301697, 0.9455651044845581, 0.9455356597900391, 0.945497989654541, 0.9455711841583252, 0.9455974698066711, 0.9455637335777283, 0.9455886483192444, 0.9456058144569397, 0.9456091523170471, 0.9455664157867432, 0.9455744624137878, 0.9455859661102295, 0.9456019997596741, 0.9455908536911011, 0.9455881714820862, 0.9455983638763428, 0.9456202387809753, 0.9455572962760925, 0.9455836415290833, 0.9455774426460266, 0.9456128478050232, 0.9456072449684143, 0.9455757141113281, 0.9455677270889282, 0.9456162452697754, 0.9455625414848328, 0.9456583261489868, 0.9456831812858582, 0.9456056356430054, 0.9456049799919128, 0.9456350803375244, 0.9455458521842957, 0.9456123113632202, 0.9455292820930481, 0.9456043243408203, 0.9456619024276733, 0.9455680847167969, 0.945589542388916, 0.9455674886703491, 0.9456028342247009, 0.9455217719078064, 0.9456096887588501, 0.9455881714820862, 0.9455999732017517, 0.9455795884132385, 0.9456316232681274, 0.9455821514129639, 0.9455944299697876, 0.9456073045730591, 0.9456260204315186, 0.9456040859222412, 0.9455099105834961, 0.9455441236495972, 0.94562828540802, 0.9455553293228149, 0.9456045031547546, 0.9455175399780273, 0.9456155300140381, 0.9456108808517456, 0.9455438256263733, 0.9455477595329285, 0.9455981254577637, 0.945600688457489, 0.9455301761627197, 0.9455646872520447, 0.9455646872520447, 0.9455404877662659, 0.9456406235694885, 0.9455527663230896, 0.9455828666687012, 0.9456052780151367, 0.9455475807189941, 0.9455337524414062, 0.9455862045288086, 0.9455386996269226, 0.9455252885818481, 0.9455955028533936, 0.9455674886703491, 0.9456093907356262, 0.9455229640007019, 0.9456217288970947, 0.9455957412719727, 0.9456450343132019, 0.9456231594085693, 0.945622444152832, 0.945595920085907, 0.9455899000167847, 0.9455577731132507, 0.9455764293670654, 0.9455878734588623, 0.945576548576355, 0.9455881714820862, 0.9455234408378601, 0.9455613493919373]
val step Loss: [0.9458420276641846, 0.945885419845581, 0.9458762407302856, 0.9458855390548706, 0.945978045463562, 0.9458244442939758, 0.9458836913108826, 0.9458745121955872, 0.946054220199585, 0.9469284415245056, 0.9459593296051025, 0.9459383487701416, 0.9458773732185364, 0.9460160136222839, 0.9459907412528992, 0.945988118648529, 0.9511751532554626, 0.9492895007133484, 0.9467862844467163, 0.9471443295478821, 0.9460111260414124, 0.9459148645401001, 0.9459194540977478, 0.9466759562492371, 0.947649359703064, 0.9459202885627747, 0.9457648992538452]
Train step Accs: [1.0, 1.0, 1.0, 1.0, 1.0, 1.0, 1.0, 1.0, 1.0, 1.0, 1.0, 1.0, 1.0, 1.0, 1.0, 1.0, 1.0, 1.0, 1.0, 1.0, 1.0, 1.0, 1.0, 1.0, 1.0, 1.0, 1.0, 1.0, 1.0, 1.0, 1.0, 1.0, 1.0, 1.0, 1.0, 1.0, 1.0, 1.0, 1.0, 1.0, 1.0, 1.0, 1.0, 1.0, 1.0, 1.0, 1.0, 1.0, 1.0, 1.0, 1.0, 1.0, 1.0, 1.0, 1.0, 1.0, 1.0, 1.0, 1.0, 1.0, 1.0, 1.0, 1.0, 1.0, 1.0, 1.0, 1.0, 1.0, 1.0, 1.0, 1.0, 1.0, 1.0, 1.0, 1.0, 1.0, 1.0, 1.0, 1.0, 1.0, 1.0, 1.0, 1.0, 1.0, 1.0, 1.0, 1.0, 1.0, 1.0, 1.0, 1.0, 1.0, 1.0, 1.0, 1.0, 1.0, 1.0, 1.0, 1.0, 1.0, 1.0, 1.0, 1.0, 1.0, 1.0]
val step Accs: [1.0, 1.0, 1.0, 1.0, 1.0, 1.0, 1.0, 1.0, 1.0, 0.99982341515098, 1.0, 1.0, 1.0, 1.0, 1.0, 1.0, 0.9990495802312688, 0.9993951308029638, 0.9998344370860928, 0.9997679275934092, 1.0, 1.0, 1.0, 0.999857020303117, 0.9996805622105095, 1.0, 1.0]
Preds: [17, 17, 17, 345, 442, 487, 152, 152, 152, 301, 378, 43, 276, 345, 109, 109, 284, 486, 460, 240, 240, 385, 314, 32, 239, 75, 384, 371, 191, 191, 240, 385, 143, 401, 244, 75, 127, 273, 180, 486, 486, 486, 460, 282, 167, 385, 457, 196, 196, 219, 398, 464, 464, 486, 486, 460, 460, 215, 215, 401, 401, 244, 321, 354, 420, 420, 324, 422, 77, 478, 68, 68, 68, 224, 273, 444, 444, 324, 301, 314, 217, 473, 398, 398, 324, 301, 10, 10, 309, 479, 380, 374, 213, 213, 213, 213, 246, 301, 301, 378, 29, 134, 134, 134, 203, 280, 337, 324, 324, 324, 324, 3, 464, 464, 145, 113, 206, 169, 349, 349, 205, 261, 261, 25, 100, 153, 153, 43, 43, 276, 276, 182, 387, 387, 387, 178, 129, 401, 244, 244, 208, 441, 100, 100, 100, 182, 182, 375, 98, 98, 229, 244, 244, 247, 126, 126, 326, 101, 101, 391, 228, 244, 244, 320, 287, 287, 287, 206, 240, 35, 36, 449, 449, 224, 168, 278, 464, 331, 315, 319, 450, 293, 43, 276, 182, 497, 497, 497, 122, 186, 349, 234, 234, 261, 25, 25, 106, 428, 428, 146, 146, 146, 171, 324, 324, 324, 324, 464, 464, 464, 464, 486, 486, 85, 85, 240, 251, 251, 251, 241, 431, 428, 428, 146, 146, 219, 219, 219, 219, 219, 464, 464, 443, 486, 486, 460, 460, 169, 169, 349, 352, 261, 25, 485, 152, 152, 422, 143, 458, 458, 75, 208, 441, 100, 100, 100, 98, 98, 48, 48, 17, 17, 420, 420, 420, 420, 420, 420, 420, 420, 420, 420, 420, 420, 420, 420, 420, 420, 420, 420, 420, 420, 420, 420, 420, 420, 420, 420, 420, 420, 420, 420, 420, 420, 420, 420, 420, 420, 420, 420, 420, 420, 420, 420, 420, 420, 420, 420, 420, 420, 420, 420, 420, 420, 420, 420, 420, 420, 420, 420, 420, 420, 420, 420, 420, 420, 420, 420, 420, 420, 420, 420, 420, 420, 420, 420, 420, 420, 420, 420, 420, 420, 420, 420, 420, 420, 420, 420, 420, 420, 420, 420, 420, 420, 420, 420, 420, 420, 420, 420, 420, 420, 420, 420, 420, 420, 420, 420, 420, 420, 420, 420, 420, 420, 420, 420, 420, 420, 420, 420, 420, 420, 420, 420, 420, 420, 420, 420, 420, 420, 420, 420, 420, 420, 420, 420, 420, 420, 420, 420, 420, 420, 420, 420, 420, 420, 420, 420, 420, 420, 420, 420, 420, 420, 420, 420, 420, 420, 420, 420, 420, 420, 420, 420, 420, 420, 420, 420, 420, 420, 420, 420, 420, 420, 420, 420, 420, 420, 420, 420, 420, 420, 420, 420, 420, 420, 420, 420, 420, 420, 420, 420, 420, 420, 420, 420, 420, 420, 420, 420, 420, 420, 420, 420, 420, 420, 420, 420, 420, 420, 420, 420, 420, 420, 420, 420, 420, 420, 420, 420, 420, 420, 420, 420, 420, 420, 420, 420, 420, 420, 420, 420, 420, 420, 420, 420, 420, 420, 420, 420, 420, 420, 420, 420, 420, 420, 420, 420, 420, 420, 420, 420, 420, 420, 420, 420, 420, 420, 420, 420, 420, 420, 420, 420, 420, 420, 420, 420, 420, 420, 420, 420, 420, 420, 420, 420, 420, 420, 420, 420, 420, 420, 420, 420, 420, 420, 420, 420, 420, 420, 420, 420, 420, 420, 420, 420, 420, 420, 420, 420, 420, 420, 420, 420, 420, 420, 420, 420, 420, 420, 420, 420, 420, 420, 420, 420, 420, 420, 420, 420, 420, 420, 420, 420, 420, 420, 420, 420, 420, 420, 420, 420, 420, 420, 420, 420, 420, 420, 420, 420]

ep309
Train step Loss: [0.9456424713134766, 0.945598840713501, 0.9454813003540039, 0.9455448389053345, 0.9456573128700256, 0.9456307291984558, 0.9455962777137756, 0.9455393552780151, 0.9455824494361877, 0.945623517036438, 0.945561408996582, 0.9455664157867432, 0.9455543756484985, 0.9455348253250122, 0.945487380027771, 0.9456004500389099, 0.9456128478050232, 0.9456539750099182, 0.9455996155738831, 0.9455550312995911, 0.9455795884132385, 0.9455695152282715, 0.9455642700195312, 0.9455351829528809, 0.9456007480621338, 0.9455254077911377, 0.9455780386924744, 0.9455606341362, 0.9455940127372742, 0.9456546902656555, 0.9455731511116028, 0.9456027746200562, 0.9455839991569519, 0.9455574750900269, 0.9456409215927124, 0.9455690979957581, 0.9455979466438293, 0.9456254839897156, 0.945567786693573, 0.9455680251121521, 0.9454918503761292, 0.9455457925796509, 0.9456137418746948, 0.9455623030662537, 0.9455810785293579, 0.9455984830856323, 0.9455536603927612, 0.9456308484077454, 0.9456384181976318, 0.9455674290657043, 0.9455599784851074, 0.9455851316452026, 0.9456485509872437, 0.9456659555435181, 0.9455764293670654, 0.9455858469009399, 0.9455859661102295, 0.9456164240837097, 0.9455543756484985, 0.9455833435058594, 0.9456676244735718, 0.9455914497375488, 0.9455831050872803, 0.9455969333648682, 0.9455778002738953, 0.9455841779708862, 0.945622444152832, 0.9455550312995911, 0.9455834031105042, 0.9455376863479614, 0.9455845952033997, 0.9455362558364868, 0.945590615272522, 0.9456055760383606, 0.9455597400665283, 0.9455639123916626, 0.9455849528312683, 0.9456307888031006, 0.9456281065940857, 0.9455533623695374, 0.9455674886703491, 0.9456071257591248, 0.9455819129943848, 0.9455953240394592, 0.9455519318580627, 0.9456009268760681, 0.9455080032348633, 0.9456337094306946, 0.9455738067626953, 0.945539116859436, 0.9455578327178955, 0.9456581473350525, 0.9455547332763672, 0.9456006288528442, 0.9455676078796387, 0.9455510377883911, 0.9455788731575012, 0.9455845355987549, 0.9455324411392212, 0.9455209970474243, 0.9455221891403198, 0.945622980594635, 0.9455443024635315, 0.945602297782898, 0.9456093311309814]
val step Loss: [0.9461138248443604, 0.9457470774650574, 0.9459099173545837, 0.9459119439125061, 0.945932924747467, 0.9458030462265015, 0.9457562565803528, 0.9459067583084106, 0.9459182620048523, 0.9460190534591675, 0.9459230303764343, 0.9458009004592896, 0.9457029104232788, 0.9478408098220825, 0.950962483882904, 0.9468809962272644, 0.9466989636421204, 0.945911169052124, 0.9469702839851379, 0.9459829926490784, 0.9458169341087341, 0.9458284378051758, 0.9459086656570435, 0.9460239410400391, 0.947085440158844, 0.9497395753860474, 0.9457364678382874]
Train step Accs: [1.0, 1.0, 1.0, 1.0, 1.0, 1.0, 1.0, 1.0, 1.0, 1.0, 1.0, 1.0, 1.0, 1.0, 1.0, 1.0, 1.0, 1.0, 1.0, 1.0, 1.0, 1.0, 1.0, 1.0, 1.0, 1.0, 1.0, 1.0, 1.0, 1.0, 1.0, 1.0, 1.0, 1.0, 1.0, 1.0, 1.0, 1.0, 1.0, 1.0, 1.0, 1.0, 1.0, 1.0, 1.0, 1.0, 1.0, 1.0, 1.0, 1.0, 1.0, 1.0, 1.0, 1.0, 1.0, 1.0, 1.0, 1.0, 1.0, 1.0, 1.0, 1.0, 1.0, 1.0, 1.0, 1.0, 1.0, 1.0, 1.0, 1.0, 1.0, 1.0, 1.0, 1.0, 1.0, 1.0, 1.0, 1.0, 1.0, 1.0, 1.0, 1.0, 1.0, 1.0, 1.0, 1.0, 1.0, 1.0, 1.0, 1.0, 1.0, 1.0, 1.0, 1.0, 1.0, 1.0, 1.0, 1.0, 1.0, 1.0, 1.0, 1.0, 1.0, 1.0, 1.0]
val step Accs: [1.0, 1.0, 1.0, 1.0, 1.0, 1.0, 1.0, 1.0, 1.0, 1.0, 1.0, 1.0, 1.0, 0.9996405463695184, 0.999057936881771, 0.9998422712933754, 0.9998445998445998, 1.0, 0.9998052959501558, 1.0, 1.0, 1.0, 1.0, 1.0, 0.9998014691284495, 0.9993117687543015, 1.0]
Preds: [17, 17, 32, 239, 384, 377, 371, 374, 374, 374, 132, 8, 8, 259, 354, 354, 180, 180, 443, 120, 120, 120, 120, 120, 240, 240, 240, 216, 285, 84, 84, 302, 302, 100, 375, 375, 375, 98, 98, 98, 229, 229, 247, 312, 312, 187, 1, 101, 101, 101, 321, 321, 287, 287, 287, 287, 284, 284, 284, 206, 167, 348, 379, 77, 77, 478, 66, 323, 323, 172, 115, 273, 273, 273, 151, 240, 240, 285, 199, 111, 111, 111, 111, 438, 438, 438, 219, 324, 324, 464, 464, 464, 464, 301, 301, 143, 35, 74, 437, 437, 437, 284, 284, 285, 285, 106, 284, 284, 284, 284, 426, 426, 293, 293, 293, 182, 346, 346, 284, 284, 284, 284, 426, 481, 293, 293, 43, 43, 276, 276, 276, 174, 387, 348, 10, 398, 398, 398, 398, 374, 378, 406, 406, 406, 88, 88, 81, 81, 337, 337, 146, 324, 219, 219, 219, 152, 152, 58, 58, 27, 351, 486, 486, 486, 486, 486, 460, 460, 460, 167, 35, 35, 219, 219, 219, 485, 485, 477, 374, 374, 374, 374, 374, 304, 304, 337, 41, 19, 19, 454, 454, 229, 229, 229, 312, 312, 187, 187, 23, 23, 23, 260, 391, 391, 321, 321, 320, 320, 345, 100, 100, 497, 497, 497, 122, 216, 453, 168, 5, 258, 38, 99, 99, 338, 338, 338, 338, 338, 400, 400, 444, 171, 171, 171, 171, 171, 464, 464, 335, 14, 14, 287, 145, 145, 111, 111, 240, 240, 146, 219, 219, 219, 464, 464, 464, 222, 84, 245, 245, 245, 43, 43, 43, 364, 276, 276, 276, 276, 276, 346, 346, 346, 284, 284, 206, 206, 206, 167, 167, 35, 14, 411, 411, 411, 424, 424, 424, 153, 182, 182, 182, 182, 182, 182, 182, 122, 122, 250, 303, 195, 195, 195, 303, 117, 98, 117, 117, 48, 48, 48, 414, 170, 244, 244, 392, 244, 392, 392, 392, 244, 73, 7, 7, 321, 7, 7, 127, 451, 30, 30, 324, 301, 301, 378, 325, 114, 114, 114, 180, 486, 486, 486, 315, 460, 285, 285, 285, 467, 85, 111, 403, 146, 207, 299, 299, 434, 434, 250, 250, 413, 271, 186, 186, 99, 99, 338, 338, 395, 395, 273, 273, 432, 432, 330, 240, 240, 385, 35, 77, 164, 164, 115, 273, 273, 180, 151, 151, 151, 206, 130, 130, 402, 183, 219, 219, 219, 213, 213, 213, 246, 246, 246, 246, 301, 301, 378, 43, 43, 276, 276, 153, 153, 387, 413, 413, 360, 219, 246, 246, 246, 246, 246, 246, 246, 19, 17, 420, 420, 420, 420, 420, 420, 420, 420, 420, 420, 420, 420, 420, 420, 420, 420, 420, 420, 420, 420, 420, 420, 420, 420, 420, 420, 420, 420, 420, 420, 420, 420, 420, 420, 420, 420, 420, 420, 420, 420, 420, 420, 420, 420, 420, 420, 420, 420, 420, 420, 420, 420, 420, 420, 420, 420, 420, 420, 420, 420, 420, 420, 420, 420, 420, 420, 420, 420, 420, 420, 420, 420, 420, 420, 420, 420, 420, 420, 420, 420, 420, 420, 420, 420, 420, 420, 420, 420, 420, 420, 420, 420, 420, 420, 420, 420, 420, 420, 420, 420, 420, 420, 420, 420, 420, 420, 420, 420, 420, 420, 420, 420, 420, 420, 420, 420, 420, 420, 420, 420, 420, 420, 420, 420, 420, 420, 420, 420, 420, 420, 420, 420, 420, 420, 420, 420, 420, 420, 420, 420, 420, 420, 420, 420, 420, 420, 420, 420, 420, 420, 420, 420, 420, 420, 420, 420, 420, 420, 420, 420, 420, 420, 420, 420, 420, 420, 420, 420, 420, 420, 420, 420, 420, 420]

ep310
Train step Loss: [0.9455810785293579, 0.94563227891922, 0.9455752372741699, 0.9455721974372864, 0.9455551505088806, 0.9455803632736206, 0.9455454349517822, 0.945564866065979, 0.9455937743186951, 0.945634126663208, 0.9455607533454895, 0.9455220103263855, 0.9456602931022644, 0.945570170879364, 0.9455938935279846, 0.9455879330635071, 0.9455263018608093, 0.9455142021179199, 0.9455277919769287, 0.9455652236938477, 0.945573627948761, 0.9455114603042603, 0.945537805557251, 0.9455769658088684, 0.945590078830719, 0.9456121921539307, 0.9456045031547546, 0.9455991387367249, 0.9455678462982178, 0.9455053806304932, 0.945615291595459, 0.945602536201477, 0.9455388784408569, 0.9455939531326294, 0.9455388784408569, 0.94553142786026, 0.9455796480178833, 0.9456018209457397, 0.9455080032348633, 0.9456139802932739, 0.9455488324165344, 0.9456305503845215, 0.9455491900444031, 0.9455621242523193, 0.9455461502075195, 0.9455521106719971, 0.9455858469009399, 0.9456162452697754, 0.9455698132514954, 0.9455660581588745, 0.9455788731575012, 0.9455826282501221, 0.945614755153656, 0.9456159472465515, 0.945622980594635, 0.945560097694397, 0.9454973340034485, 0.9455739855766296, 0.9455936551094055, 0.9457235336303711, 0.9455513954162598, 0.9455535411834717, 0.945563018321991, 0.9456051588058472, 0.9455984830856323, 0.9455248713493347, 0.9455996155738831, 0.9455651044845581, 0.9456032514572144, 0.9455767273902893, 0.9455961585044861, 0.9455756545066833, 0.9455797672271729, 0.9455279111862183, 0.9455389976501465, 0.9455378651618958, 0.9456300735473633, 0.9455427527427673, 0.9455549716949463, 0.9455803036689758, 0.9456273913383484, 0.9456387162208557, 0.9456720352172852, 0.9456319212913513, 0.945659875869751, 0.9455363750457764, 0.9456170201301575, 0.945616602897644, 0.945559024810791, 0.945633053779602, 0.9456135034561157, 0.9455384612083435, 0.9455413222312927, 0.9455628991127014, 0.9456464648246765, 0.945573091506958, 0.945576548576355, 0.9455844163894653, 0.9455916285514832, 0.9455133676528931, 0.9455727934837341, 0.9456482529640198, 0.9456252455711365, 0.9455714821815491, 0.9455815553665161]
val step Loss: [0.9466067552566528, 0.9459600448608398, 0.9457815885543823, 0.9457786083221436, 0.9468672275543213, 0.9457881450653076, 0.945777416229248, 0.9458597302436829, 0.9458627700805664, 0.9457854628562927, 0.9457960724830627, 0.9466721415519714, 0.9459723830223083, 0.9460142850875854, 0.9457802772521973, 0.9458665251731873, 0.945904552936554, 0.9500256180763245, 0.9458829760551453, 0.9458841681480408, 0.9468929767608643, 0.9459362030029297, 0.9458869099617004, 0.9475482702255249, 0.9508438110351562, 0.9459632039070129, 0.9460936188697815]
Train step Accs: [1.0, 1.0, 1.0, 1.0, 1.0, 1.0, 1.0, 1.0, 1.0, 1.0, 1.0, 1.0, 1.0, 1.0, 1.0, 1.0, 1.0, 1.0, 1.0, 1.0, 1.0, 1.0, 1.0, 1.0, 1.0, 1.0, 1.0, 1.0, 1.0, 1.0, 1.0, 1.0, 1.0, 1.0, 1.0, 1.0, 1.0, 1.0, 1.0, 1.0, 1.0, 1.0, 1.0, 1.0, 1.0, 1.0, 1.0, 1.0, 1.0, 1.0, 1.0, 1.0, 1.0, 1.0, 1.0, 1.0, 1.0, 1.0, 1.0, 1.0, 1.0, 1.0, 1.0, 1.0, 1.0, 1.0, 1.0, 1.0, 1.0, 1.0, 1.0, 1.0, 1.0, 1.0, 1.0, 1.0, 1.0, 1.0, 1.0, 1.0, 1.0, 1.0, 1.0, 1.0, 1.0, 1.0, 1.0, 1.0, 1.0, 1.0, 1.0, 1.0, 1.0, 1.0, 1.0, 1.0, 1.0, 1.0, 1.0, 1.0, 1.0, 1.0, 1.0, 1.0, 1.0]
val step Accs: [0.9998643516006511, 1.0, 1.0, 1.0, 0.9998321866084914, 1.0, 1.0, 1.0, 1.0, 1.0, 1.0, 0.9998530708198649, 1.0, 1.0, 1.0, 1.0, 1.0, 0.9992343032159265, 1.0, 1.0, 0.999817050859861, 1.0, 1.0, 0.9996948428440647, 0.9990838295923041, 1.0, 1.0]
Preds: [17, 17, 445, 464, 171, 171, 171, 171, 252, 252, 314, 32, 239, 36, 107, 107, 395, 213, 213, 213, 213, 246, 19, 454, 229, 229, 247, 126, 126, 126, 126, 326, 326, 408, 408, 408, 391, 228, 244, 320, 7, 7, 32, 32, 239, 108, 371, 371, 278, 278, 422, 236, 239, 239, 384, 449, 371, 470, 180, 443, 443, 443, 443, 403, 403, 171, 438, 203, 399, 217, 250, 250, 250, 138, 153, 88, 132, 374, 219, 219, 219, 219, 219, 464, 464, 171, 171, 171, 171, 246, 246, 246, 246, 24, 24, 239, 239, 384, 384, 420, 324, 324, 340, 116, 10, 10, 309, 479, 479, 331, 106, 153, 426, 426, 293, 293, 293, 98, 98, 335, 335, 226, 226, 209, 188, 188, 213, 324, 301, 8, 8, 239, 354, 354, 106, 355, 355, 376, 376, 460, 452, 263, 263, 263, 13, 229, 229, 82, 312, 23, 23, 23, 408, 149, 228, 244, 320, 479, 479, 398, 324, 422, 143, 465, 465, 354, 354, 346, 284, 486, 206, 169, 150, 342, 342, 164, 164, 224, 273, 470, 403, 403, 464, 464, 464, 355, 178, 143, 129, 458, 208, 208, 441, 100, 387, 387, 313, 236, 239, 239, 310, 107, 107, 395, 278, 443, 443, 240, 215, 215, 129, 259, 354, 284, 206, 460, 240, 35, 36, 164, 342, 351, 180, 486, 460, 460, 178, 178, 233, 458, 192, 192, 41, 41, 41, 41, 19, 19, 19, 454, 454, 229, 229, 82, 126, 126, 292, 326, 408, 408, 149, 244, 244, 373, 338, 338, 338, 395, 494, 374, 416, 8, 32, 239, 354, 65, 65, 481, 481, 481, 293, 143, 35, 458, 208, 100, 100, 387, 387, 122, 236, 129, 259, 310, 108, 323, 224, 397, 106, 88, 88, 387, 203, 399, 217, 473, 473, 398, 324, 464, 422, 416, 143, 458, 144, 208, 27, 441, 125, 125, 387, 206, 175, 251, 251, 241, 431, 486, 460, 460, 167, 178, 35, 77, 342, 342, 342, 224, 267, 267, 444, 324, 246, 246, 477, 301, 313, 325, 325, 34, 324, 324, 301, 422, 24, 239, 384, 371, 180, 486, 486, 460, 240, 240, 24, 239, 310, 107, 395, 255, 416, 143, 129, 401, 259, 320, 354, 354, 109, 337, 41, 324, 19, 19, 454, 454, 229, 229, 247, 312, 187, 187, 187, 408, 408, 391, 391, 73, 244, 320, 7, 7, 371, 398, 324, 301, 116, 251, 251, 331, 106, 88, 88, 88, 106, 284, 405, 206, 206, 178, 35, 35, 401, 259, 354, 106, 284, 405, 405, 206, 178, 178, 35, 233, 401, 401, 320, 7, 276, 100, 375, 98, 98, 98, 249, 305, 305, 170, 244, 28, 28, 392, 392, 392, 63, 63, 392, 63, 63, 63, 392, 63, 63, 63, 63, 63, 244, 195, 305, 211, 211, 17, 420, 420, 420, 420, 420, 420, 420, 420, 420, 420, 420, 420, 420, 420, 420, 420, 420, 420, 420, 420, 420, 420, 420, 420, 420, 420, 420, 420, 420, 420, 420, 420, 420, 420, 420, 420, 420, 420, 420, 420, 420, 420, 420, 420, 420, 420, 420, 420, 420, 420, 420, 420, 420, 420, 420, 420, 420, 420, 420, 420, 420, 420, 420, 420, 420, 420, 420, 420, 420, 420, 420, 420, 420, 420, 420, 420, 420, 420, 420, 420, 420, 420, 420, 420, 420, 420, 420, 420, 420, 420, 420, 420, 420, 420, 420, 420, 420, 420, 420, 420, 420, 420, 420, 420, 420, 420, 420, 420, 420, 420, 420, 420, 420, 420, 420, 420, 420, 420, 420, 420, 420, 420, 420, 420, 420, 420, 420, 420, 420, 420, 420, 420, 420, 420, 420, 420, 420, 420]

ep311
Train step Loss: [0.9455646872520447, 0.9455645084381104, 0.9455821514129639, 0.9456257820129395, 0.945604681968689, 0.9455219507217407, 0.9456034898757935, 0.9454948902130127, 0.9455183148384094, 0.9455958008766174, 0.9456657767295837, 0.9455916881561279, 0.9455629587173462, 0.9455835223197937, 0.9455248713493347, 0.945609986782074, 0.9455651640892029, 0.9455868005752563, 0.9455607533454895, 0.94559246301651, 0.9455747008323669, 0.9456087350845337, 0.9455616474151611, 0.9455840587615967, 0.9455879330635071, 0.9455707669258118, 0.9456111192703247, 0.9455549716949463, 0.9456137418746948, 0.9455985426902771, 0.9455585479736328, 0.9456222057342529, 0.94557124376297, 0.9455708265304565, 0.9455500245094299, 0.9455564618110657, 0.9455517530441284, 0.9455845355987549, 0.9455603957176208, 0.9455772638320923, 0.9456141591072083, 0.9456232190132141, 0.9456193447113037, 0.9455875754356384, 0.9455268383026123, 0.94554203748703, 0.9454902410507202, 0.9456051588058472, 0.9455059170722961, 0.9455987215042114, 0.9455756545066833, 0.9455789923667908, 0.945557177066803, 0.9455862045288086, 0.9455172419548035, 0.9456385374069214, 0.9455549716949463, 0.9455416202545166, 0.9455780982971191, 0.9455847144126892, 0.9455506801605225, 0.9456400275230408, 0.9455968141555786, 0.9455859661102295, 0.945622444152832, 0.9455945491790771, 0.9455580115318298, 0.9455670118331909, 0.9456021785736084, 0.9455348253250122, 0.9456111788749695, 0.945547878742218, 0.9455384016036987, 0.9455104470252991, 0.9456027746200562, 0.9455782771110535, 0.9455430507659912, 0.9455292224884033, 0.9456197023391724, 0.9456027150154114, 0.9455681443214417, 0.9455888271331787, 0.9456526041030884, 0.9455498456954956, 0.9455862045288086, 0.945670485496521, 0.9455264210700989, 0.9455475807189941, 0.9456255435943604, 0.9455581903457642, 0.9455742835998535, 0.9456035494804382, 0.9456374049186707, 0.9455856084823608, 0.9455626010894775, 0.9456092119216919, 0.9455468058586121, 0.9455353617668152, 0.9455714225769043, 0.945556640625, 0.9455936551094055, 0.9456416368484497, 0.9456014037132263, 0.9455591440200806, 0.9455365538597107]
val step Loss: [0.9460779428482056, 0.9459326863288879, 0.9510657787322998, 0.9459196925163269, 0.945919394493103, 0.9459577798843384, 0.9457796812057495, 0.9511855244636536, 0.9458879232406616, 0.9459841251373291, 0.9459502100944519, 0.9459622502326965, 0.9459623098373413, 0.94610595703125, 0.9459559321403503, 0.9459452629089355, 0.9459090232849121, 0.9472634792327881, 0.9459061622619629, 0.9458771347999573, 0.9488168358802795, 0.9467853903770447, 0.9457681179046631, 0.9459368586540222, 0.9459326267242432, 0.945841908454895, 0.9459628462791443]
Train step Accs: [1.0, 1.0, 1.0, 1.0, 1.0, 1.0, 1.0, 1.0, 1.0, 1.0, 1.0, 1.0, 1.0, 1.0, 1.0, 1.0, 1.0, 1.0, 1.0, 1.0, 1.0, 1.0, 1.0, 1.0, 1.0, 1.0, 1.0, 1.0, 1.0, 1.0, 1.0, 1.0, 1.0, 1.0, 1.0, 1.0, 1.0, 1.0, 1.0, 1.0, 1.0, 1.0, 1.0, 1.0, 1.0, 1.0, 1.0, 1.0, 1.0, 1.0, 1.0, 1.0, 1.0, 1.0, 1.0, 1.0, 1.0, 1.0, 1.0, 1.0, 1.0, 1.0, 1.0, 1.0, 1.0, 1.0, 1.0, 1.0, 1.0, 1.0, 1.0, 1.0, 1.0, 1.0, 1.0, 1.0, 1.0, 1.0, 1.0, 1.0, 1.0, 1.0, 1.0, 1.0, 1.0, 1.0, 1.0, 1.0, 1.0, 1.0, 1.0, 1.0, 1.0, 1.0, 1.0, 1.0, 1.0, 1.0, 1.0, 1.0, 1.0, 1.0, 1.0, 1.0, 1.0]
val step Accs: [1.0, 1.0, 0.9990766389658357, 1.0, 1.0, 1.0, 1.0, 0.9990444338270426, 1.0, 1.0, 1.0, 1.0, 1.0, 1.0, 1.0, 1.0, 1.0, 0.9997970367363507, 1.0, 1.0, 0.9994667614646285, 0.9998385794995964, 1.0, 1.0, 1.0, 1.0, 1.0]
Preds: [17, 17, 32, 239, 384, 377, 371, 374, 374, 374, 132, 8, 8, 259, 354, 354, 180, 180, 443, 120, 120, 120, 120, 120, 240, 240, 240, 216, 285, 84, 84, 302, 302, 100, 375, 375, 375, 98, 98, 98, 229, 229, 247, 312, 312, 187, 1, 101, 101, 101, 321, 321, 287, 287, 287, 287, 284, 284, 284, 206, 167, 348, 379, 77, 77, 478, 66, 323, 323, 172, 115, 273, 273, 273, 151, 240, 240, 285, 199, 111, 111, 111, 111, 438, 438, 438, 219, 324, 324, 464, 464, 464, 464, 301, 301, 143, 35, 74, 437, 437, 437, 284, 284, 285, 285, 106, 284, 284, 284, 284, 426, 426, 293, 293, 293, 182, 346, 346, 284, 284, 284, 284, 426, 481, 293, 293, 43, 43, 276, 276, 276, 174, 387, 348, 10, 398, 398, 398, 398, 374, 378, 406, 406, 406, 88, 88, 81, 81, 337, 337, 146, 324, 219, 219, 219, 152, 152, 58, 58, 27, 351, 486, 486, 486, 486, 486, 460, 460, 460, 167, 35, 35, 219, 219, 219, 485, 485, 477, 374, 374, 374, 374, 374, 304, 304, 337, 41, 19, 19, 454, 454, 229, 229, 229, 312, 312, 187, 187, 23, 23, 23, 260, 391, 391, 321, 321, 320, 320, 345, 100, 100, 497, 497, 497, 122, 216, 453, 168, 5, 258, 38, 99, 99, 338, 338, 338, 338, 338, 400, 400, 444, 171, 171, 171, 171, 171, 464, 464, 335, 14, 14, 287, 145, 145, 111, 111, 240, 240, 146, 219, 219, 219, 464, 464, 464, 222, 84, 245, 245, 245, 43, 43, 43, 364, 276, 276, 276, 276, 276, 346, 346, 346, 284, 284, 206, 206, 206, 167, 167, 35, 14, 411, 411, 411, 424, 424, 424, 153, 182, 182, 182, 182, 182, 182, 182, 122, 122, 250, 303, 195, 195, 195, 303, 117, 98, 117, 117, 48, 48, 48, 414, 170, 244, 244, 392, 244, 392, 392, 392, 244, 73, 7, 7, 321, 7, 7, 127, 451, 30, 30, 324, 301, 301, 378, 325, 114, 114, 114, 180, 486, 486, 486, 315, 460, 285, 285, 285, 467, 85, 111, 403, 146, 207, 299, 299, 434, 434, 250, 250, 413, 271, 186, 186, 99, 99, 338, 338, 395, 395, 273, 273, 432, 432, 330, 240, 240, 385, 35, 77, 164, 164, 115, 273, 273, 180, 151, 151, 151, 206, 130, 130, 402, 183, 219, 219, 219, 213, 213, 213, 246, 246, 246, 246, 301, 301, 378, 43, 43, 276, 276, 153, 153, 387, 413, 413, 360, 219, 246, 246, 246, 246, 246, 246, 246, 19, 17, 420, 420, 420, 420, 420, 420, 420, 420, 420, 420, 420, 420, 420, 420, 420, 420, 420, 420, 420, 420, 420, 420, 420, 420, 420, 420, 420, 420, 420, 420, 420, 420, 420, 420, 420, 420, 420, 420, 420, 420, 420, 420, 420, 420, 420, 420, 420, 420, 420, 420, 420, 420, 420, 420, 420, 420, 420, 420, 420, 420, 420, 420, 420, 420, 420, 420, 420, 420, 420, 420, 420, 420, 420, 420, 420, 420, 420, 420, 420, 420, 420, 420, 420, 420, 420, 420, 420, 420, 420, 420, 420, 420, 420, 420, 420, 420, 420, 420, 420, 420, 420, 420, 420, 420, 420, 420, 420, 420, 420, 420, 420, 420, 420, 420, 420, 420, 420, 420, 420, 420, 420, 420, 420, 420, 420, 420, 420, 420, 420, 420, 420, 420, 420, 420, 420, 420, 420, 420, 420, 420, 420, 420, 420, 420, 420, 420, 420, 420, 420, 420, 420, 420, 420, 420, 420, 420, 420, 420, 420, 420, 420, 420, 420, 420, 420, 420, 420, 420, 420, 420, 420, 420, 420, 420]

ep312
Train step Loss: [0.9456115961074829, 0.9455658793449402, 0.9455341100692749, 0.9455628991127014, 0.9455693960189819, 0.9456028938293457, 0.9455962181091309, 0.9455477595329285, 0.9456271529197693, 0.9456176161766052, 0.9455629587173462, 0.9455774426460266, 0.945565938949585, 0.9455873370170593, 0.945594310760498, 0.9456089735031128, 0.9455920457839966, 0.9455910921096802, 0.945600152015686, 0.9456784725189209, 0.9455881118774414, 0.9456356763839722, 0.9455530643463135, 0.9455770254135132, 0.9455681443214417, 0.9456194639205933, 0.9456287026405334, 0.9455888271331787, 0.9455686807632446, 0.9455697536468506, 0.9455859661102295, 0.9455791711807251, 0.9456005096435547, 0.9455564022064209, 0.9455775022506714, 0.9455690383911133, 0.9456230998039246, 0.9455646276473999, 0.9455669522285461, 0.9456175565719604, 0.945581316947937, 0.9455525875091553, 0.9455779790878296, 0.9456168413162231, 0.9456090331077576, 0.9455318450927734, 0.945527195930481, 0.945534884929657, 0.9455657601356506, 0.9456173181533813, 0.945590615272522, 0.9456185698509216, 0.945563554763794, 0.9455679655075073, 0.9456254839897156, 0.9455190896987915, 0.9456314444541931, 0.9455962181091309, 0.9455459713935852, 0.945550262928009, 0.9455908536911011, 0.945586085319519, 0.9455437064170837, 0.9455968737602234, 0.9455455541610718, 0.9455784559249878, 0.9455838203430176, 0.9455676674842834, 0.9455916881561279, 0.9455631375312805, 0.9455471038818359, 0.9455735087394714, 0.9456204771995544, 0.9455322623252869, 0.9455453753471375, 0.9456088542938232, 0.9456066489219666, 0.9455957412719727, 0.945610761642456, 0.9456117153167725, 0.9456053972244263, 0.9455243945121765, 0.9455088376998901, 0.9455962181091309, 0.945564329624176, 0.945572018623352, 0.9455761313438416, 0.9455291032791138, 0.9455592632293701, 0.9456697702407837, 0.9455984234809875, 0.9456280469894409, 0.9456213712692261, 0.9455540776252747, 0.9456003308296204, 0.9455558657646179, 0.9455889463424683, 0.9456045031547546, 0.9455959796905518, 0.9455909729003906, 0.9455678462982178, 0.945525050163269, 0.9456692337989807, 0.9455484747886658, 0.9455861449241638]
val step Loss: [0.9458233118057251, 0.9474533796310425, 0.9459807276725769, 0.950083315372467, 0.9457261562347412, 0.9459803104400635, 0.9470157027244568, 0.951883852481842, 0.9459287524223328, 0.9458200335502625, 0.9459731578826904, 0.9459158778190613, 0.9458361268043518, 0.945853590965271, 0.9458373785018921, 0.9458141326904297, 0.9457148313522339, 0.9458974003791809, 0.9477965235710144, 0.9458903670310974, 0.9459802508354187, 0.9459016919136047, 0.9457727074623108, 0.9458678960800171, 0.9460476040840149, 0.945932924747467, 0.9461608529090881]
Train step Accs: [1.0, 1.0, 1.0, 1.0, 1.0, 1.0, 1.0, 1.0, 1.0, 1.0, 1.0, 1.0, 1.0, 1.0, 1.0, 1.0, 1.0, 1.0, 1.0, 1.0, 1.0, 1.0, 1.0, 1.0, 1.0, 1.0, 1.0, 1.0, 1.0, 1.0, 1.0, 1.0, 1.0, 1.0, 1.0, 1.0, 1.0, 1.0, 1.0, 1.0, 1.0, 1.0, 1.0, 1.0, 1.0, 1.0, 1.0, 1.0, 1.0, 1.0, 1.0, 1.0, 1.0, 1.0, 1.0, 1.0, 1.0, 1.0, 1.0, 1.0, 1.0, 1.0, 1.0, 1.0, 1.0, 1.0, 1.0, 1.0, 1.0, 1.0, 1.0, 1.0, 1.0, 1.0, 1.0, 1.0, 1.0, 1.0, 1.0, 1.0, 1.0, 1.0, 1.0, 1.0, 1.0, 1.0, 1.0, 1.0, 1.0, 1.0, 1.0, 1.0, 1.0, 1.0, 1.0, 1.0, 1.0, 1.0, 1.0, 1.0, 1.0, 1.0, 1.0, 1.0, 1.0]
val step Accs: [1.0, 0.9997117740308402, 1.0, 0.9992240844196152, 1.0, 1.0, 0.999822883457315, 0.9988884772137829, 1.0, 1.0, 1.0, 1.0, 1.0, 1.0, 1.0, 1.0, 1.0, 1.0, 0.9996577686516085, 1.0, 1.0, 1.0, 1.0, 1.0, 1.0, 1.0, 1.0]
Preds: [17, 17, 296, 479, 479, 278, 278, 252, 143, 143, 129, 259, 144, 445, 445, 180, 403, 403, 403, 290, 290, 290, 434, 246, 246, 246, 246, 246, 246, 19, 19, 19, 454, 414, 442, 414, 170, 244, 244, 187, 408, 392, 244, 244, 244, 244, 244, 7, 152, 152, 152, 422, 349, 234, 234, 261, 25, 106, 106, 499, 284, 306, 306, 406, 406, 467, 284, 284, 287, 284, 284, 284, 450, 450, 450, 293, 413, 413, 251, 251, 251, 241, 431, 431, 428, 428, 428, 428, 146, 146, 146, 358, 465, 164, 352, 164, 352, 25, 34, 324, 324, 301, 301, 8, 205, 261, 25, 106, 100, 153, 43, 43, 182, 182, 387, 387, 169, 169, 349, 352, 352, 397, 397, 133, 43, 43, 276, 276, 346, 346, 387, 387, 215, 35, 401, 259, 345, 345, 387, 240, 236, 129, 75, 164, 27, 351, 355, 355, 355, 240, 215, 8, 239, 354, 354, 420, 324, 324, 416, 143, 401, 82, 244, 354, 420, 278, 154, 178, 143, 458, 82, 192, 27, 351, 443, 443, 240, 240, 325, 34, 34, 324, 324, 339, 339, 94, 398, 398, 340, 116, 10, 10, 479, 398, 398, 374, 374, 330, 468, 406, 406, 467, 88, 387, 387, 169, 186, 99, 338, 338, 338, 338, 395, 395, 432, 330, 330, 388, 348, 10, 10, 479, 331, 331, 84, 350, 387, 387, 240, 251, 251, 251, 114, 114, 278, 278, 278, 31, 99, 338, 338, 338, 338, 338, 395, 395, 464, 464, 120, 355, 355, 355, 169, 215, 349, 205, 261, 25, 420, 324, 422, 143, 458, 244, 208, 208, 441, 441, 141, 141, 38, 162, 232, 232, 232, 68, 68, 68, 115, 115, 267, 267, 267, 213, 246, 246, 19, 454, 229, 247, 126, 126, 326, 326, 326, 101, 101, 101, 149, 149, 228, 321, 83, 287, 111, 55, 438, 299, 299, 434, 339, 10, 10, 10, 309, 479, 398, 213, 213, 213, 246, 246, 246, 301, 143, 129, 129, 401, 259, 354, 354, 106, 486, 486, 460, 215, 215, 401, 244, 75, 354, 346, 284, 206, 240, 236, 36, 36, 342, 115, 273, 180, 499, 486, 460, 178, 178, 233, 82, 192, 192, 445, 445, 213, 41, 41, 19, 19, 17, 420, 420, 420, 420, 420, 420, 420, 420, 420, 420, 420, 420, 420, 420, 420, 420, 420, 420, 420, 420, 420, 420, 420, 420, 420, 420, 420, 420, 420, 420, 420, 420, 420, 420, 420, 420, 420, 420, 420, 420, 420, 420, 420, 420, 420, 420, 420, 420, 420, 420, 420, 420, 420, 420, 420, 420, 420, 420, 420, 420, 420, 420, 420, 420, 420, 420, 420, 420, 420, 420, 420, 420, 420, 420, 420, 420, 420, 420, 420, 420, 420, 420, 420, 420, 420, 420, 420, 420, 420, 420, 420, 420, 420, 420, 420, 420, 420, 420, 420, 420, 420, 420, 420, 420, 420, 420, 420, 420, 420, 420, 420, 420, 420, 420, 420, 420, 420, 420, 420, 420, 420, 420, 420, 420, 420, 420, 420, 420, 420, 420, 420, 420, 420, 420, 420, 420, 420, 420, 420, 420, 420, 420, 420, 420, 420, 420, 420, 420, 420, 420, 420, 420, 420, 420, 420, 420, 420, 420, 420, 420, 420, 420, 420, 420, 420, 420, 420, 420, 420, 420, 420, 420, 420, 420, 420, 420, 420, 420, 420, 420, 420, 420, 420, 420, 420, 420, 420, 420, 420, 420, 420, 420, 420, 420, 420, 420, 420, 420, 420, 420, 420, 420, 420, 420, 420, 420, 420, 420, 420, 420, 420, 420, 420, 420, 420, 420, 420, 420, 420, 420, 420, 420, 420, 420, 420, 420, 420, 420, 420, 420, 420]

ep313
Train step Loss: [0.9456275701522827, 0.9455676078796387, 0.9455833435058594, 0.9455527067184448, 0.9456366300582886, 0.9455788731575012, 0.9455813765525818, 0.9455940127372742, 0.9455569386482239, 0.9456207752227783, 0.9455673694610596, 0.9456183910369873, 0.9455862045288086, 0.9455845355987549, 0.9456458687782288, 0.9455642700195312, 0.945563018321991, 0.9455243349075317, 0.945584237575531, 0.9456584453582764, 0.9456217288970947, 0.9455998539924622, 0.945557713508606, 0.9456284046173096, 0.9455537796020508, 0.9455585479736328, 0.9455904364585876, 0.9454936981201172, 0.9455586075782776, 0.9455819725990295, 0.9456156492233276, 0.9455544352531433, 0.9455477595329285, 0.9456186890602112, 0.9455970525741577, 0.9455535411834717, 0.945628821849823, 0.9455360174179077, 0.9456367492675781, 0.9454888105392456, 0.9455670714378357, 0.9456954598426819, 0.9455456733703613, 0.9455246329307556, 0.9455656409263611, 0.9456818699836731, 0.9456140995025635, 0.9456323385238647, 0.9455353021621704, 0.9456485509872437, 0.9455793499946594, 0.945602536201477, 0.9456236958503723, 0.9455912113189697, 0.9456166625022888, 0.9456045031547546, 0.9456217288970947, 0.9456656575202942, 0.9455879330635071, 0.9455119967460632, 0.9455574750900269, 0.9456145763397217, 0.9455986618995667, 0.9454982280731201, 0.9456017017364502, 0.9455733895301819, 0.9456178545951843, 0.9455817341804504, 0.9455544352531433, 0.9455292820930481, 0.9456610679626465, 0.9456300735473633, 0.9456420540809631, 0.9455610513687134, 0.9455963373184204, 0.9455510377883911, 0.9455881714820862, 0.945608377456665, 0.9455850124359131, 0.9455757737159729, 0.9455928206443787, 0.9455472230911255, 0.9455971717834473, 0.9456309676170349, 0.9455419182777405, 0.9455330967903137, 0.9455339908599854, 0.9455830454826355, 0.9455675482749939, 0.9455787539482117, 0.9455575346946716, 0.9455459713935852, 0.9456754326820374, 0.9455145001411438, 0.9455082416534424, 0.9455931186676025, 0.9456035494804382, 0.9456449151039124, 0.9456464648246765, 0.945589542388916, 0.9456380605697632, 0.9454907774925232, 0.9455897808074951, 0.945675790309906, 0.9455869197845459]
val step Loss: [0.9500762224197388, 0.945908784866333, 0.9460771679878235, 0.9457552433013916, 0.9456436634063721, 0.9457851648330688, 0.9458770751953125, 0.945823073387146, 0.945808470249176, 0.9459770321846008, 0.9458366632461548, 0.9458886384963989, 0.9467189908027649, 0.9475436806678772, 0.9510586857795715, 0.9460263252258301, 0.9459730386734009, 0.945919394493103, 0.9458373785018921, 0.9458993673324585, 0.9458434581756592, 0.9485622644424438, 0.9457384347915649, 0.9459652900695801, 0.9459450244903564, 0.9456970691680908, 0.9457576274871826]
Train step Accs: [1.0, 1.0, 1.0, 1.0, 1.0, 1.0, 1.0, 1.0, 1.0, 1.0, 1.0, 1.0, 1.0, 1.0, 1.0, 1.0, 1.0, 1.0, 1.0, 1.0, 1.0, 1.0, 1.0, 1.0, 1.0, 1.0, 1.0, 1.0, 1.0, 1.0, 1.0, 1.0, 1.0, 1.0, 1.0, 1.0, 1.0, 1.0, 1.0, 1.0, 1.0, 1.0, 1.0, 1.0, 1.0, 1.0, 1.0, 1.0, 1.0, 1.0, 1.0, 1.0, 1.0, 1.0, 1.0, 1.0, 1.0, 1.0, 1.0, 1.0, 1.0, 1.0, 1.0, 1.0, 1.0, 1.0, 1.0, 1.0, 1.0, 1.0, 1.0, 1.0, 1.0, 1.0, 1.0, 1.0, 1.0, 1.0, 1.0, 1.0, 1.0, 1.0, 1.0, 1.0, 1.0, 1.0, 1.0, 1.0, 1.0, 1.0, 1.0, 1.0, 1.0, 1.0, 1.0, 1.0, 1.0, 1.0, 1.0, 1.0, 1.0, 1.0, 1.0, 1.0, 1.0]
val step Accs: [0.9992225461613217, 1.0, 1.0, 1.0, 1.0, 1.0, 1.0, 1.0, 1.0, 1.0, 1.0, 1.0, 0.999844840961986, 0.9997143673236218, 0.9990339719851876, 1.0, 1.0, 1.0, 1.0, 1.0, 1.0, 0.9994934143870314, 1.0, 1.0, 1.0, 1.0, 1.0]
Preds: [17, 17, 17, 451, 152, 152, 374, 378, 42, 406, 406, 499, 387, 387, 387, 387, 337, 219, 219, 219, 324, 324, 434, 339, 10, 10, 309, 479, 398, 324, 278, 301, 143, 129, 401, 244, 321, 354, 354, 265, 428, 428, 146, 146, 146, 324, 324, 301, 215, 32, 32, 102, 354, 354, 106, 106, 284, 265, 206, 282, 282, 388, 303, 212, 219, 324, 324, 301, 116, 10, 94, 479, 331, 331, 428, 428, 428, 146, 146, 252, 252, 239, 239, 310, 310, 107, 107, 395, 374, 374, 132, 132, 219, 286, 464, 464, 464, 355, 355, 355, 460, 452, 263, 263, 263, 78, 170, 170, 244, 392, 392, 392, 392, 392, 392, 392, 392, 244, 73, 244, 209, 83, 55, 443, 240, 314, 314, 32, 32, 354, 354, 180, 264, 264, 84, 84, 406, 406, 406, 406, 413, 413, 413, 399, 217, 217, 473, 65, 464, 464, 171, 252, 143, 143, 239, 82, 310, 107, 395, 400, 324, 286, 464, 464, 464, 443, 355, 355, 460, 240, 169, 35, 224, 224, 494, 494, 8, 196, 217, 479, 473, 283, 278, 422, 143, 36, 75, 310, 107, 395, 485, 324, 301, 251, 251, 219, 398, 374, 374, 374, 26, 251, 251, 241, 431, 367, 496, 497, 43, 233, 233, 401, 244, 208, 100, 100, 100, 98, 98, 98, 17, 17, 420, 420, 420, 420, 420, 420, 420, 420, 420, 420, 420, 420, 420, 420, 420, 420, 420, 420, 420, 420, 420, 420, 420, 420, 420, 420, 420, 420, 420, 420, 420, 420, 420, 420, 420, 420, 420, 420, 420, 420, 420, 420, 420, 420, 420, 420, 420, 420, 420, 420, 420, 420, 420, 420, 420, 420, 420, 420, 420, 420, 420, 420, 420, 420, 420, 420, 420, 420, 420, 420, 420, 420, 420, 420, 420, 420, 420, 420, 420, 420, 420, 420, 420, 420, 420, 420, 420, 420, 420, 420, 420, 420, 420, 420, 420, 420, 420, 420, 420, 420, 420, 420, 420, 420, 420, 420, 420, 420, 420, 420, 420, 420, 420, 420, 420, 420, 420, 420, 420, 420, 420, 420, 420, 420, 420, 420, 420, 420, 420, 420, 420, 420, 420, 420, 420, 420, 420, 420, 420, 420, 420, 420, 420, 420, 420, 420, 420, 420, 420, 420, 420, 420, 420, 420, 420, 420, 420, 420, 420, 420, 420, 420, 420, 420, 420, 420, 420, 420, 420, 420, 420, 420, 420, 420, 420, 420, 420, 420, 420, 420, 420, 420, 420, 420, 420, 420, 420, 420, 420, 420, 420, 420, 420, 420, 420, 420, 420, 420, 420, 420, 420, 420, 420, 420, 420, 420, 420, 420, 420, 420, 420, 420, 420, 420, 420, 420, 420, 420, 420, 420, 420, 420, 420, 420, 420, 420, 420, 420, 420, 420, 420, 420, 420, 420, 420, 420, 420, 420, 420, 420, 420, 420, 420, 420, 420, 420, 420, 420, 420, 420, 420, 420, 420, 420, 420, 420, 420, 420, 420, 420, 420, 420, 420, 420, 420, 420, 420, 420, 420, 420, 420, 420, 420, 420, 420, 420, 420, 420, 420, 420, 420, 420, 420, 420, 420, 420, 420, 420, 420, 420, 420, 420, 420, 420, 420, 420, 420, 420, 420, 420, 420, 420, 420, 420, 420, 420, 420, 420, 420, 420, 420, 420, 420, 420, 420, 420, 420, 420, 420, 420, 420, 420, 420, 420, 420, 420, 420, 420, 420, 420, 420, 420, 420, 420, 420, 420, 420, 420, 420, 420, 420, 420, 420, 420, 420, 420, 420, 420, 420, 420, 420, 420, 420, 420, 420, 420, 420, 420, 420, 420, 420, 420, 420, 420, 420, 420, 420, 420, 420, 420, 420, 420, 420, 420, 420, 420, 420, 420]

ep314
Train step Loss: [0.9455583095550537, 0.9455813765525818, 0.9456453919410706, 0.9456313848495483, 0.9456737041473389, 0.9456425905227661, 0.9455708861351013, 0.9456658959388733, 0.9456126689910889, 0.9455491900444031, 0.9455678462982178, 0.9455693960189819, 0.9455658197402954, 0.9455640912055969, 0.9456160068511963, 0.945578932762146, 0.9456215500831604, 0.9456199407577515, 0.9455440044403076, 0.9455335140228271, 0.9455126523971558, 0.9455695152282715, 0.9455605149269104, 0.9456188082695007, 0.9455595016479492, 0.9455526471138, 0.9456235766410828, 0.9455947875976562, 0.945553183555603, 0.9455758333206177, 0.945530116558075, 0.9455606341362, 0.9455850124359131, 0.9455617666244507, 0.9456522464752197, 0.9456384778022766, 0.945578932762146, 0.9456519484519958, 0.9455697536468506, 0.9456064701080322, 0.9456301927566528, 0.9456253051757812, 0.9456201195716858, 0.9455798864364624, 0.9455629587173462, 0.9455558061599731, 0.9455305933952332, 0.9456075429916382, 0.9455945491790771, 0.9456714987754822, 0.9456012845039368, 0.9455791115760803, 0.9455673694610596, 0.9455832242965698, 0.9456053972244263, 0.9456611275672913, 0.9455223679542542, 0.9455698728561401, 0.9456037878990173, 0.9455580711364746, 0.9455910325050354, 0.9455676674842834, 0.9456554651260376, 0.9455580711364746, 0.9455869793891907, 0.9455933570861816, 0.945561408996582, 0.9456486105918884, 0.9456427693367004, 0.9455683827400208, 0.9455328583717346, 0.9455656409263611, 0.9455629587173462, 0.9456267356872559, 0.9455154538154602, 0.9455910921096802, 0.9456426501274109, 0.9455435872077942, 0.9454802870750427, 0.9455574750900269, 0.9456138610839844, 0.9455233216285706, 0.9455952048301697, 0.9455100893974304, 0.9455613493919373, 0.945554256439209, 0.9455723166465759, 0.9455615878105164, 0.945588231086731, 0.9456716179847717, 0.9455437064170837, 0.9455986618995667, 0.9455564618110657, 0.9456425309181213, 0.9456331133842468, 0.9455744624137878, 0.9455996751785278, 0.9455831050872803, 0.9456148147583008, 0.9456185102462769, 0.9455834627151489, 0.9455257058143616, 0.9455820322036743, 0.9456231594085693, 0.9456281661987305]
val step Loss: [0.9514713287353516, 0.9499298930168152, 0.9469336271286011, 0.9458621144294739, 0.9460347890853882, 0.945931613445282, 0.9458008408546448, 0.9459636211395264, 0.9458649158477783, 0.9459859132766724, 0.945914089679718, 0.9459996819496155, 0.9458683729171753, 0.9469238519668579, 0.9479236006736755, 0.945993959903717, 0.9468188285827637, 0.9460356831550598, 0.9458208680152893, 0.9460736513137817, 0.9459539651870728, 0.9457684755325317, 0.945850670337677, 0.9460139274597168, 0.9458960890769958, 0.9460017085075378, 0.9459236860275269]
Train step Accs: [1.0, 1.0, 1.0, 1.0, 1.0, 1.0, 1.0, 1.0, 1.0, 1.0, 1.0, 1.0, 1.0, 1.0, 1.0, 1.0, 1.0, 1.0, 1.0, 1.0, 1.0, 1.0, 1.0, 1.0, 1.0, 1.0, 1.0, 1.0, 1.0, 1.0, 1.0, 1.0, 1.0, 1.0, 1.0, 1.0, 1.0, 1.0, 1.0, 1.0, 1.0, 1.0, 1.0, 1.0, 1.0, 1.0, 1.0, 1.0, 1.0, 1.0, 1.0, 1.0, 1.0, 1.0, 1.0, 1.0, 1.0, 1.0, 1.0, 1.0, 1.0, 1.0, 1.0, 1.0, 1.0, 1.0, 1.0, 1.0, 1.0, 1.0, 1.0, 1.0, 1.0, 1.0, 1.0, 1.0, 1.0, 1.0, 1.0, 1.0, 1.0, 1.0, 1.0, 1.0, 1.0, 1.0, 1.0, 1.0, 1.0, 1.0, 1.0, 1.0, 1.0, 1.0, 1.0, 1.0, 1.0, 1.0, 1.0, 1.0, 1.0, 1.0, 1.0, 1.0, 1.0]
val step Accs: [0.9989718985606579, 0.9992581602373887, 0.9998372925479987, 1.0, 1.0, 1.0, 1.0, 1.0, 1.0, 1.0, 1.0, 1.0, 1.0, 0.9998165137614679, 0.9996558251591808, 1.0, 0.999820014398848, 1.0, 1.0, 1.0, 1.0, 1.0, 1.0, 1.0, 1.0, 1.0, 1.0]
Preds: [17, 17, 296, 17, 17, 17, 17, 363, 363, 363, 363, 363, 101, 149, 321, 321, 287, 287, 287, 284, 206, 167, 35, 320, 320, 29, 287, 287, 111, 111, 468, 468, 467, 146, 146, 443, 330, 330, 330, 348, 175, 65, 65, 106, 293, 293, 293, 293, 413, 348, 348, 466, 479, 479, 331, 331, 486, 486, 486, 460, 240, 173, 8, 280, 29, 106, 284, 284, 240, 285, 285, 467, 180, 180, 486, 486, 486, 486, 460, 240, 175, 175, 81, 431, 431, 85, 403, 403, 403, 207, 207, 207, 246, 246, 246, 246, 246, 19, 19, 454, 229, 259, 321, 247, 126, 126, 408, 408, 408, 408, 228, 321, 75, 66, 68, 172, 115, 115, 267, 444, 278, 378, 378, 345, 345, 100, 100, 497, 497, 186, 99, 338, 338, 400, 400, 400, 301, 301, 378, 345, 109, 499, 499, 151, 151, 253, 453, 342, 168, 168, 180, 151, 151, 460, 178, 178, 192, 192, 445, 451, 41, 41, 41, 41, 19, 19, 19, 454, 454, 13, 414, 170, 244, 244, 244, 392, 244, 392, 392, 321, 321, 321, 7, 479, 479, 331, 331, 331, 480, 319, 111, 460, 438, 416, 216, 192, 114, 180, 180, 443, 443, 443, 139, 139, 293, 274, 274, 35, 192, 445, 464, 464, 171, 171, 252, 416, 458, 192, 445, 180, 464, 264, 264, 264, 264, 315, 315, 113, 450, 450, 293, 169, 150, 150, 54, 54, 142, 397, 397, 196, 147, 147, 109, 288, 403, 171, 171, 252, 252, 24, 310, 310, 107, 395, 395, 286, 286, 120, 120, 120, 120, 37, 37, 385, 385, 197, 75, 164, 164, 196, 196, 116, 33, 33, 248, 394, 212, 75, 199, 275, 275, 275, 275, 303, 303, 17, 420, 420, 420, 420, 420, 420, 420, 420, 420, 420, 420, 420, 420, 420, 420, 420, 420, 420, 420, 420, 420, 420, 420, 420, 420, 420, 420, 420, 420, 420, 420, 420, 420, 420, 420, 420, 420, 420, 420, 420, 420, 420, 420, 420, 420, 420, 420, 420, 420, 420, 420, 420, 420, 420, 420, 420, 420, 420, 420, 420, 420, 420, 420, 420, 420, 420, 420, 420, 420, 420, 420, 420, 420, 420, 420, 420, 420, 420, 420, 420, 420, 420, 420, 420, 420, 420, 420, 420, 420, 420, 420, 420, 420, 420, 420, 420, 420, 420, 420, 420, 420, 420, 420, 420, 420, 420, 420, 420, 420, 420, 420, 420, 420, 420, 420, 420, 420, 420, 420, 420, 420, 420, 420, 420, 420, 420, 420, 420, 420, 420, 420, 420, 420, 420, 420, 420, 420, 420, 420, 420, 420, 420, 420, 420, 420, 420, 420, 420, 420, 420, 420, 420, 420, 420, 420, 420, 420, 420, 420, 420, 420, 420, 420, 420, 420, 420, 420, 420, 420, 420, 420, 420, 420, 420, 420, 420, 420, 420, 420, 420, 420, 420, 420, 420, 420, 420, 420, 420, 420, 420, 420, 420, 420, 420, 420, 420, 420, 420, 420, 420, 420, 420, 420, 420, 420, 420, 420, 420, 420, 420, 420, 420, 420, 420, 420, 420, 420, 420, 420, 420, 420, 420, 420, 420, 420, 420, 420, 420, 420, 420, 420, 420, 420, 420, 420, 420, 420, 420, 420, 420, 420, 420, 420, 420, 420, 420, 420, 420, 420, 420, 420, 420, 420, 420, 420, 420, 420, 420, 420, 420, 420, 420, 420, 420, 420, 420, 420, 420, 420, 420, 420, 420, 420, 420, 420, 420, 420, 420, 420, 420, 420, 420, 420, 420, 420, 420, 420, 420, 420, 420, 420, 420, 420, 420, 420, 420, 420, 420, 420, 420, 420, 420, 420, 420, 420, 420, 420, 420, 420, 420, 420, 420, 420, 420]

ep315
Train step Loss: [0.9456068277359009, 0.9455767273902893, 0.9455835819244385, 0.9456598162651062, 0.9455347061157227, 0.945592999458313, 0.9455567598342896, 0.9456233382225037, 0.9456232786178589, 0.9455592632293701, 0.9455842971801758, 0.9456918239593506, 0.9456395506858826, 0.9455798864364624, 0.9455741047859192, 0.945628821849823, 0.9455845952033997, 0.9455842971801758, 0.9455172419548035, 0.9455921053886414, 0.9455544352531433, 0.9455747008323669, 0.9455987215042114, 0.9455932974815369, 0.9455550909042358, 0.945672333240509, 0.9456483721733093, 0.9455724954605103, 0.9455962181091309, 0.9455963969230652, 0.9456387758255005, 0.945501446723938, 0.9456803202629089, 0.9456115365028381, 0.945583164691925, 0.9456133842468262, 0.9455749988555908, 0.9455528855323792, 0.9455610513687134, 0.9455693960189819, 0.945576012134552, 0.9455647468566895, 0.9456088542938232, 0.9455841779708862, 0.9455654621124268, 0.945540726184845, 0.9455454349517822, 0.945582389831543, 0.9455717206001282, 0.945594310760498, 0.9455699920654297, 0.9456310868263245, 0.9456300139427185, 0.9455563426017761, 0.9456186890602112, 0.9455774426460266, 0.9455360174179077, 0.9455893635749817, 0.945532500743866, 0.9456366300582886, 0.9456132650375366, 0.9455319046974182, 0.9455910921096802, 0.9455326199531555, 0.9455547332763672, 0.9455916285514832, 0.9455971717834473, 0.9455341696739197, 0.9455615282058716, 0.9455865025520325, 0.9455761313438416, 0.9455366134643555, 0.9455980062484741, 0.9455639123916626, 0.9455854892730713, 0.9456278085708618, 0.9455897212028503, 0.9456481337547302, 0.9456061124801636, 0.9455787539482117, 0.9455596804618835, 0.9456077814102173, 0.9455979466438293, 0.9455402493476868, 0.9455759525299072, 0.9455544352531433, 0.9456120133399963, 0.9455696940422058, 0.9456645250320435, 0.9456406831741333, 0.9455950856208801, 0.9455289244651794, 0.9456072449684143, 0.9456618428230286, 0.945521891117096, 0.9455466270446777, 0.9456063508987427, 0.945584237575531, 0.9456353187561035, 0.9455744624137878, 0.9455547332763672, 0.9455169439315796, 0.9455578923225403, 0.945558488368988, 0.9456446170806885]
val step Loss: [0.9469854831695557, 0.945796012878418, 0.945925772190094, 0.9513798952102661, 0.9468015432357788, 0.9459612965583801, 0.9478333592414856, 0.9459617733955383, 0.945985734462738, 0.9458611011505127, 0.9458827972412109, 0.9468907713890076, 0.9459784030914307, 0.9458787441253662, 0.9457802176475525, 0.946874737739563, 0.9458003044128418, 0.9457635879516602, 0.9459105730056763, 0.9493342638015747, 0.9459707736968994, 0.9459308981895447, 0.9458905458450317, 0.9460278153419495, 0.9459288716316223, 0.9459813833236694, 0.9460285305976868]
Train step Accs: [1.0, 1.0, 1.0, 1.0, 1.0, 1.0, 1.0, 1.0, 1.0, 1.0, 1.0, 1.0, 1.0, 1.0, 1.0, 1.0, 1.0, 1.0, 1.0, 1.0, 1.0, 1.0, 1.0, 1.0, 1.0, 1.0, 1.0, 1.0, 1.0, 1.0, 1.0, 1.0, 1.0, 1.0, 1.0, 1.0, 1.0, 1.0, 1.0, 1.0, 1.0, 1.0, 1.0, 1.0, 1.0, 1.0, 1.0, 1.0, 1.0, 1.0, 1.0, 1.0, 1.0, 1.0, 1.0, 1.0, 1.0, 1.0, 1.0, 1.0, 1.0, 1.0, 1.0, 1.0, 1.0, 1.0, 1.0, 1.0, 1.0, 1.0, 1.0, 1.0, 1.0, 1.0, 1.0, 1.0, 1.0, 1.0, 1.0, 1.0, 1.0, 1.0, 1.0, 1.0, 1.0, 1.0, 1.0, 1.0, 1.0, 1.0, 1.0, 1.0, 1.0, 1.0, 1.0, 1.0, 1.0, 1.0, 1.0, 1.0, 1.0, 1.0, 1.0, 1.0, 1.0]
val step Accs: [0.9998274374460742, 1.0, 1.0, 0.9989821882951654, 0.9998191354675349, 1.0, 0.9996372211137312, 1.0, 1.0, 1.0, 1.0, 0.9998376096135109, 1.0, 1.0, 1.0, 0.9998164127042408, 1.0, 1.0, 1.0, 0.9993567063364426, 1.0, 1.0, 1.0, 1.0, 1.0, 1.0, 1.0]
Preds: [17, 17, 296, 217, 217, 473, 65, 443, 443, 443, 443, 240, 169, 150, 77, 164, 164, 164, 164, 164, 164, 273, 106, 106, 375, 375, 375, 98, 98, 48, 13, 170, 20, 170, 20, 20, 187, 187, 187, 408, 408, 20, 391, 391, 20, 184, 20, 20, 7, 188, 152, 152, 422, 99, 54, 54, 224, 400, 400, 30, 324, 324, 464, 464, 139, 139, 355, 387, 355, 240, 388, 94, 94, 398, 324, 301, 416, 32, 239, 144, 27, 180, 180, 284, 486, 428, 206, 240, 240, 314, 8, 32, 354, 354, 100, 497, 43, 8, 8, 32, 354, 354, 100, 387, 255, 251, 251, 241, 431, 106, 498, 498, 406, 313, 313, 285, 337, 464, 464, 464, 145, 315, 315, 450, 450, 450, 43, 43, 276, 276, 345, 109, 109, 403, 207, 324, 3, 301, 42, 42, 147, 456, 337, 324, 422, 422, 349, 349, 234, 234, 261, 261, 25, 148, 153, 153, 413, 413, 10, 10, 309, 398, 398, 464, 139, 139, 481, 182, 182, 387, 387, 122, 122, 236, 129, 259, 108, 377, 123, 374, 153, 153, 387, 372, 406, 406, 406, 467, 182, 375, 375, 375, 98, 98, 13, 229, 229, 20, 312, 126, 126, 23, 326, 23, 23, 101, 149, 149, 228, 20, 412, 287, 287, 460, 460, 178, 215, 458, 465, 164, 164, 442, 225, 7, 7, 217, 217, 473, 65, 476, 171, 252, 416, 239, 239, 445, 445, 485, 324, 301, 314, 325, 34, 34, 191, 191, 116, 251, 251, 251, 241, 81, 431, 367, 496, 274, 43, 8, 129, 259, 208, 208, 441, 441, 153, 497, 497, 399, 70, 70, 70, 473, 65, 264, 264, 264, 264, 468, 468, 468, 406, 337, 337, 324, 252, 24, 239, 239, 384, 449, 324, 324, 301, 26, 251, 241, 431, 367, 496, 274, 43, 416, 458, 144, 208, 100, 100, 496, 274, 122, 143, 143, 17, 420, 420, 420, 420, 420, 420, 420, 420, 420, 420, 420, 420, 420, 420, 420, 420, 420, 420, 420, 420, 420, 420, 420, 420, 420, 420, 420, 420, 420, 420, 420, 420, 420, 420, 420, 420, 420, 420, 420, 420, 420, 420, 420, 420, 420, 420, 420, 420, 420, 420, 420, 420, 420, 420, 420, 420, 420, 420, 420, 420, 420, 420, 420, 420, 420, 420, 420, 420, 420, 420, 420, 420, 420, 420, 420, 420, 420, 420, 420, 420, 420, 420, 420, 420, 420, 420, 420, 420, 420, 420, 420, 420, 420, 420, 420, 420, 420, 420, 420, 420, 420, 420, 420, 420, 420, 420, 420, 420, 420, 420, 420, 420, 420, 420, 420, 420, 420, 420, 420, 420, 420, 420, 420, 420, 420, 420, 420, 420, 420, 420, 420, 420, 420, 420, 420, 420, 420, 420, 420, 420, 420, 420, 420, 420, 420, 420, 420, 420, 420, 420, 420, 420, 420, 420, 420, 420, 420, 420, 420, 420, 420, 420, 420, 420, 420, 420, 420, 420, 420, 420, 420, 420, 420, 420, 420, 420, 420, 420, 420, 420, 420, 420, 420, 420, 420, 420, 420, 420, 420, 420, 420, 420, 420, 420, 420, 420, 420, 420, 420, 420, 420, 420, 420, 420, 420, 420, 420, 420, 420, 420, 420, 420, 420, 420, 420, 420, 420, 420, 420, 420, 420, 420, 420, 420, 420, 420, 420, 420, 420, 420, 420, 420, 420, 420, 420, 420, 420, 420, 420, 420, 420, 420, 420, 420, 420, 420, 420, 420, 420, 420, 420, 420, 420, 420, 420, 420, 420, 420, 420, 420, 420, 420, 420, 420, 420, 420, 420, 420, 420, 420, 420, 420, 420, 420, 420, 420, 420, 420, 420, 420, 420, 420, 420, 420, 420, 420, 420]

ep316
Train step Loss: [0.945521354675293, 0.9455908536911011, 0.9455082416534424, 0.9456124901771545, 0.9455597996711731, 0.9456030130386353, 0.9456097483634949, 0.9455658793449402, 0.9455280303955078, 0.9456065893173218, 0.9456151723861694, 0.9455378651618958, 0.9455650448799133, 0.9455409049987793, 0.9455016255378723, 0.9456123113632202, 0.9455404877662659, 0.9455148577690125, 0.945558488368988, 0.9455286264419556, 0.9455747008323669, 0.9455515742301941, 0.9455685615539551, 0.9455429315567017, 0.9455307722091675, 0.9455625414848328, 0.9455095529556274, 0.9455416798591614, 0.945522665977478, 0.9455538988113403, 0.9455784559249878, 0.9455510973930359, 0.9455543160438538, 0.9455375075340271, 0.9456120133399963, 0.9456496238708496, 0.945589542388916, 0.9455743432044983, 0.9454653263092041, 0.9454953670501709, 0.9455747604370117, 0.9455763101577759, 0.9456499218940735, 0.9455402493476868, 0.9455055594444275, 0.9455878734588623, 0.9455664157867432, 0.9455530047416687, 0.9455797672271729, 0.9455776810646057, 0.9455491304397583, 0.9455591440200806, 0.9455369114875793, 0.9455325603485107, 0.9456056952476501, 0.9455636739730835, 0.945530891418457, 0.9456019401550293, 0.9456175565719604, 0.9455943703651428, 0.9455837607383728, 0.945631742477417, 0.9455169439315796, 0.9455580711364746, 0.9455568194389343, 0.945541262626648, 0.9455986618995667, 0.9455522894859314, 0.9455834627151489, 0.9455605745315552, 0.9455196857452393, 0.9455718398094177, 0.9455928206443787, 0.9456346035003662, 0.9454721212387085, 0.9455996751785278, 0.9455363750457764, 0.9455996751785278, 0.9455820918083191, 0.9455587863922119, 0.9455681443214417, 0.9455229640007019, 0.9456095695495605, 0.9455859661102295, 0.9455651044845581, 0.9455342292785645, 0.9455167055130005, 0.9455839395523071, 0.9455145001411438, 0.9455413222312927, 0.945520281791687, 0.9456018805503845, 0.945539116859436, 0.9455448389053345, 0.9455304741859436, 0.9455883502960205, 0.945532500743866, 0.94551682472229, 0.945540726184845, 0.9455246329307556, 0.9455759525299072, 0.9454804062843323, 0.9454643726348877, 0.9455457329750061, 0.9455816745758057]
val step Loss: [0.9478330016136169, 0.9475248456001282, 0.9457079172134399, 0.951818585395813, 0.9459100365638733, 0.9457128047943115, 0.9458547234535217, 0.945868730545044, 0.9459726214408875, 0.9461783170700073, 0.9458134770393372, 0.9457066655158997, 0.9458955526351929, 0.9458737373352051, 0.9459400177001953, 0.9457982778549194, 0.946743369102478, 0.9459194540977478, 0.9459030032157898, 0.9458330869674683, 0.9467828869819641, 0.9458416700363159, 0.9497923254966736, 0.9459846615791321, 0.9458917379379272, 0.9460388422012329, 0.9457767605781555]
Train step Accs: [1.0, 1.0, 1.0, 1.0, 1.0, 1.0, 1.0, 1.0, 1.0, 1.0, 1.0, 1.0, 1.0, 1.0, 1.0, 1.0, 1.0, 1.0, 1.0, 1.0, 1.0, 1.0, 1.0, 1.0, 1.0, 1.0, 1.0, 1.0, 1.0, 1.0, 1.0, 1.0, 1.0, 1.0, 1.0, 1.0, 1.0, 1.0, 1.0, 1.0, 1.0, 1.0, 1.0, 1.0, 1.0, 1.0, 1.0, 1.0, 1.0, 1.0, 1.0, 1.0, 1.0, 1.0, 1.0, 1.0, 1.0, 1.0, 1.0, 1.0, 1.0, 1.0, 1.0, 1.0, 1.0, 1.0, 1.0, 1.0, 1.0, 1.0, 1.0, 1.0, 1.0, 1.0, 1.0, 1.0, 1.0, 1.0, 1.0, 1.0, 1.0, 1.0, 1.0, 1.0, 1.0, 1.0, 1.0, 1.0, 1.0, 1.0, 1.0, 1.0, 1.0, 1.0, 1.0, 1.0, 1.0, 1.0, 1.0, 1.0, 1.0, 1.0, 1.0, 1.0, 1.0]
val step Accs: [0.9996630727762803, 0.9997021593447506, 1.0, 0.9989165763813651, 1.0, 1.0, 1.0, 1.0, 1.0, 1.0, 1.0, 1.0, 1.0, 1.0, 1.0, 1.0, 0.9998456551937027, 1.0, 1.0, 1.0, 0.9998104624715694, 1.0, 0.9993044687880369, 1.0, 1.0, 1.0, 1.0]
Preds: [17, 17, 152, 152, 152, 378, 378, 43, 276, 345, 345, 109, 174, 284, 319, 240, 240, 240, 314, 239, 82, 82, 449, 371, 444, 213, 324, 324, 324, 286, 301, 132, 42, 42, 147, 380, 380, 288, 443, 432, 330, 330, 388, 33, 33, 64, 394, 398, 219, 464, 464, 464, 180, 315, 315, 450, 450, 293, 43, 43, 43, 364, 276, 276, 276, 276, 346, 346, 284, 284, 284, 284, 376, 376, 206, 206, 85, 85, 240, 388, 251, 251, 251, 251, 251, 251, 241, 431, 355, 355, 452, 263, 263, 263, 420, 435, 420, 420, 420, 420, 420, 420, 420, 420, 420, 420, 420, 420, 420, 420, 420, 420, 420, 420, 420, 420, 420, 420, 420, 420, 420, 420, 420, 420, 420, 420, 420, 420, 420, 420, 420, 420, 420, 420, 420, 420, 420, 420, 420, 420, 420, 420, 420, 420, 420, 420, 420, 420, 420, 420, 420, 420, 420, 420, 420, 420, 420, 420, 420, 420, 420, 420, 420, 420, 420, 420, 420, 420, 420, 420, 420, 420, 420, 420, 420, 420, 420, 420, 420, 420, 420, 420, 420, 420, 420, 420, 420, 420, 420, 420, 420, 420, 420, 420, 420, 420, 420, 420, 420, 420, 420, 420, 420, 420, 420, 420, 420, 420, 420, 420, 420, 420, 420, 420, 420, 420, 420, 420, 420, 420, 420, 420, 420, 420, 420, 420, 420, 420, 420, 420, 420, 420, 420, 420, 420, 420, 420, 420, 420, 420, 420, 420, 420, 420, 420, 420, 420, 420, 420, 420, 420, 420, 420, 420, 420, 420, 420, 420, 420, 420, 420, 420, 420, 420, 420, 420, 420, 420, 420, 420, 420, 420, 420, 420, 420, 420, 420, 420, 420, 420, 420, 420, 420, 420, 420, 420, 420, 420, 420, 420, 420, 420, 420, 420, 420, 420, 420, 420, 420, 420, 420, 420, 420, 420, 420, 420, 420, 420, 420, 420, 420, 420, 420, 420, 420, 420, 420, 420, 420, 420, 420, 420, 420, 420, 420, 420, 420, 420, 420, 420, 420, 420, 420, 420, 420, 420, 420, 420, 420, 420, 420, 420, 420, 420, 420, 420, 420, 420, 420, 420, 420, 420, 420, 420, 420, 420, 420, 420, 420, 420, 420, 420, 420, 420, 420, 420, 420, 420, 420, 420, 420, 420, 420, 420, 420, 420, 420, 420, 420, 420, 420, 420, 420, 420, 420, 420, 420, 420, 420, 420, 420, 420, 420, 420, 420, 420, 420, 420, 420, 420, 420, 420, 420, 420, 420, 420, 420, 420, 420, 420, 420, 420, 420, 420, 420, 420, 420, 420, 420, 420, 420, 420, 420, 420, 420, 420, 420, 420, 420, 420, 420, 420, 420, 420, 420, 420, 420, 420, 420, 420, 420, 420, 420, 420, 420, 420, 420, 420, 420, 420, 420, 420, 420, 420, 420, 420, 420, 420, 420, 420, 420, 420, 420, 420, 420, 420, 420, 420, 420, 420, 420, 420, 420, 420, 420, 420, 420, 420, 420, 420, 420, 420, 420, 420, 420, 420, 420, 420, 420, 420, 420, 420, 420, 420, 420, 420, 420, 420, 420, 420, 420, 420, 420, 420, 420, 420, 420, 420, 420, 420, 420, 420, 420, 420, 420, 420, 420, 420, 420, 420, 420, 420, 420, 420, 420, 420, 420, 420, 420, 420, 420, 420, 420, 420, 420, 420, 420, 420, 420, 420, 420, 420, 420, 420, 420, 420, 420, 420, 420, 420, 420, 420, 420, 420, 420, 420, 420, 420, 420, 420, 420, 420, 420, 420, 420, 420, 420, 420, 420, 420, 420, 420, 420, 420, 420, 420, 420, 420, 420, 420, 420, 420, 420, 420, 420, 420, 420, 420, 420, 420, 420, 420, 420, 420, 420, 420, 420, 420, 420, 420]

ep317
Train step Loss: [0.9455170035362244, 0.9456028938293457, 0.9455221891403198, 0.9456084370613098, 0.9455615282058716, 0.9455152153968811, 0.9456042051315308, 0.9455500841140747, 0.9454907178878784, 0.9455299377441406, 0.945564866065979, 0.9455882906913757, 0.945518434047699, 0.9455991983413696, 0.9455052614212036, 0.9455562829971313, 0.9456525444984436, 0.945576548576355, 0.9455292224884033, 0.945612907409668, 0.9455848932266235, 0.9455969333648682, 0.9456157684326172, 0.9455240368843079, 0.9455204010009766, 0.9455400705337524, 0.9455536603927612, 0.9455406069755554, 0.945556104183197, 0.945605456829071, 0.945602297782898, 0.9455615878105164, 0.9456071853637695, 0.9455182552337646, 0.945598840713501, 0.9455282688140869, 0.9455479383468628, 0.9455267190933228, 0.9455814361572266, 0.9455519914627075, 0.9455238580703735, 0.9455691576004028, 0.9455835819244385, 0.9455533623695374, 0.9455517530441284, 0.94559246301651, 0.9455459117889404, 0.9455524682998657, 0.9455512762069702, 0.9455124139785767, 0.945529580116272, 0.9455858469009399, 0.9456588625907898, 0.9455227851867676, 0.9455941319465637, 0.9455500245094299, 0.945581316947937, 0.9455021023750305, 0.9455017447471619, 0.9455516338348389, 0.9455006122589111, 0.9455404877662659, 0.9455564618110657, 0.9455031156539917, 0.9455676674842834, 0.9455087780952454, 0.9456132650375366, 0.945624053478241, 0.9455423951148987, 0.9454718828201294, 0.9455463290214539, 0.9455795288085938, 0.9455838203430176, 0.9455469250679016, 0.9455734491348267, 0.9455039501190186, 0.945561945438385, 0.945530354976654, 0.945610523223877, 0.9455664157867432, 0.9455498456954956, 0.9455165863037109, 0.9455596804618835, 0.9455350637435913, 0.9455864429473877, 0.9455761909484863, 0.9455904364585876, 0.9455839395523071, 0.9455521106719971, 0.9455963373184204, 0.9455699920654297, 0.9455723762512207, 0.9455173015594482, 0.9455491304397583, 0.945550799369812, 0.9455587863922119, 0.9456154108047485, 0.945545494556427, 0.9455695748329163, 0.9455854892730713, 0.9455747604370117, 0.9455086588859558, 0.9455342888832092, 0.9456093311309814, 0.9455140829086304]
val step Loss: [0.9458731412887573, 0.9457908272743225, 0.9458322525024414, 0.9458394050598145, 0.9458662867546082, 0.9468294382095337, 0.9468778967857361, 0.9460797905921936, 0.9458415508270264, 0.9458559155464172, 0.945806086063385, 0.9571905136108398, 0.9459035396575928, 0.9457955956459045, 0.9467034935951233, 0.9458768367767334, 0.9457784295082092, 0.9459106922149658, 0.9459798336029053, 0.9459462761878967, 0.9466511011123657, 0.9458617568016052, 0.9458812475204468, 0.945767343044281, 0.945870041847229, 0.945871114730835, 0.9457862973213196]
Train step Accs: [1.0, 1.0, 1.0, 1.0, 1.0, 1.0, 1.0, 1.0, 1.0, 1.0, 1.0, 1.0, 1.0, 1.0, 1.0, 1.0, 1.0, 1.0, 1.0, 1.0, 1.0, 1.0, 1.0, 1.0, 1.0, 1.0, 1.0, 1.0, 1.0, 1.0, 1.0, 1.0, 1.0, 1.0, 1.0, 1.0, 1.0, 1.0, 1.0, 1.0, 1.0, 1.0, 1.0, 1.0, 1.0, 1.0, 1.0, 1.0, 1.0, 1.0, 1.0, 1.0, 1.0, 1.0, 1.0, 1.0, 1.0, 1.0, 1.0, 1.0, 1.0, 1.0, 1.0, 1.0, 1.0, 1.0, 1.0, 1.0, 1.0, 1.0, 1.0, 1.0, 1.0, 1.0, 1.0, 1.0, 1.0, 1.0, 1.0, 1.0, 1.0, 1.0, 1.0, 1.0, 1.0, 1.0, 1.0, 1.0, 1.0, 1.0, 1.0, 1.0, 1.0, 1.0, 1.0, 1.0, 1.0, 1.0, 1.0, 1.0, 1.0, 1.0, 1.0, 1.0, 1.0]
val step Accs: [1.0, 1.0, 1.0, 1.0, 1.0, 0.99981556621173, 0.9998213009292352, 1.0, 1.0, 1.0, 1.0, 0.9979256698357822, 1.0, 1.0, 0.9998423707440101, 1.0, 1.0, 1.0, 1.0, 1.0, 0.9998325238653492, 1.0, 1.0, 1.0, 1.0, 1.0, 1.0]
Preds: [17, 17, 441, 153, 153, 153, 424, 387, 497, 497, 122, 122, 35, 35, 259, 384, 371, 180, 180, 84, 84, 139, 16, 16, 375, 375, 375, 375, 98, 98, 98, 13, 13, 414, 414, 249, 249, 20, 47, 312, 187, 187, 101, 101, 101, 101, 149, 149, 149, 321, 287, 287, 287, 287, 297, 297, 297, 293, 293, 293, 122, 216, 22, 106, 106, 106, 284, 284, 284, 284, 306, 306, 372, 245, 406, 406, 284, 65, 284, 284, 284, 376, 376, 282, 282, 169, 271, 150, 77, 342, 342, 168, 97, 483, 196, 196, 479, 199, 199, 199, 360, 360, 330, 252, 368, 310, 310, 395, 395, 213, 278, 278, 278, 252, 368, 77, 453, 453, 168, 485, 301, 301, 374, 199, 106, 84, 84, 84, 84, 496, 293, 215, 215, 8, 251, 241, 241, 106, 106, 106, 284, 426, 405, 387, 387, 406, 406, 467, 467, 337, 207, 207, 19, 358, 233, 414, 417, 417, 417, 417, 442, 442, 414, 170, 102, 491, 312, 292, 292, 292, 292, 326, 326, 408, 408, 408, 228, 321, 320, 451, 30, 30, 422, 99, 338, 338, 338, 338, 400, 400, 400, 400, 171, 171, 301, 301, 378, 43, 364, 345, 345, 109, 109, 476, 476, 171, 324, 324, 301, 301, 8, 259, 354, 354, 420, 420, 420, 324, 324, 301, 251, 251, 241, 241, 331, 443, 443, 443, 443, 120, 120, 120, 120, 207, 207, 207, 207, 37, 203, 399, 217, 217, 473, 473, 476, 476, 171, 171, 171, 171, 252, 252, 310, 453, 107, 395, 444, 213, 213, 360, 252, 252, 368, 77, 54, 54, 224, 168, 494, 278, 301, 116, 251, 251, 241, 431, 431, 486, 376, 376, 376, 376, 376, 460, 460, 460, 240, 240, 35, 198, 384, 371, 114, 180, 84, 84, 84, 387, 372, 467, 467, 467, 467, 467, 207, 207, 207, 19, 19, 17, 420, 420, 420, 420, 420, 420, 420, 420, 420, 420, 420, 420, 420, 420, 420, 420, 420, 420, 420, 420, 420, 420, 420, 420, 420, 420, 420, 420, 420, 420, 420, 420, 420, 420, 420, 420, 420, 420, 420, 420, 420, 420, 420, 420, 420, 420, 420, 420, 420, 420, 420, 420, 420, 420, 420, 420, 420, 420, 420, 420, 420, 420, 420, 420, 420, 420, 420, 420, 420, 420, 420, 420, 420, 420, 420, 420, 420, 420, 420, 420, 420, 420, 420, 420, 420, 420, 420, 420, 420, 420, 420, 420, 420, 420, 420, 420, 420, 420, 420, 420, 420, 420, 420, 420, 420, 420, 420, 420, 420, 420, 420, 420, 420, 420, 420, 420, 420, 420, 420, 420, 420, 420, 420, 420, 420, 420, 420, 420, 420, 420, 420, 420, 420, 420, 420, 420, 420, 420, 420, 420, 420, 420, 420, 420, 420, 420, 420, 420, 420, 420, 420, 420, 420, 420, 420, 420, 420, 420, 420, 420, 420, 420, 420, 420, 420, 420, 420, 420, 420, 420, 420, 420, 420, 420, 420, 420, 420, 420, 420, 420, 420, 420, 420, 420, 420, 420, 420, 420, 420, 420, 420, 420, 420, 420, 420, 420, 420, 420, 420, 420, 420, 420, 420, 420, 420, 420, 420, 420, 420, 420, 420, 420, 420, 420, 420, 420, 420, 420, 420, 420, 420, 420, 420, 420, 420, 420, 420, 420, 420, 420, 420, 420, 420, 420, 420, 420, 420, 420, 420, 420, 420, 420, 420, 420, 420, 420, 420, 420, 420, 420, 420, 420, 420, 420, 420, 420, 420, 420, 420, 420, 420, 420, 420, 420, 420, 420, 420, 420, 420, 420, 420, 420, 420, 420, 420, 420, 420, 420, 420, 420, 420, 420, 420, 420, 420, 420, 420, 420, 420, 420]

ep318
Train step Loss: [0.9454960227012634, 0.9455406069755554, 0.9455540180206299, 0.9455747604370117, 0.9455678462982178, 0.9455393552780151, 0.9455657601356506, 0.9456010460853577, 0.9455310106277466, 0.9455240964889526, 0.9455716013908386, 0.9455428123474121, 0.9455150365829468, 0.9454785585403442, 0.9455490708351135, 0.9455727934837341, 0.9455415606498718, 0.9455649852752686, 0.9455820322036743, 0.9455840587615967, 0.9455433487892151, 0.9455509781837463, 0.9455633163452148, 0.9455811381340027, 0.9455686807632446, 0.9455659985542297, 0.9455732703208923, 0.9455990791320801, 0.9455341696739197, 0.9455610513687134, 0.9455552697181702, 0.9455909132957458, 0.9455813765525818, 0.9455534815788269, 0.9455475211143494, 0.9455936551094055, 0.9455410242080688, 0.9456349611282349, 0.94565749168396, 0.9455776214599609, 0.9455841779708862, 0.9456104040145874, 0.9455238580703735, 0.945589542388916, 0.9455082416534424, 0.9455811381340027, 0.9456379413604736, 0.9455456137657166, 0.9455644488334656, 0.9455446004867554, 0.9455787539482117, 0.9454989433288574, 0.945586621761322, 0.9455633759498596, 0.94557785987854, 0.9455567598342896, 0.9456096887588501, 0.9455590844154358, 0.9455729126930237, 0.9455838203430176, 0.9456033706665039, 0.9455810189247131, 0.9454891085624695, 0.9455235004425049, 0.9456040263175964, 0.9455337524414062, 0.945581316947937, 0.9454951286315918, 0.9455887675285339, 0.9455854296684265, 0.9455224275588989, 0.9455260634422302, 0.9455751180648804, 0.9455776810646057, 0.9455082416534424, 0.9455413818359375, 0.94554203748703, 0.9455175995826721, 0.9456161260604858, 0.9455285668373108, 0.9455613493919373, 0.9455822706222534, 0.9455263018608093, 0.9455122351646423, 0.945563554763794, 0.9455165863037109, 0.9455037117004395, 0.9455722570419312, 0.9455447793006897, 0.9455872774124146, 0.9455036520957947, 0.9455986618995667, 0.94557124376297, 0.9456167221069336, 0.9455994367599487, 0.9456005096435547, 0.9455728530883789, 0.9455680251121521, 0.945533812046051, 0.9455540776252747, 0.9455648064613342, 0.9455556273460388, 0.9455646276473999, 0.9455016851425171, 0.945540189743042]
val step Loss: [0.9458094239234924, 0.9458544254302979, 0.945845365524292, 0.9458547234535217, 0.9459445476531982, 0.9457933902740479, 0.945851743221283, 0.9458403587341309, 0.9460176825523376, 0.9468975067138672, 0.9459244608879089, 0.9459050297737122, 0.9458473920822144, 0.9459800720214844, 0.9459584355354309, 0.9459549188613892, 0.9511423110961914, 0.9492552280426025, 0.9467527270317078, 0.9471087455749512, 0.9459785223007202, 0.9458844065666199, 0.9458862543106079, 0.9466427564620972, 0.9476179480552673, 0.9458900690078735, 0.9457321166992188]
Train step Accs: [1.0, 1.0, 1.0, 1.0, 1.0, 1.0, 1.0, 1.0, 1.0, 1.0, 1.0, 1.0, 1.0, 1.0, 1.0, 1.0, 1.0, 1.0, 1.0, 1.0, 1.0, 1.0, 1.0, 1.0, 1.0, 1.0, 1.0, 1.0, 1.0, 1.0, 1.0, 1.0, 1.0, 1.0, 1.0, 1.0, 1.0, 1.0, 1.0, 1.0, 1.0, 1.0, 1.0, 1.0, 1.0, 1.0, 1.0, 1.0, 1.0, 1.0, 1.0, 1.0, 1.0, 1.0, 1.0, 1.0, 1.0, 1.0, 1.0, 1.0, 1.0, 1.0, 1.0, 1.0, 1.0, 1.0, 1.0, 1.0, 1.0, 1.0, 1.0, 1.0, 1.0, 1.0, 1.0, 1.0, 1.0, 1.0, 1.0, 1.0, 1.0, 1.0, 1.0, 1.0, 1.0, 1.0, 1.0, 1.0, 1.0, 1.0, 1.0, 1.0, 1.0, 1.0, 1.0, 1.0, 1.0, 1.0, 1.0, 1.0, 1.0, 1.0, 1.0, 1.0, 1.0]
val step Accs: [1.0, 1.0, 1.0, 1.0, 1.0, 1.0, 1.0, 1.0, 1.0, 0.99982341515098, 1.0, 1.0, 1.0, 1.0, 1.0, 1.0, 0.9990495802312688, 0.9993951308029638, 0.9998344370860928, 0.9997679275934092, 1.0, 1.0, 1.0, 0.999857020303117, 0.9996805622105095, 1.0, 1.0]
Preds: [17, 17, 17, 345, 442, 487, 152, 152, 152, 301, 378, 43, 276, 345, 109, 109, 284, 486, 460, 240, 240, 385, 314, 32, 239, 75, 384, 371, 191, 191, 240, 385, 143, 401, 244, 75, 127, 273, 180, 486, 486, 486, 460, 282, 167, 385, 457, 196, 196, 219, 398, 464, 464, 486, 486, 460, 460, 215, 215, 401, 401, 244, 321, 354, 420, 420, 324, 422, 77, 478, 68, 68, 68, 224, 273, 444, 444, 324, 301, 314, 217, 473, 398, 398, 324, 301, 10, 10, 309, 479, 380, 374, 213, 213, 213, 213, 246, 301, 301, 378, 29, 134, 134, 134, 203, 280, 337, 324, 324, 324, 324, 3, 464, 464, 145, 113, 206, 169, 349, 349, 205, 261, 261, 25, 100, 153, 153, 43, 43, 276, 276, 182, 387, 387, 387, 178, 129, 401, 244, 244, 208, 441, 100, 100, 100, 182, 182, 375, 98, 98, 229, 244, 244, 247, 126, 126, 326, 101, 101, 391, 228, 244, 244, 320, 287, 287, 287, 206, 240, 35, 36, 449, 449, 224, 168, 278, 464, 331, 315, 319, 450, 293, 43, 276, 182, 497, 497, 497, 122, 186, 349, 234, 234, 261, 25, 25, 106, 428, 428, 146, 146, 146, 171, 324, 324, 324, 324, 464, 464, 464, 464, 486, 486, 85, 85, 240, 251, 251, 251, 241, 431, 428, 428, 146, 146, 219, 219, 219, 219, 219, 464, 464, 443, 486, 486, 460, 460, 169, 169, 349, 352, 261, 25, 485, 152, 152, 422, 143, 458, 458, 75, 208, 441, 100, 100, 100, 98, 98, 48, 48, 17, 17, 420, 420, 420, 420, 420, 420, 420, 420, 420, 420, 420, 420, 420, 420, 420, 420, 420, 420, 420, 420, 420, 420, 420, 420, 420, 420, 420, 420, 420, 420, 420, 420, 420, 420, 420, 420, 420, 420, 420, 420, 420, 420, 420, 420, 420, 420, 420, 420, 420, 420, 420, 420, 420, 420, 420, 420, 420, 420, 420, 420, 420, 420, 420, 420, 420, 420, 420, 420, 420, 420, 420, 420, 420, 420, 420, 420, 420, 420, 420, 420, 420, 420, 420, 420, 420, 420, 420, 420, 420, 420, 420, 420, 420, 420, 420, 420, 420, 420, 420, 420, 420, 420, 420, 420, 420, 420, 420, 420, 420, 420, 420, 420, 420, 420, 420, 420, 420, 420, 420, 420, 420, 420, 420, 420, 420, 420, 420, 420, 420, 420, 420, 420, 420, 420, 420, 420, 420, 420, 420, 420, 420, 420, 420, 420, 420, 420, 420, 420, 420, 420, 420, 420, 420, 420, 420, 420, 420, 420, 420, 420, 420, 420, 420, 420, 420, 420, 420, 420, 420, 420, 420, 420, 420, 420, 420, 420, 420, 420, 420, 420, 420, 420, 420, 420, 420, 420, 420, 420, 420, 420, 420, 420, 420, 420, 420, 420, 420, 420, 420, 420, 420, 420, 420, 420, 420, 420, 420, 420, 420, 420, 420, 420, 420, 420, 420, 420, 420, 420, 420, 420, 420, 420, 420, 420, 420, 420, 420, 420, 420, 420, 420, 420, 420, 420, 420, 420, 420, 420, 420, 420, 420, 420, 420, 420, 420, 420, 420, 420, 420, 420, 420, 420, 420, 420, 420, 420, 420, 420, 420, 420, 420, 420, 420, 420, 420, 420, 420, 420, 420, 420, 420, 420, 420, 420, 420, 420, 420, 420, 420, 420, 420, 420, 420, 420, 420, 420, 420, 420, 420, 420, 420, 420, 420, 420, 420, 420, 420, 420, 420, 420, 420, 420, 420, 420, 420, 420, 420, 420, 420, 420, 420, 420, 420, 420, 420, 420, 420, 420, 420, 420, 420, 420, 420, 420, 420, 420, 420, 420, 420, 420, 420, 420, 420, 420, 420, 420, 420, 420]

ep319
Train step Loss: [0.9456168413162231, 0.9455763697624207, 0.945460319519043, 0.9455223679542542, 0.9456319808959961, 0.9456060528755188, 0.9455736875534058, 0.9455183744430542, 0.9455608129501343, 0.9455990791320801, 0.9455400705337524, 0.9455446600914001, 0.9455302357673645, 0.945513129234314, 0.9454669952392578, 0.9455770254135132, 0.9455879926681519, 0.9456284046173096, 0.9455772042274475, 0.945533812046051, 0.9455576539039612, 0.9455463290214539, 0.9455415606498718, 0.945513129234314, 0.9455779790878296, 0.9455046057701111, 0.9455546140670776, 0.9455398917198181, 0.9455697536468506, 0.9456307291984558, 0.9455490112304688, 0.9455788731575012, 0.9455602765083313, 0.945534348487854, 0.9456171989440918, 0.9455466270446777, 0.9455747604370117, 0.9456007480621338, 0.9455474019050598, 0.9455455541610718, 0.9454715847969055, 0.9455224871635437, 0.9455899596214294, 0.9455404877662659, 0.9455584287643433, 0.945574164390564, 0.9455312490463257, 0.9456076622009277, 0.945614755153656, 0.945544421672821, 0.9455366134643555, 0.9455610513687134, 0.9456225633621216, 0.9456428289413452, 0.9455537796020508, 0.9455622434616089, 0.945563018321991, 0.9455938935279846, 0.9455320835113525, 0.9455616474151611, 0.9456427693367004, 0.9455681443214417, 0.9455613493919373, 0.9455762505531311, 0.9455545544624329, 0.945560872554779, 0.9455996155738831, 0.9455332159996033, 0.9455599784851074, 0.945516049861908, 0.9455576539039612, 0.9455158114433289, 0.9455681443214417, 0.9455801844596863, 0.9455380439758301, 0.9455420970916748, 0.945563018321991, 0.9456073045730591, 0.9456055760383606, 0.9455310106277466, 0.9455440044403076, 0.9455844163894653, 0.9455592632293701, 0.9455710053443909, 0.9455298781394958, 0.9455776810646057, 0.9454876780509949, 0.9456089735031128, 0.9455515146255493, 0.9455156922340393, 0.9455363154411316, 0.9456325769424438, 0.9455347061157227, 0.9455775618553162, 0.9455458521842957, 0.9455288052558899, 0.9455547332763672, 0.9455623626708984, 0.9455102682113647, 0.9455004930496216, 0.9454988241195679, 0.9456003904342651, 0.9455223679542542, 0.9455789923667908, 0.9455872774124146]
val step Loss: [0.9460803270339966, 0.9457173943519592, 0.9458781480789185, 0.9458813667297363, 0.9459019899368286, 0.9457714557647705, 0.9457260966300964, 0.9458752274513245, 0.9458847641944885, 0.9459851980209351, 0.9458947777748108, 0.945771336555481, 0.9456725120544434, 0.9478089809417725, 0.9509319067001343, 0.9468465447425842, 0.9466692209243774, 0.9458798170089722, 0.9469415545463562, 0.9459491968154907, 0.9457859992980957, 0.9457998275756836, 0.9458752870559692, 0.945989191532135, 0.9470527172088623, 0.9497083425521851, 0.9457088708877563]
Train step Accs: [1.0, 1.0, 1.0, 1.0, 1.0, 1.0, 1.0, 1.0, 1.0, 1.0, 1.0, 1.0, 1.0, 1.0, 1.0, 1.0, 1.0, 1.0, 1.0, 1.0, 1.0, 1.0, 1.0, 1.0, 1.0, 1.0, 1.0, 1.0, 1.0, 1.0, 1.0, 1.0, 1.0, 1.0, 1.0, 1.0, 1.0, 1.0, 1.0, 1.0, 1.0, 1.0, 1.0, 1.0, 1.0, 1.0, 1.0, 1.0, 1.0, 1.0, 1.0, 1.0, 1.0, 1.0, 1.0, 1.0, 1.0, 1.0, 1.0, 1.0, 1.0, 1.0, 1.0, 1.0, 1.0, 1.0, 1.0, 1.0, 1.0, 1.0, 1.0, 1.0, 1.0, 1.0, 1.0, 1.0, 1.0, 1.0, 1.0, 1.0, 1.0, 1.0, 1.0, 1.0, 1.0, 1.0, 1.0, 1.0, 1.0, 1.0, 1.0, 1.0, 1.0, 1.0, 1.0, 1.0, 1.0, 1.0, 1.0, 1.0, 1.0, 1.0, 1.0, 1.0, 1.0]
val step Accs: [1.0, 1.0, 1.0, 1.0, 1.0, 1.0, 1.0, 1.0, 1.0, 1.0, 1.0, 1.0, 1.0, 0.9996405463695184, 0.999057936881771, 0.9998422712933754, 0.9998445998445998, 1.0, 0.9998052959501558, 1.0, 1.0, 1.0, 1.0, 1.0, 0.9998014691284495, 0.9993117687543015, 1.0]
Preds: [17, 17, 32, 239, 384, 377, 371, 374, 374, 374, 132, 8, 8, 259, 354, 354, 180, 180, 443, 120, 120, 120, 120, 120, 240, 240, 240, 216, 285, 84, 84, 302, 302, 100, 375, 375, 375, 98, 98, 98, 229, 229, 247, 312, 312, 187, 1, 101, 101, 101, 321, 321, 287, 287, 287, 287, 284, 284, 284, 206, 167, 348, 379, 77, 77, 478, 66, 323, 323, 172, 115, 273, 273, 273, 151, 240, 240, 285, 199, 111, 111, 111, 111, 438, 438, 438, 219, 324, 324, 464, 464, 464, 464, 301, 301, 143, 35, 74, 437, 437, 437, 284, 284, 285, 285, 106, 284, 284, 284, 284, 426, 426, 293, 293, 293, 182, 346, 346, 284, 284, 284, 284, 426, 481, 293, 293, 43, 43, 276, 276, 276, 174, 387, 348, 10, 398, 398, 398, 398, 374, 378, 406, 406, 406, 88, 88, 81, 81, 337, 337, 146, 324, 219, 219, 219, 152, 152, 58, 58, 27, 351, 486, 486, 486, 486, 486, 460, 460, 460, 167, 35, 35, 219, 219, 219, 485, 485, 477, 374, 374, 374, 374, 374, 304, 304, 337, 41, 19, 19, 454, 454, 229, 229, 229, 312, 312, 187, 187, 23, 23, 23, 260, 391, 391, 321, 321, 320, 320, 345, 100, 100, 497, 497, 497, 122, 216, 453, 168, 5, 258, 38, 99, 99, 338, 338, 338, 338, 338, 400, 400, 444, 171, 171, 171, 171, 171, 464, 464, 335, 14, 14, 287, 145, 145, 111, 111, 240, 240, 146, 219, 219, 219, 464, 464, 464, 222, 84, 245, 245, 245, 43, 43, 43, 364, 276, 276, 276, 276, 276, 346, 346, 346, 284, 284, 206, 206, 206, 167, 167, 35, 14, 411, 411, 411, 424, 424, 424, 153, 182, 182, 182, 182, 182, 182, 182, 122, 122, 250, 303, 195, 195, 195, 303, 117, 98, 117, 117, 48, 48, 48, 414, 170, 244, 244, 392, 244, 392, 392, 392, 244, 73, 7, 7, 321, 7, 7, 127, 451, 30, 30, 324, 301, 301, 378, 325, 114, 114, 114, 180, 486, 486, 486, 315, 460, 285, 285, 285, 467, 85, 111, 403, 146, 207, 299, 299, 434, 434, 250, 250, 413, 271, 186, 186, 99, 99, 338, 338, 395, 395, 273, 273, 432, 432, 330, 240, 240, 385, 35, 77, 164, 164, 115, 273, 273, 180, 151, 151, 151, 206, 130, 130, 402, 183, 219, 219, 219, 213, 213, 213, 246, 246, 246, 246, 301, 301, 378, 43, 43, 276, 276, 153, 153, 387, 413, 413, 360, 219, 246, 246, 246, 246, 246, 246, 246, 19, 17, 420, 420, 420, 420, 420, 420, 420, 420, 420, 420, 420, 420, 420, 420, 420, 420, 420, 420, 420, 420, 420, 420, 420, 420, 420, 420, 420, 420, 420, 420, 420, 420, 420, 420, 420, 420, 420, 420, 420, 420, 420, 420, 420, 420, 420, 420, 420, 420, 420, 420, 420, 420, 420, 420, 420, 420, 420, 420, 420, 420, 420, 420, 420, 420, 420, 420, 420, 420, 420, 420, 420, 420, 420, 420, 420, 420, 420, 420, 420, 420, 420, 420, 420, 420, 420, 420, 420, 420, 420, 420, 420, 420, 420, 420, 420, 420, 420, 420, 420, 420, 420, 420, 420, 420, 420, 420, 420, 420, 420, 420, 420, 420, 420, 420, 420, 420, 420, 420, 420, 420, 420, 420, 420, 420, 420, 420, 420, 420, 420, 420, 420, 420, 420, 420, 420, 420, 420, 420, 420, 420, 420, 420, 420, 420, 420, 420, 420, 420, 420, 420, 420, 420, 420, 420, 420, 420, 420, 420, 420, 420, 420, 420, 420, 420, 420, 420, 420, 420, 420, 420, 420, 420, 420, 420]

ep320
Train step Loss: [0.945559561252594, 0.9456084966659546, 0.9455505609512329, 0.9455500841140747, 0.9455341100692749, 0.9455569386482239, 0.9455238580703735, 0.9455418586730957, 0.9455715417861938, 0.94560706615448, 0.945539653301239, 0.9455020427703857, 0.9456343650817871, 0.9455448985099792, 0.9455698132514954, 0.9455640912055969, 0.9455053806304932, 0.9454950094223022, 0.9455073475837708, 0.9455416202545166, 0.9455518126487732, 0.945490837097168, 0.945516049861908, 0.9455534815788269, 0.9455668926239014, 0.9455883502960205, 0.9455803036689758, 0.9455763101577759, 0.9455454349517822, 0.945484459400177, 0.9455901980400085, 0.9455795288085938, 0.9455180764198303, 0.9455714225769043, 0.9455188512802124, 0.9455105662345886, 0.9455581307411194, 0.9455791115760803, 0.9454874992370605, 0.9455900192260742, 0.9455264806747437, 0.9456078410148621, 0.9455280303955078, 0.9455404877662659, 0.9455229640007019, 0.9455306529998779, 0.9455626010894775, 0.9455921053886414, 0.9455493688583374, 0.9455438852310181, 0.9455570578575134, 0.945559024810791, 0.945591390132904, 0.9455916285514832, 0.9455971717834473, 0.9455366134643555, 0.9454770088195801, 0.9455511569976807, 0.9455703496932983, 0.9456987977027893, 0.9455300569534302, 0.9455310106277466, 0.9455392360687256, 0.9455835819244385, 0.9455767869949341, 0.9455036520957947, 0.9455773830413818, 0.9455420970916748, 0.9455798864364624, 0.9455547332763672, 0.9455728530883789, 0.9455521106719971, 0.945556640625, 0.9455071091651917, 0.9455171227455139, 0.9455155730247498, 0.9456058740615845, 0.9455221891403198, 0.9455336332321167, 0.9455567002296448, 0.9456027746200562, 0.9456150531768799, 0.9456473588943481, 0.945608913898468, 0.9456366896629333, 0.9455140233039856, 0.9455923438072205, 0.9455947875976562, 0.9455358982086182, 0.9456103444099426, 0.9455901384353638, 0.9455161690711975, 0.9455204010009766, 0.9455402493476868, 0.9456245303153992, 0.9455510377883911, 0.9455535411834717, 0.9455618262290955, 0.9455683827400208, 0.9454927444458008, 0.9455507397651672, 0.9456238746643066, 0.945602297782898, 0.9455478191375732, 0.9455577731132507]
val step Loss: [0.9465739727020264, 0.945927619934082, 0.9457498788833618, 0.9457471370697021, 0.9468357563018799, 0.9457573890686035, 0.9457467794418335, 0.9458286166191101, 0.9458321332931519, 0.9457566142082214, 0.9457638263702393, 0.9466390013694763, 0.945933997631073, 0.9459783434867859, 0.9457470178604126, 0.9458332061767578, 0.9458721876144409, 0.949996292591095, 0.9458502531051636, 0.9458518624305725, 0.9468609690666199, 0.9459027647972107, 0.9458554983139038, 0.9475165605545044, 0.9508092403411865, 0.9459332823753357, 0.9460633397102356]
Train step Accs: [1.0, 1.0, 1.0, 1.0, 1.0, 1.0, 1.0, 1.0, 1.0, 1.0, 1.0, 1.0, 1.0, 1.0, 1.0, 1.0, 1.0, 1.0, 1.0, 1.0, 1.0, 1.0, 1.0, 1.0, 1.0, 1.0, 1.0, 1.0, 1.0, 1.0, 1.0, 1.0, 1.0, 1.0, 1.0, 1.0, 1.0, 1.0, 1.0, 1.0, 1.0, 1.0, 1.0, 1.0, 1.0, 1.0, 1.0, 1.0, 1.0, 1.0, 1.0, 1.0, 1.0, 1.0, 1.0, 1.0, 1.0, 1.0, 1.0, 1.0, 1.0, 1.0, 1.0, 1.0, 1.0, 1.0, 1.0, 1.0, 1.0, 1.0, 1.0, 1.0, 1.0, 1.0, 1.0, 1.0, 1.0, 1.0, 1.0, 1.0, 1.0, 1.0, 1.0, 1.0, 1.0, 1.0, 1.0, 1.0, 1.0, 1.0, 1.0, 1.0, 1.0, 1.0, 1.0, 1.0, 1.0, 1.0, 1.0, 1.0, 1.0, 1.0, 1.0, 1.0, 1.0]
val step Accs: [0.9998643516006511, 1.0, 1.0, 1.0, 0.9998321866084914, 1.0, 1.0, 1.0, 1.0, 1.0, 1.0, 0.9998530708198649, 1.0, 1.0, 1.0, 1.0, 1.0, 0.9992343032159265, 1.0, 1.0, 0.999817050859861, 1.0, 1.0, 0.9996948428440647, 0.9990838295923041, 1.0, 1.0]
Preds: [17, 17, 445, 464, 171, 171, 171, 171, 252, 252, 314, 32, 239, 36, 107, 107, 395, 213, 213, 213, 213, 246, 19, 454, 229, 229, 247, 126, 126, 126, 126, 326, 326, 408, 408, 408, 391, 228, 244, 320, 7, 7, 32, 32, 239, 108, 371, 371, 278, 278, 422, 236, 239, 239, 384, 449, 371, 470, 180, 443, 443, 443, 443, 403, 403, 171, 438, 203, 399, 217, 250, 250, 250, 138, 153, 88, 132, 374, 219, 219, 219, 219, 219, 464, 464, 171, 171, 171, 171, 246, 246, 246, 246, 24, 24, 239, 239, 384, 384, 420, 324, 324, 340, 116, 10, 10, 309, 479, 479, 331, 106, 153, 426, 426, 293, 293, 293, 98, 98, 335, 335, 226, 226, 209, 188, 188, 213, 324, 301, 8, 8, 239, 354, 354, 106, 355, 355, 376, 376, 460, 452, 263, 263, 263, 13, 229, 229, 82, 312, 23, 23, 23, 408, 149, 228, 244, 320, 479, 479, 398, 324, 422, 143, 465, 465, 354, 354, 346, 284, 486, 206, 169, 150, 342, 342, 164, 164, 224, 273, 470, 403, 403, 464, 464, 464, 355, 178, 143, 129, 458, 208, 208, 441, 100, 387, 387, 313, 236, 239, 239, 310, 107, 107, 395, 278, 443, 443, 240, 215, 215, 129, 259, 354, 284, 206, 460, 240, 35, 36, 164, 342, 351, 180, 486, 460, 460, 178, 178, 233, 458, 192, 192, 41, 41, 41, 41, 19, 19, 19, 454, 454, 229, 229, 82, 126, 126, 292, 326, 408, 408, 149, 244, 244, 373, 338, 338, 338, 395, 494, 374, 416, 8, 32, 239, 354, 65, 65, 481, 481, 481, 293, 143, 35, 458, 208, 100, 100, 387, 387, 122, 236, 129, 259, 310, 108, 323, 224, 397, 106, 88, 88, 387, 203, 399, 217, 473, 473, 398, 324, 464, 422, 416, 143, 458, 144, 208, 27, 441, 125, 125, 387, 206, 175, 251, 251, 241, 431, 486, 460, 460, 167, 178, 35, 77, 342, 342, 342, 224, 267, 267, 444, 324, 246, 246, 477, 301, 313, 325, 325, 34, 324, 324, 301, 422, 24, 239, 384, 371, 180, 486, 486, 460, 240, 240, 24, 239, 310, 107, 395, 255, 416, 143, 129, 401, 259, 320, 354, 354, 109, 337, 41, 324, 19, 19, 454, 454, 229, 229, 247, 312, 187, 187, 187, 408, 408, 391, 391, 73, 244, 320, 7, 7, 371, 398, 324, 301, 116, 251, 251, 331, 106, 88, 88, 88, 106, 284, 405, 206, 206, 178, 35, 35, 401, 259, 354, 106, 284, 405, 405, 206, 178, 178, 35, 233, 401, 401, 320, 7, 276, 100, 375, 98, 98, 98, 249, 305, 305, 170, 244, 28, 28, 392, 392, 392, 63, 63, 392, 63, 63, 63, 392, 63, 63, 63, 63, 63, 244, 476, 305, 211, 211, 17, 420, 420, 420, 420, 420, 420, 420, 420, 420, 420, 420, 420, 420, 420, 420, 420, 420, 420, 420, 420, 420, 420, 420, 420, 420, 420, 420, 420, 420, 420, 420, 420, 420, 420, 420, 420, 420, 420, 420, 420, 420, 420, 420, 420, 420, 420, 420, 420, 420, 420, 420, 420, 420, 420, 420, 420, 420, 420, 420, 420, 420, 420, 420, 420, 420, 420, 420, 420, 420, 420, 420, 420, 420, 420, 420, 420, 420, 420, 420, 420, 420, 420, 420, 420, 420, 420, 420, 420, 420, 420, 420, 420, 420, 420, 420, 420, 420, 420, 420, 420, 420, 420, 420, 420, 420, 420, 420, 420, 420, 420, 420, 420, 420, 420, 420, 420, 420, 420, 420, 420, 420, 420, 420, 420, 420, 420, 420, 420, 420, 420, 420, 420, 420, 420, 420, 420, 420, 420]

ep321
Train step Loss: [0.9455419778823853, 0.9455432891845703, 0.9455578923225403, 0.9456000328063965, 0.94558185338974, 0.9455019235610962, 0.9455784559249878, 0.945473313331604, 0.9454960823059082, 0.9455729126930237, 0.9456422328948975, 0.9455695152282715, 0.9455430507659912, 0.945560872554779, 0.9455038905143738, 0.9455873370170593, 0.9455443024635315, 0.9455661773681641, 0.9455386996269226, 0.9455689787864685, 0.9455527067184448, 0.945580780506134, 0.9455395340919495, 0.9455628395080566, 0.9455633163452148, 0.945548415184021, 0.9455868005752563, 0.9455345273017883, 0.945591151714325, 0.9455757141113281, 0.9455363154411316, 0.9455998539924622, 0.9455475211143494, 0.9455491900444031, 0.9455273151397705, 0.9455362558364868, 0.9455299377441406, 0.9455628991127014, 0.945537805557251, 0.9455546140670776, 0.9455921053886414, 0.9456000328063965, 0.9455966353416443, 0.9455664157867432, 0.9455056190490723, 0.9455219507217407, 0.9454692006111145, 0.9455825686454773, 0.9454860091209412, 0.9455743432044983, 0.9455538392066956, 0.9455568194389343, 0.9455348253250122, 0.9455629587173462, 0.9454965591430664, 0.9456172585487366, 0.9455329179763794, 0.9455196857452393, 0.9455554485321045, 0.9455630779266357, 0.9455286264419556, 0.9456181526184082, 0.9455743432044983, 0.9455642104148865, 0.9455991983413696, 0.945572555065155, 0.9455358982086182, 0.9455457925796509, 0.9455795288085938, 0.9455136656761169, 0.9455899596214294, 0.9455246329307556, 0.9455165266990662, 0.9454885125160217, 0.9455807209014893, 0.945556640625, 0.9455227851867676, 0.9455083012580872, 0.9455966353416443, 0.9455797672271729, 0.9455457925796509, 0.9455664157867432, 0.9456268548965454, 0.9455263614654541, 0.9455636739730835, 0.9456452131271362, 0.9455041885375977, 0.9455263614654541, 0.9455998539924622, 0.9455366730690002, 0.9455507397651672, 0.9455807209014893, 0.9456098675727844, 0.945563554763794, 0.9455408453941345, 0.9455859661102295, 0.9455248117446899, 0.9455139636993408, 0.9455487132072449, 0.9455353021621704, 0.9455698132514954, 0.9456173777580261, 0.9455777406692505, 0.9455360174179077, 0.9455145597457886]
val step Loss: [0.9460453987121582, 0.9459034204483032, 0.9510313868522644, 0.945888340473175, 0.9458897113800049, 0.9459244012832642, 0.9457504749298096, 0.951151430606842, 0.9458569884300232, 0.9459517002105713, 0.9459185004234314, 0.945932149887085, 0.9459300637245178, 0.946070671081543, 0.9459238052368164, 0.9459130167961121, 0.9458760023117065, 0.9472294449806213, 0.9458749294281006, 0.945845901966095, 0.9487847089767456, 0.9467524886131287, 0.9457370042800903, 0.9459060430526733, 0.945899486541748, 0.9458104968070984, 0.9459326863288879]
Train step Accs: [1.0, 1.0, 1.0, 1.0, 1.0, 1.0, 1.0, 1.0, 1.0, 1.0, 1.0, 1.0, 1.0, 1.0, 1.0, 1.0, 1.0, 1.0, 1.0, 1.0, 1.0, 1.0, 1.0, 1.0, 1.0, 1.0, 1.0, 1.0, 1.0, 1.0, 1.0, 1.0, 1.0, 1.0, 1.0, 1.0, 1.0, 1.0, 1.0, 1.0, 1.0, 1.0, 1.0, 1.0, 1.0, 1.0, 1.0, 1.0, 1.0, 1.0, 1.0, 1.0, 1.0, 1.0, 1.0, 1.0, 1.0, 1.0, 1.0, 1.0, 1.0, 1.0, 1.0, 1.0, 1.0, 1.0, 1.0, 1.0, 1.0, 1.0, 1.0, 1.0, 1.0, 1.0, 1.0, 1.0, 1.0, 1.0, 1.0, 1.0, 1.0, 1.0, 1.0, 1.0, 1.0, 1.0, 1.0, 1.0, 1.0, 1.0, 1.0, 1.0, 1.0, 1.0, 1.0, 1.0, 1.0, 1.0, 1.0, 1.0, 1.0, 1.0, 1.0, 1.0, 1.0]
val step Accs: [1.0, 1.0, 0.9990766389658357, 1.0, 1.0, 1.0, 1.0, 0.9990444338270426, 1.0, 1.0, 1.0, 1.0, 1.0, 1.0, 1.0, 1.0, 1.0, 0.9997970367363507, 1.0, 1.0, 0.9994667614646285, 0.9998385794995964, 1.0, 1.0, 1.0, 1.0, 1.0]
Preds: [17, 17, 32, 239, 384, 377, 371, 374, 374, 374, 132, 8, 8, 259, 354, 354, 180, 180, 443, 120, 120, 120, 120, 120, 240, 240, 240, 216, 285, 84, 84, 302, 302, 100, 375, 375, 375, 98, 98, 98, 229, 229, 247, 312, 312, 187, 1, 101, 101, 101, 321, 321, 287, 287, 287, 287, 284, 284, 284, 206, 167, 348, 379, 77, 77, 478, 66, 323, 323, 172, 115, 273, 273, 273, 151, 240, 240, 285, 199, 111, 111, 111, 111, 438, 438, 438, 219, 324, 324, 464, 464, 464, 464, 301, 301, 143, 35, 74, 437, 437, 437, 284, 284, 285, 285, 106, 284, 284, 284, 284, 426, 426, 293, 293, 293, 182, 346, 346, 284, 284, 284, 284, 426, 481, 293, 293, 43, 43, 276, 276, 276, 174, 387, 348, 10, 398, 398, 398, 398, 374, 378, 406, 406, 406, 88, 88, 81, 81, 337, 337, 146, 324, 219, 219, 219, 152, 152, 58, 58, 27, 351, 486, 486, 486, 486, 486, 460, 460, 460, 167, 35, 35, 219, 219, 219, 485, 485, 477, 374, 374, 374, 374, 374, 304, 304, 337, 41, 19, 19, 454, 454, 229, 229, 229, 312, 312, 187, 187, 23, 23, 23, 260, 391, 391, 321, 321, 320, 320, 345, 100, 100, 497, 497, 497, 122, 216, 453, 168, 5, 258, 38, 99, 99, 338, 338, 338, 338, 338, 400, 400, 444, 171, 171, 171, 171, 171, 464, 464, 335, 14, 14, 287, 145, 145, 111, 111, 240, 240, 146, 219, 219, 219, 464, 464, 464, 222, 84, 245, 245, 245, 43, 43, 43, 364, 276, 276, 276, 276, 276, 346, 346, 346, 284, 284, 206, 206, 206, 167, 167, 35, 14, 411, 411, 411, 424, 424, 424, 153, 182, 182, 182, 182, 182, 182, 182, 122, 122, 250, 303, 195, 195, 195, 303, 117, 98, 117, 117, 48, 48, 48, 414, 170, 244, 244, 392, 244, 392, 392, 392, 244, 73, 7, 7, 321, 7, 7, 127, 451, 30, 30, 324, 301, 301, 378, 325, 114, 114, 114, 180, 486, 486, 486, 315, 460, 285, 285, 285, 467, 85, 111, 403, 146, 207, 299, 299, 434, 434, 250, 250, 413, 271, 186, 186, 99, 99, 338, 338, 395, 395, 273, 273, 432, 432, 330, 240, 240, 385, 35, 77, 164, 164, 115, 273, 273, 180, 151, 151, 151, 206, 130, 130, 402, 183, 219, 219, 219, 213, 213, 213, 246, 246, 246, 246, 301, 301, 378, 43, 43, 276, 276, 153, 153, 387, 413, 413, 360, 219, 246, 246, 246, 246, 246, 246, 246, 19, 17, 420, 420, 420, 420, 420, 420, 420, 420, 420, 420, 420, 420, 420, 420, 420, 420, 420, 420, 420, 420, 420, 420, 420, 420, 420, 420, 420, 420, 420, 420, 420, 420, 420, 420, 420, 420, 420, 420, 420, 420, 420, 420, 420, 420, 420, 420, 420, 420, 420, 420, 420, 420, 420, 420, 420, 420, 420, 420, 420, 420, 420, 420, 420, 420, 420, 420, 420, 420, 420, 420, 420, 420, 420, 420, 420, 420, 420, 420, 420, 420, 420, 420, 420, 420, 420, 420, 420, 420, 420, 420, 420, 420, 420, 420, 420, 420, 420, 420, 420, 420, 420, 420, 420, 420, 420, 420, 420, 420, 420, 420, 420, 420, 420, 420, 420, 420, 420, 420, 420, 420, 420, 420, 420, 420, 420, 420, 420, 420, 420, 420, 420, 420, 420, 420, 420, 420, 420, 420, 420, 420, 420, 420, 420, 420, 420, 420, 420, 420, 420, 420, 420, 420, 420, 420, 420, 420, 420, 420, 420, 420, 420, 420, 420, 420, 420, 420, 420, 420, 420, 420, 420, 420, 420, 420]

ep322
Train step Loss: [0.9455873370170593, 0.9455419182777405, 0.9455128312110901, 0.9455399513244629, 0.9455482959747314, 0.9455785751342773, 0.9455728530883789, 0.9455258846282959, 0.9456040263175964, 0.9455941319465637, 0.9455400109291077, 0.9455548524856567, 0.945543646812439, 0.9455651044845581, 0.9455720782279968, 0.9455861449241638, 0.9455693960189819, 0.9455657005310059, 0.9455786943435669, 0.9456526041030884, 0.9455642104148865, 0.9456126689910889, 0.9455306529998779, 0.945553719997406, 0.9455446004867554, 0.9455954432487488, 0.9456027150154114, 0.9455657005310059, 0.9455443024635315, 0.9455469846725464, 0.9455630779266357, 0.9455569386482239, 0.9455766677856445, 0.9455326199531555, 0.9455552101135254, 0.94554603099823, 0.9455996751785278, 0.945543646812439, 0.9455448985099792, 0.9455925226211548, 0.9455585479736328, 0.9455304145812988, 0.9455527663230896, 0.9455941319465637, 0.9455855488777161, 0.9455103278160095, 0.9455044865608215, 0.9455133676528931, 0.9455432891845703, 0.945594310760498, 0.9455674290657043, 0.9455944895744324, 0.9455417394638062, 0.9455456733703613, 0.9456031918525696, 0.9454986453056335, 0.9456066489219666, 0.9455722570419312, 0.9455249309539795, 0.9455289840698242, 0.9455670118331909, 0.9455630779266357, 0.9455222487449646, 0.9455733895301819, 0.9455233216285706, 0.9455546736717224, 0.9455605745315552, 0.9455457329750061, 0.9455652236938477, 0.9455410242080688, 0.9455263018608093, 0.9455509781837463, 0.9455966949462891, 0.9455106854438782, 0.9455224275588989, 0.9455856680870056, 0.9455839395523071, 0.9455716609954834, 0.9455866813659668, 0.9455861449241638, 0.9455803036689758, 0.9455029964447021, 0.9454877972602844, 0.9455722570419312, 0.9455410838127136, 0.9455493092536926, 0.9455538988113403, 0.9455073475837708, 0.94553542137146, 0.945644199848175, 0.9455754160881042, 0.945603609085083, 0.9455981850624084, 0.9455322623252869, 0.9455776214599609, 0.9455335140228271, 0.9455652832984924, 0.9455792903900146, 0.9455724954605103, 0.9455687403678894, 0.9455441236495972, 0.9455040097236633, 0.9456438422203064, 0.9455264806747437, 0.9455629587173462]
val step Loss: [0.9457937479019165, 0.9474201798439026, 0.9459488987922668, 0.9500499963760376, 0.945695698261261, 0.9459506273269653, 0.9469783902168274, 0.9518526792526245, 0.94589763879776, 0.9457900524139404, 0.9459415078163147, 0.9458858966827393, 0.9458051919937134, 0.9458228945732117, 0.9458073377609253, 0.9457818865776062, 0.9456835985183716, 0.9458650946617126, 0.9477653503417969, 0.9458587765693665, 0.9459459185600281, 0.9458704590797424, 0.945745050907135, 0.9458381533622742, 0.9460121989250183, 0.9459013938903809, 0.9461251497268677]
Train step Accs: [1.0, 1.0, 1.0, 1.0, 1.0, 1.0, 1.0, 1.0, 1.0, 1.0, 1.0, 1.0, 1.0, 1.0, 1.0, 1.0, 1.0, 1.0, 1.0, 1.0, 1.0, 1.0, 1.0, 1.0, 1.0, 1.0, 1.0, 1.0, 1.0, 1.0, 1.0, 1.0, 1.0, 1.0, 1.0, 1.0, 1.0, 1.0, 1.0, 1.0, 1.0, 1.0, 1.0, 1.0, 1.0, 1.0, 1.0, 1.0, 1.0, 1.0, 1.0, 1.0, 1.0, 1.0, 1.0, 1.0, 1.0, 1.0, 1.0, 1.0, 1.0, 1.0, 1.0, 1.0, 1.0, 1.0, 1.0, 1.0, 1.0, 1.0, 1.0, 1.0, 1.0, 1.0, 1.0, 1.0, 1.0, 1.0, 1.0, 1.0, 1.0, 1.0, 1.0, 1.0, 1.0, 1.0, 1.0, 1.0, 1.0, 1.0, 1.0, 1.0, 1.0, 1.0, 1.0, 1.0, 1.0, 1.0, 1.0, 1.0, 1.0, 1.0, 1.0, 1.0, 1.0]
val step Accs: [1.0, 0.9997117740308402, 1.0, 0.9992240844196152, 1.0, 1.0, 0.999822883457315, 0.9988884772137829, 1.0, 1.0, 1.0, 1.0, 1.0, 1.0, 1.0, 1.0, 1.0, 1.0, 0.9996577686516085, 1.0, 1.0, 1.0, 1.0, 1.0, 1.0, 1.0, 1.0]
Preds: [17, 17, 296, 479, 479, 278, 278, 252, 143, 143, 129, 259, 144, 445, 445, 180, 403, 403, 403, 290, 290, 290, 434, 246, 246, 246, 246, 246, 246, 19, 19, 19, 454, 414, 442, 414, 170, 244, 244, 187, 408, 392, 244, 244, 244, 244, 244, 7, 152, 152, 152, 422, 349, 234, 234, 261, 25, 106, 106, 499, 284, 306, 306, 406, 406, 467, 284, 284, 287, 284, 284, 284, 450, 450, 450, 293, 413, 413, 251, 251, 251, 241, 431, 431, 428, 428, 428, 428, 146, 146, 146, 358, 465, 164, 352, 164, 352, 25, 34, 324, 324, 301, 301, 8, 205, 261, 25, 106, 100, 153, 43, 43, 182, 182, 387, 387, 169, 169, 349, 352, 352, 397, 397, 133, 43, 43, 276, 276, 346, 346, 387, 387, 215, 35, 401, 259, 345, 345, 387, 240, 236, 129, 75, 164, 27, 351, 355, 355, 355, 240, 215, 8, 239, 354, 354, 420, 324, 324, 416, 143, 401, 82, 244, 354, 420, 278, 154, 178, 143, 458, 82, 192, 27, 351, 443, 443, 240, 240, 325, 34, 34, 324, 324, 339, 339, 94, 398, 398, 340, 116, 10, 10, 479, 398, 398, 374, 374, 330, 468, 406, 406, 467, 88, 387, 387, 169, 186, 99, 338, 338, 338, 338, 395, 395, 432, 330, 330, 388, 348, 10, 10, 479, 331, 331, 84, 350, 387, 387, 240, 251, 251, 251, 114, 114, 278, 278, 278, 31, 99, 338, 338, 338, 338, 338, 395, 395, 464, 464, 120, 355, 355, 355, 169, 215, 349, 205, 261, 25, 420, 324, 422, 143, 458, 244, 208, 208, 441, 441, 141, 141, 38, 162, 232, 232, 232, 68, 68, 68, 115, 115, 267, 267, 267, 213, 246, 246, 19, 454, 229, 247, 126, 126, 326, 326, 326, 101, 101, 101, 149, 149, 228, 321, 83, 287, 111, 55, 438, 299, 299, 434, 339, 10, 10, 10, 309, 479, 398, 213, 213, 213, 246, 246, 246, 301, 143, 129, 129, 401, 259, 354, 354, 106, 486, 486, 460, 215, 215, 401, 244, 75, 354, 346, 284, 206, 240, 236, 36, 36, 342, 115, 273, 180, 499, 486, 460, 178, 178, 233, 82, 192, 192, 445, 445, 213, 41, 41, 19, 19, 17, 420, 420, 420, 420, 420, 420, 420, 420, 420, 420, 420, 420, 420, 420, 420, 420, 420, 420, 420, 420, 420, 420, 420, 420, 420, 420, 420, 420, 420, 420, 420, 420, 420, 420, 420, 420, 420, 420, 420, 420, 420, 420, 420, 420, 420, 420, 420, 420, 420, 420, 420, 420, 420, 420, 420, 420, 420, 420, 420, 420, 420, 420, 420, 420, 420, 420, 420, 420, 420, 420, 420, 420, 420, 420, 420, 420, 420, 420, 420, 420, 420, 420, 420, 420, 420, 420, 420, 420, 420, 420, 420, 420, 420, 420, 420, 420, 420, 420, 420, 420, 420, 420, 420, 420, 420, 420, 420, 420, 420, 420, 420, 420, 420, 420, 420, 420, 420, 420, 420, 420, 420, 420, 420, 420, 420, 420, 420, 420, 420, 420, 420, 420, 420, 420, 420, 420, 420, 420, 420, 420, 420, 420, 420, 420, 420, 420, 420, 420, 420, 420, 420, 420, 420, 420, 420, 420, 420, 420, 420, 420, 420, 420, 420, 420, 420, 420, 420, 420, 420, 420, 420, 420, 420, 420, 420, 420, 420, 420, 420, 420, 420, 420, 420, 420, 420, 420, 420, 420, 420, 420, 420, 420, 420, 420, 420, 420, 420, 420, 420, 420, 420, 420, 420, 420, 420, 420, 420, 420, 420, 420, 420, 420, 420, 420, 420, 420, 420, 420, 420, 420, 420, 420, 420, 420, 420, 420, 420, 420, 420, 420, 420]

ep323
Train step Loss: [0.9456021189689636, 0.9455428123474121, 0.9455586671829224, 0.9455287456512451, 0.945610523223877, 0.9455557465553284, 0.9455587267875671, 0.9455702304840088, 0.9455332159996033, 0.9455963373184204, 0.9455403685569763, 0.9455933570861816, 0.9455627799034119, 0.945560097694397, 0.9456177353858948, 0.9455409049987793, 0.9455386400222778, 0.9455024003982544, 0.945559024810791, 0.9456324577331543, 0.9455962777137756, 0.9455764293670654, 0.9455349445343018, 0.9456034898757935, 0.9455300569534302, 0.9455364346504211, 0.9455668926239014, 0.9454718828201294, 0.9455352425575256, 0.9455584287643433, 0.9455916881561279, 0.9455298781394958, 0.9455235600471497, 0.9455925226211548, 0.9455711245536804, 0.9455283880233765, 0.94560307264328, 0.9455123543739319, 0.9456107020378113, 0.9454668164253235, 0.9455435872077942, 0.9456683397293091, 0.9455221891403198, 0.9455023407936096, 0.9455416798591614, 0.9456518292427063, 0.9455899000167847, 0.9456057548522949, 0.9455118775367737, 0.9456219673156738, 0.9455559253692627, 0.9455772042274475, 0.9455984830856323, 0.9455676674842834, 0.9455883502960205, 0.945578932762146, 0.9455957412719727, 0.9456320405006409, 0.9455627202987671, 0.9454901218414307, 0.9455334544181824, 0.9455888867378235, 0.945573091506958, 0.9454756379127502, 0.9455773830413818, 0.9455496072769165, 0.9455931782722473, 0.9455574750900269, 0.9455298781394958, 0.9455062747001648, 0.9456354379653931, 0.9456040859222412, 0.9456183910369873, 0.9455389380455017, 0.94557124376297, 0.9455280303955078, 0.9455627799034119, 0.9455829858779907, 0.9455609321594238, 0.9455524682998657, 0.9455686807632446, 0.9455227851867676, 0.9455721378326416, 0.9456061124801636, 0.9455193877220154, 0.94551020860672, 0.9455124139785767, 0.9455580711364746, 0.9455440044403076, 0.9455525875091553, 0.9455326795578003, 0.9455230236053467, 0.9456488490104675, 0.9454936981201172, 0.9454851150512695, 0.9455699920654297, 0.9455795884132385, 0.9456185698509216, 0.9456211924552917, 0.9455660581588745, 0.9456121921539307, 0.9454692006111145, 0.9455654621124268, 0.9456503391265869, 0.9455623030662537]
val step Loss: [0.9500461220741272, 0.9458778500556946, 0.9460449814796448, 0.9457253813743591, 0.9456172585487366, 0.945755660533905, 0.9458475112915039, 0.9457935094833374, 0.9457788467407227, 0.9459453821182251, 0.9458048939704895, 0.945859432220459, 0.9466872811317444, 0.9475138187408447, 0.9510308504104614, 0.9459959268569946, 0.9459414482116699, 0.9458895921707153, 0.9458087086677551, 0.9458687901496887, 0.9458121657371521, 0.9485346674919128, 0.9457082152366638, 0.9459351301193237, 0.9459121823310852, 0.9456698298454285, 0.9457255601882935]
Train step Accs: [1.0, 1.0, 1.0, 1.0, 1.0, 1.0, 1.0, 1.0, 1.0, 1.0, 1.0, 1.0, 1.0, 1.0, 1.0, 1.0, 1.0, 1.0, 1.0, 1.0, 1.0, 1.0, 1.0, 1.0, 1.0, 1.0, 1.0, 1.0, 1.0, 1.0, 1.0, 1.0, 1.0, 1.0, 1.0, 1.0, 1.0, 1.0, 1.0, 1.0, 1.0, 1.0, 1.0, 1.0, 1.0, 1.0, 1.0, 1.0, 1.0, 1.0, 1.0, 1.0, 1.0, 1.0, 1.0, 1.0, 1.0, 1.0, 1.0, 1.0, 1.0, 1.0, 1.0, 1.0, 1.0, 1.0, 1.0, 1.0, 1.0, 1.0, 1.0, 1.0, 1.0, 1.0, 1.0, 1.0, 1.0, 1.0, 1.0, 1.0, 1.0, 1.0, 1.0, 1.0, 1.0, 1.0, 1.0, 1.0, 1.0, 1.0, 1.0, 1.0, 1.0, 1.0, 1.0, 1.0, 1.0, 1.0, 1.0, 1.0, 1.0, 1.0, 1.0, 1.0, 1.0]
val step Accs: [0.9992225461613217, 1.0, 1.0, 1.0, 1.0, 1.0, 1.0, 1.0, 1.0, 1.0, 1.0, 1.0, 0.999844840961986, 0.9997143673236218, 0.9990339719851876, 1.0, 1.0, 1.0, 1.0, 1.0, 1.0, 0.9994934143870314, 1.0, 1.0, 1.0, 1.0, 1.0]
Preds: [17, 17, 17, 451, 152, 152, 374, 378, 42, 406, 406, 499, 387, 387, 387, 387, 337, 219, 219, 219, 324, 324, 434, 339, 10, 10, 309, 479, 398, 324, 278, 301, 143, 129, 401, 244, 321, 354, 354, 265, 428, 428, 146, 146, 146, 324, 324, 301, 215, 32, 32, 102, 354, 354, 106, 106, 284, 265, 206, 282, 282, 388, 303, 212, 219, 324, 324, 301, 116, 10, 94, 479, 331, 331, 428, 428, 428, 146, 146, 252, 252, 239, 239, 310, 310, 107, 107, 395, 374, 374, 132, 132, 219, 286, 464, 464, 464, 355, 355, 355, 460, 452, 263, 263, 263, 78, 170, 170, 244, 392, 392, 392, 392, 392, 392, 392, 392, 244, 73, 244, 209, 83, 55, 443, 240, 314, 314, 32, 32, 354, 354, 180, 264, 264, 84, 84, 406, 406, 406, 406, 413, 413, 413, 399, 217, 217, 473, 65, 464, 464, 171, 252, 143, 143, 239, 82, 310, 107, 395, 400, 324, 286, 464, 464, 464, 443, 355, 355, 460, 240, 169, 35, 224, 224, 494, 494, 8, 196, 217, 479, 473, 283, 278, 422, 143, 36, 75, 310, 107, 395, 485, 324, 301, 251, 251, 219, 398, 374, 374, 374, 26, 251, 251, 241, 431, 367, 496, 497, 43, 233, 233, 401, 244, 208, 100, 100, 100, 98, 98, 98, 17, 17, 420, 420, 420, 420, 420, 420, 420, 420, 420, 420, 420, 420, 420, 420, 420, 420, 420, 420, 420, 420, 420, 420, 420, 420, 420, 420, 420, 420, 420, 420, 420, 420, 420, 420, 420, 420, 420, 420, 420, 420, 420, 420, 420, 420, 420, 420, 420, 420, 420, 420, 420, 420, 420, 420, 420, 420, 420, 420, 420, 420, 420, 420, 420, 420, 420, 420, 420, 420, 420, 420, 420, 420, 420, 420, 420, 420, 420, 420, 420, 420, 420, 420, 420, 420, 420, 420, 420, 420, 420, 420, 420, 420, 420, 420, 420, 420, 420, 420, 420, 420, 420, 420, 420, 420, 420, 420, 420, 420, 420, 420, 420, 420, 420, 420, 420, 420, 420, 420, 420, 420, 420, 420, 420, 420, 420, 420, 420, 420, 420, 420, 420, 420, 420, 420, 420, 420, 420, 420, 420, 420, 420, 420, 420, 420, 420, 420, 420, 420, 420, 420, 420, 420, 420, 420, 420, 420, 420, 420, 420, 420, 420, 420, 420, 420, 420, 420, 420, 420, 420, 420, 420, 420, 420, 420, 420, 420, 420, 420, 420, 420, 420, 420, 420, 420, 420, 420, 420, 420, 420, 420, 420, 420, 420, 420, 420, 420, 420, 420, 420, 420, 420, 420, 420, 420, 420, 420, 420, 420, 420, 420, 420, 420, 420, 420, 420, 420, 420, 420, 420, 420, 420, 420, 420, 420, 420, 420, 420, 420, 420, 420, 420, 420, 420, 420, 420, 420, 420, 420, 420, 420, 420, 420, 420, 420, 420, 420, 420, 420, 420, 420, 420, 420, 420, 420, 420, 420, 420, 420, 420, 420, 420, 420, 420, 420, 420, 420, 420, 420, 420, 420, 420, 420, 420, 420, 420, 420, 420, 420, 420, 420, 420, 420, 420, 420, 420, 420, 420, 420, 420, 420, 420, 420, 420, 420, 420, 420, 420, 420, 420, 420, 420, 420, 420, 420, 420, 420, 420, 420, 420, 420, 420, 420, 420, 420, 420, 420, 420, 420, 420, 420, 420, 420, 420, 420, 420, 420, 420, 420, 420, 420, 420, 420, 420, 420, 420, 420, 420, 420, 420, 420, 420, 420, 420, 420, 420, 420, 420, 420, 420, 420, 420, 420, 420, 420, 420, 420, 420, 420, 420, 420, 420, 420, 420, 420, 420, 420, 420, 420, 420, 420, 420, 420, 420, 420, 420, 420, 420, 420]

ep324
Train step Loss: [0.9455356597900391, 0.9455567598342896, 0.9456190466880798, 0.9456028342247009, 0.9456475973129272, 0.945618212223053, 0.9455477595329285, 0.9456400871276855, 0.9455877542495728, 0.9455263614654541, 0.9455443620681763, 0.945544421672821, 0.9455428123474121, 0.9455410838127136, 0.9455909729003906, 0.9455543160438538, 0.9455947279930115, 0.9455962181091309, 0.9455214738845825, 0.9455106258392334, 0.9454888701438904, 0.9455457925796509, 0.9455358386039734, 0.9455943703651428, 0.9455354809761047, 0.9455289244651794, 0.9455981254577637, 0.9455701112747192, 0.9455252885818481, 0.9455511569976807, 0.9455051422119141, 0.9455377459526062, 0.9455611109733582, 0.9455385208129883, 0.9456269145011902, 0.9456127285957336, 0.9455565810203552, 0.9456262588500977, 0.9455456733703613, 0.9455796480178833, 0.9456048011779785, 0.9456005692481995, 0.9455956220626831, 0.9455544948577881, 0.9455387592315674, 0.9455313682556152, 0.9455094337463379, 0.9455826282501221, 0.9455707669258118, 0.9456439018249512, 0.9455763101577759, 0.9455553889274597, 0.9455446004867554, 0.9455581307411194, 0.945582926273346, 0.9456340074539185, 0.9455000758171082, 0.9455447793006897, 0.9455804824829102, 0.9455335736274719, 0.9455675482749939, 0.9455437660217285, 0.9456278681755066, 0.9455333948135376, 0.9455626606941223, 0.9455678462982178, 0.9455375671386719, 0.9456226229667664, 0.9456168413162231, 0.945544958114624, 0.94551020860672, 0.9455424547195435, 0.9455397129058838, 0.9456016421318054, 0.9454939365386963, 0.9455664157867432, 0.9456163048744202, 0.9455204606056213, 0.9454585909843445, 0.9455351829528809, 0.9455881118774414, 0.9455016851425171, 0.9455694556236267, 0.9454888701438904, 0.945539653301239, 0.9455311298370361, 0.9455482959747314, 0.9455376863479614, 0.9455647468566895, 0.9456464648246765, 0.9455186724662781, 0.945572555065155, 0.945533037185669, 0.9456179141998291, 0.9456088542938232, 0.9455504417419434, 0.9455766081809998, 0.9455593824386597, 0.9455903768539429, 0.9455925226211548, 0.9455605745315552, 0.9455026388168335, 0.9455592036247253, 0.9455967545509338, 0.9456021189689636]
val step Loss: [0.9514375329017639, 0.9498948454856873, 0.9468985795974731, 0.9458265900611877, 0.9459965229034424, 0.9458956122398376, 0.9457671642303467, 0.945927619934082, 0.9458303451538086, 0.9459503293037415, 0.9458799958229065, 0.9459632039070129, 0.9458328485488892, 0.9468866586685181, 0.9478888511657715, 0.945959210395813, 0.9467848539352417, 0.9459987282752991, 0.9457874298095703, 0.9460341334342957, 0.9459189772605896, 0.9457338452339172, 0.9458178877830505, 0.9459772109985352, 0.9458632469177246, 0.9459668397903442, 0.945887565612793]
Train step Accs: [1.0, 1.0, 1.0, 1.0, 1.0, 1.0, 1.0, 1.0, 1.0, 1.0, 1.0, 1.0, 1.0, 1.0, 1.0, 1.0, 1.0, 1.0, 1.0, 1.0, 1.0, 1.0, 1.0, 1.0, 1.0, 1.0, 1.0, 1.0, 1.0, 1.0, 1.0, 1.0, 1.0, 1.0, 1.0, 1.0, 1.0, 1.0, 1.0, 1.0, 1.0, 1.0, 1.0, 1.0, 1.0, 1.0, 1.0, 1.0, 1.0, 1.0, 1.0, 1.0, 1.0, 1.0, 1.0, 1.0, 1.0, 1.0, 1.0, 1.0, 1.0, 1.0, 1.0, 1.0, 1.0, 1.0, 1.0, 1.0, 1.0, 1.0, 1.0, 1.0, 1.0, 1.0, 1.0, 1.0, 1.0, 1.0, 1.0, 1.0, 1.0, 1.0, 1.0, 1.0, 1.0, 1.0, 1.0, 1.0, 1.0, 1.0, 1.0, 1.0, 1.0, 1.0, 1.0, 1.0, 1.0, 1.0, 1.0, 1.0, 1.0, 1.0, 1.0, 1.0, 1.0]
val step Accs: [0.9989718985606579, 0.9992581602373887, 0.9998372925479987, 1.0, 1.0, 1.0, 1.0, 1.0, 1.0, 1.0, 1.0, 1.0, 1.0, 0.9998165137614679, 0.9996558251591808, 1.0, 0.999820014398848, 1.0, 1.0, 1.0, 1.0, 1.0, 1.0, 1.0, 1.0, 1.0, 1.0]
Preds: [17, 17, 296, 17, 17, 17, 17, 363, 363, 363, 363, 363, 101, 149, 321, 321, 287, 287, 287, 284, 206, 167, 35, 320, 320, 29, 287, 287, 111, 111, 468, 468, 467, 146, 146, 443, 330, 330, 330, 348, 175, 65, 65, 106, 293, 293, 293, 293, 413, 348, 348, 466, 479, 479, 331, 331, 486, 486, 486, 460, 240, 173, 8, 280, 29, 106, 284, 284, 240, 285, 285, 467, 180, 180, 486, 486, 486, 486, 460, 240, 175, 175, 81, 431, 431, 85, 403, 403, 403, 207, 207, 207, 246, 246, 246, 246, 246, 19, 19, 454, 229, 259, 321, 247, 126, 126, 408, 408, 408, 408, 228, 321, 75, 66, 68, 172, 115, 115, 267, 444, 278, 378, 378, 345, 345, 100, 100, 497, 497, 186, 99, 338, 338, 400, 400, 400, 301, 301, 378, 345, 109, 499, 499, 151, 151, 253, 453, 342, 168, 168, 180, 151, 151, 460, 178, 178, 192, 192, 445, 451, 41, 41, 41, 41, 19, 19, 19, 454, 454, 13, 414, 170, 244, 244, 244, 392, 244, 392, 392, 321, 321, 321, 7, 479, 479, 331, 331, 331, 480, 319, 111, 460, 438, 416, 216, 192, 114, 180, 180, 443, 443, 443, 139, 139, 293, 274, 274, 35, 192, 445, 464, 464, 171, 171, 252, 416, 458, 192, 445, 180, 464, 264, 264, 264, 264, 315, 315, 113, 450, 450, 293, 169, 150, 150, 54, 54, 142, 397, 397, 196, 147, 147, 109, 288, 403, 171, 171, 252, 252, 24, 310, 310, 107, 395, 395, 286, 286, 120, 120, 120, 120, 37, 37, 385, 385, 197, 75, 164, 164, 196, 196, 116, 33, 33, 248, 394, 212, 75, 199, 275, 275, 275, 275, 303, 303, 17, 420, 420, 420, 420, 420, 420, 435, 435, 435, 435, 435, 435, 435, 435, 435, 435, 435, 435, 435, 435, 435, 435, 435, 435, 435, 435, 435, 435, 435, 435, 435, 435, 435, 435, 435, 435, 435, 435, 435, 435, 435, 435, 435, 435, 435, 435, 435, 435, 435, 435, 435, 435, 435, 435, 435, 435, 435, 435, 435, 435, 435, 435, 435, 435, 435, 435, 435, 435, 435, 435, 435, 435, 435, 435, 435, 435, 435, 435, 435, 435, 435, 435, 435, 435, 435, 435, 435, 435, 435, 435, 435, 435, 435, 435, 435, 435, 435, 435, 435, 435, 435, 435, 435, 435, 435, 435, 435, 435, 435, 435, 435, 435, 435, 435, 435, 435, 435, 435, 435, 435, 435, 435, 435, 435, 435, 435, 435, 435, 435, 435, 435, 435, 435, 435, 435, 435, 435, 435, 435, 435, 435, 435, 435, 435, 435, 435, 435, 435, 435, 435, 435, 435, 435, 435, 435, 435, 435, 435, 435, 435, 435, 435, 435, 435, 435, 435, 435, 435, 435, 435, 435, 435, 435, 435, 435, 435, 435, 435, 435, 435, 435, 435, 435, 435, 435, 435, 435, 435, 435, 435, 435, 435, 435, 435, 435, 435, 435, 435, 435, 435, 435, 435, 435, 435, 435, 435, 435, 435, 435, 435, 435, 435, 435, 435, 435, 435, 435, 435, 435, 435, 435, 435, 435, 435, 435, 435, 435, 435, 435, 435, 435, 435, 435, 435, 435, 435, 435, 435, 435, 435, 435, 435, 435, 435, 435, 435, 435, 435, 435, 435, 435, 435, 435, 435, 435, 435, 435, 435, 435, 435, 435, 435, 435, 435, 435, 435, 435, 435, 435, 435, 435, 435, 435, 435, 435, 435, 435, 435, 435, 435, 435, 435, 435, 435, 435, 435, 435, 435, 435, 435, 435, 435, 435, 435, 435, 435, 435, 435, 435, 435, 435, 435, 435, 435, 435, 435, 435, 435, 435, 435, 435, 435, 435, 435]

ep325
Train step Loss: [0.9455817937850952, 0.9455523490905762, 0.9455600380897522, 0.9456334710121155, 0.9455113410949707, 0.9455690383911133, 0.9455325603485107, 0.9455955624580383, 0.9455994367599487, 0.9455357193946838, 0.9455600380897522, 0.9456642270088196, 0.9456144571304321, 0.9455572366714478, 0.9455506801605225, 0.9456019401550293, 0.9455609321594238, 0.9455602169036865, 0.9454952478408813, 0.9455682039260864, 0.9455318450927734, 0.9455516338348389, 0.9455729126930237, 0.9455704689025879, 0.945530891418457, 0.9456442594528198, 0.9456214308738708, 0.9455475211143494, 0.9455710053443909, 0.9455728530883789, 0.9456144571304321, 0.9454787969589233, 0.9456537961959839, 0.9455859661102295, 0.9455597400665283, 0.9455882906913757, 0.9455496072769165, 0.9455289840698242, 0.9455372095108032, 0.9455447793006897, 0.9455524682998657, 0.9455399513244629, 0.9455853700637817, 0.9455605149269104, 0.9455413818359375, 0.9455170631408691, 0.945523202419281, 0.9455578327178955, 0.9455466270446777, 0.9455698728561401, 0.9455468654632568, 0.945602536201477, 0.9456057548522949, 0.9455324411392212, 0.9455907940864563, 0.9455527067184448, 0.9455133080482483, 0.9455657005310059, 0.9455108046531677, 0.9456092119216919, 0.9455891847610474, 0.9455095529556274, 0.9455673098564148, 0.9455095529556274, 0.9455310106277466, 0.9455667734146118, 0.9455732107162476, 0.9455126523971558, 0.9455376267433167, 0.9455628395080566, 0.9455516338348389, 0.9455133676528931, 0.9455747008323669, 0.9455406665802002, 0.9455617070198059, 0.9456031322479248, 0.9455648064613342, 0.94562166929245, 0.9455805420875549, 0.9455559253692627, 0.9455345869064331, 0.9455830454826355, 0.9455711245536804, 0.9455186128616333, 0.9455528855323792, 0.9455304145812988, 0.9455876350402832, 0.9455466270446777, 0.9456378817558289, 0.9456148147583008, 0.9455706477165222, 0.945505678653717, 0.9455816149711609, 0.9456353783607483, 0.9454992413520813, 0.9455237984657288, 0.9455841779708862, 0.9455597400665283, 0.9456120729446411, 0.9455498456954956, 0.9455304145812988, 0.9454942345619202, 0.9455342292785645, 0.9455363750457764, 0.9456188082695007]
val step Loss: [0.9469525218009949, 0.945766806602478, 0.9458940625190735, 0.9513509273529053, 0.9467695951461792, 0.9459294080734253, 0.9478031396865845, 0.9459290504455566, 0.9459524750709534, 0.9458280801773071, 0.9458512663841248, 0.9468596577644348, 0.9459449052810669, 0.9458459615707397, 0.9457501769065857, 0.9468432068824768, 0.9457685947418213, 0.9457330107688904, 0.9458774328231812, 0.9493032693862915, 0.94593745470047, 0.9458994269371033, 0.9458596110343933, 0.9459946751594543, 0.945898175239563, 0.9459495544433594, 0.9459911584854126]
Train step Accs: [1.0, 1.0, 1.0, 1.0, 1.0, 1.0, 1.0, 1.0, 1.0, 1.0, 1.0, 1.0, 1.0, 1.0, 1.0, 1.0, 1.0, 1.0, 1.0, 1.0, 1.0, 1.0, 1.0, 1.0, 1.0, 1.0, 1.0, 1.0, 1.0, 1.0, 1.0, 1.0, 1.0, 1.0, 1.0, 1.0, 1.0, 1.0, 1.0, 1.0, 1.0, 1.0, 1.0, 1.0, 1.0, 1.0, 1.0, 1.0, 1.0, 1.0, 1.0, 1.0, 1.0, 1.0, 1.0, 1.0, 1.0, 1.0, 1.0, 1.0, 1.0, 1.0, 1.0, 1.0, 1.0, 1.0, 1.0, 1.0, 1.0, 1.0, 1.0, 1.0, 1.0, 1.0, 1.0, 1.0, 1.0, 1.0, 1.0, 1.0, 1.0, 1.0, 1.0, 1.0, 1.0, 1.0, 1.0, 1.0, 1.0, 1.0, 1.0, 1.0, 1.0, 1.0, 1.0, 1.0, 1.0, 1.0, 1.0, 1.0, 1.0, 1.0, 1.0, 1.0, 1.0]
val step Accs: [0.9998274374460742, 1.0, 1.0, 0.9989821882951654, 0.9998191354675349, 1.0, 0.9996372211137312, 1.0, 1.0, 1.0, 1.0, 0.9998376096135109, 1.0, 1.0, 1.0, 0.9998164127042408, 1.0, 1.0, 1.0, 0.9993567063364426, 1.0, 1.0, 1.0, 1.0, 1.0, 1.0, 1.0]
Preds: [17, 17, 296, 217, 217, 473, 65, 443, 443, 443, 443, 240, 169, 150, 77, 164, 164, 164, 164, 164, 164, 273, 106, 106, 375, 375, 375, 98, 98, 48, 13, 170, 20, 170, 20, 20, 187, 187, 187, 408, 408, 20, 391, 391, 20, 184, 20, 20, 7, 188, 152, 152, 422, 99, 54, 54, 224, 400, 400, 30, 324, 324, 464, 464, 139, 139, 355, 387, 355, 240, 388, 94, 94, 398, 324, 301, 416, 32, 239, 144, 27, 180, 180, 284, 486, 428, 206, 240, 240, 314, 8, 32, 354, 354, 100, 497, 43, 8, 8, 32, 354, 354, 100, 387, 255, 251, 251, 241, 431, 106, 498, 498, 406, 313, 313, 285, 337, 464, 464, 464, 145, 315, 315, 450, 450, 450, 43, 43, 276, 276, 345, 109, 109, 403, 207, 324, 3, 301, 42, 42, 147, 456, 337, 324, 422, 422, 349, 349, 234, 234, 261, 261, 25, 148, 153, 153, 413, 413, 10, 10, 309, 398, 398, 464, 139, 139, 481, 182, 182, 387, 387, 122, 122, 236, 129, 259, 108, 377, 123, 374, 153, 153, 387, 372, 406, 406, 406, 467, 182, 375, 375, 375, 98, 98, 13, 229, 229, 20, 312, 126, 126, 23, 326, 23, 23, 101, 149, 149, 228, 20, 412, 287, 287, 460, 460, 178, 215, 458, 465, 164, 164, 442, 225, 7, 7, 217, 217, 473, 65, 476, 171, 252, 416, 239, 239, 445, 445, 485, 324, 301, 314, 325, 34, 34, 191, 191, 116, 251, 251, 251, 241, 81, 431, 367, 496, 274, 43, 8, 129, 259, 208, 208, 441, 441, 153, 497, 497, 399, 70, 70, 70, 473, 65, 264, 264, 264, 264, 468, 468, 468, 406, 337, 337, 324, 252, 24, 239, 239, 384, 449, 324, 324, 301, 26, 251, 241, 431, 367, 496, 274, 43, 416, 458, 144, 208, 100, 100, 496, 274, 122, 143, 143, 17, 420, 420, 420, 420, 420, 420, 420, 420, 420, 420, 420, 420, 420, 420, 420, 420, 420, 420, 420, 420, 420, 420, 420, 420, 420, 420, 420, 420, 420, 420, 420, 420, 420, 420, 420, 420, 420, 420, 420, 420, 420, 420, 420, 420, 420, 420, 420, 420, 420, 420, 420, 420, 420, 420, 420, 420, 420, 420, 420, 420, 420, 420, 420, 420, 420, 420, 420, 420, 420, 420, 420, 420, 420, 420, 420, 420, 420, 420, 420, 420, 420, 420, 420, 420, 420, 420, 420, 420, 420, 420, 420, 420, 420, 420, 420, 420, 420, 420, 420, 420, 420, 420, 420, 420, 420, 420, 420, 420, 420, 420, 420, 420, 420, 420, 420, 420, 420, 420, 420, 420, 420, 420, 420, 420, 420, 420, 420, 420, 420, 420, 420, 420, 420, 420, 420, 420, 420, 420, 420, 420, 420, 420, 420, 420, 420, 420, 420, 420, 420, 420, 420, 420, 420, 420, 420, 420, 420, 420, 420, 420, 420, 420, 420, 420, 420, 420, 420, 420, 420, 420, 420, 420, 420, 420, 420, 420, 420, 420, 420, 420, 420, 420, 420, 420, 420, 420, 420, 420, 420, 420, 420, 420, 420, 420, 420, 420, 420, 420, 420, 420, 420, 420, 420, 420, 420, 420, 420, 420, 420, 420, 420, 420, 420, 420, 420, 420, 420, 420, 420, 420, 420, 420, 420, 420, 420, 420, 420, 420, 420, 420, 420, 420, 420, 420, 420, 420, 420, 420, 420, 420, 420, 420, 420, 420, 420, 420, 420, 420, 420, 420, 420, 420, 420, 420, 420, 420, 420, 420, 420, 420, 420, 420, 420, 420, 420, 420, 420, 420, 420, 420, 420, 420, 420, 420, 420, 420, 420, 420, 420, 420, 420, 420, 420, 420, 420, 420, 420]

ep326
Train step Loss: [0.9455752968788147, 0.945665180683136, 0.9455798268318176, 0.9455386400222778, 0.94558185338974, 0.9455459117889404, 0.9456304311752319, 0.9455785155296326, 0.9455937147140503, 0.9455901384353638, 0.9455427527427673, 0.9455472230911255, 0.9455939531326294, 0.9456743597984314, 0.9455875754356384, 0.9456193447113037, 0.9455825090408325, 0.9455873370170593, 0.945562481880188, 0.945553719997406, 0.9456030130386353, 0.9455987215042114, 0.9456316232681274, 0.945587158203125, 0.9455045461654663, 0.9454880356788635, 0.9455987811088562, 0.9454963803291321, 0.9455795884132385, 0.9456204175949097, 0.9455840587615967, 0.9455587267875671, 0.9455633759498596, 0.9455537796020508, 0.945548415184021, 0.9455828666687012, 0.9456170797348022, 0.9455589056015015, 0.9455166459083557, 0.9455582499504089, 0.9455441236495972, 0.9456124305725098, 0.945611834526062, 0.9455500245094299, 0.9455531239509583, 0.9455937743186951, 0.9455714821815491, 0.945586621761322, 0.9455848336219788, 0.945563018321991, 0.9456308484077454, 0.9456403255462646, 0.9455885887145996, 0.9455451965332031, 0.9455344676971436, 0.9456417560577393, 0.9456154108047485, 0.9455273747444153, 0.945529580116272, 0.9456442594528198, 0.9455639719963074, 0.9455168843269348, 0.9455852508544922, 0.9455414414405823, 0.9455500841140747, 0.9455671310424805, 0.945595383644104, 0.945622444152832, 0.9455373883247375, 0.9456171989440918, 0.9455431699752808, 0.9455698728561401, 0.9455294609069824, 0.9455678462982178, 0.9456264972686768, 0.9455481171607971, 0.9455299973487854, 0.9455587863922119, 0.9456295967102051, 0.9455901384353638, 0.9455511569976807, 0.9456117749214172, 0.9455763101577759, 0.9456096291542053, 0.9455182552337646, 0.9455987215042114, 0.9455248117446899, 0.9456609487533569, 0.9455971717834473, 0.9455971121788025, 0.9455605149269104, 0.94556725025177, 0.9455757737159729, 0.9455887079238892, 0.9456189870834351, 0.9455884695053101, 0.9455905556678772, 0.9456175565719604, 0.9456468224525452, 0.9456038475036621, 0.9455732703208923, 0.9456003904342651, 0.9455263614654541, 0.9455804824829102, 0.9455201625823975]
val step Loss: [0.9458870887756348, 0.9457412958145142, 0.9471154808998108, 0.9458683133125305, 0.9457288384437561, 0.9458500146865845, 0.9459354281425476, 0.9460345506668091, 0.951686680316925, 0.9477699398994446, 0.9459376931190491, 0.9457836747169495, 0.9458327293395996, 0.9459848999977112, 0.9465926885604858, 0.946820080280304, 0.9493856430053711, 0.9467610716819763, 0.9459637999534607, 0.9458649754524231, 0.9458801746368408, 0.9458386301994324, 0.9458754062652588, 0.9459985494613647, 0.9458747506141663, 0.9458805918693542, 0.9457651972770691]
Train step Accs: [1.0, 1.0, 1.0, 1.0, 1.0, 1.0, 1.0, 1.0, 1.0, 1.0, 1.0, 1.0, 1.0, 1.0, 1.0, 1.0, 1.0, 1.0, 1.0, 1.0, 1.0, 1.0, 1.0, 1.0, 1.0, 1.0, 1.0, 1.0, 1.0, 1.0, 1.0, 1.0, 1.0, 1.0, 1.0, 1.0, 1.0, 1.0, 1.0, 1.0, 1.0, 1.0, 1.0, 1.0, 1.0, 1.0, 1.0, 1.0, 1.0, 1.0, 1.0, 1.0, 1.0, 1.0, 1.0, 1.0, 1.0, 1.0, 1.0, 1.0, 1.0, 1.0, 1.0, 1.0, 1.0, 1.0, 1.0, 1.0, 1.0, 1.0, 1.0, 1.0, 1.0, 1.0, 1.0, 1.0, 1.0, 1.0, 1.0, 1.0, 1.0, 1.0, 1.0, 1.0, 1.0, 1.0, 1.0, 1.0, 1.0, 1.0, 1.0, 1.0, 1.0, 1.0, 1.0, 1.0, 1.0, 1.0, 1.0, 1.0, 1.0, 1.0, 1.0, 1.0, 1.0]
val step Accs: [1.0, 1.0, 0.9998086124401914, 1.0, 1.0, 1.0, 1.0, 1.0, 0.9989512323020451, 0.9996449494052903, 1.0, 1.0, 1.0, 1.0, 0.9998378991732858, 0.9998368412465328, 0.999336540056394, 0.9998325799430772, 1.0, 1.0, 1.0, 1.0, 1.0, 1.0, 1.0, 1.0, 1.0]
Preds: [17, 17, 441, 441, 153, 387, 387, 240, 348, 24, 24, 384, 371, 180, 180, 486, 376, 376, 282, 263, 263, 229, 229, 247, 312, 363, 363, 363, 408, 408, 149, 228, 228, 244, 320, 7, 479, 331, 278, 301, 378, 8, 129, 354, 109, 180, 486, 486, 460, 240, 240, 35, 36, 342, 224, 351, 196, 479, 331, 331, 315, 450, 450, 450, 88, 88, 88, 109, 337, 207, 301, 143, 129, 401, 244, 354, 354, 100, 389, 425, 425, 251, 331, 106, 302, 497, 43, 43, 43, 276, 276, 276, 346, 284, 284, 284, 450, 450, 293, 43, 43, 276, 345, 109, 109, 116, 116, 10, 398, 398, 398, 374, 374, 495, 406, 406, 380, 134, 387, 387, 109, 337, 324, 219, 246, 246, 301, 301, 8, 8, 354, 354, 180, 180, 486, 486, 206, 240, 240, 314, 129, 401, 401, 32, 354, 354, 100, 153, 153, 153, 153, 182, 182, 182, 132, 132, 132, 132, 303, 303, 303, 442, 442, 442, 229, 229, 170, 170, 244, 187, 1, 1, 408, 408, 408, 244, 228, 228, 412, 287, 287, 287, 284, 284, 460, 169, 215, 35, 35, 75, 208, 441, 148, 153, 153, 387, 387, 122, 348, 64, 466, 479, 331, 242, 242, 348, 466, 466, 479, 331, 307, 307, 319, 206, 240, 251, 251, 359, 34, 166, 278, 278, 278, 173, 8, 8, 70, 70, 65, 65, 46, 46, 46, 46, 206, 215, 215, 129, 401, 354, 354, 106, 106, 180, 284, 315, 315, 315, 315, 315, 450, 450, 450, 450, 203, 250, 364, 276, 276, 345, 109, 109, 207, 324, 324, 3, 301, 26, 251, 241, 241, 431, 486, 486, 282, 282, 330, 388, 94, 303, 199, 331, 375, 375, 98, 98, 13, 244, 170, 170, 392, 63, 63, 63, 63, 63, 63, 63, 244, 40, 40, 40, 63, 40, 244, 40, 63, 244, 63, 73, 244, 244, 289, 320, 188, 188, 213, 324, 422, 416, 32, 239, 354, 114, 180, 180, 486, 460, 460, 178, 215, 129, 401, 244, 321, 354, 276, 148, 148, 153, 387, 387, 387, 387, 167, 122, 35, 321, 75, 449, 273, 180, 486, 486, 460, 240, 215, 215, 129, 239, 354, 420, 420, 213, 213, 324, 464, 464, 464, 443, 240, 314, 314, 239, 239, 239, 384, 371, 371, 324, 324, 324, 324, 324, 464, 464, 464, 180, 145, 486, 460, 240, 240, 314, 35, 75, 131, 377, 87, 32, 32, 32, 354, 354, 100, 100, 153, 153, 153, 182, 43, 43, 8, 196, 303, 303, 303, 303, 303, 48, 48, 48, 170, 244, 392, 392, 392, 392, 392, 392, 392, 392, 392, 392, 73, 73, 73, 320, 320, 188, 188, 171, 213, 246, 246, 246, 246, 246, 246, 422, 143, 36, 478, 323, 482, 224, 224, 273, 485, 374, 139, 153, 387, 387, 387, 387, 413, 348, 348, 64, 394, 32, 32, 32, 32, 239, 384, 377, 371, 444, 213, 213, 246, 434, 434, 434, 3, 335, 14, 14, 287, 145, 287, 145, 460, 240, 215, 129, 32, 354, 354, 109, 499, 486, 486, 264, 240, 285, 467, 145, 145, 486, 85, 85, 85, 468, 468, 406, 406, 467, 337, 337, 277, 301, 143, 129, 401, 244, 75, 74, 190, 190, 487, 499, 151, 487, 442, 193, 17, 17, 420, 420, 420, 420, 420, 420, 420, 420, 420, 420, 420, 420, 420, 420, 420, 420, 420, 420, 420, 420, 420, 420, 420, 420, 420, 420, 420, 420, 420, 420, 420, 420, 420, 420, 420, 420, 420, 420, 420, 420, 420, 420, 420, 420, 420, 420, 420, 420, 420, 420, 420, 420, 420, 420, 420, 420, 420, 420, 420, 420]

ep327
Train step Loss: [0.9456508159637451, 0.9455329775810242, 0.9455776810646057, 0.9455853700637817, 0.9455486536026001, 0.945609450340271, 0.9455462098121643, 0.9456219673156738, 0.9456503987312317, 0.9455738663673401, 0.9455748796463013, 0.9455652236938477, 0.9456068873405457, 0.9456030130386353, 0.9455682635307312, 0.9455731511116028, 0.9455503225326538, 0.9455296397209167, 0.9456035494804382, 0.9455735683441162, 0.945604145526886, 0.9455307126045227, 0.945587694644928, 0.9455506801605225, 0.9455439448356628, 0.9455571174621582, 0.9455733299255371, 0.9455982446670532, 0.945671558380127, 0.9455467462539673, 0.9456081390380859, 0.9455609321594238, 0.9455839395523071, 0.9455122947692871, 0.9455468058586121, 0.9455669522285461, 0.9455451965332031, 0.9455474019050598, 0.9455794095993042, 0.9455650448799133, 0.9456440806388855, 0.9456015825271606, 0.9456238150596619, 0.945587694644928, 0.9455355405807495, 0.9455976486206055, 0.9455894231796265, 0.9455418586730957, 0.9455941915512085, 0.9455921053886414, 0.9455336332321167, 0.9455567598342896, 0.9455815553665161, 0.9456138610839844, 0.9455869197845459, 0.9455786943435669, 0.9456477761268616, 0.9455714821815491, 0.9455586075782776, 0.945530354976654, 0.9456043839454651, 0.9456145763397217, 0.9455785751342773, 0.9455147385597229, 0.9455095529556274, 0.9455434679985046, 0.9455345869064331, 0.945582926273346, 0.9456130266189575, 0.945527970790863, 0.9456573724746704, 0.9455888867378235, 0.9455602169036865, 0.9454997181892395, 0.9455265998840332, 0.9455676078796387, 0.9455698132514954, 0.9455279111862183, 0.9456093311309814, 0.945606529712677, 0.9456261396408081, 0.9455502033233643, 0.9455433487892151, 0.94559246301651, 0.9455639719963074, 0.9455499053001404, 0.9456111788749695, 0.9455646276473999, 0.9455662965774536, 0.945659875869751, 0.9456064701080322, 0.9456637501716614, 0.9455960988998413, 0.9455432891845703, 0.9455841183662415, 0.9456270337104797, 0.9455649852752686, 0.945582389831543, 0.9455832839012146, 0.9456504583358765, 0.945614755153656, 0.9455161094665527, 0.9455521106719971, 0.9455222487449646, 0.9455586671829224]
val step Loss: [0.9500600695610046, 0.9459629058837891, 0.9458650350570679, 0.945942759513855, 0.9459332823753357, 0.9458540678024292, 0.9458938837051392, 0.9457542896270752, 0.9457474946975708, 0.9479482769966125, 0.9470111131668091, 0.9467237591743469, 0.9465482831001282, 0.9458584785461426, 0.9457428455352783, 0.9459543824195862, 0.9512273073196411, 0.9457823634147644, 0.9458439350128174, 0.9458380341529846, 0.9457767009735107, 0.9458151459693909, 0.9457759261131287, 0.9457847476005554, 0.9467451572418213, 0.9459086656570435, 0.9459313154220581]
Train step Accs: [1.0, 1.0, 1.0, 1.0, 1.0, 1.0, 1.0, 1.0, 1.0, 1.0, 1.0, 1.0, 1.0, 1.0, 1.0, 1.0, 1.0, 1.0, 1.0, 1.0, 1.0, 1.0, 1.0, 1.0, 1.0, 1.0, 1.0, 1.0, 1.0, 1.0, 1.0, 1.0, 1.0, 1.0, 1.0, 1.0, 1.0, 1.0, 1.0, 1.0, 1.0, 1.0, 1.0, 1.0, 1.0, 1.0, 1.0, 1.0, 1.0, 1.0, 1.0, 1.0, 1.0, 1.0, 1.0, 1.0, 1.0, 1.0, 1.0, 1.0, 1.0, 1.0, 1.0, 1.0, 1.0, 1.0, 1.0, 1.0, 1.0, 1.0, 1.0, 1.0, 1.0, 1.0, 1.0, 1.0, 1.0, 1.0, 1.0, 1.0, 1.0, 1.0, 1.0, 1.0, 1.0, 1.0, 1.0, 1.0, 1.0, 1.0, 1.0, 1.0, 1.0, 1.0, 1.0, 1.0, 1.0, 1.0, 1.0, 1.0, 1.0, 1.0, 1.0, 1.0, 1.0]
val step Accs: [0.9992310649750096, 1.0, 1.0, 1.0, 1.0, 1.0, 1.0, 1.0, 1.0, 0.9996184662342618, 0.9998051821546854, 0.9998466963053809, 0.9998353367363741, 1.0, 1.0, 1.0, 0.9990202482037883, 1.0, 1.0, 1.0, 1.0, 1.0, 1.0, 1.0, 0.9998241603657464, 1.0, 1.0]
Preds: [17, 30, 340, 340, 116, 10, 479, 479, 65, 65, 284, 284, 481, 293, 293, 43, 43, 43, 364, 364, 276, 276, 346, 346, 284, 284, 284, 284, 284, 206, 206, 293, 43, 43, 364, 276, 276, 276, 346, 297, 497, 497, 43, 349, 129, 401, 205, 205, 208, 441, 441, 153, 153, 153, 387, 387, 387, 387, 29, 29, 337, 337, 337, 152, 178, 143, 129, 401, 208, 208, 208, 441, 441, 387, 387, 387, 274, 416, 8, 32, 32, 32, 354, 354, 180, 180, 376, 376, 376, 376, 460, 240, 385, 233, 36, 155, 155, 155, 25, 397, 494, 32, 32, 219, 219, 219, 464, 464, 93, 403, 403, 171, 171, 171, 246, 246, 246, 246, 246, 246, 246, 19, 48, 48, 48, 20, 170, 170, 170, 20, 187, 187, 187, 408, 408, 391, 20, 391, 73, 73, 20, 20, 320, 7, 251, 241, 331, 431, 486, 486, 460, 460, 215, 35, 35, 75, 77, 164, 342, 224, 183, 485, 485, 464, 139, 139, 387, 387, 387, 122, 8, 32, 239, 75, 354, 354, 441, 441, 276, 346, 346, 265, 265, 265, 85, 85, 167, 385, 32, 32, 239, 82, 108, 107, 395, 106, 106, 106, 153, 387, 387, 387, 85, 146, 207, 207, 207, 246, 246, 246, 246, 246, 19, 422, 129, 401, 401, 20, 445, 445, 351, 278, 403, 171, 171, 171, 219, 219, 219, 219, 477, 152, 422, 186, 349, 205, 205, 401, 20, 261, 261, 397, 441, 345, 374, 374, 213, 213, 213, 213, 422, 99, 338, 338, 338, 395, 395, 459, 459, 120, 385, 385, 233, 20, 75, 208, 27, 487, 441, 442, 219, 464, 464, 355, 355, 355, 355, 167, 167, 226, 80, 80, 80, 20, 80, 80, 7, 219, 219, 422, 422, 162, 232, 232, 68, 68, 68, 115, 267, 267, 444, 278, 26, 251, 241, 81, 403, 403, 403, 207, 19, 420, 420, 420, 420, 420, 420, 420, 420, 420, 420, 420, 420, 420, 420, 420, 420, 420, 420, 420, 420, 420, 420, 420, 420, 420, 420, 420, 420, 420, 420, 420, 420, 420, 420, 420, 420, 420, 420, 420, 420, 420, 420, 420, 420, 420, 420, 420, 420, 420, 420, 420, 420, 420, 420, 420, 420, 420, 420, 420, 420, 420, 420, 420, 420, 420, 420, 420, 420, 420, 420, 420, 420, 420, 420, 420, 420, 420, 420, 420, 420, 420, 420, 420, 420, 420, 420, 420, 420, 420, 420, 420, 420, 420, 420, 420, 420, 420, 420, 420, 420, 420, 420, 420, 420, 420, 420, 420, 420, 420, 420, 420, 420, 420, 420, 420, 420, 420, 420, 420, 420, 420, 420, 420, 420, 420, 420, 420, 420, 420, 420, 420, 420, 420, 420, 420, 420, 420, 420, 420, 420, 420, 420, 420, 420, 420, 420, 420, 420, 420, 420, 420, 420, 420, 420, 420, 420, 420, 420, 420, 420, 420, 420, 420, 420, 420, 420, 420, 420, 420, 420, 420, 420, 420, 420, 420, 420, 420, 420, 420, 420, 420, 420, 420, 420, 420, 420, 420, 420, 420, 420, 420, 420, 420, 420, 420, 420, 420, 420, 420, 420, 420, 420, 420, 420, 420, 420, 420, 420, 420, 420, 420, 420, 420, 420, 420, 420, 420, 420, 420, 420, 420, 420, 420, 420, 420, 420, 420, 420, 420, 420, 420, 420, 420, 420, 420, 420, 420, 420, 420, 420, 420, 420, 420, 420, 420, 420, 420, 420, 420, 420, 420, 420, 420, 420, 420, 420, 420, 420, 420, 420, 420, 420, 420, 420, 420, 420, 420, 420, 420, 420, 420, 420, 420, 420, 420, 420, 420, 420, 420, 420, 420, 420, 420, 420, 420, 420, 420, 420, 420]

ep328
Train step Loss: [0.945499062538147, 0.9455369114875793, 0.9456002116203308, 0.9456559419631958, 0.9455233812332153, 0.9456095695495605, 0.9455901384353638, 0.9455764293670654, 0.9455923438072205, 0.9455745816230774, 0.9456515908241272, 0.9455525875091553, 0.9456264972686768, 0.9456031322479248, 0.9455514550209045, 0.9456710815429688, 0.9455946683883667, 0.9456366300582886, 0.9456183910369873, 0.945537805557251, 0.9455881118774414, 0.9455602169036865, 0.9455232620239258, 0.9455850124359131, 0.9456273913383484, 0.9455091953277588, 0.9455997943878174, 0.9455357789993286, 0.9456039667129517, 0.9456149935722351, 0.9455874562263489, 0.9455545544624329, 0.9455345869064331, 0.9455822110176086, 0.9455846548080444, 0.9455013275146484, 0.9455766677856445, 0.9455686211585999, 0.9456573128700256, 0.9455239772796631, 0.9455744028091431, 0.945552408695221, 0.9455289840698242, 0.9455368518829346, 0.9456291794776917, 0.9456155896186829, 0.9455609321594238, 0.9455715417861938, 0.9455980062484741, 0.9455909729003906, 0.9455881714820862, 0.9455591440200806, 0.9456470608711243, 0.945573091506958, 0.9455975294113159, 0.9454771876335144, 0.945507287979126, 0.9455645084381104, 0.945591390132904, 0.9456024169921875, 0.945580244064331, 0.9455332159996033, 0.9456130862236023, 0.9456965327262878, 0.945604681968689, 0.9456439018249512, 0.9455780982971191, 0.9455294013023376, 0.945554792881012, 0.945537269115448, 0.9454978704452515, 0.9456111192703247, 0.9455592632293701, 0.945580244064331, 0.9456061124801636, 0.9455689191818237, 0.9455569982528687, 0.9455723166465759, 0.9455986022949219, 0.9455310106277466, 0.9455274343490601, 0.9455752372741699, 0.9455893039703369, 0.9456101059913635, 0.9455565810203552, 0.9455432295799255, 0.9455874562263489, 0.9455065727233887, 0.9455447793006897, 0.9456359148025513, 0.9455516338348389, 0.9455996155738831, 0.9456259608268738, 0.9455844759941101, 0.9455702304840088, 0.9456071257591248, 0.9455564022064209, 0.9455615282058716, 0.945556640625, 0.94560706615448, 0.9455565810203552, 0.9455978274345398, 0.9455968141555786, 0.9455229640007019, 0.9456220865249634]
val step Loss: [0.9458443522453308, 0.9458181262016296, 0.9457387924194336, 0.9458419680595398, 0.9473655223846436, 0.9458580017089844, 0.9496856927871704, 0.9456740617752075, 0.9468781352043152, 0.9457171559333801, 0.9466663599014282, 0.9457948207855225, 0.9458372592926025, 0.945803165435791, 0.946829617023468, 0.9458790421485901, 0.9458827972412109, 0.9458842277526855, 0.9469041228294373, 0.9520335793495178, 0.9458036422729492, 0.9459154009819031, 0.9458681344985962, 0.9459487795829773, 0.9458345770835876, 0.9457483887672424, 0.9456532597541809]
Train step Accs: [1.0, 1.0, 1.0, 1.0, 1.0, 1.0, 1.0, 1.0, 1.0, 1.0, 1.0, 1.0, 1.0, 1.0, 1.0, 1.0, 1.0, 1.0, 1.0, 1.0, 1.0, 1.0, 1.0, 1.0, 1.0, 1.0, 1.0, 1.0, 1.0, 1.0, 1.0, 1.0, 1.0, 1.0, 1.0, 1.0, 1.0, 1.0, 1.0, 1.0, 1.0, 1.0, 1.0, 1.0, 1.0, 1.0, 1.0, 1.0, 1.0, 1.0, 1.0, 1.0, 1.0, 1.0, 1.0, 1.0, 1.0, 1.0, 1.0, 1.0, 1.0, 1.0, 1.0, 1.0, 1.0, 1.0, 1.0, 1.0, 1.0, 1.0, 1.0, 1.0, 1.0, 1.0, 1.0, 1.0, 1.0, 1.0, 1.0, 1.0, 1.0, 1.0, 1.0, 1.0, 1.0, 1.0, 1.0, 1.0, 1.0, 1.0, 1.0, 1.0, 1.0, 1.0, 1.0, 1.0, 1.0, 1.0, 1.0, 1.0, 1.0, 1.0, 1.0, 1.0, 1.0]
val step Accs: [1.0, 1.0, 1.0, 1.0, 0.9997001499250375, 1.0, 0.9992916592881176, 1.0, 0.9998160073597057, 1.0, 0.9998458455372283, 1.0, 1.0, 1.0, 0.9998409416255766, 1.0, 1.0, 1.0, 0.9998001998001999, 0.9988751406074241, 1.0, 1.0, 1.0, 1.0, 1.0, 1.0, 1.0]
Preds: [17, 17, 217, 217, 473, 473, 65, 443, 443, 443, 171, 171, 252, 24, 239, 239, 239, 107, 395, 180, 84, 84, 355, 355, 98, 98, 98, 263, 229, 229, 82, 247, 312, 126, 126, 326, 326, 326, 101, 101, 149, 228, 320, 82, 7, 473, 473, 65, 476, 171, 252, 143, 143, 36, 449, 449, 395, 324, 324, 252, 325, 325, 34, 324, 324, 324, 301, 301, 251, 251, 251, 331, 431, 84, 496, 274, 274, 43, 8, 8, 239, 354, 208, 441, 441, 98, 98, 98, 48, 48, 417, 170, 82, 244, 392, 392, 392, 244, 312, 312, 187, 23, 23, 260, 260, 260, 391, 391, 391, 435, 435, 435, 435, 73, 73, 73, 244, 287, 287, 287, 284, 284, 293, 43, 43, 276, 276, 276, 346, 387, 387, 387, 406, 406, 406, 467, 337, 337, 278, 258, 31, 342, 342, 342, 224, 224, 224, 494, 494, 494, 203, 399, 217, 10, 473, 473, 398, 398, 286, 286, 286, 468, 406, 406, 380, 380, 499, 284, 426, 375, 98, 98, 98, 98, 13, 13, 414, 170, 47, 392, 392, 102, 102, 244, 320, 7, 7, 7, 217, 217, 473, 473, 264, 264, 264, 264, 264, 468, 468, 406, 406, 337, 337, 337, 324, 301, 359, 251, 359, 81, 444, 324, 324, 324, 301, 301, 251, 251, 241, 241, 431, 106, 84, 293, 497, 416, 8, 239, 144, 27, 106, 387, 206, 240, 385, 36, 36, 342, 224, 224, 273, 355, 355, 355, 435, 435, 435, 435, 435, 435, 435, 435, 435, 435, 435, 435, 435, 435, 435, 435, 435, 435, 435, 435, 435, 435, 435, 435, 435, 435, 435, 435, 435, 435, 435, 435, 435, 435, 435, 435, 435, 435, 435, 435, 435, 435, 435, 435, 435, 435, 435, 435, 435, 435, 435, 435, 435, 435, 435, 435, 435, 435, 435, 435, 435, 435, 435, 435, 435, 435, 435, 435, 435, 435, 435, 435, 435, 435, 435, 435, 435, 435, 435, 435, 435, 435, 435, 435, 435, 435, 435, 435, 435, 435, 435, 435, 435, 435, 435, 435, 435, 435, 435, 435, 435, 435, 435, 435, 435, 435, 435, 435, 435, 435, 435, 435, 435, 435, 435, 435, 435, 435, 435, 435, 435, 435, 435, 435, 435, 435, 435, 435, 435, 435, 435, 435, 435, 435, 435, 435, 435, 435, 435, 435, 435, 435, 435, 435, 435, 435, 435, 435, 435, 435, 435, 435, 435, 435, 435, 435, 435, 435, 435, 435, 435, 435, 435, 435, 435, 435, 435, 435, 435, 435, 435, 435, 435, 435, 435, 435, 435, 435, 435, 435, 435, 435, 435, 435, 435, 435, 435, 435, 435, 435, 435, 435, 435, 435, 435, 435, 435, 435, 435, 435, 435, 435, 435, 435, 435, 435, 435, 435, 435, 435, 435, 435, 435, 435, 435, 435, 435, 435, 435, 435, 435, 435, 435, 435, 435, 435, 435, 435, 435, 435, 435, 435, 435, 435, 435, 435, 435, 435, 435, 435, 435, 435, 435, 435, 435, 435, 435, 435, 435, 435, 435, 435, 435, 435, 435, 435, 435, 435, 435, 435, 435, 435, 435, 435, 435, 435, 435, 435, 435, 435, 435, 435, 435, 435, 435, 435, 435, 435, 435, 435, 435, 435, 435, 435, 435, 435, 435, 435, 435, 435, 435, 435, 435, 435, 435, 435, 435, 435, 435, 435, 435, 435, 435, 435, 435, 435, 435, 435, 435, 435, 435, 435, 435, 435, 435, 435, 435, 435, 435, 435, 435, 435, 435, 435, 435, 435, 435, 435, 435, 435, 435, 435, 435, 435, 435, 435, 435, 435, 435, 435, 435, 435, 435, 435, 435, 435, 435, 435, 435, 435, 435, 435, 435, 435, 435, 435]

ep329
Train step Loss: [0.9455840587615967, 0.9455850124359131, 0.9455718398094177, 0.9455795884132385, 0.9455609917640686, 0.9454823732376099, 0.945588231086731, 0.9456031322479248, 0.9455395936965942, 0.9455935955047607, 0.945538341999054, 0.9455590844154358, 0.9455512166023254, 0.9455769062042236, 0.9456281065940857, 0.9454887509346008, 0.9455406069755554, 0.9455921053886414, 0.9455599784851074, 0.9455652236938477, 0.9456039071083069, 0.9455204606056213, 0.9456035494804382, 0.9455795884132385, 0.9455835819244385, 0.9455625414848328, 0.9455597996711731, 0.9455729126930237, 0.9455921053886414, 0.9456037282943726, 0.9455758929252625, 0.9454898834228516, 0.9455742835998535, 0.9455997943878174, 0.9456031322479248, 0.9456076622009277, 0.9455549120903015, 0.9455933570861816, 0.9455987811088562, 0.9455780386924744, 0.9456118941307068, 0.9455870389938354, 0.9455363750457764, 0.9454820156097412, 0.9455717206001282, 0.9455491900444031, 0.9455584287643433, 0.9455906748771667, 0.9455329775810242, 0.9455020427703857, 0.9455470442771912, 0.9456412196159363, 0.945602536201477, 0.9455661177635193, 0.945609986782074, 0.9455424547195435, 0.9456363320350647, 0.9455628395080566, 0.9455715417861938, 0.9455475807189941, 0.9456295371055603, 0.9455428719520569, 0.9456325769424438, 0.9456454515457153, 0.9455644488334656, 0.9455596804618835, 0.9455499649047852, 0.9455715417861938, 0.9456143379211426, 0.945625901222229, 0.9455207586288452, 0.9455674290657043, 0.9455273747444153, 0.945563554763794, 0.9455717206001282, 0.9456486105918884, 0.9455379247665405, 0.9455711841583252, 0.9456117153167725, 0.9455403089523315, 0.9455055594444275, 0.9455846548080444, 0.9455259442329407, 0.9456198811531067, 0.9456254243850708, 0.9455925226211548, 0.9456743001937866, 0.9455939531326294, 0.945577085018158, 0.945578932762146, 0.9456185102462769, 0.945579469203949, 0.9456164836883545, 0.9456074237823486, 0.9455418586730957, 0.945611298084259, 0.9456589818000793, 0.9455517530441284, 0.9455417394638062, 0.9455089569091797, 0.9455637335777283, 0.9455409049987793, 0.9456183910369873, 0.9455540180206299, 0.9456039071083069]
val step Loss: [0.9460468292236328, 0.9459229707717896, 0.9457463026046753, 0.9458191990852356, 0.9458433389663696, 0.9459538459777832, 0.9459362030029297, 0.9477658271789551, 0.9457540512084961, 0.9458766579627991, 0.945942223072052, 0.9459567070007324, 0.9457747936248779, 0.9458905458450317, 0.9458939433097839, 0.946914553642273, 0.9475100040435791, 0.9458703994750977, 0.9458450078964233, 0.9458916187286377, 0.9458023309707642, 0.9458298683166504, 0.9560093283653259, 0.9467755556106567, 0.9458486437797546, 0.9458720684051514, 0.9456831216812134]
Train step Accs: [1.0, 1.0, 1.0, 1.0, 1.0, 1.0, 1.0, 1.0, 1.0, 1.0, 1.0, 1.0, 1.0, 1.0, 1.0, 1.0, 1.0, 1.0, 1.0, 1.0, 1.0, 1.0, 1.0, 1.0, 1.0, 1.0, 1.0, 1.0, 1.0, 1.0, 1.0, 1.0, 1.0, 1.0, 1.0, 1.0, 1.0, 1.0, 1.0, 1.0, 1.0, 1.0, 1.0, 1.0, 1.0, 1.0, 1.0, 1.0, 1.0, 1.0, 1.0, 1.0, 1.0, 1.0, 1.0, 1.0, 1.0, 1.0, 1.0, 1.0, 1.0, 1.0, 1.0, 1.0, 1.0, 1.0, 1.0, 1.0, 1.0, 1.0, 1.0, 1.0, 1.0, 1.0, 1.0, 1.0, 1.0, 1.0, 1.0, 1.0, 1.0, 1.0, 1.0, 1.0, 1.0, 1.0, 1.0, 1.0, 1.0, 1.0, 1.0, 1.0, 1.0, 1.0, 1.0, 1.0, 1.0, 1.0, 1.0, 1.0, 1.0, 1.0, 1.0, 1.0, 1.0]
val step Accs: [1.0, 1.0, 1.0, 1.0, 1.0, 1.0, 1.0, 0.9996294237539374, 1.0, 1.0, 1.0, 1.0, 1.0, 1.0, 1.0, 0.9998338042213728, 0.9996866186148543, 1.0, 1.0, 1.0, 1.0, 1.0, 0.9981283922889762, 0.9998435054773083, 1.0, 1.0, 1.0]
Preds: [17, 17, 17, 287, 284, 284, 284, 293, 43, 43, 364, 364, 276, 276, 346, 284, 284, 284, 284, 284, 206, 206, 169, 215, 35, 244, 205, 205, 205, 261, 25, 437, 284, 265, 265, 85, 388, 348, 64, 64, 212, 398, 324, 324, 324, 324, 324, 246, 246, 246, 252, 32, 239, 239, 82, 384, 371, 371, 213, 213, 213, 422, 236, 239, 259, 310, 107, 107, 395, 395, 286, 464, 464, 464, 315, 315, 315, 315, 450, 450, 450, 43, 43, 364, 276, 276, 138, 138, 182, 182, 182, 375, 98, 98, 197, 401, 80, 244, 244, 208, 441, 441, 153, 153, 153, 153, 497, 497, 387, 81, 81, 337, 41, 324, 324, 3, 143, 401, 244, 244, 192, 188, 188, 278, 278, 240, 143, 129, 239, 384, 34, 191, 191, 324, 178, 143, 458, 401, 244, 320, 354, 109, 41, 41, 171, 171, 19, 454, 229, 229, 170, 392, 392, 392, 392, 244, 244, 73, 244, 73, 244, 320, 287, 287, 287, 284, 481, 293, 43, 276, 276, 346, 284, 405, 405, 206, 169, 215, 35, 401, 244, 320, 354, 106, 106, 428, 428, 240, 388, 94, 64, 473, 398, 324, 324, 324, 213, 324, 422, 239, 239, 239, 384, 371, 371, 213, 213, 422, 143, 239, 239, 310, 310, 107, 395, 395, 278, 278, 385, 143, 233, 401, 401, 320, 29, 374, 374, 132, 185, 186, 186, 323, 323, 68, 68, 68, 160, 160, 112, 17, 17, 420, 420, 420, 420, 420, 435, 435, 435, 435, 435, 435, 435, 435, 435, 435, 435, 435, 435, 435, 435, 435, 435, 435, 435, 435, 435, 435, 435, 435, 435, 435, 435, 435, 435, 435, 435, 435, 435, 435, 435, 435, 435, 435, 435, 435, 435, 435, 435, 435, 435, 435, 435, 435, 435, 435, 435, 435, 435, 435, 435, 435, 435, 435, 435, 435, 435, 435, 435, 435, 435, 435, 435, 435, 435, 435, 435, 435, 435, 435, 435, 435, 435, 435, 435, 435, 435, 435, 435, 435, 435, 435, 435, 435, 435, 435, 435, 435, 435, 435, 435, 435, 435, 435, 435, 435, 435, 435, 435, 435, 435, 435, 435, 435, 435, 435, 435, 435, 435, 435, 435, 435, 435, 435, 435, 435, 435, 435, 435, 435, 435, 435, 435, 435, 435, 435, 435, 435, 435, 435, 435, 435, 435, 435, 435, 435, 435, 435, 435, 435, 435, 435, 435, 435, 435, 435, 435, 435, 435, 435, 435, 435, 435, 435, 435, 435, 435, 435, 435, 435, 435, 435, 435, 435, 435, 435, 435, 435, 435, 435, 435, 435, 435, 435, 435, 435, 435, 435, 435, 435, 435, 435, 435, 435, 435, 435, 435, 435, 435, 435, 435, 435, 435, 435, 435, 435, 435, 435, 435, 435, 435, 435, 435, 435, 435, 435, 435, 435, 435, 435, 435, 435, 435, 435, 435, 435, 435, 435, 435, 435, 435, 435, 435, 435, 435, 435, 435, 435, 435, 435, 435, 435, 435, 435, 435, 435, 435, 435, 435, 435, 435, 435, 435, 435, 435, 435, 435, 435, 435, 435, 435, 435, 435, 435, 435, 435, 435, 435, 435, 435, 435, 435, 435, 435, 435, 435, 435, 435, 435, 435, 435, 435, 435, 435, 435, 435, 435, 435, 435, 435, 435, 435, 435, 435, 435, 435, 435, 435, 435, 435, 435, 435, 435, 435, 435, 435, 435, 435, 435, 435, 435, 435, 435, 435, 435, 435, 435, 435, 435, 435, 435, 435, 435, 435, 435, 435, 435, 435, 435, 435, 435, 435, 435, 435, 435, 435, 435, 435, 435, 435, 435, 435, 435, 435, 435, 435, 435, 435, 435, 435, 435, 435, 435, 435, 435, 435, 435, 435, 435, 435]

ep330
Train step Loss: [0.9455861449241638, 0.945634663105011, 0.9455471634864807, 0.9455557465553284, 0.9455872774124146, 0.9456149935722351, 0.9455913305282593, 0.9456014037132263, 0.9456216096878052, 0.9455772042274475, 0.9455991983413696, 0.945552408695221, 0.9455223083496094, 0.9455370306968689, 0.9455958604812622, 0.9456436634063721, 0.9455073475837708, 0.9456039667129517, 0.9455699324607849, 0.9455933570861816, 0.9455853700637817, 0.9456136226654053, 0.9455986618995667, 0.9456053972244263, 0.9455819725990295, 0.9456503391265869, 0.9455446004867554, 0.945551872253418, 0.9456214904785156, 0.9455791711807251, 0.9456220269203186, 0.9456480741500854, 0.9455331563949585, 0.9455833435058594, 0.945514976978302, 0.9455351829528809, 0.945569634437561, 0.9455204010009766, 0.9456307888031006, 0.9455721378326416, 0.9455997347831726, 0.9456037282943726, 0.9456298351287842, 0.9456261396408081, 0.9455844759941101, 0.9455618858337402, 0.94554603099823, 0.945618748664856, 0.9455652236938477, 0.9455469250679016, 0.9454860091209412, 0.945533037185669, 0.9455011487007141, 0.9456170201301575, 0.9455052018165588, 0.945519208908081, 0.9456106424331665, 0.9455397129058838, 0.9456146359443665, 0.9455651044845581, 0.9454943537712097, 0.945608377456665, 0.9455413222312927, 0.9456030130386353, 0.9455311894416809, 0.945546567440033, 0.9455573558807373, 0.9455954432487488, 0.9455751180648804, 0.9456137418746948, 0.945556640625, 0.945547878742218, 0.9456601142883301, 0.9455531239509583, 0.945551872253418, 0.9455329179763794, 0.9455806016921997, 0.9457001686096191, 0.9455673694610596, 0.9455809593200684, 0.945560097694397, 0.9455760717391968, 0.9456425905227661, 0.9456243515014648, 0.9455402493476868, 0.945601224899292, 0.9455825686454773, 0.9455409049987793, 0.9456092119216919, 0.9455810189247131, 0.945549726486206, 0.9456806182861328, 0.9455358982086182, 0.9455482363700867, 0.9455081820487976, 0.9455649852752686, 0.9455823302268982, 0.945612370967865, 0.9455239176750183, 0.9455301761627197, 0.945581316947937, 0.9455958604812622, 0.9455720782279968, 0.9455674290657043, 0.945542573928833]
val step Loss: [0.9458803534507751, 0.9459351301193237, 0.9458411335945129, 0.9458439946174622, 0.9494891166687012, 0.9457903504371643, 0.9508853554725647, 0.9458286166191101, 0.9458770155906677, 0.9458417892456055, 0.9471250176429749, 0.9458761811256409, 0.9467920064926147, 0.9469181299209595, 0.9459916353225708, 0.9460000395774841, 0.9458860754966736, 0.9458250403404236, 0.9459304213523865, 0.9457778334617615, 0.9476012587547302, 0.9458128213882446, 0.9472677707672119, 0.9457689523696899, 0.9457544684410095, 0.9457908272743225, 0.9458582401275635]
Train step Accs: [1.0, 1.0, 1.0, 1.0, 1.0, 1.0, 1.0, 1.0, 1.0, 1.0, 1.0, 1.0, 1.0, 1.0, 1.0, 1.0, 1.0, 1.0, 1.0, 1.0, 1.0, 1.0, 1.0, 1.0, 1.0, 1.0, 1.0, 1.0, 1.0, 1.0, 1.0, 1.0, 1.0, 1.0, 1.0, 1.0, 1.0, 1.0, 1.0, 1.0, 1.0, 1.0, 1.0, 1.0, 1.0, 1.0, 1.0, 1.0, 1.0, 1.0, 1.0, 1.0, 1.0, 1.0, 1.0, 1.0, 1.0, 1.0, 1.0, 1.0, 1.0, 1.0, 1.0, 1.0, 1.0, 1.0, 1.0, 1.0, 1.0, 1.0, 1.0, 1.0, 1.0, 1.0, 1.0, 1.0, 1.0, 1.0, 1.0, 1.0, 1.0, 1.0, 1.0, 1.0, 1.0, 1.0, 1.0, 1.0, 1.0, 1.0, 1.0, 1.0, 1.0, 1.0, 1.0, 1.0, 1.0, 1.0, 1.0, 1.0, 1.0, 1.0, 1.0, 1.0, 1.0]
val step Accs: [1.0, 1.0, 1.0, 1.0, 0.9993287464339654, 1.0, 0.9990786240786241, 1.0, 1.0, 1.0, 0.9998126288176878, 1.0, 0.9998259961719158, 0.9998147462022972, 1.0, 1.0, 1.0, 1.0, 1.0, 1.0, 0.9996751137102015, 1.0, 0.9997977346278317, 1.0, 1.0, 1.0, 1.0]
Preds: [17, 17, 359, 371, 371, 278, 278, 330, 251, 251, 251, 479, 331, 331, 84, 16, 16, 274, 274, 438, 219, 219, 219, 219, 219, 219, 246, 246, 246, 246, 246, 19, 19, 454, 229, 414, 414, 392, 392, 392, 73, 73, 73, 73, 209, 287, 287, 145, 460, 460, 460, 178, 35, 75, 36, 108, 224, 494, 494, 191, 236, 239, 384, 371, 371, 420, 324, 236, 314, 239, 239, 384, 371, 180, 180, 315, 315, 315, 315, 450, 450, 450, 43, 43, 364, 276, 276, 276, 346, 346, 284, 284, 206, 206, 206, 240, 251, 251, 251, 241, 431, 486, 113, 206, 167, 215, 349, 321, 155, 155, 155, 441, 148, 387, 88, 337, 337, 324, 324, 324, 301, 203, 399, 217, 70, 70, 138, 138, 138, 138, 375, 98, 98, 13, 13, 170, 392, 392, 392, 392, 392, 392, 73, 73, 244, 287, 287, 111, 460, 460, 385, 35, 36, 164, 164, 224, 351, 420, 464, 180, 315, 113, 450, 293, 43, 88, 345, 109, 403, 171, 171, 171, 252, 252, 24, 239, 384, 34, 191, 340, 116, 116, 94, 479, 331, 84, 496, 496, 236, 32, 239, 321, 75, 445, 445, 213, 324, 422, 314, 239, 384, 371, 278, 258, 31, 31, 68, 68, 68, 224, 224, 444, 444, 324, 314, 325, 325, 34, 166, 324, 301, 236, 285, 285, 106, 106, 106, 499, 428, 428, 85, 146, 146, 37, 233, 36, 270, 66, 68, 68, 68, 97, 221, 219, 219, 219, 219, 464, 464, 120, 207, 207, 207, 37, 233, 170, 170, 392, 392, 392, 392, 244, 392, 63, 63, 63, 73, 73, 244, 289, 320, 7, 219, 219, 219, 152, 152, 139, 139, 139, 293, 293, 274, 122, 219, 239, 239, 310, 107, 395, 395, 459, 120, 154, 143, 129, 259, 75, 445, 445, 445, 445, 464, 180, 315, 315, 315, 450, 450, 293, 43, 43, 345, 109, 337, 41, 324, 301, 422, 143, 259, 321, 377, 397, 123, 43, 43, 43, 276, 345, 387, 387, 387, 146, 219, 219, 219, 324, 324, 422, 99, 338, 338, 338, 338, 338, 395, 400, 286, 286, 286, 171, 171, 3, 3, 219, 219, 464, 464, 464, 180, 355, 355, 240, 271, 35, 77, 342, 323, 224, 273, 302, 302, 375, 215, 233, 233, 401, 244, 321, 7, 48, 48, 170, 392, 73, 392, 244, 320, 354, 333, 374, 19, 19, 17, 17, 420, 420, 420, 420, 420, 420, 420, 420, 420, 420, 420, 420, 420, 420, 420, 420, 420, 420, 420, 420, 420, 420, 420, 420, 420, 420, 420, 420, 420, 420, 420, 420, 420, 420, 420, 420, 420, 420, 420, 420, 420, 420, 420, 420, 420, 420, 420, 420, 420, 420, 420, 420, 420, 420, 420, 420, 420, 420, 420, 420, 420, 420, 420, 420, 420, 420, 420, 420, 420, 420, 420, 420, 420, 420, 420, 420, 420, 420, 420, 420, 420, 420, 420, 420, 420, 420, 420, 420, 420, 420, 420, 420, 420, 420, 420, 420, 420, 420, 420, 420, 420, 420, 420, 420, 420, 420, 420, 420, 420, 420, 420, 420, 420, 420, 420, 420, 420, 420, 420, 420, 420, 420, 420, 420, 420, 420, 420, 420, 420, 420, 420, 420, 420, 420, 420, 420, 420, 420, 420, 420, 420, 420, 420, 420, 420, 420, 420, 420, 420, 420, 420, 420, 420, 420, 420, 420, 420, 420, 420, 420, 420, 420, 420, 420, 420, 420, 420, 420, 420, 420, 420, 420, 420, 420, 420, 420, 420, 420, 420, 420, 420, 420, 420, 420, 420, 420, 420, 420, 420, 420, 420, 420, 420, 420, 420, 420, 420, 420, 420, 420, 420, 420, 420, 420]

ep331
Train step Loss: [0.94554203748703, 0.9456081986427307, 0.9455422163009644, 0.9455498456954956, 0.9455827474594116, 0.9456151127815247, 0.9455660581588745, 0.9456126093864441, 0.9455627799034119, 0.9455607533454895, 0.9454790353775024, 0.9455838799476624, 0.9455819129943848, 0.945548951625824, 0.9455531239509583, 0.9455844759941101, 0.9456223845481873, 0.945561945438385, 0.9455946087837219, 0.9455728530883789, 0.9456121921539307, 0.9455501437187195, 0.9455791711807251, 0.9455516338348389, 0.9455820322036743, 0.9456620216369629, 0.945572555065155, 0.9456527233123779, 0.9456340074539185, 0.9456536769866943, 0.945589542388916, 0.9455499649047852, 0.9456272125244141, 0.9455472230911255, 0.9456043243408203, 0.9454995393753052, 0.9456797242164612, 0.9455609321594238, 0.9456011056900024, 0.9455759525299072, 0.945593535900116, 0.9455915689468384, 0.9455307722091675, 0.9455333948135376, 0.9455874562263489, 0.9455747008323669, 0.9455637335777283, 0.9455962181091309, 0.9455751180648804, 0.9456033110618591, 0.945640504360199, 0.9456425309181213, 0.9456366300582886, 0.9455833435058594, 0.9455189108848572, 0.945622980594635, 0.9455490112304688, 0.9455382823944092, 0.9455532431602478, 0.9455800652503967, 0.9455403685569763, 0.9455828070640564, 0.9455703496932983, 0.9456090331077576, 0.9455679059028625, 0.9455949068069458, 0.9455668330192566, 0.9455857276916504, 0.9456126689910889, 0.9455136060714722, 0.9455585479736328, 0.9455276131629944, 0.9455770254135132, 0.9455817937850952, 0.9455434083938599, 0.9455960988998413, 0.9455914497375488, 0.9455928802490234, 0.9455822706222534, 0.9455862641334534, 0.9456247687339783, 0.9456119537353516, 0.9455330967903137, 0.9456230998039246, 0.9455609321594238, 0.9456694722175598, 0.9456506371498108, 0.9455173015594482, 0.945655107498169, 0.9455780386924744, 0.9456276297569275, 0.9455028176307678, 0.9455529451370239, 0.9455341696739197, 0.9455550909042358, 0.9455615878105164, 0.9455878734588623, 0.9456429481506348, 0.9456155896186829, 0.9457095861434937, 0.945532500743866, 0.9456565976142883, 0.9455747604370117, 0.9455472230911255, 0.9455455541610718]
val step Loss: [0.9456788301467896, 0.945836067199707, 0.9465452432632446, 0.9459410309791565, 0.9457645416259766, 0.9514462947845459, 0.945873498916626, 0.947990357875824, 0.9458891153335571, 0.9458005428314209, 0.9458608627319336, 0.9458290338516235, 0.9468839764595032, 0.9458152055740356, 0.945695161819458, 0.94786137342453, 0.9458006620407104, 0.9459052085876465, 0.9457916021347046, 0.9458365440368652, 0.9458612203598022, 0.9496537446975708, 0.9457221627235413, 0.9457929134368896, 0.9458295106887817, 0.9457564353942871, 0.9458747506141663]
Train step Accs: [1.0, 1.0, 1.0, 1.0, 1.0, 1.0, 1.0, 1.0, 1.0, 1.0, 1.0, 1.0, 1.0, 1.0, 1.0, 1.0, 1.0, 1.0, 1.0, 1.0, 1.0, 1.0, 1.0, 1.0, 1.0, 1.0, 1.0, 1.0, 1.0, 1.0, 1.0, 1.0, 1.0, 1.0, 1.0, 1.0, 1.0, 1.0, 1.0, 1.0, 1.0, 1.0, 1.0, 1.0, 1.0, 1.0, 1.0, 1.0, 1.0, 1.0, 1.0, 1.0, 1.0, 1.0, 1.0, 1.0, 1.0, 1.0, 1.0, 1.0, 1.0, 1.0, 1.0, 1.0, 1.0, 1.0, 1.0, 1.0, 1.0, 1.0, 1.0, 1.0, 1.0, 1.0, 1.0, 1.0, 1.0, 1.0, 1.0, 1.0, 1.0, 1.0, 1.0, 1.0, 1.0, 1.0, 1.0, 1.0, 1.0, 1.0, 1.0, 1.0, 1.0, 1.0, 1.0, 1.0, 1.0, 1.0, 1.0, 1.0, 1.0, 1.0, 1.0, 1.0, 1.0]
val step Accs: [1.0, 1.0, 0.9998473282442748, 1.0, 1.0, 0.9989557953358859, 1.0, 0.9996017522899243, 1.0, 1.0, 1.0, 1.0, 0.9998150887573964, 1.0, 1.0, 0.9996266567108456, 1.0, 1.0, 1.0, 1.0, 1.0, 0.9992895204262877, 1.0, 1.0, 1.0, 1.0, 1.0]
Preds: [17, 17, 30, 30, 213, 213, 324, 464, 464, 464, 464, 443, 443, 443, 282, 240, 388, 216, 465, 29, 29, 302, 496, 319, 242, 240, 337, 219, 219, 324, 324, 324, 324, 252, 301, 301, 183, 183, 183, 278, 278, 278, 258, 258, 271, 31, 162, 54, 54, 482, 482, 224, 224, 273, 273, 470, 180, 443, 443, 355, 450, 169, 173, 130, 402, 402, 183, 242, 360, 360, 324, 219, 219, 464, 464, 464, 106, 153, 88, 88, 346, 346, 346, 284, 284, 405, 206, 206, 206, 293, 293, 43, 276, 276, 276, 182, 182, 182, 182, 182, 182, 387, 387, 330, 330, 330, 379, 379, 77, 478, 323, 54, 172, 224, 224, 273, 273, 397, 153, 153, 100, 497, 497, 497, 122, 122, 205, 205, 261, 25, 351, 213, 213, 213, 252, 143, 99, 99, 436, 436, 60, 60, 298, 298, 116, 303, 303, 48, 229, 229, 321, 247, 312, 292, 292, 23, 408, 408, 408, 321, 321, 320, 188, 152, 152, 374, 374, 301, 301, 378, 378, 259, 354, 106, 106, 284, 284, 284, 284, 284, 376, 206, 206, 206, 169, 169, 150, 150, 323, 323, 323, 224, 273, 106, 106, 151, 443, 240, 240, 388, 175, 175, 241, 431, 431, 443, 443, 460, 240, 385, 35, 440, 440, 440, 207, 207, 207, 207, 19, 19, 219, 219, 219, 219, 219, 144, 144, 27, 27, 156, 499, 499, 468, 59, 59, 452, 452, 193, 17, 420, 420, 420, 435, 435, 435, 435, 435, 435, 435, 435, 435, 435, 435, 435, 435, 435, 435, 435, 435, 435, 435, 435, 435, 435, 435, 435, 435, 435, 435, 435, 435, 435, 435, 435, 435, 435, 435, 435, 435, 435, 435, 435, 435, 435, 435, 435, 435, 435, 435, 435, 435, 435, 435, 435, 435, 435, 435, 435, 435, 435, 435, 435, 435, 435, 435, 435, 435, 435, 435, 435, 435, 435, 435, 435, 435, 435, 435, 435, 435, 435, 435, 435, 435, 435, 435, 435, 435, 435, 435, 435, 435, 435, 435, 435, 435, 435, 435, 435, 435, 435, 435, 435, 435, 435, 435, 435, 435, 435, 435, 435, 435, 435, 435, 435, 435, 435, 435, 435, 435, 435, 435, 435, 435, 435, 435, 435, 435, 435, 435, 435, 435, 435, 435, 435, 435, 435, 435, 435, 435, 435, 435, 435, 435, 435, 435, 435, 435, 435, 435, 435, 435, 435, 435, 435, 435, 435, 435, 435, 435, 435, 435, 435, 435, 435, 435, 435, 435, 435, 435, 435, 435, 435, 435, 435, 435, 435, 435, 435, 435, 435, 435, 435, 435, 435, 435, 435, 435, 435, 435, 435, 435, 435, 435, 435, 435, 435, 435, 435, 435, 435, 435, 435, 435, 435, 435, 435, 435, 435, 435, 435, 435, 435, 435, 435, 435, 435, 435, 435, 435, 435, 435, 435, 435, 435, 435, 435, 435, 435, 435, 435, 435, 435, 435, 435, 435, 435, 435, 435, 435, 435, 435, 435, 435, 435, 435, 435, 435, 435, 435, 435, 435, 435, 435, 435, 435, 435, 435, 435, 435, 435, 435, 435, 435, 435, 435, 435, 435, 435, 435, 435, 435, 435, 435, 435, 435, 435, 435, 435, 435, 435, 435, 435, 435, 435, 435, 435, 435, 435, 435, 435, 435, 435, 435, 435, 435, 435, 435, 435, 435, 435, 435, 435, 435, 435, 435, 435, 435, 435, 435, 435, 435, 435, 435, 435, 435, 435, 435, 435, 435, 435, 435, 435, 435, 435, 435, 435, 435, 435, 435, 435, 435, 435, 435, 435, 435, 435, 435, 435, 435, 435, 435, 435, 435, 435, 435, 435, 435, 435, 435, 435, 435, 435, 435, 435, 435, 435, 435, 435, 435, 435]

ep332
Train step Loss: [0.9456574320793152, 0.9456173777580261, 0.9455631375312805, 0.9455776214599609, 0.9456585645675659, 0.945583701133728, 0.9455410838127136, 0.9455894231796265, 0.9456487894058228, 0.9455268979072571, 0.9456086158752441, 0.9456012845039368, 0.9456155300140381, 0.9456420540809631, 0.9456185102462769, 0.945619523525238, 0.9455797672271729, 0.9455429315567017, 0.9456101655960083, 0.9455957412719727, 0.9455442428588867, 0.9455965161323547, 0.9455950856208801, 0.945597767829895, 0.94557785987854, 0.9455981850624084, 0.945600152015686, 0.9455491304397583, 0.9455797672271729, 0.9455983638763428, 0.9455706477165222, 0.945605993270874, 0.9456342458724976, 0.9455253481864929, 0.9455889463424683, 0.9455659985542297, 0.9455381631851196, 0.9455419778823853, 0.9455336928367615, 0.9455769658088684, 0.9455257654190063, 0.9455705285072327, 0.945553719997406, 0.9455806612968445, 0.9456143975257874, 0.9456093311309814, 0.945634663105011, 0.9456678032875061, 0.9455663561820984, 0.9455771446228027, 0.9456148147583008, 0.9455562829971313, 0.9455664157867432, 0.9456052780151367, 0.9455330967903137, 0.9455779194831848, 0.9455625414848328, 0.9455165863037109, 0.945542573928833, 0.9456058740615845, 0.9455512166023254, 0.9456019401550293, 0.9455476999282837, 0.9456234574317932, 0.9456204771995544, 0.9455182552337646, 0.945555567741394, 0.9455353617668152, 0.9455856680870056, 0.9455970525741577, 0.9455704689025879, 0.9455558657646179, 0.9455276727676392, 0.9455536603927612, 0.9456391334533691, 0.9456363320350647, 0.9455163478851318, 0.945573091506958, 0.9455440044403076, 0.9455615282058716, 0.9456076622009277, 0.9456921219825745, 0.945502758026123, 0.9456435441970825, 0.9455903768539429, 0.9456760287284851, 0.9455556869506836, 0.9455400705337524, 0.9455720782279968, 0.9455440044403076, 0.9456177949905396, 0.945689857006073, 0.9456389546394348, 0.9455167651176453, 0.9456053972244263, 0.9455431699752808, 0.945631742477417, 0.945472002029419, 0.9455642104148865, 0.945538341999054, 0.9455752372741699, 0.9454676508903503, 0.9456284046173096, 0.9456099271774292, 0.9455960988998413]
val step Loss: [0.9458155632019043, 0.9458509683609009, 0.9456995725631714, 0.9467886686325073, 0.9458364844322205, 0.9493699669837952, 0.9458852410316467, 0.9460015296936035, 0.9460155367851257, 0.945756196975708, 0.9471976161003113, 0.9458833932876587, 0.947422981262207, 0.9459289312362671, 0.9467156529426575, 0.9467234015464783, 0.9458187818527222, 0.951087474822998, 0.9457743167877197, 0.9458202123641968, 0.945677638053894, 0.9457868337631226, 0.9458017349243164, 0.9459524750709534, 0.9456773400306702, 0.945716381072998, 0.946038007736206]
Train step Accs: [1.0, 1.0, 1.0, 1.0, 1.0, 1.0, 1.0, 1.0, 1.0, 1.0, 1.0, 1.0, 1.0, 1.0, 1.0, 1.0, 1.0, 1.0, 1.0, 1.0, 1.0, 1.0, 1.0, 1.0, 1.0, 1.0, 1.0, 1.0, 1.0, 1.0, 1.0, 1.0, 1.0, 1.0, 1.0, 1.0, 1.0, 1.0, 1.0, 1.0, 1.0, 1.0, 1.0, 1.0, 1.0, 1.0, 1.0, 1.0, 1.0, 1.0, 1.0, 1.0, 1.0, 1.0, 1.0, 1.0, 1.0, 1.0, 1.0, 1.0, 1.0, 1.0, 1.0, 1.0, 1.0, 1.0, 1.0, 1.0, 1.0, 1.0, 1.0, 1.0, 1.0, 1.0, 1.0, 1.0, 1.0, 1.0, 1.0, 1.0, 1.0, 1.0, 1.0, 1.0, 1.0, 1.0, 1.0, 1.0, 1.0, 1.0, 1.0, 1.0, 1.0, 1.0, 1.0, 1.0, 1.0, 1.0, 1.0, 1.0, 1.0, 1.0, 1.0, 1.0, 1.0]
val step Accs: [1.0, 1.0, 1.0, 0.9998216833095578, 1.0, 0.9993641710379908, 1.0, 1.0, 1.0, 1.0, 0.9997835966241073, 1.0, 0.9996942363552973, 1.0, 0.9998456075343524, 0.9998393058010606, 1.0, 0.9990480723465016, 1.0, 1.0, 1.0, 1.0, 1.0, 1.0, 1.0, 1.0, 1.0]
Preds: [17, 17, 17, 70, 70, 70, 70, 65, 65, 284, 284, 315, 315, 315, 460, 406, 406, 406, 406, 406, 467, 134, 375, 98, 98, 98, 98, 13, 13, 229, 82, 82, 312, 126, 292, 292, 326, 408, 408, 408, 408, 228, 228, 244, 320, 7, 188, 152, 152, 374, 374, 406, 406, 467, 288, 456, 134, 378, 43, 43, 43, 276, 346, 346, 346, 284, 376, 460, 206, 240, 385, 35, 77, 342, 342, 86, 183, 219, 152, 152, 378, 88, 274, 497, 43, 416, 8, 239, 208, 208, 441, 153, 387, 387, 274, 122, 236, 239, 239, 310, 107, 107, 107, 395, 395, 180, 315, 315, 319, 450, 450, 43, 43, 276, 276, 109, 109, 403, 146, 324, 301, 301, 251, 251, 251, 241, 431, 403, 171, 171, 171, 171, 301, 378, 43, 364, 364, 364, 276, 345, 345, 141, 186, 31, 342, 342, 342, 224, 273, 483, 106, 284, 284, 206, 206, 175, 251, 241, 431, 486, 486, 460, 240, 240, 314, 239, 239, 384, 114, 180, 486, 486, 486, 282, 388, 94, 94, 94, 199, 41, 19, 19, 19, 454, 454, 229, 170, 392, 392, 392, 392, 392, 187, 187, 12, 12, 23, 23, 23, 23, 101, 391, 391, 228, 73, 73, 321, 287, 287, 287, 284, 284, 450, 43, 88, 276, 174, 109, 109, 438, 146, 324, 324, 301, 301, 251, 251, 251, 241, 431, 403, 403, 171, 171, 171, 171, 301, 301, 378, 43, 43, 364, 276, 276, 345, 387, 141, 186, 162, 232, 54, 172, 172, 172, 115, 273, 106, 375, 375, 98, 98, 98, 98, 98, 13, 13, 414, 229, 82, 247, 312, 126, 23, 23, 23, 408, 391, 391, 391, 73, 73, 73, 73, 244, 209, 287, 287, 284, 284, 450, 293, 43, 43, 276, 276, 174, 109, 109, 438, 146, 324, 324, 422, 186, 99, 338, 338, 338, 338, 338, 338, 395, 395, 470, 264, 264, 264, 264, 120, 120, 240, 240, 175, 175, 431, 431, 486, 486, 460, 240, 240, 314, 239, 239, 384, 371, 180, 180, 486, 486, 282, 282, 388, 94, 94, 10, 303, 199, 41, 19, 19, 19, 454, 229, 170, 170, 392, 392, 244, 392, 392, 392, 63, 63, 392, 392, 73, 73, 244, 320, 7, 473, 473, 476, 171, 171, 252, 24, 239, 310, 107, 395, 324, 324, 26, 26, 359, 81, 166, 191, 324, 301, 251, 251, 251, 241, 431, 106, 496, 274, 416, 8, 239, 144, 208, 106, 387, 387, 206, 240, 35, 36, 36, 108, 224, 273, 355, 355, 355, 452, 420, 435, 420, 420, 420, 420, 420, 420, 420, 420, 420, 420, 420, 420, 420, 420, 420, 420, 420, 420, 420, 420, 420, 420, 420, 420, 420, 420, 420, 420, 420, 420, 420, 420, 420, 420, 420, 420, 420, 420, 420, 420, 420, 420, 420, 420, 420, 420, 420, 420, 420, 420, 420, 420, 420, 420, 420, 420, 420, 420, 420, 420, 420, 420, 420, 420, 420, 420, 420, 420, 420, 420, 420, 420, 420, 420, 420, 420, 420, 420, 420, 420, 420, 420, 420, 420, 420, 420, 420, 420, 420, 420, 420, 420, 420, 420, 420, 420, 420, 420, 420, 420, 420, 420, 420, 420, 420, 420, 420, 420, 420, 420, 420, 420, 420, 420, 420, 420, 420, 420, 420, 420, 420, 420, 420, 420, 420, 420, 420, 420, 420, 420, 420, 420, 420, 420, 420, 420, 420, 420, 420, 420, 420, 420, 420, 420, 420, 420, 420, 420, 420, 420, 420, 420, 420, 420, 420, 420, 420, 420, 420, 420, 420, 420, 420, 420, 420, 420, 420, 420, 420, 420, 420, 420, 420, 420, 420, 420, 420, 420]

ep333
Train step Loss: [0.945570707321167, 0.9455651640892029, 0.9455469250679016, 0.9455869197845459, 0.945556104183197, 0.9455525279045105, 0.9455801844596863, 0.9455633163452148, 0.9455850720405579, 0.9455890655517578, 0.9455851316452026, 0.9456006288528442, 0.9455304145812988, 0.9456090331077576, 0.9456283450126648, 0.9456242918968201, 0.9456223249435425, 0.9455324411392212, 0.945630669593811, 0.9455825090408325, 0.945574939250946, 0.9455523490905762, 0.9455751776695251, 0.9455177783966064, 0.9455509781837463, 0.9455510377883911, 0.9456207752227783, 0.9455936551094055, 0.9456538558006287, 0.9455301761627197, 0.9455851316452026, 0.9456060528755188, 0.9455116391181946, 0.9455640912055969, 0.9455241560935974, 0.9455981850624084, 0.9456662535667419, 0.9455785751342773, 0.945561408996582, 0.9455162882804871, 0.9456086158752441, 0.9455656409263611, 0.9455872178077698, 0.9455718994140625, 0.9456048011779785, 0.9455782771110535, 0.9455245733261108, 0.9455951452255249, 0.9456315040588379, 0.9455601572990417, 0.9455925226211548, 0.9456460475921631, 0.9456521272659302, 0.9455494284629822, 0.9455570578575134, 0.9455937147140503, 0.9455364942550659, 0.9455586671829224, 0.9455739259719849, 0.9455858469009399, 0.9456644058227539, 0.945558488368988, 0.9456571340560913, 0.9454841017723083, 0.9455792307853699, 0.9456376433372498, 0.9455845355987549, 0.9455953240394592, 0.9455602169036865, 0.9455469846725464, 0.9455905556678772, 0.945560872554779, 0.945615828037262, 0.94559645652771, 0.9456139206886292, 0.9455854296684265, 0.9455525279045105, 0.9456186294555664, 0.9456043243408203, 0.9455662965774536, 0.9456465840339661, 0.9455302357673645, 0.9455322027206421, 0.9455716609954834, 0.9455676078796387, 0.9455974698066711, 0.9455366134643555, 0.9456167221069336, 0.9455550312995911, 0.9455588459968567, 0.9456111192703247, 0.9455925822257996, 0.9456503987312317, 0.9455804824829102, 0.9455547332763672, 0.9455980062484741, 0.9456027746200562, 0.9455831050872803, 0.9454846978187561, 0.9455896019935608, 0.9455926418304443, 0.9455822110176086, 0.9455921053886414, 0.9455226063728333, 0.9456179738044739]
val step Loss: [0.945797860622406, 0.9457247853279114, 0.946799099445343, 0.9458115696907043, 0.9458017349243164, 0.9469162821769714, 0.9476268291473389, 0.9457257986068726, 0.9458001852035522, 0.9460809230804443, 0.9467264413833618, 0.9457132816314697, 0.9458886981010437, 0.9458728432655334, 0.9458329081535339, 0.949511706829071, 0.9459104537963867, 0.946791410446167, 0.9458127617835999, 0.9457820057868958, 0.945857584476471, 0.9458555579185486, 0.9457587003707886, 0.9458408355712891, 0.9457988739013672, 0.9515570402145386, 0.945880651473999]
Train step Accs: [1.0, 1.0, 1.0, 1.0, 1.0, 1.0, 1.0, 1.0, 1.0, 1.0, 1.0, 1.0, 1.0, 1.0, 1.0, 1.0, 1.0, 1.0, 1.0, 1.0, 1.0, 1.0, 1.0, 1.0, 1.0, 1.0, 1.0, 1.0, 1.0, 1.0, 1.0, 1.0, 1.0, 1.0, 1.0, 1.0, 1.0, 1.0, 1.0, 1.0, 1.0, 1.0, 1.0, 1.0, 1.0, 1.0, 1.0, 1.0, 1.0, 1.0, 1.0, 1.0, 1.0, 1.0, 1.0, 1.0, 1.0, 1.0, 1.0, 1.0, 1.0, 1.0, 1.0, 1.0, 1.0, 1.0, 1.0, 1.0, 1.0, 1.0, 1.0, 1.0, 1.0, 1.0, 1.0, 1.0, 1.0, 1.0, 1.0, 1.0, 1.0, 1.0, 1.0, 1.0, 1.0, 1.0, 1.0, 1.0, 1.0, 1.0, 1.0, 1.0, 1.0, 1.0, 1.0, 1.0, 1.0, 1.0, 1.0, 1.0, 1.0, 1.0, 1.0, 1.0, 1.0]
val step Accs: [1.0, 1.0, 0.9998276753403412, 1.0, 1.0, 0.999827258593885, 0.9996812749003984, 1.0, 1.0, 1.0, 0.9998281786941581, 1.0, 1.0, 1.0, 1.0, 0.9993227226549272, 1.0, 0.9998596688184115, 1.0, 1.0, 1.0, 1.0, 1.0, 1.0, 1.0, 0.9989438479140996, 1.0]
Preds: [17, 17, 217, 217, 473, 473, 65, 443, 443, 443, 171, 171, 416, 416, 32, 239, 239, 107, 395, 180, 84, 84, 355, 355, 98, 98, 98, 13, 13, 229, 229, 247, 312, 312, 126, 126, 326, 101, 101, 149, 149, 20, 289, 320, 7, 473, 473, 65, 476, 171, 252, 143, 36, 36, 449, 449, 400, 324, 324, 301, 325, 325, 34, 166, 324, 324, 324, 301, 251, 251, 251, 241, 431, 106, 496, 274, 274, 43, 8, 8, 32, 354, 208, 441, 441, 442, 98, 98, 48, 48, 170, 20, 170, 20, 20, 28, 20, 28, 312, 187, 187, 187, 2, 2, 2, 2, 163, 163, 20, 163, 163, 73, 20, 73, 289, 20, 209, 287, 287, 284, 284, 111, 450, 43, 43, 276, 276, 276, 276, 387, 387, 387, 406, 406, 406, 467, 337, 337, 278, 258, 31, 342, 54, 86, 224, 224, 224, 302, 302, 497, 413, 399, 217, 217, 473, 473, 398, 398, 398, 286, 286, 468, 406, 406, 380, 380, 499, 284, 426, 426, 98, 98, 98, 13, 414, 414, 170, 47, 47, 47, 47, 80, 80, 20, 80, 7, 7, 7, 217, 217, 473, 473, 65, 264, 264, 264, 264, 468, 468, 406, 406, 337, 337, 337, 324, 301, 359, 251, 251, 241, 166, 324, 324, 324, 301, 301, 251, 251, 241, 241, 431, 84, 84, 293, 497, 416, 8, 239, 208, 27, 106, 387, 206, 240, 385, 36, 108, 342, 224, 224, 273, 355, 355, 355, 435, 420, 420, 420, 420, 420, 420, 420, 420, 420, 420, 420, 420, 420, 420, 420, 420, 420, 420, 420, 420, 420, 420, 420, 420, 420, 420, 420, 420, 420, 420, 420, 420, 420, 420, 420, 420, 420, 420, 420, 420, 420, 420, 420, 420, 420, 420, 420, 420, 420, 420, 420, 420, 420, 420, 420, 420, 420, 420, 420, 420, 420, 420, 420, 420, 420, 420, 420, 420, 420, 420, 420, 420, 420, 420, 420, 420, 420, 420, 420, 420, 420, 420, 420, 420, 420, 420, 420, 420, 420, 420, 420, 420, 420, 420, 420, 420, 420, 420, 420, 420, 420, 420, 420, 420, 420, 420, 420, 420, 420, 420, 420, 420, 420, 420, 420, 420, 420, 420, 420, 420, 420, 420, 420, 420, 420, 420, 420, 420, 420, 420, 420, 420, 420, 420, 420, 420, 420, 420, 420, 420, 420, 420, 420, 420, 420, 420, 420, 420, 420, 420, 420, 420, 420, 420, 420, 420, 420, 420, 420, 420, 420, 420, 420, 420, 420, 420, 420, 420, 420, 420, 420, 420, 420, 420, 420, 420, 420, 420, 420, 420, 420, 420, 420, 420, 420, 420, 420, 420, 420, 420, 420, 420, 420, 420, 420, 420, 420, 420, 420, 420, 420, 420, 420, 420, 420, 420, 420, 420, 420, 420, 420, 420, 420, 420, 420, 420, 420, 420, 420, 420, 420, 420, 420, 420, 420, 420, 420, 420, 420, 420, 420, 420, 420, 420, 420, 420, 420, 420, 420, 420, 420, 420, 420, 420, 420, 420, 420, 420, 420, 420, 420, 420, 420, 420, 420, 420, 420, 420, 420, 420, 420, 420, 420, 420, 420, 420, 420, 420, 420, 420, 420, 420, 420, 420, 420, 420, 420, 420, 420, 420, 420, 420, 420, 420, 420, 420, 420, 420, 420, 420, 420, 420, 420, 420, 420, 420, 420, 420, 420, 420, 420, 420, 420, 420, 420, 420, 420, 420, 420, 420, 420, 420, 420, 420, 420, 420, 420, 420, 420, 420, 420, 420, 420, 420, 420, 420, 420, 420, 420, 420, 420, 420, 420, 420, 420, 420, 420, 420, 420, 420, 420, 420, 420, 420, 420, 420, 420, 420, 420, 420, 420, 420, 420, 420, 420]

ep334
Train step Loss: [0.9456034898757935, 0.9456660151481628, 0.9456139206886292, 0.9455946683883667, 0.9456073641777039, 0.9455394744873047, 0.9455435872077942, 0.9455552101135254, 0.945528507232666, 0.9455596804618835, 0.9455203413963318, 0.9456606507301331, 0.9456373453140259, 0.9455848932266235, 0.9456028938293457, 0.9455751776695251, 0.9455134272575378, 0.9455826878547668, 0.9456042051315308, 0.9455607533454895, 0.9455858469009399, 0.9455537796020508, 0.9455509185791016, 0.9455422163009644, 0.9455797672271729, 0.9455630779266357, 0.9456024169921875, 0.9455757141113281, 0.945594310760498, 0.9455076456069946, 0.9455902576446533, 0.9456131458282471, 0.9456641674041748, 0.9456090927124023, 0.9455695748329163, 0.9455761909484863, 0.9455645084381104, 0.945574939250946, 0.9455752968788147, 0.9456861019134521, 0.9455882906913757, 0.9455985426902771, 0.9455070495605469, 0.9456003904342651, 0.9455759525299072, 0.9455651640892029, 0.9455665946006775, 0.9455744624137878, 0.9456583857536316, 0.9455738067626953, 0.9455724358558655, 0.9455412030220032, 0.9455579519271851, 0.9455915689468384, 0.9455636143684387, 0.9455842971801758, 0.9455300569534302, 0.9456424713134766, 0.9456031918525696, 0.9455505013465881, 0.9456000328063965, 0.945564866065979, 0.9456160664558411, 0.9455799460411072, 0.9455715417861938, 0.9455552101135254, 0.9455825090408325, 0.9455857872962952, 0.9455504417419434, 0.9455463886260986, 0.9456009268760681, 0.9455605149269104, 0.9455958008766174, 0.9455565810203552, 0.9456588625907898, 0.9456039667129517, 0.9455470442771912, 0.9455657601356506, 0.9455254673957825, 0.9455707669258118, 0.9455483555793762, 0.94569993019104, 0.9456514120101929, 0.9455564618110657, 0.9456045627593994, 0.9456037282943726, 0.9455770254135132, 0.9455679655075073, 0.945655345916748, 0.9455631971359253, 0.9455013871192932, 0.9455357789993286, 0.9456373453140259, 0.945612370967865, 0.9455909729003906, 0.9455903768539429, 0.9455714225769043, 0.9456276297569275, 0.9456148147583008, 0.9456013441085815, 0.9456401467323303, 0.9455999732017517, 0.9455249309539795, 0.9456201791763306, 0.9455565214157104]
val step Loss: [0.947451651096344, 0.9457786083221436, 0.9458248019218445, 0.9459331035614014, 0.9458156824111938, 0.9458014369010925, 0.9467849731445312, 0.949752151966095, 0.9458842873573303, 0.9457827210426331, 0.9459070563316345, 0.9458593130111694, 0.9459026455879211, 0.9459972381591797, 0.9457208514213562, 0.9458292722702026, 0.9467214941978455, 0.9465414881706238, 0.9459096193313599, 0.9458078145980835, 0.9458621144294739, 0.9459257125854492, 0.9457924365997314, 0.9468945860862732, 0.9458979368209839, 0.9504472017288208, 0.9457909464836121]
Train step Accs: [1.0, 1.0, 1.0, 1.0, 1.0, 1.0, 1.0, 1.0, 1.0, 1.0, 1.0, 1.0, 1.0, 1.0, 1.0, 1.0, 1.0, 1.0, 1.0, 1.0, 1.0, 1.0, 1.0, 1.0, 1.0, 1.0, 1.0, 1.0, 1.0, 1.0, 1.0, 1.0, 1.0, 1.0, 1.0, 1.0, 1.0, 1.0, 1.0, 1.0, 1.0, 1.0, 1.0, 1.0, 1.0, 1.0, 1.0, 1.0, 1.0, 1.0, 1.0, 1.0, 1.0, 1.0, 1.0, 1.0, 1.0, 1.0, 1.0, 1.0, 1.0, 1.0, 1.0, 1.0, 1.0, 1.0, 1.0, 1.0, 1.0, 1.0, 1.0, 1.0, 1.0, 1.0, 1.0, 1.0, 1.0, 1.0, 1.0, 1.0, 1.0, 1.0, 1.0, 1.0, 1.0, 1.0, 1.0, 1.0, 1.0, 1.0, 1.0, 1.0, 1.0, 1.0, 1.0, 1.0, 1.0, 1.0, 1.0, 1.0, 1.0, 1.0, 1.0, 1.0, 1.0]
val step Accs: [0.999692733138731, 1.0, 1.0, 1.0, 1.0, 1.0, 0.9998268997749697, 0.9992831541218637, 1.0, 1.0, 1.0, 1.0, 1.0, 1.0, 1.0, 1.0, 0.999847607436757, 0.9998498723915328, 1.0, 1.0, 1.0, 1.0, 1.0, 0.9998180825905039, 1.0, 0.9991507430997877, 1.0]
Preds: [17, 17, 70, 70, 70, 70, 65, 65, 284, 486, 315, 315, 315, 315, 468, 406, 406, 406, 406, 406, 406, 467, 134, 302, 375, 375, 98, 98, 48, 48, 229, 229, 244, 247, 312, 312, 126, 326, 326, 101, 101, 149, 149, 228, 82, 83, 287, 287, 284, 450, 43, 43, 276, 276, 276, 276, 346, 387, 387, 387, 406, 42, 42, 147, 337, 337, 324, 278, 31, 162, 54, 54, 482, 482, 482, 224, 273, 494, 494, 203, 399, 217, 217, 217, 473, 398, 219, 219, 286, 286, 301, 406, 406, 380, 380, 499, 499, 284, 426, 98, 98, 98, 98, 13, 414, 414, 170, 244, 392, 392, 392, 244, 187, 187, 12, 201, 201, 392, 392, 392, 392, 392, 392, 73, 73, 244, 209, 188, 188, 264, 264, 264, 264, 468, 468, 406, 406, 147, 337, 337, 337, 324, 324, 301, 26, 251, 251, 251, 251, 241, 431, 486, 376, 376, 376, 376, 460, 169, 169, 263, 263, 225, 225, 237, 237, 249, 82, 237, 225, 225, 225, 197, 197, 82, 209, 411, 157, 153, 387, 387, 143, 143, 129, 129, 458, 82, 208, 208, 441, 437, 100, 153, 182, 375, 98, 98, 98, 17, 420, 420, 420, 420, 420, 420, 420, 420, 420, 420, 420, 420, 420, 420, 420, 420, 420, 420, 420, 420, 420, 420, 420, 420, 420, 420, 420, 420, 420, 420, 420, 420, 420, 420, 420, 420, 420, 420, 420, 420, 420, 420, 420, 420, 420, 420, 420, 420, 420, 420, 420, 420, 420, 420, 420, 420, 420, 420, 420, 420, 420, 420, 420, 420, 420, 420, 420, 420, 420, 420, 420, 420, 420, 420, 420, 420, 420, 420, 420, 420, 420, 420, 420, 420, 420, 420, 420, 420, 420, 420, 420, 420, 420, 420, 420, 420, 420, 420, 420, 420, 420, 420, 420, 420, 420, 420, 420, 420, 420, 420, 420, 420, 420, 420, 420, 420, 420, 420, 420, 420, 420, 420, 420, 420, 420, 420, 420, 420, 420, 420, 420, 420, 420, 420, 420, 420, 420, 420, 420, 420, 420, 420, 420, 420, 420, 420, 420, 420, 420, 420, 420, 420, 420, 420, 420, 420, 420, 420, 420, 420, 420, 420, 420, 420, 420, 420, 420, 420, 420, 420, 420, 420, 420, 420, 420, 420, 420, 420, 420, 420, 420, 420, 420, 420, 420, 420, 420, 420, 420, 420, 420, 420, 420, 420, 420, 420, 420, 420, 420, 420, 420, 420, 420, 420, 420, 420, 420, 420, 420, 420, 420, 420, 420, 420, 420, 420, 420, 420, 420, 420, 420, 420, 420, 420, 420, 420, 420, 420, 420, 420, 420, 420, 420, 420, 420, 420, 420, 420, 420, 420, 420, 420, 420, 420, 420, 420, 420, 420, 420, 420, 420, 420, 420, 420, 420, 420, 420, 420, 420, 420, 420, 420, 420, 420, 420, 420, 420, 420, 420, 420, 420, 420, 420, 420, 420, 420, 420, 420, 420, 420, 420, 420, 420, 420, 420, 420, 420, 420, 420, 420, 420, 420, 420, 420, 420, 420, 420, 420, 420, 420, 420, 420, 420, 420, 420, 420, 420, 420, 420, 420, 420, 420, 420, 420, 420, 420, 420, 420, 420, 420, 420, 420, 420, 420, 420, 420, 420, 420, 420, 420, 420, 420, 420, 420, 420, 420, 420, 420, 420, 420, 420, 420, 420, 420, 420, 420, 420, 420, 420, 420, 420, 420, 420, 420, 420, 420, 420, 420, 420, 420, 420, 420, 420, 420, 420, 420, 420, 420, 420, 420, 420, 420, 420, 420, 420, 420, 420, 420, 420, 420, 420, 420, 420, 420, 420, 420, 420, 420, 420, 420, 420, 420, 420, 420, 420, 420, 420, 420, 420, 420, 420, 420]

