ep215
Train step Loss: [0.9457916021347046, 0.9458851218223572, 0.9457827210426331, 0.9459278583526611, 0.945833146572113, 0.9459086060523987, 0.9459130167961121, 0.9458452463150024, 0.9458045959472656, 0.9459091424942017, 0.9459073543548584, 0.9458176493644714, 0.9458584785461426, 0.9458410739898682, 0.9457855224609375, 0.9459227919578552, 0.9458292722702026, 0.9458025693893433, 0.9458363056182861, 0.9458239078521729, 0.945877730846405, 0.9458463191986084, 0.9458661079406738, 0.9458396434783936, 0.9458215236663818, 0.9458500742912292, 0.9457924962043762, 0.945824384689331, 0.9458076357841492, 0.9458475112915039, 0.9458851218223572, 0.9458419680595398, 0.9458590149879456, 0.9458322525024414, 0.9459180235862732, 0.9459781050682068, 0.945902943611145, 0.9458737969398499, 0.9457396268844604, 0.9457611441612244, 0.9458750486373901, 0.945881724357605, 0.9460479617118835, 0.9458322525024414, 0.945789098739624, 0.9458884000778198, 0.9458603858947754, 0.9458626508712769, 0.9458950161933899, 0.945875883102417, 0.9458377957344055, 0.94585782289505, 0.9458211064338684, 0.9458304047584534, 0.9459883570671082, 0.9458529949188232, 0.945823073387146, 0.9459119439125061, 0.9459282159805298, 0.9459073543548584, 0.9458841681480408, 0.9460069537162781, 0.9458057284355164, 0.9458533525466919, 0.9458522200584412, 0.9458320736885071, 0.9459028244018555, 0.9458482265472412, 0.9458856582641602, 0.9458598494529724, 0.9458083510398865, 0.9458767175674438, 0.9458912014961243, 0.9459384679794312, 0.9457479119300842, 0.9459168314933777, 0.9458389282226562, 0.9459097981452942, 0.945882260799408, 0.9459463953971863, 0.9458642601966858, 0.945800244808197, 0.9459105134010315, 0.9458959102630615, 0.9458608627319336, 0.9458281993865967, 0.9458020925521851, 0.945884644985199, 0.9457966089248657, 0.9458451867103577, 0.9458114504814148, 0.9459075927734375, 0.9458218812942505, 0.9458422064781189, 0.94582200050354, 0.9458884596824646, 0.9458147287368774, 0.945815920829773, 0.9458356499671936, 0.9458101391792297, 0.9458719491958618, 0.9457576274871826, 0.9457378387451172, 0.9458420276641846, 0.9458880424499512]
val step Loss: [0.948392927646637, 0.9479987025260925, 0.946133017539978, 0.9522511959075928, 0.9463845491409302, 0.9461495280265808, 0.9463133215904236, 0.9463455677032471, 0.9465070962905884, 0.9467027187347412, 0.9462683796882629, 0.9461377859115601, 0.946358323097229, 0.9463558197021484, 0.9464404582977295, 0.9462660551071167, 0.9472295045852661, 0.9464039206504822, 0.9463690519332886, 0.9463030099868774, 0.9472256302833557, 0.9463165998458862, 0.9502768516540527, 0.9464723467826843, 0.9463499188423157, 0.9465711712837219, 0.9462778568267822]
Train step Accs: [1.0, 1.0, 1.0, 1.0, 1.0, 1.0, 1.0, 1.0, 1.0, 1.0, 1.0, 1.0, 1.0, 1.0, 1.0, 1.0, 1.0, 1.0, 1.0, 1.0, 1.0, 1.0, 1.0, 1.0, 1.0, 1.0, 1.0, 1.0, 1.0, 1.0, 1.0, 1.0, 1.0, 1.0, 1.0, 1.0, 1.0, 1.0, 1.0, 1.0, 1.0, 1.0, 1.0, 1.0, 1.0, 1.0, 1.0, 1.0, 1.0, 1.0, 1.0, 1.0, 1.0, 1.0, 1.0, 1.0, 1.0, 1.0, 1.0, 1.0, 1.0, 1.0, 1.0, 1.0, 1.0, 1.0, 1.0, 1.0, 1.0, 1.0, 1.0, 1.0, 1.0, 1.0, 1.0, 1.0, 1.0, 1.0, 1.0, 1.0, 1.0, 1.0, 1.0, 1.0, 1.0, 1.0, 1.0, 1.0, 1.0, 1.0, 1.0, 1.0, 1.0, 1.0, 1.0, 1.0, 1.0, 1.0, 1.0, 1.0, 1.0, 1.0, 1.0, 1.0, 1.0]
val step Accs: [0.9996630727762803, 0.9997021593447506, 1.0, 0.9989165763813651, 1.0, 1.0, 1.0, 1.0, 1.0, 1.0, 1.0, 1.0, 1.0, 1.0, 1.0, 1.0, 0.9998456551937027, 1.0, 1.0, 1.0, 0.9998104624715694, 1.0, 0.9993044687880369, 1.0, 1.0, 1.0, 1.0]
Preds: [17, 17, 152, 152, 152, 378, 378, 43, 276, 345, 345, 109, 174, 284, 319, 240, 240, 240, 314, 239, 82, 82, 449, 371, 444, 213, 324, 324, 324, 286, 301, 132, 42, 42, 147, 380, 380, 288, 443, 432, 330, 330, 388, 33, 33, 64, 394, 398, 219, 464, 464, 464, 180, 315, 315, 450, 450, 293, 43, 43, 43, 364, 276, 276, 276, 276, 346, 346, 284, 284, 284, 284, 376, 376, 206, 206, 85, 85, 240, 388, 251, 251, 251, 251, 251, 251, 241, 431, 355, 355, 452, 263, 263, 263, 420, 374, 374, 374, 374, 374, 374, 374, 374, 374, 374, 374, 374, 374, 374, 374, 374, 374, 374, 374, 374, 374, 374, 374, 374, 374, 374, 374, 374, 374, 374, 374, 374, 374, 374, 374, 374, 374, 374, 374, 374, 374, 374, 374, 374, 374, 374, 374, 374, 374, 374, 374, 374, 374, 374, 374, 374, 374, 374, 374, 374, 374, 374, 374, 374, 374, 374, 374, 374, 374, 374, 374, 374, 374, 374, 374, 374, 374, 374, 374, 374, 374, 374, 374, 374, 374, 374, 374, 374, 374, 374, 374, 374, 374, 374, 374, 374, 374, 374, 374, 374, 374, 374, 374, 374, 374, 374, 374, 374, 374, 374, 374, 374, 374, 374, 374, 374, 374, 374, 374, 374, 374, 374, 374, 374, 374, 374, 374, 374, 374, 374, 374, 374, 374, 374, 374, 374, 374, 374, 374, 374, 374, 374, 374, 374, 374, 374, 374, 374, 374, 374, 374, 374, 374, 374, 374, 374, 374, 374, 374, 374, 374, 374, 374, 374, 374, 374, 374, 374, 374, 374, 374, 374, 374, 374, 374, 374, 374, 374, 374, 374, 374, 374, 374, 374, 374, 374, 374, 374, 374, 374, 374, 374, 374, 374, 374, 374, 374, 374, 374, 374, 374, 374, 374, 374, 374, 374, 374, 374, 374, 374, 374, 374, 374, 374, 374, 374, 374, 374, 374, 374, 374, 374, 374, 374, 374, 374, 374, 374, 374, 374, 374, 374, 374, 374, 374, 374, 374, 374, 374, 374, 374, 374, 374, 374, 374, 374, 374, 374, 374, 374, 374, 374, 374, 374, 374, 374, 374, 374, 374, 374, 374, 374, 374, 374, 374, 374, 374, 374, 374, 374, 374, 374, 374, 374, 374, 374, 374, 374, 374, 374, 374, 374, 374, 374, 374, 374, 374, 374, 374, 374, 374, 374, 374, 374, 374, 374, 374, 374, 374, 374, 374, 374, 374, 374, 374, 374, 374, 374, 374, 374, 374, 374, 374, 374, 374, 374, 374, 374, 374, 374, 374, 374, 374, 374, 374, 374, 374, 374, 374, 374, 374, 374, 374, 374, 374, 374, 374, 374, 374, 374, 374, 374, 374, 374, 374, 374, 374, 374, 374, 374, 374, 374, 374, 374, 374, 374, 374, 374, 374, 374, 374, 374, 374, 374, 374, 374, 374, 374, 374, 374, 374, 374, 374, 374, 374, 374, 374, 374, 374, 374, 374, 374, 374, 374, 374, 374, 374, 374, 374, 374, 374, 374, 374, 374, 374, 374, 374, 374, 374, 374, 374, 374, 374, 374, 374, 374, 374, 374, 374, 374, 374, 374, 374, 374, 374, 374, 374, 374, 374, 374, 374, 374, 374, 374, 374, 374, 374, 374, 374, 374, 374, 374, 374, 374, 374, 374, 374, 374, 374, 374, 374, 374, 374, 374, 374, 374, 374, 374, 374, 374, 374, 374, 374, 374, 374, 374, 374, 374, 374, 374, 374, 374, 374, 374, 374, 374, 374, 374, 374, 374, 374, 374, 374, 374, 374, 374, 374, 374, 374, 374, 374, 374, 374, 374, 374, 374, 374, 374, 374, 374, 374, 374, 374, 374, 374, 374, 374, 374, 374, 374, 374, 374, 374, 374, 374]

ep216
Train step Loss: [0.9458065629005432, 0.9459301233291626, 0.9458096623420715, 0.9459813833236694, 0.9459438323974609, 0.9458087682723999, 0.9459084868431091, 0.945839524269104, 0.945766031742096, 0.9458250999450684, 0.9458588361740112, 0.9459030032157898, 0.9458010196685791, 0.9459199905395508, 0.9457900524139404, 0.9458560943603516, 0.9460497498512268, 0.945892870426178, 0.9458223581314087, 0.9459304213523865, 0.9458864331245422, 0.9459022879600525, 0.9459306001663208, 0.9458163976669312, 0.945820152759552, 0.9458357691764832, 0.9458532333374023, 0.945835292339325, 0.9458723664283752, 0.9459220767021179, 0.9459063410758972, 0.9458495378494263, 0.9459238052368164, 0.9458096623420715, 0.9458987712860107, 0.9458271861076355, 0.9458508491516113, 0.9458078742027283, 0.9458790421485901, 0.9458503127098083, 0.9458221197128296, 0.945882260799408, 0.9459015130996704, 0.9458528757095337, 0.9458602070808411, 0.9458979964256287, 0.9458476305007935, 0.9458428621292114, 0.9458507299423218, 0.9458132386207581, 0.9458166360855103, 0.9459133744239807, 0.9459689855575562, 0.9458121061325073, 0.945903480052948, 0.9458509683609009, 0.945890486240387, 0.9457828998565674, 0.9457811117172241, 0.9458404779434204, 0.9457811713218689, 0.9458317160606384, 0.9458667635917664, 0.9457899332046509, 0.945868730545044, 0.9457927942276001, 0.9459323287010193, 0.9459463357925415, 0.9458370208740234, 0.945747435092926, 0.9458480477333069, 0.9458819627761841, 0.9458930492401123, 0.9458370208740234, 0.9458737373352051, 0.9457883238792419, 0.9458667039871216, 0.9458243250846863, 0.9459198713302612, 0.9458715319633484, 0.9458521008491516, 0.9458019137382507, 0.9458627700805664, 0.9458295702934265, 0.9458781480789185, 0.9458708167076111, 0.945889413356781, 0.9458869695663452, 0.9458491206169128, 0.9458950757980347, 0.9458606243133545, 0.9458694458007812, 0.945792555809021, 0.9458379149436951, 0.9458460807800293, 0.9458670616149902, 0.945925235748291, 0.945850133895874, 0.9459370970726013, 0.9458954930305481, 0.9458866119384766, 0.9457941055297852, 0.945813775062561, 0.9459208250045776, 0.9458073973655701]
val step Loss: [0.9464516639709473, 0.9463174343109131, 0.9463648796081543, 0.9463534355163574, 0.9464225769042969, 0.9473511576652527, 0.9473907351493835, 0.9466570019721985, 0.9463757276535034, 0.9463839530944824, 0.9463443756103516, 0.9576628804206848, 0.9464470744132996, 0.9463320970535278, 0.9473175406455994, 0.9464043378829956, 0.9462811350822449, 0.946452796459198, 0.9465822577476501, 0.9464860558509827, 0.9471741914749146, 0.9463522434234619, 0.9464022517204285, 0.9463029503822327, 0.9464311003684998, 0.9463902115821838, 0.9462891221046448]
Train step Accs: [1.0, 1.0, 1.0, 1.0, 1.0, 1.0, 1.0, 1.0, 1.0, 1.0, 1.0, 1.0, 1.0, 1.0, 1.0, 1.0, 1.0, 1.0, 1.0, 1.0, 1.0, 1.0, 1.0, 1.0, 1.0, 1.0, 1.0, 1.0, 1.0, 1.0, 1.0, 1.0, 1.0, 1.0, 1.0, 1.0, 1.0, 1.0, 1.0, 1.0, 1.0, 1.0, 1.0, 1.0, 1.0, 1.0, 1.0, 1.0, 1.0, 1.0, 1.0, 1.0, 1.0, 1.0, 1.0, 1.0, 1.0, 1.0, 1.0, 1.0, 1.0, 1.0, 1.0, 1.0, 1.0, 1.0, 1.0, 1.0, 1.0, 1.0, 1.0, 1.0, 1.0, 1.0, 1.0, 1.0, 1.0, 1.0, 1.0, 1.0, 1.0, 1.0, 1.0, 1.0, 1.0, 1.0, 1.0, 1.0, 1.0, 1.0, 1.0, 1.0, 1.0, 1.0, 1.0, 1.0, 1.0, 1.0, 1.0, 1.0, 1.0, 1.0, 1.0, 1.0, 1.0]
val step Accs: [1.0, 1.0, 1.0, 1.0, 1.0, 0.99981556621173, 0.9998213009292352, 1.0, 1.0, 1.0, 1.0, 0.9979256698357822, 1.0, 1.0, 0.9998423707440101, 1.0, 1.0, 1.0, 1.0, 1.0, 0.9998325238653492, 1.0, 1.0, 1.0, 1.0, 1.0, 1.0]
Preds: [17, 17, 441, 153, 153, 153, 424, 387, 497, 497, 122, 122, 35, 35, 259, 384, 371, 180, 180, 84, 84, 139, 16, 16, 375, 375, 375, 375, 98, 98, 98, 13, 13, 414, 414, 249, 249, 20, 47, 312, 187, 187, 101, 101, 101, 101, 149, 149, 149, 321, 287, 287, 287, 287, 297, 297, 297, 293, 293, 293, 122, 216, 22, 106, 106, 106, 284, 284, 284, 284, 306, 306, 372, 245, 406, 406, 284, 65, 284, 284, 284, 376, 376, 282, 282, 169, 271, 150, 77, 342, 342, 168, 97, 483, 196, 196, 479, 199, 199, 199, 360, 360, 330, 252, 368, 310, 310, 395, 395, 213, 278, 278, 278, 252, 368, 77, 453, 453, 168, 485, 301, 301, 374, 199, 106, 84, 84, 84, 84, 496, 293, 215, 215, 8, 251, 241, 241, 106, 106, 106, 284, 426, 405, 387, 387, 406, 406, 467, 467, 337, 207, 207, 19, 358, 233, 414, 417, 417, 417, 417, 442, 442, 414, 170, 102, 491, 312, 292, 292, 292, 292, 326, 326, 408, 408, 408, 228, 321, 320, 451, 30, 30, 422, 99, 338, 338, 338, 338, 400, 400, 400, 400, 171, 171, 301, 301, 378, 43, 364, 345, 345, 109, 109, 476, 476, 171, 324, 324, 301, 301, 8, 259, 354, 354, 420, 420, 420, 324, 324, 301, 251, 251, 241, 241, 331, 443, 443, 443, 443, 120, 120, 120, 120, 207, 207, 207, 207, 37, 203, 399, 217, 217, 473, 473, 476, 476, 171, 171, 171, 171, 252, 252, 310, 453, 107, 395, 444, 213, 213, 360, 252, 252, 368, 77, 54, 54, 224, 168, 494, 278, 301, 116, 251, 251, 241, 431, 431, 486, 376, 376, 376, 376, 376, 460, 460, 460, 240, 240, 35, 198, 384, 371, 114, 180, 84, 84, 84, 387, 372, 467, 467, 467, 467, 467, 207, 207, 207, 19, 19, 17, 420, 374, 374, 374, 374, 374, 374, 374, 374, 374, 374, 374, 374, 374, 374, 374, 374, 374, 374, 374, 374, 374, 374, 374, 374, 374, 374, 374, 374, 374, 374, 374, 374, 374, 374, 374, 374, 374, 374, 374, 374, 374, 374, 374, 374, 374, 374, 374, 374, 374, 374, 374, 374, 374, 374, 374, 374, 374, 374, 374, 374, 374, 374, 374, 374, 374, 374, 374, 374, 374, 374, 374, 374, 374, 374, 374, 374, 374, 374, 374, 374, 374, 374, 374, 374, 374, 374, 374, 374, 374, 374, 374, 374, 374, 374, 374, 374, 374, 374, 374, 374, 374, 374, 374, 374, 374, 374, 374, 374, 374, 374, 374, 374, 374, 374, 374, 374, 374, 374, 374, 374, 374, 374, 374, 374, 374, 374, 374, 374, 374, 374, 374, 374, 374, 374, 374, 374, 374, 374, 374, 374, 374, 374, 374, 374, 374, 374, 374, 374, 374, 374, 374, 374, 374, 374, 374, 374, 374, 374, 374, 374, 374, 374, 374, 374, 374, 374, 374, 374, 374, 374, 374, 374, 374, 374, 374, 374, 374, 374, 374, 374, 374, 374, 374, 374, 374, 374, 374, 374, 374, 374, 374, 374, 374, 374, 374, 374, 374, 374, 374, 374, 374, 374, 374, 374, 374, 374, 374, 374, 374, 374, 374, 374, 374, 374, 374, 374, 374, 374, 374, 374, 374, 374, 374, 374, 374, 374, 374, 374, 374, 374, 374, 374, 374, 374, 374, 374, 374, 374, 374, 374, 374, 374, 374, 374, 374, 374, 374, 374, 374, 374, 374, 374, 374, 374, 374, 374, 374, 374, 374, 374, 374, 374, 374, 374, 374, 374, 374, 374, 374, 374, 374, 374, 374, 374, 374, 374, 374, 374, 374, 374, 374, 374, 374, 374, 374, 374, 374, 374, 374]

ep217
Train step Loss: [0.9457787275314331, 0.9458262920379639, 0.9458456635475159, 0.9458791017532349, 0.945876955986023, 0.9458245635032654, 0.9458694458007812, 0.9459080696105957, 0.945826530456543, 0.9457999467849731, 0.9458688497543335, 0.9458379149436951, 0.945783793926239, 0.9457434415817261, 0.9458398818969727, 0.9458808898925781, 0.945838987827301, 0.9458678364753723, 0.9458779096603394, 0.9458926916122437, 0.9458404183387756, 0.9458402395248413, 0.945862889289856, 0.9458813667297363, 0.9458760023117065, 0.9458550810813904, 0.9458778500556946, 0.9458959102630615, 0.9458272457122803, 0.9458500742912292, 0.945850133895874, 0.94588303565979, 0.9458749890327454, 0.9458470344543457, 0.9458376169204712, 0.945895791053772, 0.9458324909210205, 0.9459532499313354, 0.9459760785102844, 0.9459613561630249, 0.9458885192871094, 0.9459283947944641, 0.9458207488059998, 0.9458884596824646, 0.9457891583442688, 0.9458706378936768, 0.9459577798843384, 0.9458314776420593, 0.9459335803985596, 0.9458413124084473, 0.9458853006362915, 0.945794939994812, 0.9458836913108826, 0.9458672404289246, 0.9458826780319214, 0.9458474516868591, 0.9459114670753479, 0.9458563923835754, 0.9458703994750977, 0.9458864331245422, 0.9459077715873718, 0.9458870887756348, 0.945763885974884, 0.945809543132782, 0.945907711982727, 0.945823073387146, 0.9458749294281006, 0.9457772970199585, 0.9459459781646729, 0.9458957314491272, 0.9458080530166626, 0.9458160996437073, 0.9458755850791931, 0.9458728432655334, 0.9457862377166748, 0.9458203315734863, 0.9458320140838623, 0.9457994103431702, 0.9459211230278015, 0.9458284378051758, 0.9458581209182739, 0.9458851218223572, 0.9458099007606506, 0.9458012580871582, 0.9458648562431335, 0.9457955360412598, 0.945787787437439, 0.945885956287384, 0.945837140083313, 0.9458823800086975, 0.9457767605781555, 0.9459002017974854, 0.9458724856376648, 0.9460134506225586, 0.9459124803543091, 0.9459019899368286, 0.9458759427070618, 0.9458658695220947, 0.9458345174789429, 0.9458463191986084, 0.9458643198013306, 0.9458407163619995, 0.9458562135696411, 0.945784866809845, 0.9458274245262146]
val step Loss: [0.9463067054748535, 0.9463281035423279, 0.9463462829589844, 0.9463733434677124, 0.9464680552482605, 0.9462867975234985, 0.9463544487953186, 0.9463581442832947, 0.9465748071670532, 0.9474033713340759, 0.9464464783668518, 0.9464243650436401, 0.9463366270065308, 0.9465250968933105, 0.9465009570121765, 0.9465358853340149, 0.9516475796699524, 0.9497824311256409, 0.9472794532775879, 0.9477176666259766, 0.9465079307556152, 0.946366012096405, 0.9464121460914612, 0.9471748471260071, 0.9481167793273926, 0.9464035034179688, 0.9462357759475708]
Train step Accs: [1.0, 1.0, 1.0, 1.0, 1.0, 1.0, 1.0, 1.0, 1.0, 1.0, 1.0, 1.0, 1.0, 1.0, 1.0, 1.0, 1.0, 1.0, 1.0, 1.0, 1.0, 1.0, 1.0, 1.0, 1.0, 1.0, 1.0, 1.0, 1.0, 1.0, 1.0, 1.0, 1.0, 1.0, 1.0, 1.0, 1.0, 1.0, 1.0, 1.0, 1.0, 1.0, 1.0, 1.0, 1.0, 1.0, 1.0, 1.0, 1.0, 1.0, 1.0, 1.0, 1.0, 1.0, 1.0, 1.0, 1.0, 1.0, 1.0, 1.0, 1.0, 1.0, 1.0, 1.0, 1.0, 1.0, 1.0, 1.0, 1.0, 1.0, 1.0, 1.0, 1.0, 1.0, 1.0, 1.0, 1.0, 1.0, 1.0, 1.0, 1.0, 1.0, 1.0, 1.0, 1.0, 1.0, 1.0, 1.0, 1.0, 1.0, 1.0, 1.0, 1.0, 1.0, 1.0, 1.0, 1.0, 1.0, 1.0, 1.0, 1.0, 1.0, 1.0, 1.0, 1.0]
val step Accs: [1.0, 1.0, 1.0, 1.0, 1.0, 1.0, 1.0, 1.0, 1.0, 0.99982341515098, 1.0, 1.0, 1.0, 1.0, 1.0, 1.0, 0.9990495802312688, 0.9993951308029638, 0.9998344370860928, 0.9997679275934092, 1.0, 1.0, 1.0, 0.999857020303117, 0.9996805622105095, 1.0, 1.0]
Preds: [17, 17, 17, 345, 442, 487, 152, 152, 152, 301, 378, 43, 276, 345, 109, 109, 284, 486, 460, 240, 240, 385, 314, 32, 239, 75, 384, 371, 191, 191, 240, 385, 143, 401, 244, 75, 127, 273, 180, 486, 486, 486, 460, 282, 167, 385, 457, 196, 196, 219, 398, 464, 464, 486, 486, 460, 460, 215, 215, 401, 401, 244, 321, 354, 420, 420, 324, 422, 77, 478, 68, 68, 68, 224, 273, 444, 444, 324, 301, 314, 217, 473, 398, 398, 324, 301, 10, 10, 309, 479, 380, 374, 213, 213, 213, 213, 246, 301, 301, 378, 29, 134, 134, 134, 203, 280, 337, 324, 324, 324, 324, 3, 464, 464, 145, 113, 206, 169, 349, 349, 205, 261, 261, 25, 100, 153, 153, 43, 43, 276, 276, 182, 387, 387, 387, 178, 129, 401, 244, 244, 208, 441, 100, 100, 100, 182, 182, 375, 98, 98, 229, 244, 244, 247, 126, 126, 326, 101, 101, 391, 228, 244, 244, 320, 287, 287, 287, 206, 240, 35, 36, 449, 449, 224, 168, 278, 464, 331, 315, 319, 450, 293, 43, 276, 182, 497, 497, 497, 122, 186, 349, 234, 234, 261, 25, 25, 106, 428, 428, 146, 146, 146, 171, 324, 324, 324, 324, 464, 464, 464, 464, 486, 486, 85, 85, 240, 251, 251, 251, 241, 431, 428, 428, 146, 146, 219, 219, 219, 219, 219, 464, 464, 443, 486, 486, 460, 460, 169, 169, 349, 352, 261, 25, 485, 152, 152, 422, 143, 458, 458, 75, 208, 441, 100, 100, 100, 98, 98, 48, 48, 17, 17, 420, 374, 374, 374, 374, 374, 374, 374, 374, 374, 374, 374, 374, 374, 374, 374, 374, 374, 374, 374, 374, 374, 374, 374, 374, 374, 374, 374, 374, 374, 374, 374, 374, 374, 374, 374, 374, 374, 374, 374, 374, 374, 374, 374, 374, 374, 374, 374, 374, 374, 374, 374, 374, 374, 374, 374, 374, 374, 374, 374, 374, 374, 374, 374, 374, 374, 374, 374, 374, 374, 374, 374, 374, 374, 374, 374, 374, 374, 374, 374, 374, 374, 374, 374, 374, 374, 374, 374, 374, 374, 374, 374, 374, 374, 374, 374, 374, 374, 374, 374, 374, 374, 374, 374, 374, 374, 374, 374, 374, 374, 374, 374, 374, 374, 374, 374, 374, 374, 374, 374, 374, 374, 374, 374, 374, 374, 374, 374, 374, 374, 374, 374, 374, 374, 374, 374, 374, 374, 374, 374, 374, 374, 374, 374, 374, 374, 374, 374, 374, 374, 374, 374, 374, 374, 374, 374, 374, 374, 374, 374, 374, 374, 374, 374, 374, 374, 374, 374, 374, 374, 374, 374, 374, 374, 374, 374, 374, 374, 374, 374, 374, 374, 374, 374, 374, 374, 374, 374, 374, 374, 374, 374, 374, 374, 374, 374, 374, 374, 374, 374, 374, 374, 374, 374, 374, 374, 374, 374, 374, 374, 374, 374, 374, 374, 374, 374, 374, 374, 374, 374, 374, 374, 374, 374, 374, 374, 374, 374, 374, 374, 374, 374, 374, 374, 374, 374, 374, 374, 374, 374, 374, 374, 374, 374, 374, 374, 374, 374, 374, 374, 374, 374, 374, 374, 374, 374, 374, 374, 374, 374, 374, 374, 374, 374, 374, 374, 374, 374, 374, 374, 374, 374, 374, 374, 374, 374, 374, 374, 374, 374, 374, 374, 374, 374, 374, 374, 374, 374, 374, 374, 374, 374, 374, 374, 374, 374, 374, 374, 374, 374, 374, 374, 374, 374, 374, 374, 374, 374, 374, 374, 374, 374, 374, 374, 374, 374, 374, 374, 374, 374, 374, 374, 374, 374, 374, 374, 374, 374, 374, 374, 374, 374, 374, 374, 374, 374, 374, 374]

ep218
Train step Loss: [0.9459389448165894, 0.9458768367767334, 0.9457331895828247, 0.945811927318573, 0.9459517598152161, 0.9459152221679688, 0.9458800554275513, 0.9457958936691284, 0.945847749710083, 0.945903480052948, 0.945830762386322, 0.9458341598510742, 0.9458246827125549, 0.9457887411117554, 0.9457358121871948, 0.9458820223808289, 0.9458931088447571, 0.9460111260414124, 0.945868968963623, 0.9458219408988953, 0.945860743522644, 0.945842981338501, 0.9458245038986206, 0.9457757472991943, 0.9458802938461304, 0.9457745552062988, 0.9458441734313965, 0.9458226561546326, 0.9458781480789185, 0.9459415078163147, 0.9458430409431458, 0.9458712935447693, 0.945857048034668, 0.9458383917808533, 0.9459128975868225, 0.9458314776420593, 0.9458779692649841, 0.9459128379821777, 0.9458265900611877, 0.9458392262458801, 0.9457405805587769, 0.9458139538764954, 0.9458972215652466, 0.9458299875259399, 0.9459078311920166, 0.9458698034286499, 0.9458380341529846, 0.9458991289138794, 0.9459155201911926, 0.9458373785018921, 0.9458308219909668, 0.9458532333374023, 0.9460189342498779, 0.9459611177444458, 0.9458564519882202, 0.9458484649658203, 0.9458663463592529, 0.945886492729187, 0.945820689201355, 0.9458550214767456, 0.9459730982780457, 0.9458732604980469, 0.9458520412445068, 0.9458605051040649, 0.9458478689193726, 0.9458528757095337, 0.9459006786346436, 0.9458386898040771, 0.9458655714988708, 0.9457946419715881, 0.9458631873130798, 0.9457946419715881, 0.945854127407074, 0.9459543228149414, 0.945817768573761, 0.9458276629447937, 0.9458522796630859, 0.9459174871444702, 0.9459125995635986, 0.945814847946167, 0.9458353519439697, 0.9458792805671692, 0.945851743221283, 0.9458717107772827, 0.9458079934120178, 0.9458802342414856, 0.9457600712776184, 0.945918619632721, 0.9458415508270264, 0.9458006620407104, 0.9458222985267639, 0.9459478855133057, 0.9458181262016296, 0.9458802938461304, 0.945830225944519, 0.9458110332489014, 0.9458743929862976, 0.9458571672439575, 0.9457948207855225, 0.9457700252532959, 0.9457839727401733, 0.9458983540534973, 0.945806086063385, 0.945880115032196, 0.9458880424499512]
val step Loss: [0.946669340133667, 0.9462092518806458, 0.9464126825332642, 0.9463708996772766, 0.9464298486709595, 0.9462815523147583, 0.9462352395057678, 0.946386456489563, 0.9464442729949951, 0.9465712308883667, 0.9464098811149597, 0.9462597370147705, 0.9461726546287537, 0.948350191116333, 0.9514299631118774, 0.9474518299102783, 0.947182297706604, 0.9463938474655151, 0.947422206401825, 0.9465040564537048, 0.9462913274765015, 0.9463013410568237, 0.9464057087898254, 0.9465684294700623, 0.947585940361023, 0.9502367377281189, 0.9461789131164551]
Train step Accs: [1.0, 1.0, 1.0, 1.0, 1.0, 1.0, 1.0, 1.0, 1.0, 1.0, 1.0, 1.0, 1.0, 1.0, 1.0, 1.0, 1.0, 1.0, 1.0, 1.0, 1.0, 1.0, 1.0, 1.0, 1.0, 1.0, 1.0, 1.0, 1.0, 1.0, 1.0, 1.0, 1.0, 1.0, 1.0, 1.0, 1.0, 1.0, 1.0, 1.0, 1.0, 1.0, 1.0, 1.0, 1.0, 1.0, 1.0, 1.0, 1.0, 1.0, 1.0, 1.0, 1.0, 1.0, 1.0, 1.0, 1.0, 1.0, 1.0, 1.0, 1.0, 1.0, 1.0, 1.0, 1.0, 1.0, 1.0, 1.0, 1.0, 1.0, 1.0, 1.0, 1.0, 1.0, 1.0, 1.0, 1.0, 1.0, 1.0, 1.0, 1.0, 1.0, 1.0, 1.0, 1.0, 1.0, 1.0, 1.0, 1.0, 1.0, 1.0, 1.0, 1.0, 1.0, 1.0, 1.0, 1.0, 1.0, 1.0, 1.0, 1.0, 1.0, 1.0, 1.0, 1.0]
val step Accs: [1.0, 1.0, 1.0, 1.0, 1.0, 1.0, 1.0, 1.0, 1.0, 1.0, 1.0, 1.0, 1.0, 0.9996405463695184, 0.999057936881771, 0.9998422712933754, 0.9998445998445998, 1.0, 0.9998052959501558, 1.0, 1.0, 1.0, 1.0, 1.0, 0.9998014691284495, 0.9993117687543015, 1.0]
Preds: [17, 17, 32, 239, 384, 377, 371, 374, 374, 374, 132, 8, 8, 259, 354, 354, 180, 180, 443, 120, 120, 120, 120, 120, 240, 240, 240, 216, 285, 84, 84, 302, 302, 100, 375, 375, 375, 98, 98, 98, 229, 229, 247, 312, 312, 187, 1, 101, 101, 101, 321, 321, 287, 287, 287, 287, 284, 284, 284, 206, 167, 348, 379, 77, 77, 478, 66, 323, 323, 172, 115, 273, 273, 273, 151, 240, 240, 285, 199, 111, 111, 111, 111, 438, 438, 438, 219, 324, 324, 464, 464, 464, 464, 301, 301, 143, 35, 74, 437, 437, 437, 284, 284, 285, 285, 106, 284, 284, 284, 284, 426, 426, 293, 293, 293, 182, 346, 346, 284, 284, 284, 284, 426, 481, 293, 293, 43, 43, 276, 276, 276, 174, 387, 348, 10, 398, 398, 398, 398, 374, 378, 406, 406, 406, 88, 88, 81, 81, 337, 337, 146, 324, 219, 219, 219, 152, 152, 58, 58, 27, 351, 486, 486, 486, 486, 486, 460, 460, 460, 167, 35, 35, 219, 219, 219, 485, 485, 477, 374, 374, 374, 374, 374, 304, 304, 337, 41, 19, 19, 454, 454, 229, 229, 229, 312, 312, 187, 187, 23, 23, 23, 260, 391, 391, 321, 321, 320, 320, 345, 100, 100, 497, 497, 497, 122, 216, 453, 168, 5, 258, 38, 99, 99, 338, 338, 338, 338, 338, 400, 400, 444, 171, 171, 171, 171, 171, 464, 464, 335, 14, 14, 287, 145, 145, 111, 111, 240, 240, 146, 219, 219, 219, 464, 464, 464, 222, 84, 245, 245, 245, 43, 43, 43, 364, 276, 276, 276, 276, 276, 346, 346, 346, 284, 284, 206, 206, 206, 167, 167, 35, 14, 411, 411, 411, 424, 424, 424, 153, 182, 182, 182, 182, 182, 182, 182, 122, 122, 250, 303, 195, 195, 195, 303, 117, 98, 117, 117, 48, 48, 48, 414, 170, 244, 244, 392, 244, 392, 392, 392, 244, 73, 7, 7, 321, 7, 7, 127, 451, 30, 30, 324, 301, 301, 378, 325, 114, 114, 114, 180, 486, 486, 486, 315, 460, 285, 285, 285, 467, 85, 111, 403, 146, 207, 299, 299, 434, 434, 250, 250, 413, 271, 186, 186, 99, 99, 338, 338, 395, 395, 273, 273, 432, 432, 330, 240, 240, 385, 35, 77, 164, 164, 115, 273, 273, 180, 151, 151, 151, 206, 130, 130, 402, 183, 219, 219, 219, 213, 213, 213, 246, 246, 246, 246, 301, 301, 378, 43, 43, 276, 276, 153, 153, 387, 413, 413, 360, 219, 246, 246, 246, 246, 246, 246, 246, 19, 17, 420, 374, 374, 374, 374, 374, 374, 374, 374, 374, 374, 374, 374, 374, 374, 374, 374, 374, 374, 374, 374, 374, 374, 374, 374, 374, 374, 374, 374, 374, 374, 374, 374, 374, 374, 374, 374, 374, 374, 374, 374, 374, 374, 374, 374, 374, 374, 374, 374, 374, 374, 374, 374, 374, 374, 374, 374, 374, 374, 374, 374, 374, 374, 374, 374, 374, 374, 374, 374, 374, 374, 374, 374, 374, 374, 374, 374, 374, 374, 374, 374, 374, 374, 374, 374, 374, 374, 374, 374, 374, 374, 374, 374, 374, 374, 374, 374, 374, 374, 374, 374, 374, 374, 374, 374, 374, 374, 374, 374, 374, 374, 374, 374, 374, 374, 374, 374, 374, 374, 374, 374, 374, 374, 374, 374, 374, 374, 374, 374, 374, 374, 374, 374, 374, 374, 374, 374, 374, 374, 374, 374, 374, 374, 374, 374, 374, 374, 374, 374, 374, 374, 374, 374, 374, 374, 374, 374, 374, 374, 374, 374, 374, 374, 374, 374, 374, 374, 374, 374, 374, 374, 374, 374, 374]

ep219
Train step Loss: [0.9458531737327576, 0.9459191560745239, 0.9458576440811157, 0.9458298683166504, 0.9458137154579163, 0.9458478689193726, 0.9457997679710388, 0.945830225944519, 0.9458718299865723, 0.9459949731826782, 0.9458177089691162, 0.9457806348800659, 0.9459542036056519, 0.9458489418029785, 0.9458621144294739, 0.9458867907524109, 0.945769727230072, 0.9457657337188721, 0.945783793926239, 0.94583660364151, 0.945834755897522, 0.9457794427871704, 0.9457900524139404, 0.9458568096160889, 0.9458652138710022, 0.9458935260772705, 0.9458764791488647, 0.9458726048469543, 0.9458255171775818, 0.9457568526268005, 0.9459546804428101, 0.945885956287384, 0.9457970261573792, 0.9458707571029663, 0.9457944631576538, 0.9457780718803406, 0.9458525776863098, 0.9458830952644348, 0.9457612633705139, 0.9458967447280884, 0.9458067417144775, 0.9459092617034912, 0.9458062648773193, 0.9458225965499878, 0.9458466172218323, 0.9458133578300476, 0.9458528757095337, 0.9458945989608765, 0.9458326697349548, 0.9458284974098206, 0.9458447098731995, 0.9458448886871338, 0.9458987712860107, 0.9458907842636108, 0.9459108710289001, 0.9458357095718384, 0.9457458853721619, 0.945846676826477, 0.9458640813827515, 0.9460397362709045, 0.945815920829773, 0.9458202123641968, 0.9458357095718384, 0.9458747506141663, 0.9458670616149902, 0.9457748532295227, 0.9458671808242798, 0.9458281993865967, 0.9458891153335571, 0.9458401799201965, 0.9458695650100708, 0.9458468556404114, 0.9458470940589905, 0.9457870125770569, 0.9458031058311462, 0.9458023309707642, 0.9459139704704285, 0.9457993507385254, 0.9458207488059998, 0.9458569288253784, 0.9459212422370911, 0.945937991142273, 0.945969820022583, 0.9459131360054016, 0.9459537267684937, 0.9457889795303345, 0.9458999037742615, 0.9458829760551453, 0.9458379149436951, 0.9459031820297241, 0.9458948969841003, 0.9458016157150269, 0.9457916021347046, 0.9458813667297363, 0.9459377527236938, 0.9458437561988831, 0.945854663848877, 0.9458468556404114, 0.945861279964447, 0.9457598924636841, 0.9458469152450562, 0.9459386467933655, 0.9459030032157898, 0.9458624124526978, 0.9458500146865845]
val step Loss: [0.9471086859703064, 0.9464826583862305, 0.9462502598762512, 0.9462568163871765, 0.9473737478256226, 0.9462812542915344, 0.9462498426437378, 0.946351170539856, 0.9463371634483337, 0.9462408423423767, 0.9462950825691223, 0.9472126960754395, 0.9465358257293701, 0.9465914368629456, 0.9462886452674866, 0.9463741183280945, 0.946407675743103, 0.9504835605621338, 0.9463943839073181, 0.9463897943496704, 0.9473829865455627, 0.9464464783668518, 0.9463967084884644, 0.9480422139167786, 0.9513210654258728, 0.9464475512504578, 0.9466030597686768]
Train step Accs: [1.0, 1.0, 1.0, 1.0, 1.0, 1.0, 1.0, 1.0, 1.0, 1.0, 1.0, 1.0, 1.0, 1.0, 1.0, 1.0, 1.0, 1.0, 1.0, 1.0, 1.0, 1.0, 1.0, 1.0, 1.0, 1.0, 1.0, 1.0, 1.0, 1.0, 1.0, 1.0, 1.0, 1.0, 1.0, 1.0, 1.0, 1.0, 1.0, 1.0, 1.0, 1.0, 1.0, 1.0, 1.0, 1.0, 1.0, 1.0, 1.0, 1.0, 1.0, 1.0, 1.0, 1.0, 1.0, 1.0, 1.0, 1.0, 1.0, 1.0, 1.0, 1.0, 1.0, 1.0, 1.0, 1.0, 1.0, 1.0, 1.0, 1.0, 1.0, 1.0, 1.0, 1.0, 1.0, 1.0, 1.0, 1.0, 1.0, 1.0, 1.0, 1.0, 1.0, 1.0, 1.0, 1.0, 1.0, 1.0, 1.0, 1.0, 1.0, 1.0, 1.0, 1.0, 1.0, 1.0, 1.0, 1.0, 1.0, 1.0, 1.0, 1.0, 1.0, 1.0, 1.0]
val step Accs: [0.9998643516006511, 1.0, 1.0, 1.0, 0.9998321866084914, 1.0, 1.0, 1.0, 1.0, 1.0, 1.0, 0.9998530708198649, 1.0, 1.0, 1.0, 1.0, 1.0, 0.9992343032159265, 1.0, 1.0, 0.999817050859861, 1.0, 1.0, 0.9996948428440647, 0.9990838295923041, 1.0, 1.0]
Preds: [17, 17, 445, 464, 171, 171, 171, 171, 252, 252, 314, 32, 239, 36, 107, 107, 395, 213, 213, 213, 213, 246, 19, 454, 229, 229, 247, 126, 126, 126, 126, 326, 326, 408, 408, 408, 391, 228, 244, 320, 7, 7, 32, 32, 239, 108, 371, 371, 278, 278, 422, 236, 239, 239, 384, 449, 371, 470, 180, 443, 443, 443, 443, 403, 403, 171, 438, 203, 399, 217, 250, 250, 250, 138, 153, 88, 132, 374, 219, 219, 219, 219, 219, 464, 464, 171, 171, 171, 171, 246, 246, 246, 246, 24, 24, 239, 239, 384, 384, 420, 324, 324, 340, 116, 10, 10, 309, 479, 479, 331, 106, 153, 426, 426, 293, 293, 293, 98, 98, 335, 335, 226, 226, 209, 188, 188, 213, 324, 301, 8, 8, 239, 354, 354, 106, 355, 355, 376, 376, 460, 452, 263, 263, 263, 13, 229, 229, 82, 312, 23, 23, 23, 408, 149, 228, 244, 320, 479, 479, 398, 324, 422, 143, 465, 465, 354, 354, 346, 284, 486, 206, 169, 150, 342, 342, 164, 164, 224, 273, 470, 403, 403, 464, 464, 464, 355, 178, 143, 129, 458, 208, 208, 441, 100, 387, 387, 313, 236, 239, 239, 310, 107, 107, 395, 278, 443, 443, 240, 215, 215, 129, 259, 354, 284, 206, 460, 240, 35, 36, 164, 342, 351, 180, 486, 460, 460, 178, 178, 233, 458, 192, 192, 41, 41, 41, 41, 19, 19, 19, 454, 454, 229, 229, 82, 126, 126, 292, 326, 408, 408, 149, 244, 244, 373, 338, 338, 338, 395, 494, 374, 416, 8, 32, 239, 354, 65, 65, 481, 481, 481, 293, 143, 35, 458, 208, 100, 100, 387, 387, 122, 236, 129, 259, 310, 108, 323, 224, 397, 106, 88, 88, 387, 203, 399, 217, 473, 473, 398, 324, 464, 422, 416, 143, 458, 144, 208, 27, 441, 125, 125, 387, 206, 175, 251, 251, 241, 431, 486, 460, 460, 167, 178, 35, 77, 342, 342, 342, 224, 267, 267, 444, 324, 246, 246, 477, 301, 313, 325, 325, 34, 324, 324, 301, 422, 24, 239, 384, 371, 180, 486, 486, 460, 240, 240, 24, 239, 310, 107, 395, 255, 416, 143, 129, 401, 259, 320, 354, 354, 109, 337, 41, 324, 19, 19, 454, 454, 229, 229, 247, 312, 187, 187, 187, 408, 408, 391, 391, 73, 244, 320, 7, 7, 371, 398, 324, 301, 116, 251, 251, 331, 106, 88, 88, 88, 106, 284, 405, 206, 206, 178, 35, 35, 401, 259, 354, 106, 284, 405, 405, 206, 178, 178, 35, 233, 401, 401, 320, 7, 276, 100, 375, 98, 98, 98, 249, 305, 305, 170, 244, 28, 28, 392, 392, 392, 63, 63, 392, 63, 63, 63, 392, 63, 63, 63, 63, 63, 244, 195, 305, 211, 211, 17, 420, 420, 420, 420, 420, 420, 420, 420, 420, 420, 420, 420, 420, 420, 420, 420, 420, 420, 420, 420, 420, 420, 420, 420, 420, 420, 420, 420, 420, 420, 420, 420, 420, 420, 420, 420, 420, 420, 420, 420, 420, 420, 420, 420, 420, 420, 420, 420, 420, 420, 420, 420, 420, 420, 420, 420, 420, 420, 420, 420, 420, 420, 420, 420, 420, 420, 420, 420, 420, 420, 420, 420, 420, 420, 420, 420, 420, 420, 420, 420, 420, 420, 420, 420, 420, 420, 420, 420, 420, 420, 420, 420, 420, 420, 420, 420, 420, 420, 420, 420, 420, 420, 420, 420, 420, 420, 420, 420, 420, 420, 420, 420, 420, 420, 420, 420, 420, 420, 420, 420, 420, 420, 420, 420, 420, 420, 420, 420, 420, 420, 420, 420, 420, 420, 420, 420, 420, 420]

ep220
Train step Loss: [0.9458367824554443, 0.9458340406417847, 0.9458504915237427, 0.9459742307662964, 0.9458833336830139, 0.945777177810669, 0.9458807110786438, 0.9457477331161499, 0.9457729458808899, 0.9458593726158142, 0.9459477066993713, 0.9458707571029663, 0.9458134770393372, 0.945850133895874, 0.9457740187644958, 0.9458968639373779, 0.9458275437355042, 0.9458483457565308, 0.9458339214324951, 0.9458714127540588, 0.9458413124084473, 0.9459390044212341, 0.9458327889442444, 0.9458550214767456, 0.9458509683609009, 0.9458455443382263, 0.9458863735198975, 0.94581139087677, 0.9458887577056885, 0.945888876914978, 0.9458187222480774, 0.9458991289138794, 0.9458408355712891, 0.9458358883857727, 0.9458140730857849, 0.9458261728286743, 0.9458174705505371, 0.9458581805229187, 0.9458322525024414, 0.9458577036857605, 0.9458836317062378, 0.9458953738212585, 0.9458959698677063, 0.9458590745925903, 0.9457874298095703, 0.9457962512969971, 0.9457371234893799, 0.9458716511726379, 0.9457623958587646, 0.9458742737770081, 0.9458408355712891, 0.9458423256874084, 0.945827305316925, 0.9458666443824768, 0.9457792043685913, 0.9459239840507507, 0.9458087086677551, 0.9457988142967224, 0.9458490610122681, 0.9458492994308472, 0.9458177089691162, 0.9459192752838135, 0.9458692073822021, 0.9458515644073486, 0.9458963871002197, 0.9458681344985962, 0.9458125829696655, 0.9458324909210205, 0.9458749890327454, 0.9457922577857971, 0.9458945393562317, 0.9458081722259521, 0.9457922577857971, 0.9457814693450928, 0.9458755850791931, 0.9458312392234802, 0.9458014369010925, 0.945784866809845, 0.9458939433097839, 0.9458655118942261, 0.9458352327346802, 0.9458505511283875, 0.9459397196769714, 0.9458112120628357, 0.945844292640686, 0.9459685683250427, 0.9457887411117554, 0.9458041191101074, 0.9459209442138672, 0.9458240866661072, 0.9458489418029785, 0.9458674788475037, 0.945984959602356, 0.9458628296852112, 0.9458271861076355, 0.9458826780319214, 0.9458149671554565, 0.9457930326461792, 0.945836067199707, 0.9458172917366028, 0.9458750486373901, 0.9459153413772583, 0.945923924446106, 0.9458264708518982, 0.9457947015762329]
val step Loss: [0.9465827941894531, 0.9463952779769897, 0.9515505433082581, 0.9463914632797241, 0.9463765025138855, 0.9464432001113892, 0.9462249875068665, 0.9516937732696533, 0.946345329284668, 0.9464768767356873, 0.9464095234870911, 0.9464317560195923, 0.946431577205658, 0.9466602802276611, 0.9464423060417175, 0.9464201927185059, 0.9463881254196167, 0.9477785229682922, 0.9463672041893005, 0.9463289976119995, 0.949324369430542, 0.9472653269767761, 0.9462215900421143, 0.9464089274406433, 0.9464210867881775, 0.9463030099868774, 0.946418285369873]
Train step Accs: [1.0, 1.0, 1.0, 1.0, 1.0, 1.0, 1.0, 1.0, 1.0, 1.0, 1.0, 1.0, 1.0, 1.0, 1.0, 1.0, 1.0, 1.0, 1.0, 1.0, 1.0, 1.0, 1.0, 1.0, 1.0, 1.0, 1.0, 1.0, 1.0, 1.0, 1.0, 1.0, 1.0, 1.0, 1.0, 1.0, 1.0, 1.0, 1.0, 1.0, 1.0, 1.0, 1.0, 1.0, 1.0, 1.0, 1.0, 1.0, 1.0, 1.0, 1.0, 1.0, 1.0, 1.0, 1.0, 1.0, 1.0, 1.0, 1.0, 1.0, 1.0, 1.0, 1.0, 1.0, 1.0, 1.0, 1.0, 1.0, 1.0, 1.0, 1.0, 1.0, 1.0, 1.0, 1.0, 1.0, 1.0, 1.0, 1.0, 1.0, 1.0, 1.0, 1.0, 1.0, 1.0, 1.0, 1.0, 1.0, 1.0, 1.0, 1.0, 1.0, 1.0, 1.0, 1.0, 1.0, 1.0, 1.0, 1.0, 1.0, 1.0, 1.0, 1.0, 1.0, 1.0]
val step Accs: [1.0, 1.0, 0.9990766389658357, 1.0, 1.0, 1.0, 1.0, 0.9990444338270426, 1.0, 1.0, 1.0, 1.0, 1.0, 1.0, 1.0, 1.0, 1.0, 0.9997970367363507, 1.0, 1.0, 0.9994667614646285, 0.9998385794995964, 1.0, 1.0, 1.0, 1.0, 1.0]
Preds: [17, 17, 32, 239, 384, 377, 371, 374, 374, 374, 132, 8, 8, 259, 354, 354, 180, 180, 443, 120, 120, 120, 120, 120, 240, 240, 240, 216, 285, 84, 84, 302, 302, 100, 375, 375, 375, 98, 98, 98, 229, 229, 247, 312, 312, 187, 1, 101, 101, 101, 321, 321, 287, 287, 287, 287, 284, 284, 284, 206, 167, 348, 379, 77, 77, 478, 66, 323, 323, 172, 115, 273, 273, 273, 151, 240, 240, 285, 199, 111, 111, 111, 111, 438, 438, 438, 219, 324, 324, 464, 464, 464, 464, 301, 301, 143, 35, 74, 437, 437, 437, 284, 284, 285, 285, 106, 284, 284, 284, 284, 426, 426, 293, 293, 293, 182, 346, 346, 284, 284, 284, 284, 426, 481, 293, 293, 43, 43, 276, 276, 276, 174, 387, 348, 10, 398, 398, 398, 398, 374, 378, 406, 406, 406, 88, 88, 81, 81, 337, 337, 146, 324, 219, 219, 219, 152, 152, 58, 58, 27, 351, 486, 486, 486, 486, 486, 460, 460, 460, 167, 35, 35, 219, 219, 219, 485, 485, 477, 374, 374, 374, 374, 374, 304, 304, 337, 41, 19, 19, 454, 454, 229, 229, 229, 312, 312, 187, 187, 23, 23, 23, 260, 391, 391, 321, 321, 320, 320, 345, 100, 100, 497, 497, 497, 122, 216, 453, 168, 5, 258, 38, 99, 99, 338, 338, 338, 338, 338, 400, 400, 444, 171, 171, 171, 171, 171, 464, 464, 335, 14, 14, 287, 145, 145, 111, 111, 240, 240, 146, 219, 219, 219, 464, 464, 464, 222, 84, 245, 245, 245, 43, 43, 43, 364, 276, 276, 276, 276, 276, 346, 346, 346, 284, 284, 206, 206, 206, 167, 167, 35, 14, 411, 411, 411, 424, 424, 424, 153, 182, 182, 182, 182, 182, 182, 182, 122, 122, 250, 303, 195, 195, 195, 303, 117, 98, 117, 117, 48, 48, 48, 414, 170, 244, 244, 392, 244, 392, 392, 392, 244, 73, 7, 7, 321, 7, 7, 127, 451, 30, 30, 324, 301, 301, 378, 325, 114, 114, 114, 180, 486, 486, 486, 315, 460, 285, 285, 285, 467, 85, 111, 403, 146, 207, 299, 299, 434, 434, 250, 250, 413, 271, 186, 186, 99, 99, 338, 338, 395, 395, 273, 273, 432, 432, 330, 240, 240, 385, 35, 77, 164, 164, 115, 273, 273, 180, 151, 151, 151, 206, 130, 130, 402, 183, 219, 219, 219, 213, 213, 213, 246, 246, 246, 246, 301, 301, 378, 43, 43, 276, 276, 153, 153, 387, 413, 413, 360, 219, 246, 246, 246, 246, 246, 246, 246, 19, 17, 420, 374, 374, 374, 374, 374, 374, 374, 374, 374, 374, 374, 374, 374, 374, 374, 374, 374, 374, 374, 374, 374, 374, 374, 374, 374, 374, 374, 374, 374, 374, 374, 374, 374, 374, 374, 374, 374, 374, 374, 374, 374, 374, 374, 374, 374, 374, 374, 374, 374, 374, 374, 374, 374, 374, 374, 374, 374, 374, 374, 374, 374, 374, 374, 374, 374, 374, 374, 374, 374, 374, 374, 374, 374, 374, 374, 374, 374, 374, 374, 374, 374, 374, 374, 374, 374, 374, 374, 374, 374, 374, 374, 374, 374, 374, 374, 374, 374, 374, 374, 374, 374, 374, 374, 374, 374, 374, 374, 374, 374, 374, 374, 374, 374, 374, 374, 374, 374, 374, 374, 374, 374, 374, 374, 374, 374, 374, 374, 374, 374, 374, 374, 374, 374, 374, 374, 374, 374, 374, 374, 374, 374, 374, 374, 374, 374, 374, 374, 374, 374, 374, 374, 374, 374, 374, 374, 374, 374, 374, 374, 374, 374, 374, 374, 374, 374, 374, 374, 374, 374, 374, 374, 374, 374]

ep221
Train step Loss: [0.945767343044281, 0.9458632469177246, 0.9457594752311707, 0.9459012150764465, 0.9458097815513611, 0.9458703994750977, 0.9458823204040527, 0.9458129405975342, 0.9457820057868958, 0.9458739757537842, 0.9458746910095215, 0.9457927942276001, 0.9458287954330444, 0.9458045959472656, 0.945749819278717, 0.9458904266357422, 0.9457991123199463, 0.9457706212997437, 0.945807933807373, 0.9457883238792419, 0.9458432197570801, 0.9458127021789551, 0.9458276629447937, 0.9458037614822388, 0.9457873702049255, 0.9458144307136536, 0.9457601308822632, 0.9457894563674927, 0.9457706212997437, 0.9458144307136536, 0.9458493590354919, 0.9458038806915283, 0.9458187818527222, 0.9457960724830627, 0.9458781480789185, 0.9459362030029297, 0.9458658695220947, 0.9458393454551697, 0.9457079768180847, 0.9457331895828247, 0.945838451385498, 0.9458474516868591, 0.945999264717102, 0.9457967281341553, 0.9457560777664185, 0.9458528161048889, 0.9458253383636475, 0.9458267092704773, 0.945856511592865, 0.9458416104316711, 0.945805549621582, 0.9458228945732117, 0.9457879066467285, 0.9457905292510986, 0.94593745470047, 0.9458158612251282, 0.9457849860191345, 0.9458720088005066, 0.9458933472633362, 0.9458652138710022, 0.9458439946174622, 0.945961058139801, 0.9457703828811646, 0.9458180069923401, 0.9458188414573669, 0.9457933902740479, 0.9458659887313843, 0.9458112716674805, 0.94584721326828, 0.945819616317749, 0.9457732439041138, 0.9458389282226562, 0.9458540678024292, 0.9459013938903809, 0.9457138776779175, 0.9458785057067871, 0.9457972645759583, 0.9458699822425842, 0.9458445310592651, 0.9458867311477661, 0.9458284974098206, 0.9457657337188721, 0.9458752274513245, 0.945855438709259, 0.9458222389221191, 0.9457921981811523, 0.945766270160675, 0.9458488821983337, 0.9457629323005676, 0.9458091259002686, 0.9457764029502869, 0.9458690881729126, 0.9457867741584778, 0.9458061456680298, 0.9457855224609375, 0.9458510875701904, 0.9457801580429077, 0.9457775950431824, 0.9458000659942627, 0.9457762241363525, 0.9458346962928772, 0.945723295211792, 0.945704996585846, 0.9458040595054626, 0.9458511471748352]
val step Loss: [0.9483460187911987, 0.9479676485061646, 0.9461026191711426, 0.9522202014923096, 0.9463518857955933, 0.9461175203323364, 0.9462802410125732, 0.9463132619857788, 0.9464641809463501, 0.9466663599014282, 0.9462376236915588, 0.9461066126823425, 0.9463227391242981, 0.9463211894035339, 0.9464064240455627, 0.9462337493896484, 0.9471971392631531, 0.946368932723999, 0.946336030960083, 0.9462709426879883, 0.9471966028213501, 0.9462817907333374, 0.950246274471283, 0.946436882019043, 0.9463189244270325, 0.9465314745903015, 0.946242094039917]
Train step Accs: [1.0, 1.0, 1.0, 1.0, 1.0, 1.0, 1.0, 1.0, 1.0, 1.0, 1.0, 1.0, 1.0, 1.0, 1.0, 1.0, 1.0, 1.0, 1.0, 1.0, 1.0, 1.0, 1.0, 1.0, 1.0, 1.0, 1.0, 1.0, 1.0, 1.0, 1.0, 1.0, 1.0, 1.0, 1.0, 1.0, 1.0, 1.0, 1.0, 1.0, 1.0, 1.0, 1.0, 1.0, 1.0, 1.0, 1.0, 1.0, 1.0, 1.0, 1.0, 1.0, 1.0, 1.0, 1.0, 1.0, 1.0, 1.0, 1.0, 1.0, 1.0, 1.0, 1.0, 1.0, 1.0, 1.0, 1.0, 1.0, 1.0, 1.0, 1.0, 1.0, 1.0, 1.0, 1.0, 1.0, 1.0, 1.0, 1.0, 1.0, 1.0, 1.0, 1.0, 1.0, 1.0, 1.0, 1.0, 1.0, 1.0, 1.0, 1.0, 1.0, 1.0, 1.0, 1.0, 1.0, 1.0, 1.0, 1.0, 1.0, 1.0, 1.0, 1.0, 1.0, 1.0]
val step Accs: [0.9996630727762803, 0.9997021593447506, 1.0, 0.9989165763813651, 1.0, 1.0, 1.0, 1.0, 1.0, 1.0, 1.0, 1.0, 1.0, 1.0, 1.0, 1.0, 0.9998456551937027, 1.0, 1.0, 1.0, 0.9998104624715694, 1.0, 0.9993044687880369, 1.0, 1.0, 1.0, 1.0]
Preds: [17, 17, 152, 152, 152, 378, 378, 43, 276, 345, 345, 109, 174, 284, 319, 240, 240, 240, 314, 239, 82, 82, 449, 371, 444, 213, 324, 324, 324, 286, 301, 132, 42, 42, 147, 380, 380, 288, 443, 432, 330, 330, 388, 33, 33, 64, 394, 398, 219, 464, 464, 464, 180, 315, 315, 450, 450, 293, 43, 43, 43, 364, 276, 276, 276, 276, 346, 346, 284, 284, 284, 284, 376, 376, 206, 206, 85, 85, 240, 388, 251, 251, 251, 251, 251, 251, 241, 431, 355, 355, 452, 263, 263, 263, 420, 374, 374, 374, 374, 374, 374, 374, 374, 374, 374, 374, 374, 374, 374, 374, 374, 374, 374, 374, 374, 374, 374, 374, 374, 374, 374, 374, 374, 374, 374, 374, 374, 374, 374, 374, 374, 374, 374, 374, 374, 374, 374, 374, 374, 374, 374, 374, 374, 374, 374, 374, 374, 374, 374, 374, 374, 374, 374, 374, 374, 374, 374, 374, 374, 374, 374, 374, 374, 374, 374, 374, 374, 374, 374, 374, 374, 374, 374, 374, 374, 374, 374, 374, 374, 374, 374, 374, 374, 374, 374, 374, 374, 374, 374, 374, 374, 374, 374, 374, 374, 374, 374, 374, 374, 374, 374, 374, 374, 374, 374, 374, 374, 374, 374, 374, 374, 374, 374, 374, 374, 374, 374, 374, 374, 374, 374, 374, 374, 374, 374, 374, 374, 374, 374, 374, 374, 374, 374, 374, 374, 374, 374, 374, 374, 374, 374, 374, 374, 374, 374, 374, 374, 374, 374, 374, 374, 374, 374, 374, 374, 374, 374, 374, 374, 374, 374, 374, 374, 374, 374, 374, 374, 374, 374, 374, 374, 374, 374, 374, 374, 374, 374, 374, 374, 374, 374, 374, 374, 374, 374, 374, 374, 374, 374, 374, 374, 374, 374, 374, 374, 374, 374, 374, 374, 374, 374, 374, 374, 374, 374, 374, 374, 374, 374, 374, 374, 374, 374, 374, 374, 374, 374, 374, 374, 374, 374, 374, 374, 374, 374, 374, 374, 374, 374, 374, 374, 374, 374, 374, 374, 374, 374, 374, 374, 374, 374, 374, 374, 374, 374, 374, 374, 374, 374, 374, 374, 374, 374, 374, 374, 374, 374, 374, 374, 374, 374, 374, 374, 374, 374, 374, 374, 374, 374, 374, 374, 374, 374, 374, 374, 374, 374, 374, 374, 374, 374, 374, 374, 374, 374, 374, 374, 374, 374, 374, 374, 374, 374, 374, 374, 374, 374, 374, 374, 374, 374, 374, 374, 374, 374, 374, 374, 374, 374, 374, 374, 374, 374, 374, 374, 374, 374, 374, 374, 374, 374, 374, 374, 374, 374, 374, 374, 374, 374, 374, 374, 374, 374, 374, 374, 374, 374, 374, 374, 374, 374, 374, 374, 374, 374, 374, 374, 374, 374, 374, 374, 374, 374, 374, 374, 374, 374, 374, 374, 374, 374, 374, 374, 374, 374, 374, 374, 374, 374, 374, 374, 374, 374, 374, 374, 374, 374, 374, 374, 374, 374, 374, 374, 374, 374, 374, 374, 374, 374, 374, 374, 374, 374, 374, 374, 374, 374, 374, 374, 374, 374, 374, 374, 374, 374, 374, 374, 374, 374, 374, 374, 374, 374, 374, 374, 374, 374, 374, 374, 374, 374, 374, 374, 374, 374, 374, 374, 374, 374, 374, 374, 374, 374, 374, 374, 374, 374, 374, 374, 374, 374, 374, 374, 374, 374, 374, 374, 374, 374, 374, 374, 374, 374, 374, 374, 374, 374, 374, 374, 374, 374, 374, 374, 374, 374, 374, 374, 374, 374, 374, 374, 374, 374, 374, 374, 374, 374, 374, 374, 374, 374, 374, 374, 374, 374, 374, 374, 374, 374, 374, 374, 374, 374, 374, 374, 374, 374, 374, 374, 374]

ep222
Train step Loss: [0.9457669854164124, 0.9458884596824646, 0.9457744359970093, 0.9459279775619507, 0.9458928108215332, 0.9457704424858093, 0.9458713531494141, 0.9458044767379761, 0.9457296133041382, 0.9457874894142151, 0.9458223581314087, 0.9458652138710022, 0.9457639455795288, 0.9458802938461304, 0.9457541704177856, 0.945818305015564, 0.9459959864616394, 0.9458563327789307, 0.9457862377166748, 0.9458929300308228, 0.9458490014076233, 0.9458651542663574, 0.9458910822868347, 0.9457789063453674, 0.9457829594612122, 0.9457992315292358, 0.9458175301551819, 0.9457980394363403, 0.9458300471305847, 0.9458831548690796, 0.9458701610565186, 0.9458133578300476, 0.945884644985199, 0.9457751512527466, 0.9458602666854858, 0.9457904100418091, 0.9458143711090088, 0.9457753300666809, 0.945841908454895, 0.9458147287368774, 0.9457870721817017, 0.9458400011062622, 0.9458658695220947, 0.9458178281784058, 0.9458222985267639, 0.9458653330802917, 0.9458128809928894, 0.9458073377609253, 0.9458110928535461, 0.945776104927063, 0.9457805156707764, 0.9458737373352051, 0.9459289908409119, 0.9457787275314331, 0.9458624720573425, 0.9458127617835999, 0.945854902267456, 0.9457491636276245, 0.9457451105117798, 0.9458056688308716, 0.9457465410232544, 0.9457956552505493, 0.9458271265029907, 0.9457558989524841, 0.9458334445953369, 0.9457567930221558, 0.9458915591239929, 0.9459078907966614, 0.9457991719245911, 0.9457135200500488, 0.9458106756210327, 0.9458426237106323, 0.9458551406860352, 0.9458003044128418, 0.9458374977111816, 0.9457516670227051, 0.945827305316925, 0.9457884430885315, 0.9458832740783691, 0.9458346366882324, 0.945814847946167, 0.9457685947418213, 0.9458250999450684, 0.9457921981811523, 0.9458416700363159, 0.9458318948745728, 0.9458516240119934, 0.9458492398262024, 0.9458144307136536, 0.9458612203598022, 0.945824921131134, 0.9458339214324951, 0.9457597136497498, 0.9458037614822388, 0.9458112716674805, 0.9458272457122803, 0.9458844661712646, 0.9458141922950745, 0.9458848834037781, 0.9458550810813904, 0.9458492398262024, 0.9457589387893677, 0.9457789659500122, 0.9458830952644348, 0.9457716345787048]
val step Loss: [0.9464021921157837, 0.946272611618042, 0.9463214874267578, 0.9463093280792236, 0.946377158164978, 0.9473098516464233, 0.9473476409912109, 0.9466104507446289, 0.9463323354721069, 0.9463397264480591, 0.9463012218475342, 0.957626461982727, 0.9464015364646912, 0.9462881088256836, 0.9472649693489075, 0.9463607668876648, 0.9462392926216125, 0.9464059472084045, 0.9465339183807373, 0.9464409947395325, 0.9471337199211121, 0.946312665939331, 0.946361243724823, 0.9462575912475586, 0.9463875889778137, 0.9463478326797485, 0.9462468028068542]
Train step Accs: [1.0, 1.0, 1.0, 1.0, 1.0, 1.0, 1.0, 1.0, 1.0, 1.0, 1.0, 1.0, 1.0, 1.0, 1.0, 1.0, 1.0, 1.0, 1.0, 1.0, 1.0, 1.0, 1.0, 1.0, 1.0, 1.0, 1.0, 1.0, 1.0, 1.0, 1.0, 1.0, 1.0, 1.0, 1.0, 1.0, 1.0, 1.0, 1.0, 1.0, 1.0, 1.0, 1.0, 1.0, 1.0, 1.0, 1.0, 1.0, 1.0, 1.0, 1.0, 1.0, 1.0, 1.0, 1.0, 1.0, 1.0, 1.0, 1.0, 1.0, 1.0, 1.0, 1.0, 1.0, 1.0, 1.0, 1.0, 1.0, 1.0, 1.0, 1.0, 1.0, 1.0, 1.0, 1.0, 1.0, 1.0, 1.0, 1.0, 1.0, 1.0, 1.0, 1.0, 1.0, 1.0, 1.0, 1.0, 1.0, 1.0, 1.0, 1.0, 1.0, 1.0, 1.0, 1.0, 1.0, 1.0, 1.0, 1.0, 1.0, 1.0, 1.0, 1.0, 1.0, 1.0]
val step Accs: [1.0, 1.0, 1.0, 1.0, 1.0, 0.99981556621173, 0.9998213009292352, 1.0, 1.0, 1.0, 1.0, 0.9979256698357822, 1.0, 1.0, 0.9998423707440101, 1.0, 1.0, 1.0, 1.0, 1.0, 0.9998325238653492, 1.0, 1.0, 1.0, 1.0, 1.0, 1.0]
Preds: [17, 17, 441, 153, 153, 153, 424, 387, 497, 497, 122, 122, 35, 35, 259, 384, 371, 180, 180, 84, 84, 139, 16, 16, 375, 375, 375, 375, 98, 98, 98, 13, 13, 414, 414, 249, 249, 20, 47, 312, 187, 187, 101, 101, 101, 101, 149, 149, 149, 321, 287, 287, 287, 287, 297, 297, 297, 293, 293, 293, 122, 216, 22, 106, 106, 106, 284, 284, 284, 284, 306, 306, 372, 245, 406, 406, 284, 65, 284, 284, 284, 376, 376, 282, 282, 169, 271, 150, 77, 342, 342, 168, 97, 483, 196, 196, 479, 199, 199, 199, 360, 360, 330, 252, 368, 310, 310, 395, 395, 213, 278, 278, 278, 252, 368, 77, 453, 453, 168, 485, 301, 301, 374, 199, 106, 84, 84, 84, 84, 496, 293, 215, 215, 8, 251, 241, 241, 106, 106, 106, 284, 426, 405, 387, 387, 406, 406, 467, 467, 337, 207, 207, 19, 358, 233, 414, 417, 417, 417, 417, 442, 442, 414, 170, 102, 491, 312, 292, 292, 292, 292, 326, 326, 408, 408, 408, 228, 321, 320, 451, 30, 30, 422, 99, 338, 338, 338, 338, 400, 400, 400, 400, 171, 171, 301, 301, 378, 43, 364, 345, 345, 109, 109, 476, 476, 171, 324, 324, 301, 301, 8, 259, 354, 354, 420, 420, 420, 324, 324, 301, 251, 251, 241, 241, 331, 443, 443, 443, 443, 120, 120, 120, 120, 207, 207, 207, 207, 37, 203, 399, 217, 217, 473, 473, 476, 476, 171, 171, 171, 171, 252, 252, 310, 453, 107, 395, 444, 213, 213, 360, 252, 252, 368, 77, 54, 54, 224, 168, 494, 278, 301, 116, 251, 251, 241, 431, 431, 486, 376, 376, 376, 376, 376, 460, 460, 460, 240, 240, 35, 198, 384, 371, 114, 180, 84, 84, 84, 387, 372, 467, 467, 467, 467, 467, 207, 207, 207, 19, 19, 17, 420, 374, 374, 374, 374, 374, 374, 374, 374, 374, 374, 374, 374, 374, 374, 374, 374, 374, 374, 374, 374, 374, 374, 374, 374, 374, 374, 374, 374, 374, 374, 374, 374, 374, 374, 374, 374, 374, 374, 374, 374, 374, 374, 374, 374, 374, 374, 374, 374, 374, 374, 374, 374, 374, 374, 374, 374, 374, 374, 374, 374, 374, 374, 374, 374, 374, 374, 374, 374, 374, 374, 374, 374, 374, 374, 374, 374, 374, 374, 374, 374, 374, 374, 374, 374, 374, 374, 374, 374, 374, 374, 374, 374, 374, 374, 374, 374, 374, 374, 374, 374, 374, 374, 374, 374, 374, 374, 374, 374, 374, 374, 374, 374, 374, 374, 374, 374, 374, 374, 374, 374, 374, 374, 374, 374, 374, 374, 374, 374, 374, 374, 374, 374, 374, 374, 374, 374, 374, 374, 374, 374, 374, 374, 374, 374, 374, 374, 374, 374, 374, 374, 374, 374, 374, 374, 374, 374, 374, 374, 374, 374, 374, 374, 374, 374, 374, 374, 374, 374, 374, 374, 374, 374, 374, 374, 374, 374, 374, 374, 374, 374, 374, 374, 374, 374, 374, 374, 374, 374, 374, 374, 374, 374, 374, 374, 374, 374, 374, 374, 374, 374, 374, 374, 374, 374, 374, 374, 374, 374, 374, 374, 374, 374, 374, 374, 374, 374, 374, 374, 374, 374, 374, 374, 374, 374, 374, 374, 374, 374, 374, 374, 374, 374, 374, 374, 374, 374, 374, 374, 374, 374, 374, 374, 374, 374, 374, 374, 374, 374, 374, 374, 374, 374, 374, 374, 374, 374, 374, 374, 374, 374, 374, 374, 374, 374, 374, 374, 374, 374, 374, 374, 374, 374, 374, 374, 374, 374, 374, 374, 374, 374, 374, 374, 374, 374, 374, 374, 374, 374, 374]

ep223
Train step Loss: [0.9457428455352783, 0.9458368420600891, 0.9457278251647949, 0.9458622932434082, 0.9457785487174988, 0.9458406567573547, 0.9458528757095337, 0.9457821846008301, 0.9457542896270752, 0.9458458423614502, 0.9458445906639099, 0.9457594752311707, 0.9458014965057373, 0.9457823038101196, 0.9457247257232666, 0.9458621144294739, 0.9457718729972839, 0.9457413554191589, 0.9457814693450928, 0.9457612037658691, 0.9458181262016296, 0.9457874894142151, 0.945803165435791, 0.9457727670669556, 0.9457602500915527, 0.9457901120185852, 0.9457324743270874, 0.9457675218582153, 0.9457457661628723, 0.9457850456237793, 0.9458231925964355, 0.9457775950431824, 0.945793092250824, 0.9457711577415466, 0.9458491802215576, 0.9459051489830017, 0.9458365440368652, 0.9458123445510864, 0.9456844925880432, 0.945709228515625, 0.9458049535751343, 0.945819616317749, 0.9459686875343323, 0.9457716345787048, 0.945731520652771, 0.945824921131134, 0.9457948803901672, 0.9457958936691284, 0.9458281397819519, 0.9458127617835999, 0.9457778930664062, 0.9457999467849731, 0.9457617402076721, 0.94576096534729, 0.9459000825881958, 0.9457905888557434, 0.9457592964172363, 0.9458433389663696, 0.9458670020103455, 0.9458388090133667, 0.9458160400390625, 0.9459256529808044, 0.94574373960495, 0.9457903504371643, 0.9457913637161255, 0.9457648396492004, 0.9458353519439697, 0.9457835555076599, 0.9458189010620117, 0.9457929134368896, 0.9457497596740723, 0.9458103775978088, 0.9458280801773071, 0.9458708167076111, 0.9456875324249268, 0.9458492994308472, 0.9457690715789795, 0.9458374977111816, 0.9458165764808655, 0.9458467364311218, 0.9458032846450806, 0.9457407593727112, 0.9458458423614502, 0.9458261132240295, 0.945796549320221, 0.9457656145095825, 0.945738673210144, 0.9458214044570923, 0.9457383155822754, 0.9457808136940002, 0.9457491040229797, 0.9458426237106323, 0.9457626342773438, 0.9457812905311584, 0.945759654045105, 0.9458239674568176, 0.9457556009292603, 0.9457499980926514, 0.9457734823226929, 0.9457507729530334, 0.9458096027374268, 0.9457001686096191, 0.9456819891929626, 0.9457773566246033, 0.9458200335502625]
val step Loss: [0.9483272433280945, 0.9479454755783081, 0.9460822343826294, 0.9521984457969666, 0.9463309645652771, 0.9460993409156799, 0.9462598562240601, 0.9462926983833313, 0.9464433193206787, 0.9466442465782166, 0.9462178349494934, 0.946088433265686, 0.9462992548942566, 0.946296215057373, 0.9463822245597839, 0.9462134838104248, 0.9471743702888489, 0.9463467001914978, 0.9463127255439758, 0.9462480545043945, 0.947176992893219, 0.9462642669677734, 0.9502239227294922, 0.9464141130447388, 0.946296751499176, 0.9465059638023376, 0.9462233185768127]
Train step Accs: [1.0, 1.0, 1.0, 1.0, 1.0, 1.0, 1.0, 1.0, 1.0, 1.0, 1.0, 1.0, 1.0, 1.0, 1.0, 1.0, 1.0, 1.0, 1.0, 1.0, 1.0, 1.0, 1.0, 1.0, 1.0, 1.0, 1.0, 1.0, 1.0, 1.0, 1.0, 1.0, 1.0, 1.0, 1.0, 1.0, 1.0, 1.0, 1.0, 1.0, 1.0, 1.0, 1.0, 1.0, 1.0, 1.0, 1.0, 1.0, 1.0, 1.0, 1.0, 1.0, 1.0, 1.0, 1.0, 1.0, 1.0, 1.0, 1.0, 1.0, 1.0, 1.0, 1.0, 1.0, 1.0, 1.0, 1.0, 1.0, 1.0, 1.0, 1.0, 1.0, 1.0, 1.0, 1.0, 1.0, 1.0, 1.0, 1.0, 1.0, 1.0, 1.0, 1.0, 1.0, 1.0, 1.0, 1.0, 1.0, 1.0, 1.0, 1.0, 1.0, 1.0, 1.0, 1.0, 1.0, 1.0, 1.0, 1.0, 1.0, 1.0, 1.0, 1.0, 1.0, 1.0]
val step Accs: [0.9996630727762803, 0.9997021593447506, 1.0, 0.9989165763813651, 1.0, 1.0, 1.0, 1.0, 1.0, 1.0, 1.0, 1.0, 1.0, 1.0, 1.0, 1.0, 0.9998456551937027, 1.0, 1.0, 1.0, 0.9998104624715694, 1.0, 0.9993044687880369, 1.0, 1.0, 1.0, 1.0]
Preds: [17, 17, 152, 152, 152, 378, 378, 43, 276, 345, 345, 109, 174, 284, 319, 240, 240, 240, 314, 239, 82, 82, 449, 371, 444, 213, 324, 324, 324, 286, 301, 132, 42, 42, 147, 380, 380, 288, 443, 432, 330, 330, 388, 33, 33, 64, 394, 398, 219, 464, 464, 464, 180, 315, 315, 450, 450, 293, 43, 43, 43, 364, 276, 276, 276, 276, 346, 346, 284, 284, 284, 284, 376, 376, 206, 206, 85, 85, 240, 388, 251, 251, 251, 251, 251, 251, 241, 431, 355, 355, 452, 263, 263, 263, 420, 374, 374, 374, 374, 374, 374, 374, 374, 374, 374, 374, 374, 374, 374, 374, 374, 374, 374, 374, 374, 374, 374, 374, 374, 374, 374, 374, 374, 374, 374, 374, 374, 374, 374, 374, 374, 374, 374, 374, 374, 374, 374, 374, 374, 374, 374, 374, 374, 374, 374, 374, 374, 374, 374, 374, 374, 374, 374, 374, 374, 374, 374, 374, 374, 374, 374, 374, 374, 374, 374, 374, 374, 374, 374, 374, 374, 374, 374, 374, 374, 374, 374, 374, 374, 374, 374, 374, 374, 374, 374, 374, 374, 374, 374, 374, 374, 374, 374, 374, 374, 374, 374, 374, 374, 374, 374, 374, 374, 374, 374, 374, 374, 374, 374, 374, 374, 374, 374, 374, 374, 374, 374, 374, 374, 374, 374, 374, 374, 374, 374, 374, 374, 374, 374, 374, 374, 374, 374, 374, 374, 374, 374, 374, 374, 374, 374, 374, 374, 374, 374, 374, 374, 374, 374, 374, 374, 374, 374, 374, 374, 374, 374, 374, 374, 374, 374, 374, 374, 374, 374, 374, 374, 374, 374, 374, 374, 374, 374, 374, 374, 374, 374, 374, 374, 374, 374, 374, 374, 374, 374, 374, 374, 374, 374, 374, 374, 374, 374, 374, 374, 374, 374, 374, 374, 374, 374, 374, 374, 374, 374, 374, 374, 374, 374, 374, 374, 374, 374, 374, 374, 374, 374, 374, 374, 374, 374, 374, 374, 374, 374, 374, 374, 374, 374, 374, 374, 374, 374, 374, 374, 374, 374, 374, 374, 374, 374, 374, 374, 374, 374, 374, 374, 374, 374, 374, 374, 374, 374, 374, 374, 374, 374, 374, 374, 374, 374, 374, 374, 374, 374, 374, 374, 374, 374, 374, 374, 374, 374, 374, 374, 374, 374, 374, 374, 374, 374, 374, 374, 374, 374, 374, 374, 374, 374, 374, 374, 374, 374, 374, 374, 374, 374, 374, 374, 374, 374, 374, 374, 374, 374, 374, 374, 374, 374, 374, 374, 374, 374, 374, 374, 374, 374, 374, 374, 374, 374, 374, 374, 374, 374, 374, 374, 374, 374, 374, 374, 374, 374, 374, 374, 374, 374, 374, 374, 374, 374, 374, 374, 374, 374, 374, 374, 374, 374, 374, 374, 374, 374, 374, 374, 374, 374, 374, 374, 374, 374, 374, 374, 374, 374, 374, 374, 374, 374, 374, 374, 374, 374, 374, 374, 374, 374, 374, 374, 374, 374, 374, 374, 374, 374, 374, 374, 374, 374, 374, 374, 374, 374, 374, 374, 374, 374, 374, 374, 374, 374, 374, 374, 374, 374, 374, 374, 374, 374, 374, 374, 374, 374, 374, 374, 374, 374, 374, 374, 374, 374, 374, 374, 374, 374, 374, 374, 374, 374, 374, 374, 374, 374, 374, 374, 374, 374, 374, 374, 374, 374, 374, 374, 374, 374, 374, 374, 374, 374, 374, 374, 374, 374, 374, 374, 374, 374, 374, 374, 374, 374, 374, 374, 374, 374, 374, 374, 374, 374, 374, 374, 374, 374, 374, 374, 374, 374, 374, 374, 374, 374, 374, 374, 374, 374, 374, 374, 374, 374, 374, 374, 374, 374, 374, 374, 374, 374, 374, 374, 374]

ep224
Train step Loss: [0.9457410573959351, 0.9458589553833008, 0.9457491040229797, 0.9458980560302734, 0.9458556771278381, 0.9457442164421082, 0.9458457231521606, 0.9457785487174988, 0.9457067847251892, 0.9457591772079468, 0.9457960724830627, 0.9458369612693787, 0.9457376599311829, 0.9458509087562561, 0.945730984210968, 0.9457934498786926, 0.9459600448608398, 0.9458244442939758, 0.9457613825798035, 0.945866048336029, 0.9458237886428833, 0.9458373188972473, 0.945860743522644, 0.9457529783248901, 0.9457560777664185, 0.9457725286483765, 0.9457906484603882, 0.9457733631134033, 0.945800244808197, 0.945855438709259, 0.9458451867103577, 0.9457888007164001, 0.9458577632904053, 0.945749044418335, 0.9458337426185608, 0.9457628726959229, 0.9457888603210449, 0.9457515478134155, 0.9458144903182983, 0.9457880854606628, 0.9457626342773438, 0.9458122253417969, 0.9458404779434204, 0.9457926750183105, 0.9457935690879822, 0.9458408951759338, 0.9457863569259644, 0.9457809925079346, 0.945783793926239, 0.9457469582557678, 0.9457573890686035, 0.945844829082489, 0.9459002614021301, 0.9457545876502991, 0.9458348751068115, 0.9457861185073853, 0.9458281993865967, 0.945722758769989, 0.9457220435142517, 0.945780873298645, 0.9457217454910278, 0.9457732439041138, 0.9458007216453552, 0.9457319378852844, 0.9458072185516357, 0.945733368396759, 0.9458662271499634, 0.9458818435668945, 0.9457741975784302, 0.9456874132156372, 0.9457838535308838, 0.9458149671554565, 0.9458272457122803, 0.9457760453224182, 0.9458130598068237, 0.9457279443740845, 0.9457975029945374, 0.9457647204399109, 0.9458592534065247, 0.9458078145980835, 0.9457905888557434, 0.9457442760467529, 0.9457974433898926, 0.9457656145095825, 0.9458159804344177, 0.9458041191101074, 0.9458281397819519, 0.9458235502243042, 0.9457905888557434, 0.9458354115486145, 0.9457986354827881, 0.9458065032958984, 0.9457381963729858, 0.9457812309265137, 0.9457882642745972, 0.9457982778549194, 0.9458574056625366, 0.9457889199256897, 0.9458524584770203, 0.9458271265029907, 0.9458230137825012, 0.9457347989082336, 0.9457548260688782, 0.9458561539649963, 0.9457464218139648]
val step Loss: [0.9463880062103271, 0.9462618231773376, 0.9463092684745789, 0.9462964534759521, 0.9463650584220886, 0.9472981095314026, 0.9473325610160828, 0.9465977549552917, 0.9463200569152832, 0.9463251829147339, 0.9462875127792358, 0.9576143622398376, 0.9463878870010376, 0.9462749361991882, 0.9472532272338867, 0.9463478326797485, 0.9462263584136963, 0.946392834186554, 0.9465160369873047, 0.9464278221130371, 0.9471220374107361, 0.9462981224060059, 0.9463487863540649, 0.946245014667511, 0.9463760852813721, 0.9463358521461487, 0.9462361931800842]
Train step Accs: [1.0, 1.0, 1.0, 1.0, 1.0, 1.0, 1.0, 1.0, 1.0, 1.0, 1.0, 1.0, 1.0, 1.0, 1.0, 1.0, 1.0, 1.0, 1.0, 1.0, 1.0, 1.0, 1.0, 1.0, 1.0, 1.0, 1.0, 1.0, 1.0, 1.0, 1.0, 1.0, 1.0, 1.0, 1.0, 1.0, 1.0, 1.0, 1.0, 1.0, 1.0, 1.0, 1.0, 1.0, 1.0, 1.0, 1.0, 1.0, 1.0, 1.0, 1.0, 1.0, 1.0, 1.0, 1.0, 1.0, 1.0, 1.0, 1.0, 1.0, 1.0, 1.0, 1.0, 1.0, 1.0, 1.0, 1.0, 1.0, 1.0, 1.0, 1.0, 1.0, 1.0, 1.0, 1.0, 1.0, 1.0, 1.0, 1.0, 1.0, 1.0, 1.0, 1.0, 1.0, 1.0, 1.0, 1.0, 1.0, 1.0, 1.0, 1.0, 1.0, 1.0, 1.0, 1.0, 1.0, 1.0, 1.0, 1.0, 1.0, 1.0, 1.0, 1.0, 1.0, 1.0]
val step Accs: [1.0, 1.0, 1.0, 1.0, 1.0, 0.99981556621173, 0.9998213009292352, 1.0, 1.0, 1.0, 1.0, 0.9979256698357822, 1.0, 1.0, 0.9998423707440101, 1.0, 1.0, 1.0, 1.0, 1.0, 0.9998325238653492, 1.0, 1.0, 1.0, 1.0, 1.0, 1.0]
Preds: [17, 17, 441, 153, 153, 153, 424, 387, 497, 497, 122, 122, 35, 35, 259, 384, 371, 180, 180, 84, 84, 139, 16, 16, 375, 375, 375, 375, 98, 98, 98, 13, 13, 414, 414, 249, 249, 20, 47, 312, 187, 187, 101, 101, 101, 101, 149, 149, 149, 321, 287, 287, 287, 287, 297, 297, 297, 293, 293, 293, 122, 216, 22, 106, 106, 106, 284, 284, 284, 284, 306, 306, 372, 245, 406, 406, 284, 65, 284, 284, 284, 376, 376, 282, 282, 169, 271, 150, 77, 342, 342, 168, 97, 483, 196, 196, 479, 199, 199, 199, 360, 360, 330, 252, 368, 310, 310, 395, 395, 213, 278, 278, 278, 252, 368, 77, 453, 453, 168, 485, 301, 301, 374, 199, 106, 84, 84, 84, 84, 496, 293, 215, 215, 8, 251, 241, 241, 106, 106, 106, 284, 426, 405, 387, 387, 406, 406, 467, 467, 337, 207, 207, 19, 358, 233, 414, 417, 417, 417, 417, 442, 442, 414, 170, 102, 491, 312, 292, 292, 292, 292, 326, 326, 408, 408, 408, 228, 321, 320, 451, 30, 30, 422, 99, 338, 338, 338, 338, 400, 400, 400, 400, 171, 171, 301, 301, 378, 43, 364, 345, 345, 109, 109, 476, 476, 171, 324, 324, 301, 301, 8, 259, 354, 354, 420, 420, 420, 324, 324, 301, 251, 251, 241, 241, 331, 443, 443, 443, 443, 120, 120, 120, 120, 207, 207, 207, 207, 37, 203, 399, 217, 217, 473, 473, 476, 476, 171, 171, 171, 171, 252, 252, 310, 453, 107, 395, 444, 213, 213, 360, 252, 252, 368, 77, 54, 54, 224, 168, 494, 278, 301, 116, 251, 251, 241, 431, 431, 486, 376, 376, 376, 376, 376, 460, 460, 460, 240, 240, 35, 198, 384, 371, 114, 180, 84, 84, 84, 387, 372, 467, 467, 467, 467, 467, 207, 207, 207, 19, 19, 17, 420, 374, 374, 374, 374, 374, 374, 374, 374, 374, 374, 374, 374, 374, 374, 374, 374, 374, 374, 374, 374, 374, 374, 374, 374, 374, 374, 374, 374, 374, 374, 374, 374, 374, 374, 374, 374, 374, 374, 374, 374, 374, 374, 374, 374, 374, 374, 374, 374, 374, 374, 374, 374, 374, 374, 374, 374, 374, 374, 374, 374, 374, 374, 374, 374, 374, 374, 374, 374, 374, 374, 374, 374, 374, 374, 374, 374, 374, 374, 374, 374, 374, 374, 374, 374, 374, 374, 374, 374, 374, 374, 374, 374, 374, 374, 374, 374, 374, 374, 374, 374, 374, 374, 374, 374, 374, 374, 374, 374, 374, 374, 374, 374, 374, 374, 374, 374, 374, 374, 374, 374, 374, 374, 374, 374, 374, 374, 374, 374, 374, 374, 374, 374, 374, 374, 374, 374, 374, 374, 374, 374, 374, 374, 374, 374, 374, 374, 374, 374, 374, 374, 374, 374, 374, 374, 374, 374, 374, 374, 374, 374, 374, 374, 374, 374, 374, 374, 374, 374, 374, 374, 374, 374, 374, 374, 374, 374, 374, 374, 374, 374, 374, 374, 374, 374, 374, 374, 374, 374, 374, 374, 374, 374, 374, 374, 374, 374, 374, 374, 374, 374, 374, 374, 374, 374, 374, 374, 374, 374, 374, 374, 374, 374, 374, 374, 374, 374, 374, 374, 374, 374, 374, 374, 374, 374, 374, 374, 374, 374, 374, 374, 374, 374, 374, 374, 374, 374, 374, 374, 374, 374, 374, 374, 374, 374, 374, 374, 374, 374, 374, 374, 374, 374, 374, 374, 374, 374, 374, 374, 374, 374, 374, 374, 374, 374, 374, 374, 374, 374, 374, 374, 374, 374, 374, 374, 374, 374, 374, 374, 374, 374, 374, 374, 374, 374, 374, 374, 374, 374, 374]

ep225
Train step Loss: [0.945742666721344, 0.9457908868789673, 0.9458070397377014, 0.9458406567573547, 0.9458368420600891, 0.9457899928092957, 0.945832371711731, 0.9458746910095215, 0.9457895755767822, 0.9457659125328064, 0.9458287954330444, 0.9458009600639343, 0.9457486867904663, 0.9457104206085205, 0.9458048939704895, 0.9458414316177368, 0.9458007216453552, 0.9458267092704773, 0.9458420276641846, 0.9458520412445068, 0.9458009004592896, 0.9458023309707642, 0.9458271265029907, 0.9458439350128174, 0.9458367824554443, 0.9458193182945251, 0.9458426237106323, 0.9458581209182739, 0.9457893967628479, 0.945812463760376, 0.9458122253417969, 0.9458470940589905, 0.9458367824554443, 0.945810079574585, 0.9458028674125671, 0.9458582401275635, 0.9457947015762329, 0.9459112882614136, 0.9459361433982849, 0.9459044933319092, 0.9458534717559814, 0.9458884596824646, 0.9457793235778809, 0.94585120677948, 0.9457537531852722, 0.9458320140838623, 0.9459130764007568, 0.9457933902740479, 0.9458835124969482, 0.9458022713661194, 0.9458467960357666, 0.9457553029060364, 0.9458451867103577, 0.9458277821540833, 0.9458423256874084, 0.9458121657371521, 0.9458742141723633, 0.9458182454109192, 0.9458333253860474, 0.9458461403846741, 0.9458687901496887, 0.9458479881286621, 0.9457306861877441, 0.9457706212997437, 0.9458688497543335, 0.9457871317863464, 0.9458372592926025, 0.9457402229309082, 0.9458956122398376, 0.9458565711975098, 0.9457713961601257, 0.9457791447639465, 0.9458397626876831, 0.9458333849906921, 0.9457498788833618, 0.9457818865776062, 0.9457940459251404, 0.9457613825798035, 0.945878803730011, 0.9457881450653076, 0.9458223581314087, 0.9458434581756592, 0.9457745552062988, 0.9457617998123169, 0.9458245038986206, 0.9457602500915527, 0.9457501173019409, 0.9458445310592651, 0.9458001255989075, 0.9458447098731995, 0.945740818977356, 0.9458600878715515, 0.9458329081535339, 0.9459558725357056, 0.9458721280097961, 0.9458650350570679, 0.9458345770835876, 0.9458258748054504, 0.9457924365997314, 0.9458093047142029, 0.9458268284797668, 0.9458068013191223, 0.945817768573761, 0.9457484483718872, 0.945789098739624]
val step Loss: [0.9462672472000122, 0.9462915062904358, 0.9463073015213013, 0.9463337063789368, 0.9464275240898132, 0.9462513327598572, 0.9463141560554504, 0.9463192224502563, 0.9465320110321045, 0.9473649859428406, 0.9464079737663269, 0.9463827013969421, 0.946298360824585, 0.9464853405952454, 0.9464627504348755, 0.9464884400367737, 0.951612651348114, 0.9497439861297607, 0.9472391605377197, 0.9476639628410339, 0.9464690685272217, 0.9463284015655518, 0.946374237537384, 0.947136640548706, 0.9480761885643005, 0.9463638067245483, 0.9461988806724548]
Train step Accs: [1.0, 1.0, 1.0, 1.0, 1.0, 1.0, 1.0, 1.0, 1.0, 1.0, 1.0, 1.0, 1.0, 1.0, 1.0, 1.0, 1.0, 1.0, 1.0, 1.0, 1.0, 1.0, 1.0, 1.0, 1.0, 1.0, 1.0, 1.0, 1.0, 1.0, 1.0, 1.0, 1.0, 1.0, 1.0, 1.0, 1.0, 1.0, 1.0, 1.0, 1.0, 1.0, 1.0, 1.0, 1.0, 1.0, 1.0, 1.0, 1.0, 1.0, 1.0, 1.0, 1.0, 1.0, 1.0, 1.0, 1.0, 1.0, 1.0, 1.0, 1.0, 1.0, 1.0, 1.0, 1.0, 1.0, 1.0, 1.0, 1.0, 1.0, 1.0, 1.0, 1.0, 1.0, 1.0, 1.0, 1.0, 1.0, 1.0, 1.0, 1.0, 1.0, 1.0, 1.0, 1.0, 1.0, 1.0, 1.0, 1.0, 1.0, 1.0, 1.0, 1.0, 1.0, 1.0, 1.0, 1.0, 1.0, 1.0, 1.0, 1.0, 1.0, 1.0, 1.0, 1.0]
val step Accs: [1.0, 1.0, 1.0, 1.0, 1.0, 1.0, 1.0, 1.0, 1.0, 0.99982341515098, 1.0, 1.0, 1.0, 1.0, 1.0, 1.0, 0.9990495802312688, 0.9993951308029638, 0.9998344370860928, 0.9997679275934092, 1.0, 1.0, 1.0, 0.999857020303117, 0.9996805622105095, 1.0, 1.0]
Preds: [17, 17, 17, 345, 442, 487, 152, 152, 152, 301, 378, 43, 276, 345, 109, 109, 284, 486, 460, 240, 240, 385, 314, 32, 239, 75, 384, 371, 191, 191, 240, 385, 143, 401, 244, 75, 127, 273, 180, 486, 486, 486, 460, 282, 167, 385, 457, 196, 196, 219, 398, 464, 464, 486, 486, 460, 460, 215, 215, 401, 401, 244, 321, 354, 420, 420, 324, 422, 77, 478, 68, 68, 68, 224, 273, 444, 444, 324, 301, 314, 217, 473, 398, 398, 324, 301, 10, 10, 309, 479, 380, 374, 213, 213, 213, 213, 246, 301, 301, 378, 29, 134, 134, 134, 203, 280, 337, 324, 324, 324, 324, 3, 464, 464, 145, 113, 206, 169, 349, 349, 205, 261, 261, 25, 100, 153, 153, 43, 43, 276, 276, 182, 387, 387, 387, 178, 129, 401, 244, 244, 208, 441, 100, 100, 100, 182, 182, 375, 98, 98, 229, 244, 244, 247, 126, 126, 326, 101, 101, 391, 228, 244, 244, 320, 287, 287, 287, 206, 240, 35, 36, 449, 449, 224, 168, 278, 464, 331, 315, 319, 450, 293, 43, 276, 182, 497, 497, 497, 122, 186, 349, 234, 234, 261, 25, 25, 106, 428, 428, 146, 146, 146, 171, 324, 324, 324, 324, 464, 464, 464, 464, 486, 486, 85, 85, 240, 251, 251, 251, 241, 431, 428, 428, 146, 146, 219, 219, 219, 219, 219, 464, 464, 443, 486, 486, 460, 460, 169, 169, 349, 352, 261, 25, 485, 152, 152, 422, 143, 458, 458, 75, 208, 441, 100, 100, 100, 98, 98, 48, 48, 17, 17, 420, 374, 374, 374, 374, 374, 374, 374, 374, 374, 374, 374, 374, 374, 374, 374, 374, 374, 374, 374, 374, 374, 374, 374, 374, 374, 374, 374, 374, 374, 374, 374, 374, 374, 374, 374, 374, 374, 374, 374, 374, 374, 374, 374, 374, 374, 374, 374, 374, 374, 374, 374, 374, 374, 374, 374, 374, 374, 374, 374, 374, 374, 374, 374, 374, 374, 374, 374, 374, 374, 374, 374, 374, 374, 374, 374, 374, 374, 374, 374, 374, 374, 374, 374, 374, 374, 374, 374, 374, 374, 374, 374, 374, 374, 374, 374, 374, 374, 374, 374, 374, 374, 374, 374, 374, 374, 374, 374, 374, 374, 374, 374, 374, 374, 374, 374, 374, 374, 374, 374, 374, 374, 374, 374, 374, 374, 374, 374, 374, 374, 374, 374, 374, 374, 374, 374, 374, 374, 374, 374, 374, 374, 374, 374, 374, 374, 374, 374, 374, 374, 374, 374, 374, 374, 374, 374, 374, 374, 374, 374, 374, 374, 374, 374, 374, 374, 374, 374, 374, 374, 374, 374, 374, 374, 374, 374, 374, 374, 374, 374, 374, 374, 374, 374, 374, 374, 374, 374, 374, 374, 374, 374, 374, 374, 374, 374, 374, 374, 374, 374, 374, 374, 374, 374, 374, 374, 374, 374, 374, 374, 374, 374, 374, 374, 374, 374, 374, 374, 374, 374, 374, 374, 374, 374, 374, 374, 374, 374, 374, 374, 374, 374, 374, 374, 374, 374, 374, 374, 374, 374, 374, 374, 374, 374, 374, 374, 374, 374, 374, 374, 374, 374, 374, 374, 374, 374, 374, 374, 374, 374, 374, 374, 374, 374, 374, 374, 374, 374, 374, 374, 374, 374, 374, 374, 374, 374, 374, 374, 374, 374, 374, 374, 374, 374, 374, 374, 374, 374, 374, 374, 374, 374, 374, 374, 374, 374, 374, 374, 374, 374, 374, 374, 374, 374, 374, 374, 374, 374, 374, 374, 374, 374, 374, 374, 374, 374, 374, 374, 374, 374, 374, 374, 374, 374, 374, 374, 374, 374, 374, 374, 374, 374, 374, 374, 374, 374, 374, 374]

ep226
Train step Loss: [0.9458980560302734, 0.9458361268043518, 0.9456970691680908, 0.9457736015319824, 0.945913553237915, 0.9458723068237305, 0.9458394050598145, 0.9457593560218811, 0.9458088874816895, 0.9458646774291992, 0.9457906484603882, 0.9457986950874329, 0.9457839131355286, 0.9457549452781677, 0.9457005858421326, 0.9458445310592651, 0.9458531141281128, 0.9459600448608398, 0.9458332061767578, 0.9457833766937256, 0.9458229541778564, 0.9458019733428955, 0.9457870721817017, 0.9457402229309082, 0.9458403587341309, 0.9457409381866455, 0.9458022713661194, 0.9457859992980957, 0.9458373785018921, 0.9459024667739868, 0.9458041191101074, 0.9458348751068115, 0.9458156824111938, 0.9457984566688538, 0.9458730816841125, 0.9457957148551941, 0.9458392858505249, 0.9458670020103455, 0.9457939863204956, 0.9458011388778687, 0.9457053542137146, 0.9457749128341675, 0.9458622932434082, 0.9457916617393494, 0.9458595514297485, 0.945830225944519, 0.9457961320877075, 0.945861279964447, 0.9458744525909424, 0.9457992315292358, 0.9457924365997314, 0.9458147883415222, 0.9459658265113831, 0.9459195137023926, 0.9458180665969849, 0.9458128809928894, 0.9458253383636475, 0.9458475708961487, 0.9457827806472778, 0.9458170533180237, 0.9459331631660461, 0.9458328485488892, 0.9458146095275879, 0.945824921131134, 0.9458099603652954, 0.9458122253417969, 0.9458616971969604, 0.9457986354827881, 0.9458256959915161, 0.9457594156265259, 0.9458234906196594, 0.945757269859314, 0.9458163976669312, 0.9459010362625122, 0.945780873298645, 0.9457910656929016, 0.9458156824111938, 0.945877730846405, 0.9458727240562439, 0.9457789659500122, 0.9457973837852478, 0.9458427429199219, 0.9458141326904297, 0.9458320140838623, 0.9457720518112183, 0.9458400011062622, 0.945724606513977, 0.9458815455436707, 0.9458044767379761, 0.9457612037658691, 0.9457870721817017, 0.9459089636802673, 0.9457801580429077, 0.9458409547805786, 0.9457948803901672, 0.9457736015319824, 0.9458301067352295, 0.9458198547363281, 0.9457588195800781, 0.9457358717918396, 0.9457439184188843, 0.9458593726158142, 0.9457695484161377, 0.945841372013092, 0.9458490014076233]
val step Loss: [0.9466184973716736, 0.9461637139320374, 0.9463658928871155, 0.946326732635498, 0.9463825225830078, 0.9462369680404663, 0.9461908936500549, 0.9463397860527039, 0.9463986754417419, 0.9465163350105286, 0.9463654160499573, 0.9462149143218994, 0.9461268782615662, 0.9483029842376709, 0.9513853788375854, 0.9473957419395447, 0.947135329246521, 0.9463485479354858, 0.9473811984062195, 0.9464557766914368, 0.9462480545043945, 0.946255624294281, 0.9463568925857544, 0.9465190768241882, 0.9475374817848206, 0.9501931667327881, 0.9461397528648376]
Train step Accs: [1.0, 1.0, 1.0, 1.0, 1.0, 1.0, 1.0, 1.0, 1.0, 1.0, 1.0, 1.0, 1.0, 1.0, 1.0, 1.0, 1.0, 1.0, 1.0, 1.0, 1.0, 1.0, 1.0, 1.0, 1.0, 1.0, 1.0, 1.0, 1.0, 1.0, 1.0, 1.0, 1.0, 1.0, 1.0, 1.0, 1.0, 1.0, 1.0, 1.0, 1.0, 1.0, 1.0, 1.0, 1.0, 1.0, 1.0, 1.0, 1.0, 1.0, 1.0, 1.0, 1.0, 1.0, 1.0, 1.0, 1.0, 1.0, 1.0, 1.0, 1.0, 1.0, 1.0, 1.0, 1.0, 1.0, 1.0, 1.0, 1.0, 1.0, 1.0, 1.0, 1.0, 1.0, 1.0, 1.0, 1.0, 1.0, 1.0, 1.0, 1.0, 1.0, 1.0, 1.0, 1.0, 1.0, 1.0, 1.0, 1.0, 1.0, 1.0, 1.0, 1.0, 1.0, 1.0, 1.0, 1.0, 1.0, 1.0, 1.0, 1.0, 1.0, 1.0, 1.0, 1.0]
val step Accs: [1.0, 1.0, 1.0, 1.0, 1.0, 1.0, 1.0, 1.0, 1.0, 1.0, 1.0, 1.0, 1.0, 0.9996405463695184, 0.999057936881771, 0.9998422712933754, 0.9998445998445998, 1.0, 0.9998052959501558, 1.0, 1.0, 1.0, 1.0, 1.0, 0.9998014691284495, 0.9993117687543015, 1.0]
Preds: [17, 17, 32, 239, 384, 377, 371, 374, 374, 374, 132, 8, 8, 259, 354, 354, 180, 180, 443, 120, 120, 120, 120, 120, 240, 240, 240, 216, 285, 84, 84, 302, 302, 100, 375, 375, 375, 98, 98, 98, 229, 229, 247, 312, 312, 187, 1, 101, 101, 101, 321, 321, 287, 287, 287, 287, 284, 284, 284, 206, 167, 348, 379, 77, 77, 478, 66, 323, 323, 172, 115, 273, 273, 273, 151, 240, 240, 285, 199, 111, 111, 111, 111, 438, 438, 438, 219, 324, 324, 464, 464, 464, 464, 301, 301, 143, 35, 74, 437, 437, 437, 284, 284, 285, 285, 106, 284, 284, 284, 284, 426, 426, 293, 293, 293, 182, 346, 346, 284, 284, 284, 284, 426, 481, 293, 293, 43, 43, 276, 276, 276, 174, 387, 348, 10, 398, 398, 398, 398, 374, 378, 406, 406, 406, 88, 88, 81, 81, 337, 337, 146, 324, 219, 219, 219, 152, 152, 58, 58, 27, 351, 486, 486, 486, 486, 486, 460, 460, 460, 167, 35, 35, 219, 219, 219, 485, 485, 477, 374, 374, 374, 374, 374, 304, 304, 337, 41, 19, 19, 454, 454, 229, 229, 229, 312, 312, 187, 187, 23, 23, 23, 260, 391, 391, 321, 321, 320, 320, 345, 100, 100, 497, 497, 497, 122, 216, 453, 168, 5, 258, 38, 99, 99, 338, 338, 338, 338, 338, 400, 400, 444, 171, 171, 171, 171, 171, 464, 464, 335, 14, 14, 287, 145, 145, 111, 111, 240, 240, 146, 219, 219, 219, 464, 464, 464, 222, 84, 245, 245, 245, 43, 43, 43, 364, 276, 276, 276, 276, 276, 346, 346, 346, 284, 284, 206, 206, 206, 167, 167, 35, 14, 411, 411, 411, 424, 424, 424, 153, 182, 182, 182, 182, 182, 182, 182, 122, 122, 250, 303, 195, 195, 195, 303, 117, 98, 117, 117, 48, 48, 48, 414, 170, 244, 244, 392, 244, 392, 392, 392, 244, 73, 7, 7, 321, 7, 7, 127, 451, 30, 30, 324, 301, 301, 378, 325, 114, 114, 114, 180, 486, 486, 486, 315, 460, 285, 285, 285, 467, 85, 111, 403, 146, 207, 299, 299, 434, 434, 250, 250, 413, 271, 186, 186, 99, 99, 338, 338, 395, 395, 273, 273, 432, 432, 330, 240, 240, 385, 35, 77, 164, 164, 115, 273, 273, 180, 151, 151, 151, 206, 130, 130, 402, 183, 219, 219, 219, 213, 213, 213, 246, 246, 246, 246, 301, 301, 378, 43, 43, 276, 276, 153, 153, 387, 413, 413, 360, 219, 246, 246, 246, 246, 246, 246, 246, 19, 17, 420, 374, 374, 374, 374, 374, 374, 374, 374, 374, 374, 374, 374, 374, 374, 374, 374, 374, 374, 374, 374, 374, 374, 374, 374, 374, 374, 374, 374, 374, 374, 374, 374, 374, 374, 374, 374, 374, 374, 374, 374, 374, 374, 374, 374, 374, 374, 374, 374, 374, 374, 374, 374, 374, 374, 374, 374, 374, 374, 374, 374, 374, 374, 374, 374, 374, 374, 374, 374, 374, 374, 374, 374, 374, 374, 374, 374, 374, 374, 374, 374, 374, 374, 374, 374, 374, 374, 374, 374, 374, 374, 374, 374, 374, 374, 374, 374, 374, 374, 374, 374, 374, 374, 374, 374, 374, 374, 374, 374, 374, 374, 374, 374, 374, 374, 374, 374, 374, 374, 374, 374, 374, 374, 374, 374, 374, 374, 374, 374, 374, 374, 374, 374, 374, 374, 374, 374, 374, 374, 374, 374, 374, 374, 374, 374, 374, 374, 374, 374, 374, 374, 374, 374, 374, 374, 374, 374, 374, 374, 374, 374, 374, 374, 374, 374, 374, 374, 374, 374, 374, 374, 374, 374, 374]

ep227
Train step Loss: [0.9458116292953491, 0.9458767175674438, 0.9458170533180237, 0.945793092250824, 0.9457781314849854, 0.9458110928535461, 0.9457618594169617, 0.9457910060882568, 0.9458321332931519, 0.9459373950958252, 0.9457815885543823, 0.9457447528839111, 0.9459133148193359, 0.9458084106445312, 0.9458224773406982, 0.9458458423614502, 0.9457334280014038, 0.9457306861877441, 0.9457484483718872, 0.9457954168319702, 0.9457973837852478, 0.9457393884658813, 0.945751428604126, 0.9458165168762207, 0.9458286762237549, 0.9458535313606262, 0.9458362460136414, 0.9458314776420593, 0.9457903504371643, 0.9457191824913025, 0.94590163230896, 0.9458439946174622, 0.94576096534729, 0.9458293318748474, 0.9457575678825378, 0.9457451701164246, 0.9458121657371521, 0.9458411335945129, 0.9457270503044128, 0.945854902267456, 0.945769190788269, 0.9458690285682678, 0.9457685947418213, 0.9457854628562927, 0.9458006620407104, 0.9457767605781555, 0.9458140730857849, 0.945855438709259, 0.9457964897155762, 0.9457906484603882, 0.945807933807373, 0.9458072781562805, 0.9458561539649963, 0.945852518081665, 0.9458690881729126, 0.9457958340644836, 0.9457114338874817, 0.945807933807373, 0.9458265900611877, 0.94599848985672, 0.9457768797874451, 0.9457816481590271, 0.9457947015762329, 0.9458374381065369, 0.9458297491073608, 0.9457384347915649, 0.9458276629447937, 0.9457913637161255, 0.945848822593689, 0.94580078125, 0.9458308815956116, 0.9458078145980835, 0.9458059072494507, 0.9457494020462036, 0.9457645416259766, 0.9457659721374512, 0.9458719491958618, 0.9457628726959229, 0.9457806944847107, 0.9458178877830505, 0.9458812475204468, 0.9458943009376526, 0.9459266066551208, 0.94587242603302, 0.9459138512611389, 0.9457525610923767, 0.9458586573600769, 0.9458446502685547, 0.945798933506012, 0.9458678960800171, 0.9458523988723755, 0.9457651376724243, 0.9457570910453796, 0.9458359479904175, 0.9458932876586914, 0.945805549621582, 0.9458149671554565, 0.9458093643188477, 0.9458228349685669, 0.9457247257232666, 0.945807933807373, 0.9458982348442078, 0.9458626508712769, 0.9458222985267639, 0.9458107352256775]
val step Loss: [0.9470548629760742, 0.9464285373687744, 0.9462011456489563, 0.9462059140205383, 0.9473216533660889, 0.9462299942970276, 0.9461998343467712, 0.9462997317314148, 0.9462859034538269, 0.9461925625801086, 0.9462432265281677, 0.9471524953842163, 0.946479082107544, 0.9465298056602478, 0.9462339282035828, 0.9463213086128235, 0.946357011795044, 0.9504361152648926, 0.9463409185409546, 0.9463368654251099, 0.9473320245742798, 0.9463918209075928, 0.9463417530059814, 0.9479905366897583, 0.9512719511985779, 0.9463946223258972, 0.9465482831001282]
Train step Accs: [1.0, 1.0, 1.0, 1.0, 1.0, 1.0, 1.0, 1.0, 1.0, 1.0, 1.0, 1.0, 1.0, 1.0, 1.0, 1.0, 1.0, 1.0, 1.0, 1.0, 1.0, 1.0, 1.0, 1.0, 1.0, 1.0, 1.0, 1.0, 1.0, 1.0, 1.0, 1.0, 1.0, 1.0, 1.0, 1.0, 1.0, 1.0, 1.0, 1.0, 1.0, 1.0, 1.0, 1.0, 1.0, 1.0, 1.0, 1.0, 1.0, 1.0, 1.0, 1.0, 1.0, 1.0, 1.0, 1.0, 1.0, 1.0, 1.0, 1.0, 1.0, 1.0, 1.0, 1.0, 1.0, 1.0, 1.0, 1.0, 1.0, 1.0, 1.0, 1.0, 1.0, 1.0, 1.0, 1.0, 1.0, 1.0, 1.0, 1.0, 1.0, 1.0, 1.0, 1.0, 1.0, 1.0, 1.0, 1.0, 1.0, 1.0, 1.0, 1.0, 1.0, 1.0, 1.0, 1.0, 1.0, 1.0, 1.0, 1.0, 1.0, 1.0, 1.0, 1.0, 1.0]
val step Accs: [0.9998643516006511, 1.0, 1.0, 1.0, 0.9998321866084914, 1.0, 1.0, 1.0, 1.0, 1.0, 1.0, 0.9998530708198649, 1.0, 1.0, 1.0, 1.0, 1.0, 0.9992343032159265, 1.0, 1.0, 0.999817050859861, 1.0, 1.0, 0.9996948428440647, 0.9990838295923041, 1.0, 1.0]
Preds: [17, 17, 445, 464, 171, 171, 171, 171, 252, 252, 314, 32, 239, 36, 107, 107, 395, 213, 213, 213, 213, 246, 19, 454, 229, 229, 247, 126, 126, 126, 126, 326, 326, 408, 408, 408, 391, 228, 244, 320, 7, 7, 32, 32, 239, 108, 371, 371, 278, 278, 422, 236, 239, 239, 384, 449, 371, 470, 180, 443, 443, 443, 443, 403, 403, 171, 438, 203, 399, 217, 250, 250, 250, 138, 153, 88, 132, 374, 219, 219, 219, 219, 219, 464, 464, 171, 171, 171, 171, 246, 246, 246, 246, 24, 24, 239, 239, 384, 384, 420, 324, 324, 340, 116, 10, 10, 309, 479, 479, 331, 106, 153, 426, 426, 293, 293, 293, 98, 98, 335, 335, 226, 226, 209, 188, 188, 213, 324, 301, 8, 8, 239, 354, 354, 106, 355, 355, 376, 376, 460, 452, 263, 263, 263, 13, 229, 229, 82, 312, 23, 23, 23, 408, 149, 228, 244, 320, 479, 479, 398, 324, 422, 143, 465, 465, 354, 354, 346, 284, 486, 206, 169, 150, 342, 342, 164, 164, 224, 273, 470, 403, 403, 464, 464, 464, 355, 178, 143, 129, 458, 208, 208, 441, 100, 387, 387, 313, 236, 239, 239, 310, 107, 107, 395, 278, 443, 443, 240, 215, 215, 129, 259, 354, 284, 206, 460, 240, 35, 36, 164, 342, 351, 180, 486, 460, 460, 178, 178, 233, 458, 192, 192, 41, 41, 41, 41, 19, 19, 19, 454, 454, 229, 229, 82, 126, 126, 292, 326, 408, 408, 149, 244, 244, 373, 338, 338, 338, 395, 494, 374, 416, 8, 32, 239, 354, 65, 65, 481, 481, 481, 293, 143, 35, 458, 208, 100, 100, 387, 387, 122, 236, 129, 259, 310, 108, 323, 224, 397, 106, 88, 88, 387, 203, 399, 217, 473, 473, 398, 324, 464, 422, 416, 143, 458, 144, 208, 27, 441, 125, 125, 387, 206, 175, 251, 251, 241, 431, 486, 460, 460, 167, 178, 35, 77, 342, 342, 342, 224, 267, 267, 444, 324, 246, 246, 477, 301, 313, 325, 325, 34, 324, 324, 301, 422, 24, 239, 384, 371, 180, 486, 486, 460, 240, 240, 24, 239, 310, 107, 395, 255, 416, 143, 129, 401, 259, 320, 354, 354, 109, 337, 41, 324, 19, 19, 454, 454, 229, 229, 247, 312, 187, 187, 187, 408, 408, 391, 391, 73, 244, 320, 7, 7, 371, 398, 324, 301, 116, 251, 251, 331, 106, 88, 88, 88, 106, 284, 405, 206, 206, 178, 35, 35, 401, 259, 354, 106, 284, 405, 405, 206, 178, 178, 35, 233, 401, 401, 320, 7, 276, 100, 375, 98, 98, 98, 249, 305, 305, 170, 244, 28, 28, 392, 392, 392, 63, 63, 392, 63, 63, 63, 392, 63, 63, 63, 63, 63, 244, 195, 305, 211, 211, 17, 420, 420, 420, 420, 420, 420, 420, 420, 420, 420, 420, 420, 420, 420, 420, 420, 420, 420, 420, 420, 420, 420, 420, 420, 420, 420, 420, 420, 420, 420, 420, 420, 420, 420, 420, 420, 420, 420, 420, 420, 420, 420, 420, 420, 420, 420, 420, 420, 420, 420, 420, 420, 420, 420, 420, 420, 420, 420, 420, 420, 420, 420, 420, 420, 420, 420, 420, 420, 420, 420, 420, 420, 420, 420, 420, 420, 420, 420, 420, 420, 420, 420, 420, 420, 420, 420, 420, 420, 420, 420, 420, 420, 420, 420, 420, 420, 420, 420, 420, 420, 420, 420, 420, 420, 420, 420, 420, 420, 420, 420, 420, 420, 420, 420, 420, 420, 420, 420, 420, 420, 420, 420, 420, 420, 420, 420, 420, 420, 420, 420, 420, 420, 420, 420, 420, 420, 420, 420]

ep228
Train step Loss: [0.9457974433898926, 0.9457977414131165, 0.9458119869232178, 0.9459220767021179, 0.9458443522453308, 0.9457399249076843, 0.945840060710907, 0.9457098841667175, 0.9457340240478516, 0.9458222389221191, 0.9459071159362793, 0.9458310604095459, 0.9457786083221436, 0.9458131790161133, 0.945737898349762, 0.9458559155464172, 0.9457912445068359, 0.9458093643188477, 0.9457943439483643, 0.9458307027816772, 0.9458041787147522, 0.945887565612793, 0.9457931518554688, 0.9458196759223938, 0.9458110928535461, 0.9458048939704895, 0.945846438407898, 0.9457746744155884, 0.9458485841751099, 0.9458460807800293, 0.9457800984382629, 0.9458603262901306, 0.945801854133606, 0.9457969665527344, 0.9457764029502869, 0.9457903504371643, 0.9457806348800659, 0.9458168148994446, 0.9457932710647583, 0.9458160996437073, 0.9458457231521606, 0.945855438709259, 0.9458561539649963, 0.9458209872245789, 0.9457509517669678, 0.9457607269287109, 0.9457012414932251, 0.9458354115486145, 0.9457244873046875, 0.9458326697349548, 0.9458020925521851, 0.9458033442497253, 0.9457893967628479, 0.945827305316925, 0.9457426071166992, 0.9458851218223572, 0.9457724094390869, 0.9457639455795288, 0.9458105564117432, 0.9458112120628357, 0.9457762241363525, 0.9458791017532349, 0.9458292722702026, 0.9458132386207581, 0.9458549618721008, 0.9458296895027161, 0.9457754492759705, 0.9457952380180359, 0.9458357095718384, 0.9457553029060364, 0.9458531141281128, 0.9457689523696899, 0.9457581043243408, 0.9457451105117798, 0.9458361268043518, 0.9457949995994568, 0.9457635879516602, 0.9457473158836365, 0.9458556175231934, 0.9458280801773071, 0.9457964897155762, 0.9458119869232178, 0.9458978772163391, 0.9457715153694153, 0.9458078742027283, 0.9459259510040283, 0.9457507133483887, 0.9457665681838989, 0.9458742737770081, 0.9457858204841614, 0.9458093643188477, 0.9458280801773071, 0.9459330439567566, 0.9458248615264893, 0.9457888007164001, 0.9458420872688293, 0.9457749128341675, 0.9457566738128662, 0.9457976222038269, 0.9457806944847107, 0.945833683013916, 0.9458778500556946, 0.9458730220794678, 0.945787787437439, 0.9457564353942871]
val step Loss: [0.9465357065200806, 0.94635009765625, 0.9515041708946228, 0.9463452100753784, 0.9463317394256592, 0.9463956356048584, 0.9461807608604431, 0.9516430497169495, 0.9463008046150208, 0.9464287757873535, 0.9463660717010498, 0.9463865160942078, 0.9463870525360107, 0.9466114640235901, 0.946395218372345, 0.9463740587234497, 0.9463419318199158, 0.9477301836013794, 0.9463210701942444, 0.9462844133377075, 0.9492694139480591, 0.9472190141677856, 0.9461773633956909, 0.9463635087013245, 0.9463756084442139, 0.9462593793869019, 0.9463749527931213]
Train step Accs: [1.0, 1.0, 1.0, 1.0, 1.0, 1.0, 1.0, 1.0, 1.0, 1.0, 1.0, 1.0, 1.0, 1.0, 1.0, 1.0, 1.0, 1.0, 1.0, 1.0, 1.0, 1.0, 1.0, 1.0, 1.0, 1.0, 1.0, 1.0, 1.0, 1.0, 1.0, 1.0, 1.0, 1.0, 1.0, 1.0, 1.0, 1.0, 1.0, 1.0, 1.0, 1.0, 1.0, 1.0, 1.0, 1.0, 1.0, 1.0, 1.0, 1.0, 1.0, 1.0, 1.0, 1.0, 1.0, 1.0, 1.0, 1.0, 1.0, 1.0, 1.0, 1.0, 1.0, 1.0, 1.0, 1.0, 1.0, 1.0, 1.0, 1.0, 1.0, 1.0, 1.0, 1.0, 1.0, 1.0, 1.0, 1.0, 1.0, 1.0, 1.0, 1.0, 1.0, 1.0, 1.0, 1.0, 1.0, 1.0, 1.0, 1.0, 1.0, 1.0, 1.0, 1.0, 1.0, 1.0, 1.0, 1.0, 1.0, 1.0, 1.0, 1.0, 1.0, 1.0, 1.0]
val step Accs: [1.0, 1.0, 0.9990766389658357, 1.0, 1.0, 1.0, 1.0, 0.9990444338270426, 1.0, 1.0, 1.0, 1.0, 1.0, 1.0, 1.0, 1.0, 1.0, 0.9997970367363507, 1.0, 1.0, 0.9994667614646285, 0.9998385794995964, 1.0, 1.0, 1.0, 1.0, 1.0]
Preds: [17, 17, 32, 239, 384, 377, 371, 374, 374, 374, 132, 8, 8, 259, 354, 354, 180, 180, 443, 120, 120, 120, 120, 120, 240, 240, 240, 216, 285, 84, 84, 302, 302, 100, 375, 375, 375, 98, 98, 98, 229, 229, 247, 312, 312, 187, 1, 101, 101, 101, 321, 321, 287, 287, 287, 287, 284, 284, 284, 206, 167, 348, 379, 77, 77, 478, 66, 323, 323, 172, 115, 273, 273, 273, 151, 240, 240, 285, 199, 111, 111, 111, 111, 438, 438, 438, 219, 324, 324, 464, 464, 464, 464, 301, 301, 143, 35, 74, 437, 437, 437, 284, 284, 285, 285, 106, 284, 284, 284, 284, 426, 426, 293, 293, 293, 182, 346, 346, 284, 284, 284, 284, 426, 481, 293, 293, 43, 43, 276, 276, 276, 174, 387, 348, 10, 398, 398, 398, 398, 374, 378, 406, 406, 406, 88, 88, 81, 81, 337, 337, 146, 324, 219, 219, 219, 152, 152, 58, 58, 27, 351, 486, 486, 486, 486, 486, 460, 460, 460, 167, 35, 35, 219, 219, 219, 485, 485, 477, 374, 374, 374, 374, 374, 304, 304, 337, 41, 19, 19, 454, 454, 229, 229, 229, 312, 312, 187, 187, 23, 23, 23, 260, 391, 391, 321, 321, 320, 320, 345, 100, 100, 497, 497, 497, 122, 216, 453, 168, 5, 258, 38, 99, 99, 338, 338, 338, 338, 338, 400, 400, 444, 171, 171, 171, 171, 171, 464, 464, 335, 14, 14, 287, 145, 145, 111, 111, 240, 240, 146, 219, 219, 219, 464, 464, 464, 222, 84, 245, 245, 245, 43, 43, 43, 364, 276, 276, 276, 276, 276, 346, 346, 346, 284, 284, 206, 206, 206, 167, 167, 35, 14, 411, 411, 411, 424, 424, 424, 153, 182, 182, 182, 182, 182, 182, 182, 122, 122, 250, 303, 195, 195, 195, 303, 117, 98, 117, 117, 48, 48, 48, 414, 170, 244, 244, 392, 244, 392, 392, 392, 244, 73, 7, 7, 321, 7, 7, 127, 451, 30, 30, 324, 301, 301, 378, 325, 114, 114, 114, 180, 486, 486, 486, 315, 460, 285, 285, 285, 467, 85, 111, 403, 146, 207, 299, 299, 434, 434, 250, 250, 413, 271, 186, 186, 99, 99, 338, 338, 395, 395, 273, 273, 432, 432, 330, 240, 240, 385, 35, 77, 164, 164, 115, 273, 273, 180, 151, 151, 151, 206, 130, 130, 402, 183, 219, 219, 219, 213, 213, 213, 246, 246, 246, 246, 301, 301, 378, 43, 43, 276, 276, 153, 153, 387, 413, 413, 360, 219, 246, 246, 246, 246, 246, 246, 246, 19, 17, 420, 374, 374, 374, 374, 374, 374, 374, 374, 374, 374, 374, 374, 374, 374, 374, 374, 374, 374, 374, 374, 374, 374, 374, 374, 374, 374, 374, 374, 374, 374, 374, 374, 374, 374, 374, 374, 374, 374, 374, 374, 374, 374, 374, 374, 374, 374, 374, 374, 374, 374, 374, 374, 374, 374, 374, 374, 374, 374, 374, 374, 374, 374, 374, 374, 374, 374, 374, 374, 374, 374, 374, 374, 374, 374, 374, 374, 374, 374, 374, 374, 374, 374, 374, 374, 374, 374, 374, 374, 374, 374, 374, 374, 374, 374, 374, 374, 374, 374, 374, 374, 374, 374, 374, 374, 374, 374, 374, 374, 374, 374, 374, 374, 374, 374, 374, 374, 374, 374, 374, 374, 374, 374, 374, 374, 374, 374, 374, 374, 374, 374, 374, 374, 374, 374, 374, 374, 374, 374, 374, 374, 374, 374, 374, 374, 374, 374, 374, 374, 374, 374, 374, 374, 374, 374, 374, 374, 374, 374, 374, 374, 374, 374, 374, 374, 374, 374, 374, 374, 374, 374, 374, 374, 374]

ep229
Train step Loss: [0.945874035358429, 0.9458043575286865, 0.9457598924636841, 0.9458051919937134, 0.9458128809928894, 0.9458553194999695, 0.9458436965942383, 0.9457814693450928, 0.9458792209625244, 0.9458758234977722, 0.9458078145980835, 0.9458260536193848, 0.9458020925521851, 0.9458295106887817, 0.9458407759666443, 0.9458626508712769, 0.9458446502685547, 0.9458504319190979, 0.9458401799201965, 0.9459551572799683, 0.9458417892456055, 0.9458842277526855, 0.9457895159721375, 0.9458305239677429, 0.9458112120628357, 0.9458715915679932, 0.9458816647529602, 0.9458330869674683, 0.9458637237548828, 0.9458122849464417, 0.9458322525024414, 0.9458324909210205, 0.9458448886871338, 0.9457991123199463, 0.9458151459693909, 0.9458239078521729, 0.9458858370780945, 0.945805549621582, 0.9458094835281372, 0.9458800554275513, 0.9458268880844116, 0.9457839131355286, 0.945824384689331, 0.945866584777832, 0.9458602070808411, 0.9457622766494751, 0.945758044719696, 0.9457713961601257, 0.9458036422729492, 0.9458649158477783, 0.9458418488502502, 0.9458667635917664, 0.945793867111206, 0.9458072185516357, 0.9458685517311096, 0.9457505941390991, 0.9458993077278137, 0.9458581209182739, 0.9457834362983704, 0.945782482624054, 0.9458459615707397, 0.9458400011062622, 0.9457670450210571, 0.9458428025245667, 0.9457671642303467, 0.9458194375038147, 0.9458358287811279, 0.9458094239234924, 0.9459155201911926, 0.9458019733428955, 0.9457728862762451, 0.9458146691322327, 0.945883572101593, 0.9457666277885437, 0.9457830190658569, 0.9458491802215576, 0.9458498358726501, 0.9458506107330322, 0.9458651542663574, 0.9459120035171509, 0.9458587169647217, 0.9457512497901917, 0.9457394480705261, 0.9458464980125427, 0.9457972645759583, 0.9458048939704895, 0.9458132386207581, 0.945758581161499, 0.9458056092262268, 0.9459739923477173, 0.945850133895874, 0.9458757042884827, 0.9458656311035156, 0.9457907676696777, 0.9458415508270264, 0.9457948207855225, 0.9458372592926025, 0.9458548426628113, 0.9458363652229309, 0.9458361268043518, 0.9458085894584656, 0.9457451105117798, 0.9459380507469177, 0.9457818269729614, 0.9458467960357666]
val step Loss: [0.9462614059448242, 0.9479511976242065, 0.946452796459198, 0.9505902528762817, 0.9461596608161926, 0.9464426040649414, 0.9475656747817993, 0.9523352980613708, 0.9463937282562256, 0.946267306804657, 0.9464499950408936, 0.9463775157928467, 0.9463084936141968, 0.9463197588920593, 0.9463073015213013, 0.9463141560554504, 0.9461656808853149, 0.9463784694671631, 0.9482712745666504, 0.946357011795044, 0.9464913010597229, 0.9463642835617065, 0.9461876153945923, 0.9463170170783997, 0.9465703368186951, 0.9464000463485718, 0.9466496706008911]
Train step Accs: [1.0, 1.0, 1.0, 1.0, 1.0, 1.0, 1.0, 1.0, 1.0, 1.0, 1.0, 1.0, 1.0, 1.0, 1.0, 1.0, 1.0, 1.0, 1.0, 1.0, 1.0, 1.0, 1.0, 1.0, 1.0, 1.0, 1.0, 1.0, 1.0, 1.0, 1.0, 1.0, 1.0, 1.0, 1.0, 1.0, 1.0, 1.0, 1.0, 1.0, 1.0, 1.0, 1.0, 1.0, 1.0, 1.0, 1.0, 1.0, 1.0, 1.0, 1.0, 1.0, 1.0, 1.0, 1.0, 1.0, 1.0, 1.0, 1.0, 1.0, 1.0, 1.0, 1.0, 1.0, 1.0, 1.0, 1.0, 1.0, 1.0, 1.0, 1.0, 1.0, 1.0, 1.0, 1.0, 1.0, 1.0, 1.0, 1.0, 1.0, 1.0, 1.0, 1.0, 1.0, 1.0, 1.0, 1.0, 1.0, 1.0, 1.0, 1.0, 1.0, 1.0, 1.0, 1.0, 1.0, 1.0, 1.0, 1.0, 1.0, 1.0, 1.0, 1.0, 1.0, 1.0]
val step Accs: [1.0, 0.9997117740308402, 1.0, 0.9992240844196152, 1.0, 1.0, 0.999822883457315, 0.9988884772137829, 1.0, 1.0, 1.0, 1.0, 1.0, 1.0, 1.0, 1.0, 1.0, 1.0, 0.9996577686516085, 1.0, 1.0, 1.0, 1.0, 1.0, 1.0, 1.0, 1.0]
Preds: [17, 17, 296, 479, 479, 278, 278, 252, 143, 143, 129, 259, 144, 445, 445, 180, 403, 403, 403, 290, 290, 290, 434, 246, 246, 246, 246, 246, 246, 19, 19, 19, 454, 414, 442, 414, 170, 244, 244, 187, 408, 392, 244, 244, 244, 244, 244, 7, 152, 152, 152, 422, 349, 234, 234, 261, 25, 106, 106, 499, 284, 306, 306, 406, 406, 467, 284, 284, 287, 284, 284, 284, 450, 450, 450, 293, 413, 413, 251, 251, 251, 241, 431, 431, 428, 428, 428, 428, 146, 146, 146, 358, 465, 164, 352, 164, 352, 25, 34, 324, 324, 301, 301, 8, 205, 261, 25, 106, 100, 153, 43, 43, 182, 182, 387, 387, 169, 169, 349, 352, 352, 397, 397, 133, 43, 43, 276, 276, 346, 346, 387, 387, 215, 35, 401, 259, 345, 345, 387, 240, 236, 129, 75, 164, 27, 351, 355, 355, 355, 240, 215, 8, 239, 354, 354, 420, 324, 324, 416, 143, 401, 82, 244, 354, 420, 278, 154, 178, 143, 458, 82, 192, 27, 351, 443, 443, 240, 240, 325, 34, 34, 324, 324, 339, 339, 94, 398, 398, 340, 116, 10, 10, 479, 398, 398, 374, 374, 330, 468, 406, 406, 467, 88, 387, 387, 169, 186, 99, 338, 338, 338, 338, 395, 395, 432, 330, 330, 388, 348, 10, 10, 479, 331, 331, 84, 350, 387, 387, 240, 251, 251, 251, 114, 114, 278, 278, 278, 31, 99, 338, 338, 338, 338, 338, 395, 395, 464, 464, 120, 355, 355, 355, 169, 215, 349, 205, 261, 25, 420, 324, 422, 143, 458, 244, 208, 208, 441, 441, 141, 141, 38, 162, 232, 232, 232, 68, 68, 68, 115, 115, 267, 267, 267, 213, 246, 246, 19, 454, 229, 247, 126, 126, 326, 326, 326, 101, 101, 101, 149, 149, 228, 321, 83, 287, 111, 55, 438, 299, 299, 434, 339, 10, 10, 10, 309, 479, 398, 213, 213, 213, 246, 246, 246, 301, 143, 129, 129, 401, 259, 354, 354, 106, 486, 486, 460, 215, 215, 401, 244, 75, 354, 346, 284, 206, 240, 236, 36, 36, 342, 115, 273, 180, 499, 486, 460, 178, 178, 233, 82, 192, 192, 445, 445, 213, 41, 41, 19, 19, 17, 420, 374, 374, 374, 374, 374, 374, 374, 374, 374, 374, 374, 374, 374, 374, 374, 374, 374, 374, 374, 374, 374, 374, 374, 374, 374, 374, 374, 374, 374, 374, 374, 374, 374, 374, 374, 374, 374, 374, 374, 374, 374, 374, 374, 374, 374, 374, 374, 374, 374, 374, 374, 374, 374, 374, 374, 374, 374, 374, 374, 374, 374, 374, 374, 374, 374, 374, 374, 374, 374, 374, 374, 374, 374, 374, 374, 374, 374, 374, 374, 374, 374, 374, 374, 374, 374, 374, 374, 374, 374, 374, 374, 374, 374, 374, 374, 374, 374, 374, 374, 374, 374, 374, 374, 374, 374, 374, 374, 374, 374, 374, 374, 374, 374, 374, 374, 374, 374, 374, 374, 374, 374, 374, 374, 374, 374, 374, 374, 374, 374, 374, 374, 374, 374, 374, 374, 374, 374, 374, 374, 374, 374, 374, 374, 374, 374, 374, 374, 374, 374, 374, 374, 374, 374, 374, 374, 374, 374, 374, 374, 374, 374, 374, 374, 374, 374, 374, 374, 374, 374, 374, 374, 374, 374, 374, 374, 374, 374, 374, 374, 374, 374, 374, 374, 374, 374, 374, 374, 374, 374, 374, 374, 374, 374, 374, 374, 374, 374, 374, 374, 374, 374, 374, 374, 374, 374, 374, 374, 374, 374, 374, 374, 374, 374, 374, 374, 374, 374, 374, 374, 374, 374, 374, 374, 374, 374, 374, 374, 374, 374, 374]

ep230
Train step Loss: [0.9458708763122559, 0.945805013179779, 0.9458285570144653, 0.945777416229248, 0.9458889961242676, 0.9458085298538208, 0.945811927318573, 0.9458353519439697, 0.9457877278327942, 0.9458643794059753, 0.9458057880401611, 0.9458568692207336, 0.9458159804344177, 0.9458152055740356, 0.9459015727043152, 0.9457958936691284, 0.9457945227622986, 0.9457412958145142, 0.9458125233650208, 0.9458978176116943, 0.9458661079406738, 0.9458328485488892, 0.9457809329032898, 0.9458775520324707, 0.9457830190658569, 0.9457894563674927, 0.9458256363868713, 0.9457177519798279, 0.9457834362983704, 0.9458135962486267, 0.9458596110343933, 0.9457917213439941, 0.9457758665084839, 0.9458959698677063, 0.94584059715271, 0.945781409740448, 0.945878267288208, 0.9457558393478394, 0.9458943605422974, 0.9457213282585144, 0.9457919597625732, 0.9459493160247803, 0.9457621574401855, 0.9457383751869202, 0.9457874298095703, 0.9459797143936157, 0.94586181640625, 0.9458798766136169, 0.9457569718360901, 0.9458897113800049, 0.9458202123641968, 0.9458369016647339, 0.9458603858947754, 0.945827841758728, 0.9459161162376404, 0.9458513259887695, 0.945862889289856, 0.9459885358810425, 0.9458316564559937, 0.945733368396759, 0.9457883238792419, 0.945860743522644, 0.9458339810371399, 0.9457165598869324, 0.9458339214324951, 0.9458085298538208, 0.9458556771278381, 0.94582200050354, 0.9457810521125793, 0.9457545280456543, 0.945912778377533, 0.9458746314048767, 0.945882260799408, 0.945792555809021, 0.9458369016647339, 0.9457800984382629, 0.9458276033401489, 0.945862889289856, 0.945813000202179, 0.9458016753196716, 0.9458363056182861, 0.9457719326019287, 0.9458327889442444, 0.9458645582199097, 0.9457670450210571, 0.9457527995109558, 0.9457544088363647, 0.9458175897598267, 0.9457963109016418, 0.9458184838294983, 0.9457839131355286, 0.9457644820213318, 0.9459166526794434, 0.9457248449325562, 0.9457276463508606, 0.9458252191543579, 0.9458328485488892, 0.9458889961242676, 0.9458889365196228, 0.9458204507827759, 0.9458845853805542, 0.9456989169120789, 0.9458167552947998, 0.9459289908409119, 0.9458210468292236]
val step Loss: [0.9504553079605103, 0.9463247060775757, 0.9465177655220032, 0.9461504220962524, 0.9459969401359558, 0.9461624026298523, 0.9463146328926086, 0.9462196826934814, 0.9462065100669861, 0.9463978409767151, 0.9462612867355347, 0.9462962746620178, 0.9471620321273804, 0.9479634761810303, 0.9514353275299072, 0.9464470744132996, 0.9464086294174194, 0.946320652961731, 0.9462425112724304, 0.9463111758232117, 0.9462736248970032, 0.9489439725875854, 0.9461302757263184, 0.9463880062103271, 0.9463669657707214, 0.9460612535476685, 0.9461764693260193]
Train step Accs: [1.0, 1.0, 1.0, 1.0, 1.0, 1.0, 1.0, 1.0, 1.0, 1.0, 1.0, 1.0, 1.0, 1.0, 1.0, 1.0, 1.0, 1.0, 1.0, 1.0, 1.0, 1.0, 1.0, 1.0, 1.0, 1.0, 1.0, 1.0, 1.0, 1.0, 1.0, 1.0, 1.0, 1.0, 1.0, 1.0, 1.0, 1.0, 1.0, 1.0, 1.0, 1.0, 1.0, 1.0, 1.0, 1.0, 1.0, 1.0, 1.0, 1.0, 1.0, 1.0, 1.0, 1.0, 1.0, 1.0, 1.0, 1.0, 1.0, 1.0, 1.0, 1.0, 1.0, 1.0, 1.0, 1.0, 1.0, 1.0, 1.0, 1.0, 1.0, 1.0, 1.0, 1.0, 1.0, 1.0, 1.0, 1.0, 1.0, 1.0, 1.0, 1.0, 1.0, 1.0, 1.0, 1.0, 1.0, 1.0, 1.0, 1.0, 1.0, 1.0, 1.0, 1.0, 1.0, 1.0, 1.0, 1.0, 1.0, 1.0, 1.0, 1.0, 1.0, 1.0, 1.0]
val step Accs: [0.9992225461613217, 1.0, 1.0, 1.0, 1.0, 1.0, 1.0, 1.0, 1.0, 1.0, 1.0, 1.0, 0.999844840961986, 0.9997143673236218, 0.9990339719851876, 1.0, 1.0, 1.0, 1.0, 1.0, 1.0, 0.9994934143870314, 1.0, 1.0, 1.0, 1.0, 1.0]
Preds: [17, 17, 17, 451, 152, 152, 374, 378, 42, 406, 406, 499, 387, 387, 387, 387, 337, 219, 219, 219, 324, 324, 434, 339, 10, 10, 309, 479, 398, 324, 278, 301, 143, 129, 401, 244, 321, 354, 354, 265, 428, 428, 146, 146, 146, 324, 324, 301, 215, 32, 32, 102, 354, 354, 106, 106, 284, 265, 206, 282, 282, 388, 303, 212, 219, 324, 324, 301, 116, 10, 94, 479, 331, 331, 428, 428, 428, 146, 146, 252, 252, 239, 239, 310, 310, 107, 107, 395, 374, 374, 132, 132, 219, 286, 464, 464, 464, 355, 355, 355, 460, 452, 263, 263, 263, 78, 170, 170, 244, 392, 392, 392, 392, 392, 392, 392, 392, 244, 73, 244, 209, 83, 55, 443, 240, 314, 314, 32, 32, 354, 354, 180, 264, 264, 84, 84, 406, 406, 406, 406, 413, 413, 413, 399, 217, 217, 473, 65, 464, 464, 171, 252, 143, 143, 239, 82, 310, 107, 395, 400, 324, 286, 464, 464, 464, 443, 355, 355, 460, 240, 169, 35, 224, 224, 494, 494, 8, 196, 217, 479, 473, 283, 278, 422, 143, 36, 75, 310, 107, 395, 485, 324, 301, 251, 251, 219, 398, 374, 374, 374, 26, 251, 251, 241, 431, 367, 496, 497, 43, 233, 233, 401, 244, 208, 100, 100, 100, 98, 98, 98, 17, 17, 420, 374, 374, 374, 374, 374, 374, 374, 374, 374, 374, 374, 374, 374, 374, 374, 374, 374, 374, 374, 374, 374, 374, 374, 374, 374, 374, 374, 374, 374, 374, 374, 374, 374, 374, 374, 374, 374, 374, 374, 374, 374, 374, 374, 374, 374, 374, 374, 374, 374, 374, 374, 374, 374, 374, 374, 374, 374, 374, 374, 374, 374, 374, 374, 374, 374, 374, 374, 374, 374, 374, 374, 374, 374, 374, 374, 374, 374, 374, 374, 374, 374, 374, 374, 374, 374, 374, 374, 374, 374, 374, 374, 374, 374, 374, 374, 374, 374, 374, 374, 374, 374, 374, 374, 374, 374, 374, 374, 374, 374, 374, 374, 374, 374, 374, 374, 374, 374, 374, 374, 374, 374, 374, 374, 374, 374, 374, 374, 374, 374, 374, 374, 374, 374, 374, 374, 374, 374, 374, 374, 374, 374, 374, 374, 374, 374, 374, 374, 374, 374, 374, 374, 374, 374, 374, 374, 374, 374, 374, 374, 374, 374, 374, 374, 374, 374, 374, 374, 374, 374, 374, 374, 374, 374, 374, 374, 374, 374, 374, 374, 374, 374, 374, 374, 374, 374, 374, 374, 374, 374, 374, 374, 374, 374, 374, 374, 374, 374, 374, 374, 374, 374, 374, 374, 374, 374, 374, 374, 374, 374, 374, 374, 374, 374, 374, 374, 374, 374, 374, 374, 374, 374, 374, 374, 374, 374, 374, 374, 374, 374, 374, 374, 374, 374, 374, 374, 374, 374, 374, 374, 374, 374, 374, 374, 374, 374, 374, 374, 374, 374, 374, 374, 374, 374, 374, 374, 374, 374, 374, 374, 374, 374, 374, 374, 374, 374, 374, 374, 374, 374, 374, 374, 374, 374, 374, 374, 374, 374, 374, 374, 374, 374, 374, 374, 374, 374, 374, 374, 374, 374, 374, 374, 374, 374, 374, 374, 374, 374, 374, 374, 374, 374, 374, 374, 374, 374, 374, 374, 374, 374, 374, 374, 374, 374, 374, 374, 374, 374, 374, 374, 374, 374, 374, 374, 374, 374, 374, 374, 374, 374, 374, 374, 374, 374, 374, 374, 374, 374, 374, 374, 374, 374, 374, 374, 374, 374, 374, 374, 374, 374, 374, 374, 374, 374, 374, 374, 374, 374, 374, 374, 374, 374, 374, 374, 374, 374, 374, 374, 374, 374, 374, 374, 374, 374, 374, 374, 374, 374]

ep231
Train step Loss: [0.9457756280899048, 0.9458169937133789, 0.945885419845581, 0.9459161758422852, 0.9459257125854492, 0.9458885192871094, 0.9458038806915283, 0.9459123611450195, 0.9458547234535217, 0.9457723498344421, 0.9457950592041016, 0.9458059072494507, 0.9457984566688538, 0.9457972049713135, 0.9458423852920532, 0.9458120465278625, 0.9458975791931152, 0.9458569884300232, 0.9457634091377258, 0.9457524418830872, 0.9457232356071472, 0.9457988739013672, 0.9457827806472778, 0.9458495378494263, 0.9457851052284241, 0.9457781910896301, 0.945855975151062, 0.9458297491073608, 0.9458214044570923, 0.9458143711090088, 0.9457520246505737, 0.9457807540893555, 0.9458144307136536, 0.945793867111206, 0.9458960294723511, 0.945880651473999, 0.9458006620407104, 0.9458998441696167, 0.9458014965057373, 0.9458529949188232, 0.9458732604980469, 0.945868968963623, 0.9458633661270142, 0.9458190202713013, 0.9457974433898926, 0.9457903504371643, 0.945743978023529, 0.9458577036857605, 0.9458250999450684, 0.9459090828895569, 0.9458368420600891, 0.9458081126213074, 0.9457876682281494, 0.945814847946167, 0.9458337426185608, 0.9459190368652344, 0.945738673210144, 0.9457899928092957, 0.9458351135253906, 0.9457944631576538, 0.9458177089691162, 0.945793628692627, 0.9459619522094727, 0.9457926154136658, 0.9458189010620117, 0.9458369016647339, 0.9457827210426331, 0.9459017515182495, 0.9458900690078735, 0.9457907676696777, 0.9457569122314453, 0.9457963705062866, 0.9457768797874451, 0.9458617568016052, 0.9457358121871948, 0.9458200931549072, 0.9458908438682556, 0.9457588791847229, 0.9456900358200073, 0.9457800388336182, 0.9458466172218323, 0.9457318782806396, 0.9458372592926025, 0.9457287192344666, 0.9457806348800659, 0.9457805156707764, 0.9458079934120178, 0.9457839131355286, 0.9458101391792297, 0.9459221959114075, 0.9457733631134033, 0.9458289742469788, 0.945789098739624, 0.9458821415901184, 0.9458693265914917, 0.9457987546920776, 0.9458186030387878, 0.9458155035972595, 0.9458401203155518, 0.9458519220352173, 0.9458057880401611, 0.945746898651123, 0.9458047747612, 0.9458631873130798, 0.9458739757537842]
val step Loss: [0.951879620552063, 0.9503397345542908, 0.9473707675933838, 0.9463023543357849, 0.9465025067329407, 0.9463746547698975, 0.9462137222290039, 0.9464221596717834, 0.9462862014770508, 0.9464362859725952, 0.9463304281234741, 0.9464495778083801, 0.9463031888008118, 0.9474136829376221, 0.9483587741851807, 0.9464128613471985, 0.9472371339797974, 0.9464831352233887, 0.946237325668335, 0.9465436935424805, 0.9464136958122253, 0.9461913108825684, 0.9462667107582092, 0.9464657306671143, 0.9463108777999878, 0.94644695520401, 0.9463618993759155]
Train step Accs: [1.0, 1.0, 1.0, 1.0, 1.0, 1.0, 1.0, 1.0, 1.0, 1.0, 1.0, 1.0, 1.0, 1.0, 1.0, 1.0, 1.0, 1.0, 1.0, 1.0, 1.0, 1.0, 1.0, 1.0, 1.0, 1.0, 1.0, 1.0, 1.0, 1.0, 1.0, 1.0, 1.0, 1.0, 1.0, 1.0, 1.0, 1.0, 1.0, 1.0, 1.0, 1.0, 1.0, 1.0, 1.0, 1.0, 1.0, 1.0, 1.0, 1.0, 1.0, 1.0, 1.0, 1.0, 1.0, 1.0, 1.0, 1.0, 1.0, 1.0, 1.0, 1.0, 1.0, 1.0, 1.0, 1.0, 1.0, 1.0, 1.0, 1.0, 1.0, 1.0, 1.0, 1.0, 1.0, 1.0, 1.0, 1.0, 1.0, 1.0, 1.0, 1.0, 1.0, 1.0, 1.0, 1.0, 1.0, 1.0, 1.0, 1.0, 1.0, 1.0, 1.0, 1.0, 1.0, 1.0, 1.0, 1.0, 1.0, 1.0, 1.0, 1.0, 1.0, 1.0, 1.0]
val step Accs: [0.9989718985606579, 0.9992581602373887, 0.9998372925479987, 1.0, 1.0, 1.0, 1.0, 1.0, 1.0, 1.0, 1.0, 1.0, 1.0, 0.9998165137614679, 0.9996558251591808, 1.0, 0.999820014398848, 1.0, 1.0, 1.0, 1.0, 1.0, 1.0, 1.0, 1.0, 1.0, 1.0]
Preds: [17, 17, 296, 17, 17, 17, 17, 363, 363, 363, 363, 363, 101, 149, 321, 321, 287, 287, 287, 284, 206, 167, 35, 320, 320, 29, 287, 287, 111, 111, 468, 468, 467, 146, 146, 443, 330, 330, 330, 348, 175, 65, 65, 106, 293, 293, 293, 293, 413, 348, 348, 466, 479, 479, 331, 331, 486, 486, 486, 460, 240, 173, 8, 280, 29, 106, 284, 284, 240, 285, 285, 467, 180, 180, 486, 486, 486, 486, 460, 240, 175, 175, 81, 431, 431, 85, 403, 403, 403, 207, 207, 207, 246, 246, 246, 246, 246, 19, 19, 454, 229, 259, 321, 247, 126, 126, 408, 408, 408, 408, 228, 321, 75, 66, 68, 172, 115, 115, 267, 444, 278, 378, 378, 345, 345, 100, 100, 497, 497, 186, 99, 338, 338, 400, 400, 400, 301, 301, 378, 345, 109, 499, 499, 151, 151, 253, 453, 342, 168, 168, 180, 151, 151, 460, 178, 178, 192, 192, 445, 451, 41, 41, 41, 41, 19, 19, 19, 454, 454, 13, 414, 170, 244, 244, 244, 392, 244, 392, 392, 321, 321, 321, 7, 479, 479, 331, 331, 331, 480, 319, 111, 460, 438, 416, 216, 192, 114, 180, 180, 443, 443, 443, 139, 139, 293, 274, 274, 35, 192, 445, 464, 464, 171, 171, 252, 416, 458, 192, 445, 180, 464, 264, 264, 264, 264, 315, 315, 113, 450, 450, 293, 169, 150, 150, 54, 54, 142, 397, 397, 196, 147, 147, 109, 288, 403, 171, 171, 252, 252, 24, 310, 310, 107, 395, 395, 286, 286, 120, 120, 120, 120, 37, 37, 385, 385, 197, 75, 164, 164, 196, 196, 116, 33, 33, 248, 394, 212, 75, 199, 275, 275, 275, 275, 303, 303, 17, 420, 374, 374, 374, 374, 374, 374, 374, 374, 374, 374, 374, 374, 374, 374, 374, 374, 374, 374, 374, 374, 374, 374, 374, 374, 374, 374, 374, 374, 374, 374, 374, 374, 374, 374, 374, 374, 374, 374, 374, 374, 374, 374, 374, 374, 374, 374, 374, 374, 374, 374, 374, 374, 374, 374, 374, 374, 374, 374, 374, 374, 374, 374, 374, 374, 374, 374, 374, 374, 374, 374, 374, 374, 374, 374, 374, 374, 374, 374, 374, 374, 374, 374, 374, 374, 374, 374, 374, 374, 374, 374, 374, 374, 374, 374, 374, 374, 374, 374, 374, 374, 374, 374, 374, 374, 374, 374, 374, 374, 374, 374, 374, 374, 374, 374, 374, 374, 374, 374, 374, 374, 374, 374, 374, 374, 374, 374, 374, 374, 374, 374, 374, 374, 374, 374, 374, 374, 374, 374, 374, 374, 374, 374, 374, 374, 374, 374, 374, 374, 374, 374, 374, 374, 374, 374, 374, 374, 374, 374, 374, 374, 374, 374, 374, 374, 374, 374, 374, 374, 374, 374, 374, 374, 374, 374, 374, 374, 374, 374, 374, 374, 374, 374, 374, 374, 374, 374, 374, 374, 374, 374, 374, 374, 374, 374, 374, 374, 374, 374, 374, 374, 374, 374, 374, 374, 374, 374, 374, 374, 374, 374, 374, 374, 374, 374, 374, 374, 374, 374, 374, 374, 374, 374, 374, 374, 374, 374, 374, 374, 374, 374, 374, 374, 374, 374, 374, 374, 374, 374, 374, 374, 374, 374, 374, 374, 374, 374, 374, 374, 374, 374, 374, 374, 374, 374, 374, 374, 374, 374, 374, 374, 374, 374, 374, 374, 374, 374, 374, 374, 374, 374, 374, 374, 374, 374, 374, 374, 374, 374, 374, 374, 374, 374, 374, 374, 374, 374, 374, 374, 374, 374, 374, 374, 374, 374, 374, 374, 374, 374, 374, 374, 374, 374, 374, 374, 374, 374, 374, 374, 374, 374, 374, 374, 374]

ep232
Train step Loss: [0.9458538889884949, 0.9458030462265015, 0.9458163380622864, 0.9459168314933777, 0.9457556009292603, 0.945823073387146, 0.9457941055297852, 0.9458690881729126, 0.9458605051040649, 0.9457828402519226, 0.9458176493644714, 0.945952832698822, 0.945876955986023, 0.9458133578300476, 0.9457982182502747, 0.9459157586097717, 0.945819079875946, 0.9458099007606506, 0.9457359313964844, 0.945834755897522, 0.9457815289497375, 0.9458127617835999, 0.9458305835723877, 0.9458181858062744, 0.945777952671051, 0.9459213614463806, 0.9459028840065002, 0.9457970857620239, 0.9458389282226562, 0.9458258748054504, 0.9458669424057007, 0.9457229971885681, 0.945935070514679, 0.9458439946174622, 0.945809543132782, 0.9458516240119934, 0.9458106160163879, 0.9457837343215942, 0.9457880258560181, 0.9457869529724121, 0.9457967877388, 0.9457970857620239, 0.9458334445953369, 0.9458137154579163, 0.9457963705062866, 0.9457650184631348, 0.945764422416687, 0.9458188414573669, 0.9458063840866089, 0.9458158016204834, 0.9457911849021912, 0.9459003210067749, 0.9458757638931274, 0.9457812309265137, 0.9458974003791809, 0.9458028078079224, 0.9457600712776184, 0.9458131790161133, 0.9457433819770813, 0.9458835124969482, 0.9458519220352173, 0.9457582235336304, 0.945824921131134, 0.9457440376281738, 0.9457741975784302, 0.9458272457122803, 0.945832371711731, 0.945755124092102, 0.945794403553009, 0.9458169341087341, 0.9458027482032776, 0.9457538723945618, 0.9458290338516235, 0.9457937479019165, 0.9458059072494507, 0.9458643198013306, 0.9458280205726624, 0.9458861947059631, 0.9458379745483398, 0.945797860622406, 0.9457913041114807, 0.9458417296409607, 0.9458807110786438, 0.9457505941390991, 0.9458056092262268, 0.94579017162323, 0.9458534717559814, 0.9458056092262268, 0.9459121227264404, 0.9458835124969482, 0.9458370208740234, 0.945746660232544, 0.9458404183387756, 0.945917010307312, 0.9457428455352783, 0.9457721710205078, 0.9458431601524353, 0.9458133578300476, 0.945873498916626, 0.9458033442497253, 0.9457833766937256, 0.9457316398620605, 0.9457853436470032, 0.9457765221595764, 0.9458959102630615]
val step Loss: [0.9474287033081055, 0.9461938142776489, 0.9463445544242859, 0.9517687559127808, 0.9472144842147827, 0.9463872313499451, 0.9482455849647522, 0.9464097619056702, 0.9464409351348877, 0.9462947249412537, 0.9463011622428894, 0.9473223686218262, 0.9464280009269714, 0.9463245868682861, 0.9461877942085266, 0.9473375678062439, 0.9462096691131592, 0.9461613893508911, 0.9463461637496948, 0.9497356414794922, 0.9464542269706726, 0.9463521838188171, 0.9463038444519043, 0.9465157985687256, 0.946342945098877, 0.9464121460914612, 0.9465180039405823]
Train step Accs: [1.0, 1.0, 1.0, 1.0, 1.0, 1.0, 1.0, 1.0, 1.0, 1.0, 1.0, 1.0, 1.0, 1.0, 1.0, 1.0, 1.0, 1.0, 1.0, 1.0, 1.0, 1.0, 1.0, 1.0, 1.0, 1.0, 1.0, 1.0, 1.0, 1.0, 1.0, 1.0, 1.0, 1.0, 1.0, 1.0, 1.0, 1.0, 1.0, 1.0, 1.0, 1.0, 1.0, 1.0, 1.0, 1.0, 1.0, 1.0, 1.0, 1.0, 1.0, 1.0, 1.0, 1.0, 1.0, 1.0, 1.0, 1.0, 1.0, 1.0, 1.0, 1.0, 1.0, 1.0, 1.0, 1.0, 1.0, 1.0, 1.0, 1.0, 1.0, 1.0, 1.0, 1.0, 1.0, 1.0, 1.0, 1.0, 1.0, 1.0, 1.0, 1.0, 1.0, 1.0, 1.0, 1.0, 1.0, 1.0, 1.0, 1.0, 1.0, 1.0, 1.0, 1.0, 1.0, 1.0, 1.0, 1.0, 1.0, 1.0, 1.0, 1.0, 1.0, 1.0, 1.0]
val step Accs: [0.9998274374460742, 1.0, 1.0, 0.9989821882951654, 0.9998191354675349, 1.0, 0.9996372211137312, 1.0, 1.0, 1.0, 1.0, 0.9998376096135109, 1.0, 1.0, 1.0, 0.9998164127042408, 1.0, 1.0, 1.0, 0.9993567063364426, 1.0, 1.0, 1.0, 1.0, 1.0, 1.0, 1.0]
Preds: [17, 17, 296, 217, 217, 473, 65, 443, 443, 443, 443, 240, 169, 150, 77, 164, 164, 164, 164, 164, 164, 273, 106, 106, 375, 375, 375, 98, 98, 48, 13, 170, 20, 170, 20, 20, 187, 187, 187, 408, 408, 20, 391, 391, 20, 184, 20, 20, 7, 188, 152, 152, 422, 99, 54, 54, 224, 400, 400, 30, 324, 324, 464, 464, 139, 139, 355, 387, 355, 240, 388, 94, 94, 398, 324, 301, 416, 32, 239, 144, 27, 180, 180, 284, 486, 428, 206, 240, 240, 314, 8, 32, 354, 354, 100, 497, 43, 8, 8, 32, 354, 354, 100, 387, 255, 251, 251, 241, 431, 106, 498, 498, 406, 313, 313, 285, 337, 464, 464, 464, 145, 315, 315, 450, 450, 450, 43, 43, 276, 276, 345, 109, 109, 403, 207, 324, 3, 301, 42, 42, 147, 456, 337, 324, 422, 422, 349, 349, 234, 234, 261, 261, 25, 148, 153, 153, 413, 413, 10, 10, 309, 398, 398, 464, 139, 139, 481, 182, 182, 387, 387, 122, 122, 236, 129, 259, 108, 377, 123, 374, 153, 153, 387, 372, 406, 406, 406, 467, 182, 375, 375, 375, 98, 98, 13, 229, 229, 20, 312, 126, 126, 23, 326, 23, 23, 101, 149, 149, 228, 20, 412, 287, 287, 460, 460, 178, 215, 458, 465, 164, 164, 442, 225, 7, 7, 217, 217, 473, 65, 476, 171, 252, 416, 239, 239, 445, 445, 485, 324, 301, 314, 325, 34, 34, 191, 191, 116, 251, 251, 251, 241, 81, 431, 367, 496, 274, 43, 8, 129, 259, 208, 208, 441, 441, 153, 497, 497, 399, 70, 70, 70, 473, 65, 264, 264, 264, 264, 468, 468, 468, 406, 337, 337, 324, 252, 24, 239, 239, 384, 449, 324, 324, 301, 26, 251, 241, 431, 367, 496, 274, 43, 416, 458, 144, 208, 100, 100, 496, 274, 122, 143, 143, 17, 420, 374, 374, 374, 374, 374, 374, 374, 374, 374, 374, 374, 374, 374, 374, 374, 374, 374, 374, 374, 374, 374, 374, 374, 374, 374, 374, 374, 374, 374, 374, 374, 374, 374, 374, 374, 374, 374, 374, 374, 374, 374, 374, 374, 374, 374, 374, 374, 374, 374, 374, 374, 374, 374, 374, 374, 374, 374, 374, 374, 374, 374, 374, 374, 374, 374, 374, 374, 374, 374, 374, 374, 374, 374, 374, 374, 374, 374, 374, 374, 374, 374, 374, 374, 374, 374, 374, 374, 374, 374, 374, 374, 374, 374, 374, 374, 374, 374, 374, 374, 374, 374, 374, 374, 374, 374, 374, 374, 374, 374, 374, 374, 374, 374, 374, 374, 374, 374, 374, 374, 374, 374, 374, 374, 374, 374, 374, 374, 374, 374, 374, 374, 374, 374, 374, 374, 374, 374, 374, 374, 374, 374, 374, 374, 374, 374, 374, 374, 374, 374, 374, 374, 374, 374, 374, 374, 374, 374, 374, 374, 374, 374, 374, 374, 374, 374, 374, 374, 374, 374, 374, 374, 374, 374, 374, 374, 374, 374, 374, 374, 374, 374, 374, 374, 374, 374, 374, 374, 374, 374, 374, 374, 374, 374, 374, 374, 374, 374, 374, 374, 374, 374, 374, 374, 374, 374, 374, 374, 374, 374, 374, 374, 374, 374, 374, 374, 374, 374, 374, 374, 374, 374, 374, 374, 374, 374, 374, 374, 374, 374, 374, 374, 374, 374, 374, 374, 374, 374, 374, 374, 374, 374, 374, 374, 374, 374, 374, 374, 374, 374, 374, 374, 374, 374, 374, 374, 374, 374, 374, 374, 374, 374, 374, 374, 374, 374, 374, 374, 374, 374, 374, 374, 374, 374, 374, 374, 374, 374, 374, 374, 374, 374, 374, 374, 374, 374, 374]

ep233
Train step Loss: [0.9458087086677551, 0.9459259510040283, 0.945819616317749, 0.9457676410675049, 0.9458217024803162, 0.9457836151123047, 0.945877730846405, 0.9458106756210327, 0.9458267092704773, 0.9458796381950378, 0.9457681775093079, 0.945773184299469, 0.9458460807800293, 0.9459304809570312, 0.9458885192871094, 0.9458597898483276, 0.9458214044570923, 0.9458310604095459, 0.9458004236221313, 0.9457848072052002, 0.9458594918251038, 0.9458390474319458, 0.9458845257759094, 0.9458291530609131, 0.9457285404205322, 0.9457076191902161, 0.9458467960357666, 0.9457182884216309, 0.9458242654800415, 0.9458633661270142, 0.945828914642334, 0.9457842707633972, 0.9458128809928894, 0.9457835555076599, 0.9457781314849854, 0.9458186030387878, 0.945867121219635, 0.9457902908325195, 0.9457415342330933, 0.9457934498786926, 0.9457804560661316, 0.9458540678024292, 0.9458540081977844, 0.9457749724388123, 0.9457911252975464, 0.945837140083313, 0.9458138346672058, 0.9458221197128296, 0.9458144903182983, 0.9457918405532837, 0.945884108543396, 0.9458990693092346, 0.9458256959915161, 0.9457811117172241, 0.9457592964172363, 0.9458982348442078, 0.9458519220352173, 0.9457959532737732, 0.9457616209983826, 0.9458933472633362, 0.9457988142967224, 0.9457363486289978, 0.9458189606666565, 0.9457677006721497, 0.9457866549491882, 0.9458097219467163, 0.9458330273628235, 0.945855975151062, 0.945769190788269, 0.9458587169647217, 0.9457825422286987, 0.9458155632019043, 0.9457517266273499, 0.9457884430885315, 0.9458692669868469, 0.9457727670669556, 0.9457510113716125, 0.9457897543907166, 0.9458737969398499, 0.9458287954330444, 0.9457868933677673, 0.9458584189414978, 0.945824921131134, 0.9458584189414978, 0.945723831653595, 0.9458385705947876, 0.9457481503486633, 0.9459080696105957, 0.945836067199707, 0.9458391666412354, 0.9457776546478271, 0.9458069205284119, 0.9458082914352417, 0.9458304047584534, 0.945865273475647, 0.9458332657814026, 0.9458392262458801, 0.9459096193313599, 0.9459017515182495, 0.9458458423614502, 0.9458094239234924, 0.9458491802215576, 0.9457522630691528, 0.9458258748054504, 0.9457413554191589]
val step Loss: [0.9463315010070801, 0.9461609125137329, 0.94755619764328, 0.9462884068489075, 0.9461432099342346, 0.9462937712669373, 0.9463770389556885, 0.9464995265007019, 0.9521303772926331, 0.9481927156448364, 0.9463783502578735, 0.9461904168128967, 0.9462504982948303, 0.9464702010154724, 0.9470117092132568, 0.9473086595535278, 0.9497823119163513, 0.947182297706604, 0.9463929533958435, 0.9462807178497314, 0.9463054537773132, 0.9462367296218872, 0.9462907910346985, 0.9464597105979919, 0.946312665939331, 0.9463329911231995, 0.9461863040924072]
Train step Accs: [1.0, 1.0, 1.0, 1.0, 1.0, 1.0, 1.0, 1.0, 1.0, 1.0, 1.0, 1.0, 1.0, 1.0, 1.0, 1.0, 1.0, 1.0, 1.0, 1.0, 1.0, 1.0, 1.0, 1.0, 1.0, 1.0, 1.0, 1.0, 1.0, 1.0, 1.0, 1.0, 1.0, 1.0, 1.0, 1.0, 1.0, 1.0, 1.0, 1.0, 1.0, 1.0, 1.0, 1.0, 1.0, 1.0, 1.0, 1.0, 1.0, 1.0, 1.0, 1.0, 1.0, 1.0, 1.0, 1.0, 1.0, 1.0, 1.0, 1.0, 1.0, 1.0, 1.0, 1.0, 1.0, 1.0, 1.0, 1.0, 1.0, 1.0, 1.0, 1.0, 1.0, 1.0, 1.0, 1.0, 1.0, 1.0, 1.0, 1.0, 1.0, 1.0, 1.0, 1.0, 1.0, 1.0, 1.0, 1.0, 1.0, 1.0, 1.0, 1.0, 1.0, 1.0, 1.0, 1.0, 1.0, 1.0, 1.0, 1.0, 1.0, 1.0, 1.0, 1.0, 1.0]
val step Accs: [1.0, 1.0, 0.9998086124401914, 1.0, 1.0, 1.0, 1.0, 1.0, 0.9989512323020451, 0.9996449494052903, 1.0, 1.0, 1.0, 1.0, 0.9998378991732858, 0.9998368412465328, 0.999336540056394, 0.9998325799430772, 1.0, 1.0, 1.0, 1.0, 1.0, 1.0, 1.0, 1.0, 1.0]
Preds: [17, 17, 441, 441, 153, 387, 387, 240, 348, 24, 24, 384, 371, 180, 180, 486, 376, 376, 282, 263, 263, 229, 229, 247, 312, 363, 363, 363, 408, 408, 149, 228, 228, 244, 320, 7, 479, 331, 278, 301, 378, 8, 129, 354, 109, 180, 486, 486, 460, 240, 240, 35, 36, 342, 224, 351, 196, 479, 331, 331, 315, 450, 450, 450, 88, 88, 88, 109, 337, 207, 301, 143, 129, 401, 244, 354, 354, 100, 389, 425, 425, 251, 331, 106, 302, 497, 43, 43, 43, 276, 276, 276, 346, 284, 284, 284, 450, 450, 293, 43, 43, 276, 345, 109, 109, 116, 116, 10, 398, 398, 398, 374, 374, 495, 406, 406, 380, 134, 387, 387, 109, 337, 324, 219, 246, 246, 301, 301, 8, 8, 354, 354, 180, 180, 486, 486, 206, 240, 240, 314, 129, 401, 401, 32, 354, 354, 100, 153, 153, 153, 153, 182, 182, 182, 132, 132, 132, 132, 303, 303, 303, 442, 442, 442, 229, 229, 170, 170, 244, 187, 1, 1, 408, 408, 408, 244, 228, 228, 412, 287, 287, 287, 284, 284, 460, 169, 215, 35, 35, 75, 208, 441, 148, 153, 153, 387, 387, 122, 348, 64, 466, 479, 331, 242, 242, 348, 466, 466, 479, 331, 307, 307, 319, 206, 240, 251, 251, 359, 34, 166, 278, 278, 278, 173, 8, 8, 70, 70, 65, 65, 46, 46, 46, 46, 206, 215, 215, 129, 401, 354, 354, 106, 106, 180, 284, 315, 315, 315, 315, 315, 450, 450, 450, 450, 203, 250, 364, 276, 276, 345, 109, 109, 207, 324, 324, 3, 301, 26, 251, 241, 241, 431, 486, 486, 282, 282, 330, 388, 94, 303, 199, 331, 375, 375, 98, 98, 13, 244, 170, 170, 392, 63, 63, 63, 63, 63, 63, 63, 244, 40, 40, 40, 63, 40, 244, 40, 63, 244, 63, 73, 244, 244, 289, 320, 188, 188, 213, 324, 422, 416, 32, 239, 354, 114, 180, 180, 486, 460, 460, 178, 215, 129, 401, 244, 321, 354, 276, 148, 148, 153, 387, 387, 387, 387, 167, 122, 35, 321, 75, 449, 273, 180, 486, 486, 460, 240, 215, 215, 129, 239, 354, 420, 420, 213, 213, 324, 464, 464, 464, 443, 240, 314, 314, 239, 239, 239, 384, 371, 371, 324, 324, 324, 324, 324, 464, 464, 464, 180, 145, 486, 460, 240, 240, 314, 35, 75, 131, 377, 87, 32, 32, 32, 354, 354, 100, 100, 153, 153, 153, 182, 43, 43, 8, 196, 303, 303, 303, 303, 303, 48, 48, 48, 170, 244, 392, 392, 392, 392, 392, 392, 392, 392, 392, 392, 73, 73, 73, 320, 320, 188, 188, 171, 213, 246, 246, 246, 246, 246, 246, 422, 143, 36, 478, 323, 482, 224, 224, 273, 485, 374, 139, 153, 387, 387, 387, 387, 413, 348, 348, 64, 394, 32, 32, 32, 32, 239, 384, 377, 371, 444, 213, 213, 246, 434, 434, 434, 3, 335, 14, 14, 287, 145, 287, 145, 460, 240, 215, 129, 32, 354, 354, 109, 499, 486, 486, 264, 240, 285, 467, 145, 145, 486, 85, 85, 85, 468, 468, 406, 406, 467, 337, 337, 277, 301, 143, 129, 401, 244, 75, 74, 190, 190, 487, 499, 151, 487, 442, 193, 17, 17, 420, 374, 374, 374, 374, 374, 374, 374, 374, 374, 374, 374, 374, 374, 374, 374, 374, 374, 374, 374, 374, 374, 374, 374, 374, 374, 374, 374, 374, 374, 374, 374, 374, 374, 374, 374, 374, 374, 374, 374, 374, 374, 374, 374, 374, 374, 374, 374, 374, 374, 374, 374, 374, 374, 374, 374, 374, 374, 374, 374]

ep234
Train step Loss: [0.9458985924720764, 0.94576495885849, 0.9458136558532715, 0.9458116888999939, 0.945781409740448, 0.9458562135696411, 0.9457701444625854, 0.945868730545044, 0.9458956718444824, 0.9458069801330566, 0.9458168745040894, 0.9457961916923523, 0.9458459615707397, 0.9458441734313965, 0.9458029866218567, 0.9458061456680298, 0.9457833766937256, 0.9457566142082214, 0.9458461403846741, 0.9457976818084717, 0.9458515644073486, 0.9457671046257019, 0.9458258748054504, 0.9457847476005554, 0.9457777142524719, 0.9457986950874329, 0.9458104372024536, 0.9458483457565308, 0.9459285736083984, 0.9457756280899048, 0.9458401203155518, 0.945798397064209, 0.9458197951316833, 0.9457361698150635, 0.9457794427871704, 0.9458044171333313, 0.9457729458808899, 0.9457799196243286, 0.9458094835281372, 0.9457893371582031, 0.9458987712860107, 0.9458383917808533, 0.9458715915679932, 0.9458357095718384, 0.9457646012306213, 0.9458332061767578, 0.9458317756652832, 0.9457709193229675, 0.9458464980125427, 0.9458350539207458, 0.9457517862319946, 0.9457919597625732, 0.9458333849906921, 0.9458629488945007, 0.9458267688751221, 0.9458094835281372, 0.9458898305892944, 0.945810854434967, 0.9458011388778687, 0.9457546472549438, 0.945854902267456, 0.9459186792373657, 0.9458127021789551, 0.9457458257675171, 0.9457429051399231, 0.945772647857666, 0.9457696676254272, 0.9458307027816772, 0.9459225535392761, 0.9457542300224304, 0.9459129571914673, 0.9458496570587158, 0.9457994103431702, 0.9457221627235413, 0.9457561373710632, 0.9458003044128418, 0.9458116888999939, 0.9457547068595886, 0.9458540678024292, 0.945858895778656, 0.9458796977996826, 0.9457786083221436, 0.9457885026931763, 0.945831835269928, 0.9458012580871582, 0.9457745552062988, 0.9458599090576172, 0.945795476436615, 0.9457960724830627, 0.9459614753723145, 0.9458990693092346, 0.9459258913993835, 0.9458358287811279, 0.9457867741584778, 0.9458256959915161, 0.9458655118942261, 0.9458112716674805, 0.9458281993865967, 0.9458192586898804, 0.945896327495575, 0.9458643198013306, 0.9457391500473022, 0.9457839131355286, 0.9457533359527588, 0.9457898736000061]
val step Loss: [0.9504824280738831, 0.9464019536972046, 0.9463051557540894, 0.9464137554168701, 0.9463791251182556, 0.946303129196167, 0.9463334679603577, 0.9461662769317627, 0.9461513757705688, 0.9484204053878784, 0.9475313425064087, 0.9471533298492432, 0.9469337463378906, 0.9462836384773254, 0.9461700320243835, 0.9464227557182312, 0.9516145586967468, 0.946200966835022, 0.9462591409683228, 0.946243405342102, 0.946203887462616, 0.9462315440177917, 0.9461876153945923, 0.9461973309516907, 0.9471763372421265, 0.946313738822937, 0.9463324546813965]
Train step Accs: [1.0, 1.0, 1.0, 1.0, 1.0, 1.0, 1.0, 1.0, 1.0, 1.0, 1.0, 1.0, 1.0, 1.0, 1.0, 1.0, 1.0, 1.0, 1.0, 1.0, 1.0, 1.0, 1.0, 1.0, 1.0, 1.0, 1.0, 1.0, 1.0, 1.0, 1.0, 1.0, 1.0, 1.0, 1.0, 1.0, 1.0, 1.0, 1.0, 1.0, 1.0, 1.0, 1.0, 1.0, 1.0, 1.0, 1.0, 1.0, 1.0, 1.0, 1.0, 1.0, 1.0, 1.0, 1.0, 1.0, 1.0, 1.0, 1.0, 1.0, 1.0, 1.0, 1.0, 1.0, 1.0, 1.0, 1.0, 1.0, 1.0, 1.0, 1.0, 1.0, 1.0, 1.0, 1.0, 1.0, 1.0, 1.0, 1.0, 1.0, 1.0, 1.0, 1.0, 1.0, 1.0, 1.0, 1.0, 1.0, 1.0, 1.0, 1.0, 1.0, 1.0, 1.0, 1.0, 1.0, 1.0, 1.0, 1.0, 1.0, 1.0, 1.0, 1.0, 1.0, 1.0]
val step Accs: [0.9992310649750096, 1.0, 1.0, 1.0, 1.0, 1.0, 1.0, 1.0, 1.0, 0.9996184662342618, 0.9998051821546854, 0.9998466963053809, 0.9998353367363741, 1.0, 1.0, 1.0, 0.9990202482037883, 1.0, 1.0, 1.0, 1.0, 1.0, 1.0, 1.0, 0.9998241603657464, 1.0, 1.0]
Preds: [17, 30, 340, 340, 116, 10, 479, 479, 65, 65, 284, 284, 481, 293, 293, 43, 43, 43, 364, 364, 276, 276, 346, 346, 284, 284, 284, 284, 284, 206, 206, 293, 43, 43, 364, 276, 276, 276, 346, 297, 497, 497, 43, 349, 129, 401, 205, 205, 208, 441, 441, 153, 153, 153, 387, 387, 387, 387, 29, 29, 337, 337, 337, 152, 178, 143, 129, 401, 208, 208, 208, 441, 441, 387, 387, 387, 274, 416, 8, 32, 32, 32, 354, 354, 180, 180, 376, 376, 376, 376, 460, 240, 385, 233, 36, 155, 155, 155, 25, 397, 494, 32, 32, 219, 219, 219, 464, 464, 93, 403, 403, 171, 171, 171, 246, 246, 246, 246, 246, 246, 246, 19, 48, 48, 48, 20, 170, 170, 170, 20, 187, 187, 187, 408, 408, 391, 20, 391, 73, 73, 20, 20, 320, 7, 251, 241, 331, 431, 486, 486, 460, 460, 215, 35, 35, 75, 77, 164, 342, 224, 183, 485, 485, 464, 139, 139, 387, 387, 387, 122, 8, 32, 239, 75, 354, 354, 441, 441, 276, 346, 346, 265, 265, 265, 85, 85, 167, 385, 32, 32, 239, 82, 108, 107, 395, 106, 106, 106, 153, 387, 387, 387, 85, 146, 207, 207, 207, 246, 246, 246, 246, 246, 19, 422, 129, 401, 401, 20, 445, 445, 351, 278, 403, 171, 171, 171, 219, 219, 219, 219, 477, 152, 422, 186, 349, 205, 205, 401, 20, 261, 261, 397, 441, 345, 374, 374, 213, 213, 213, 213, 422, 99, 338, 338, 338, 395, 395, 459, 459, 120, 385, 385, 233, 20, 75, 208, 27, 487, 441, 442, 219, 464, 464, 355, 355, 355, 355, 167, 167, 226, 80, 80, 80, 20, 80, 80, 7, 219, 219, 422, 422, 162, 232, 232, 68, 68, 68, 115, 267, 267, 444, 278, 26, 251, 241, 81, 403, 403, 403, 207, 19, 420, 420, 374, 374, 374, 374, 374, 374, 374, 374, 374, 374, 374, 374, 374, 374, 374, 374, 374, 374, 374, 374, 374, 374, 374, 374, 374, 374, 374, 374, 374, 374, 374, 374, 374, 374, 374, 374, 374, 374, 374, 374, 374, 374, 374, 374, 374, 374, 374, 374, 374, 374, 374, 374, 374, 374, 374, 374, 374, 374, 374, 374, 374, 374, 374, 374, 374, 374, 374, 374, 374, 374, 374, 374, 374, 374, 374, 374, 374, 374, 374, 374, 374, 374, 374, 374, 374, 374, 374, 374, 374, 374, 374, 374, 374, 374, 374, 374, 374, 374, 374, 374, 374, 374, 374, 374, 374, 374, 374, 374, 374, 374, 374, 374, 374, 374, 374, 374, 374, 374, 374, 374, 374, 374, 374, 374, 374, 374, 374, 374, 374, 374, 374, 374, 374, 374, 374, 374, 374, 374, 374, 374, 374, 374, 374, 374, 374, 374, 374, 374, 374, 374, 374, 374, 374, 374, 374, 374, 374, 374, 374, 374, 374, 374, 374, 374, 374, 374, 374, 374, 374, 374, 374, 374, 374, 374, 374, 374, 374, 374, 374, 374, 374, 374, 374, 374, 374, 374, 374, 374, 374, 374, 374, 374, 374, 374, 374, 374, 374, 374, 374, 374, 374, 374, 374, 374, 374, 374, 374, 374, 374, 374, 374, 374, 374, 374, 374, 374, 374, 374, 374, 374, 374, 374, 374, 374, 374, 374, 374, 374, 374, 374, 374, 374, 374, 374, 374, 374, 374, 374, 374, 374, 374, 374, 374, 374, 374, 374, 374, 374, 374, 374, 374, 374, 374, 374, 374, 374, 374, 374, 374, 374, 374, 374, 374, 374, 374, 374, 374, 374, 374, 374, 374, 374, 374, 374, 374, 374, 374, 374, 374, 374, 374, 374, 374, 374, 374, 374, 374]

ep235
Train step Loss: [0.945716381072998, 0.945764422416687, 0.9458410739898682, 0.9459121227264404, 0.9457477927207947, 0.9458578824996948, 0.9458286166191101, 0.945804238319397, 0.9458489418029785, 0.945816695690155, 0.9459031224250793, 0.9457884430885315, 0.9458716511726379, 0.9458425045013428, 0.9457790851593018, 0.945925772190094, 0.9458433389663696, 0.9458809494972229, 0.9458662867546082, 0.9457764625549316, 0.9458280801773071, 0.9457959532737732, 0.9457481503486633, 0.9458136558532715, 0.9459165334701538, 0.9457269310951233, 0.9458367824554443, 0.9457557797431946, 0.9458445310592651, 0.9458471536636353, 0.9458132982254028, 0.9457924365997314, 0.945759654045105, 0.9458232522010803, 0.9458310604095459, 0.9457191228866577, 0.9458280801773071, 0.9458078145980835, 0.9459062814712524, 0.9457518458366394, 0.9458114504814148, 0.9457950592041016, 0.9457615613937378, 0.9457707405090332, 0.9458765387535095, 0.9458613395690918, 0.9457941055297852, 0.9458093047142029, 0.9458342790603638, 0.9458397626876831, 0.945824384689331, 0.9457894563674927, 0.945960283279419, 0.9458110332489014, 0.9458493590354919, 0.9456987380981445, 0.9457393884658813, 0.945800244808197, 0.9458247423171997, 0.9458365440368652, 0.9458154439926147, 0.9457632303237915, 0.9458526372909546, 0.9459627270698547, 0.9458438754081726, 0.9459466338157654, 0.9458025097846985, 0.9457550048828125, 0.9457793235778809, 0.9457725286483765, 0.945715069770813, 0.9458582997322083, 0.94578617811203, 0.9458211064338684, 0.9458425045013428, 0.9458030462265015, 0.9457885026931763, 0.9458096027374268, 0.9458411335945129, 0.945757269859314, 0.9457498788833618, 0.9458171725273132, 0.9458309412002563, 0.9458564519882202, 0.9457838535308838, 0.9457756280899048, 0.9458317756652832, 0.9457408785820007, 0.94577956199646, 0.9458760023117065, 0.9457875490188599, 0.9458410143852234, 0.945880651473999, 0.9458817839622498, 0.9458051323890686, 0.9458422064781189, 0.9457980394363403, 0.9458000659942627, 0.9457939863204956, 0.9458503723144531, 0.9457947611808777, 0.9458478689193726, 0.9458476901054382, 0.945755124092102, 0.9458614587783813]
val step Loss: [0.9463056921958923, 0.9462715983390808, 0.9461616277694702, 0.946297824382782, 0.947812557220459, 0.9463012218475342, 0.950123131275177, 0.9460843205451965, 0.9473586082458496, 0.9461714029312134, 0.9471662044525146, 0.9462413191795349, 0.9462994933128357, 0.9462411403656006, 0.9472956657409668, 0.94634610414505, 0.9463958144187927, 0.9463330507278442, 0.9473885893821716, 0.9524790644645691, 0.9462960958480835, 0.9463483095169067, 0.9463287591934204, 0.9464181065559387, 0.9462955594062805, 0.946185290813446, 0.9460508823394775]
Train step Accs: [1.0, 1.0, 1.0, 1.0, 1.0, 1.0, 1.0, 1.0, 1.0, 1.0, 1.0, 1.0, 1.0, 1.0, 1.0, 1.0, 1.0, 1.0, 1.0, 1.0, 1.0, 1.0, 1.0, 1.0, 1.0, 1.0, 1.0, 1.0, 1.0, 1.0, 1.0, 1.0, 1.0, 1.0, 1.0, 1.0, 1.0, 1.0, 1.0, 1.0, 1.0, 1.0, 1.0, 1.0, 1.0, 1.0, 1.0, 1.0, 1.0, 1.0, 1.0, 1.0, 1.0, 1.0, 1.0, 1.0, 1.0, 1.0, 1.0, 1.0, 1.0, 1.0, 1.0, 1.0, 1.0, 1.0, 1.0, 1.0, 1.0, 1.0, 1.0, 1.0, 1.0, 1.0, 1.0, 1.0, 1.0, 1.0, 1.0, 1.0, 1.0, 1.0, 1.0, 1.0, 1.0, 1.0, 1.0, 1.0, 1.0, 1.0, 1.0, 1.0, 1.0, 1.0, 1.0, 1.0, 1.0, 1.0, 1.0, 1.0, 1.0, 1.0, 1.0, 1.0, 1.0]
val step Accs: [1.0, 1.0, 1.0, 1.0, 0.9997001499250375, 1.0, 0.9992916592881176, 1.0, 0.9998160073597057, 1.0, 0.9998458455372283, 1.0, 1.0, 1.0, 0.9998409416255766, 1.0, 1.0, 1.0, 0.9998001998001999, 0.9988751406074241, 1.0, 1.0, 1.0, 1.0, 1.0, 1.0, 1.0]
Preds: [17, 17, 217, 217, 473, 473, 65, 443, 443, 443, 171, 171, 252, 24, 239, 239, 239, 107, 395, 180, 84, 84, 355, 355, 98, 98, 98, 263, 229, 229, 82, 247, 312, 126, 126, 326, 326, 326, 101, 101, 149, 228, 320, 82, 7, 473, 473, 65, 476, 171, 252, 143, 143, 36, 449, 449, 395, 324, 324, 252, 325, 325, 34, 324, 324, 324, 301, 301, 251, 251, 251, 331, 431, 84, 496, 274, 274, 43, 8, 8, 239, 354, 208, 441, 441, 98, 98, 98, 48, 48, 417, 170, 82, 244, 392, 392, 392, 244, 312, 312, 187, 23, 23, 260, 260, 260, 391, 391, 391, 435, 435, 435, 435, 73, 73, 73, 244, 287, 287, 287, 284, 284, 293, 43, 43, 276, 276, 276, 346, 387, 387, 387, 406, 406, 406, 467, 337, 337, 278, 258, 31, 342, 342, 342, 224, 224, 224, 494, 494, 494, 203, 399, 217, 10, 473, 473, 398, 398, 286, 286, 286, 468, 406, 406, 380, 380, 499, 284, 426, 375, 98, 98, 98, 98, 13, 13, 414, 170, 47, 392, 392, 102, 102, 244, 320, 7, 7, 7, 217, 217, 473, 473, 264, 264, 264, 264, 264, 468, 468, 406, 406, 337, 337, 337, 324, 301, 359, 251, 359, 81, 444, 324, 324, 324, 301, 301, 251, 251, 241, 241, 431, 106, 84, 293, 497, 416, 8, 239, 144, 27, 106, 387, 206, 240, 385, 36, 36, 342, 224, 224, 273, 355, 355, 355, 435, 420, 420, 420, 420, 420, 420, 420, 420, 420, 420, 420, 420, 420, 420, 420, 420, 420, 420, 420, 420, 420, 420, 420, 420, 420, 420, 420, 420, 420, 420, 420, 420, 420, 420, 420, 420, 420, 420, 420, 420, 420, 420, 420, 420, 420, 420, 420, 420, 420, 420, 420, 420, 420, 420, 420, 420, 420, 420, 420, 420, 420, 420, 420, 420, 420, 420, 420, 420, 420, 420, 420, 420, 420, 420, 420, 420, 420, 420, 420, 420, 420, 420, 420, 420, 420, 420, 420, 420, 420, 420, 420, 420, 420, 420, 420, 420, 420, 420, 420, 420, 420, 420, 420, 420, 420, 420, 420, 420, 420, 420, 420, 420, 420, 420, 420, 420, 420, 420, 420, 420, 420, 420, 420, 420, 420, 420, 420, 420, 420, 420, 420, 420, 420, 420, 420, 420, 420, 420, 420, 420, 420, 420, 420, 420, 420, 420, 420, 420, 420, 420, 420, 420, 420, 420, 420, 420, 420, 420, 420, 420, 420, 420, 420, 420, 420, 420, 420, 420, 420, 420, 420, 420, 420, 420, 420, 420, 420, 420, 420, 420, 420, 420, 420, 420, 420, 420, 420, 420, 420, 420, 420, 420, 420, 420, 420, 420, 420, 420, 420, 420, 420, 420, 420, 420, 420, 420, 420, 420, 420, 420, 420, 420, 420, 420, 420, 420, 420, 420, 420, 420, 420, 420, 420, 420, 420, 420, 420, 420, 420, 420, 420, 420, 420, 420, 420, 420, 420, 420, 420, 420, 420, 420, 420, 420, 420, 420, 420, 420, 420, 420, 420, 420, 420, 420, 420, 420, 420, 420, 420, 420, 420, 420, 420, 420, 420, 420, 420, 420, 420, 420, 420, 420, 420, 420, 420, 420, 420, 420, 420, 420, 420, 420, 420, 420, 420, 420, 420, 420, 420, 420, 420, 420, 420, 420, 420, 420, 420, 420, 420, 420, 420, 420, 420, 420, 420, 420, 420, 420, 420, 420, 420, 420, 420, 420, 420, 420, 420, 420, 420, 420, 420, 420, 420, 420, 420, 420, 420, 420, 420, 420, 420, 420, 420, 420, 420, 420, 420, 420, 420, 420, 420, 420, 420, 420, 420, 420, 420, 420, 420, 420, 420, 420, 420, 420, 420]

ep236
Train step Loss: [0.9458359479904175, 0.9458226561546326, 0.9458103179931641, 0.9458308219909668, 0.9457994699478149, 0.9457052946090698, 0.9458330273628235, 0.945837140083313, 0.9457622170448303, 0.945839524269104, 0.9457709193229675, 0.9457995295524597, 0.9457884430885315, 0.9458120465278625, 0.945866584777832, 0.9457025527954102, 0.9458053112030029, 0.945824146270752, 0.945794939994812, 0.9457955956459045, 0.9458519220352173, 0.9457464218139648, 0.9458416700363159, 0.9458038806915283, 0.9458191394805908, 0.9458079934120178, 0.9457963109016418, 0.9458156228065491, 0.9458258748054504, 0.9458552002906799, 0.9458060264587402, 0.945710301399231, 0.9458083510398865, 0.9458478093147278, 0.9458391666412354, 0.9458565711975098, 0.9457849264144897, 0.9458528757095337, 0.9458402991294861, 0.945815920829773, 0.9458606839179993, 0.9458122253417969, 0.9457653760910034, 0.9456982016563416, 0.9458033442497253, 0.9457702040672302, 0.9457747936248779, 0.9458285570144653, 0.9457514882087708, 0.9457225203514099, 0.9457857012748718, 0.9459550380706787, 0.9458358883857727, 0.945803165435791, 0.9458540678024292, 0.9457716941833496, 0.9458850026130676, 0.9457992315292358, 0.9458019733428955, 0.9457835555076599, 0.9458761215209961, 0.9457666873931885, 0.945888876914978, 0.9459022879600525, 0.9458014965057373, 0.945803165435791, 0.9457850456237793, 0.9458482265472412, 0.9458571076393127, 0.9458699822425842, 0.9457530379295349, 0.94579017162323, 0.9457557797431946, 0.9457985758781433, 0.9457996487617493, 0.9458978176116943, 0.9457681775093079, 0.9458062052726746, 0.9458609819412231, 0.945763111114502, 0.9457264542579651, 0.9458109140396118, 0.9457544088363647, 0.9458632469177246, 0.9458677768707275, 0.9458414912223816, 0.9459311366081238, 0.9458393454551697, 0.9458109140396118, 0.9458209872245789, 0.9458560943603516, 0.9458184838294983, 0.9458637237548828, 0.9458587765693665, 0.94577556848526, 0.945864200592041, 0.9459103345870972, 0.9457783699035645, 0.9457706212997437, 0.9457243084907532, 0.9457941651344299, 0.9457696676254272, 0.9458804726600647, 0.945785641670227, 0.9458518028259277]
val step Loss: [0.946533203125, 0.9463918805122375, 0.9461858868598938, 0.9462668299674988, 0.9462887644767761, 0.9464268088340759, 0.9463858008384705, 0.9482619166374207, 0.9461926221847534, 0.9463227391242981, 0.9463900327682495, 0.9464242458343506, 0.9462595582008362, 0.9463755488395691, 0.9463537335395813, 0.9474070072174072, 0.9479575753211975, 0.9463372230529785, 0.946302592754364, 0.9463334083557129, 0.9462868571281433, 0.9462805986404419, 0.9564228653907776, 0.9472497701644897, 0.9462825059890747, 0.9463344812393188, 0.9460847973823547]
Train step Accs: [1.0, 1.0, 1.0, 1.0, 1.0, 1.0, 1.0, 1.0, 1.0, 1.0, 1.0, 1.0, 1.0, 1.0, 1.0, 1.0, 1.0, 1.0, 1.0, 1.0, 1.0, 1.0, 1.0, 1.0, 1.0, 1.0, 1.0, 1.0, 1.0, 1.0, 1.0, 1.0, 1.0, 1.0, 1.0, 1.0, 1.0, 1.0, 1.0, 1.0, 1.0, 1.0, 1.0, 1.0, 1.0, 1.0, 1.0, 1.0, 1.0, 1.0, 1.0, 1.0, 1.0, 1.0, 1.0, 1.0, 1.0, 1.0, 1.0, 1.0, 1.0, 1.0, 1.0, 1.0, 1.0, 1.0, 1.0, 1.0, 1.0, 1.0, 1.0, 1.0, 1.0, 1.0, 1.0, 1.0, 1.0, 1.0, 1.0, 1.0, 1.0, 1.0, 1.0, 1.0, 1.0, 1.0, 1.0, 1.0, 1.0, 1.0, 1.0, 1.0, 1.0, 1.0, 1.0, 1.0, 1.0, 1.0, 1.0, 1.0, 1.0, 1.0, 1.0, 1.0, 1.0]
val step Accs: [1.0, 1.0, 1.0, 1.0, 1.0, 1.0, 1.0, 0.9996294237539374, 1.0, 1.0, 1.0, 1.0, 1.0, 1.0, 1.0, 0.9998338042213728, 0.9996866186148543, 1.0, 1.0, 1.0, 1.0, 1.0, 0.9981283922889762, 0.9998435054773083, 1.0, 1.0, 1.0]
Preds: [17, 17, 17, 287, 284, 284, 284, 293, 43, 43, 364, 364, 276, 276, 346, 284, 284, 284, 284, 284, 206, 206, 169, 215, 35, 244, 205, 205, 205, 261, 25, 437, 284, 265, 265, 85, 388, 348, 64, 64, 212, 398, 324, 324, 324, 324, 324, 246, 246, 246, 252, 32, 239, 239, 82, 384, 371, 371, 213, 213, 213, 422, 236, 239, 259, 310, 107, 107, 395, 395, 286, 464, 464, 464, 315, 315, 315, 315, 450, 450, 450, 43, 43, 364, 276, 276, 138, 138, 182, 182, 182, 375, 98, 98, 197, 401, 80, 244, 244, 208, 441, 441, 153, 153, 153, 153, 497, 497, 387, 81, 81, 337, 41, 324, 324, 3, 143, 401, 244, 244, 192, 188, 188, 278, 278, 240, 143, 129, 239, 384, 34, 191, 191, 324, 178, 143, 458, 401, 244, 320, 354, 109, 41, 41, 171, 171, 19, 454, 229, 229, 170, 392, 392, 392, 392, 244, 244, 73, 244, 73, 244, 320, 287, 287, 287, 284, 481, 293, 43, 276, 276, 346, 284, 405, 405, 206, 169, 215, 35, 401, 244, 320, 354, 106, 106, 428, 428, 240, 388, 94, 64, 473, 398, 324, 324, 324, 213, 324, 422, 239, 239, 239, 384, 371, 371, 213, 213, 422, 143, 239, 239, 310, 310, 107, 395, 395, 278, 278, 385, 143, 233, 401, 401, 320, 29, 374, 374, 132, 185, 186, 186, 323, 323, 68, 68, 68, 160, 160, 112, 17, 17, 420, 374, 374, 374, 374, 374, 374, 374, 374, 374, 374, 374, 374, 374, 374, 374, 374, 374, 374, 374, 374, 374, 374, 374, 374, 374, 374, 374, 374, 374, 374, 374, 374, 374, 374, 374, 374, 374, 374, 374, 374, 374, 374, 374, 374, 374, 374, 374, 374, 374, 374, 374, 374, 374, 374, 374, 374, 374, 374, 374, 374, 374, 374, 374, 374, 374, 374, 374, 374, 374, 374, 374, 374, 374, 374, 374, 374, 374, 374, 374, 374, 374, 374, 374, 374, 374, 374, 374, 374, 374, 374, 374, 374, 374, 374, 374, 374, 374, 374, 374, 374, 374, 374, 374, 374, 374, 374, 374, 374, 374, 374, 374, 374, 374, 374, 374, 374, 374, 374, 374, 374, 374, 374, 374, 374, 374, 374, 374, 374, 374, 374, 374, 374, 374, 374, 374, 374, 374, 374, 374, 374, 374, 374, 374, 374, 374, 374, 374, 374, 374, 374, 374, 374, 374, 374, 374, 374, 374, 374, 374, 374, 374, 374, 374, 374, 374, 374, 374, 374, 374, 374, 374, 374, 374, 374, 374, 374, 374, 374, 374, 374, 374, 374, 374, 374, 374, 374, 374, 374, 374, 374, 374, 374, 374, 374, 374, 374, 374, 374, 374, 374, 374, 374, 374, 374, 374, 374, 374, 374, 374, 374, 374, 374, 374, 374, 374, 374, 374, 374, 374, 374, 374, 374, 374, 374, 374, 374, 374, 374, 374, 374, 374, 374, 374, 374, 374, 374, 374, 374, 374, 374, 374, 374, 374, 374, 374, 374, 374, 374, 374, 374, 374, 374, 374, 374, 374, 374, 374, 374, 374, 374, 374, 374, 374, 374, 374, 374, 374, 374, 374, 374, 374, 374, 374, 374, 374, 374, 374, 374, 374, 374, 374, 374, 374, 374, 374, 374, 374, 374, 374, 374, 374, 374, 374, 374, 374, 374, 374, 374, 374, 374, 374, 374, 374, 374, 374, 374, 374, 374, 374, 374, 374, 374, 374, 374, 374, 374, 374, 374, 374, 374, 374, 374, 374, 374, 374, 374, 374, 374, 374, 374, 374, 374, 374, 374, 374, 374, 374, 374, 374, 374, 374, 374, 374, 374, 374, 374, 374, 374, 374, 374, 374, 374, 374, 374, 374, 374, 374, 374]

