ep274
Train step Loss: [0.9456402659416199, 0.9456692337989807, 0.9457347989082336, 0.9457322955131531, 0.9457650780677795, 0.9457364082336426, 0.9456578493118286, 0.9457565546035767, 0.9457038044929504, 0.9456337690353394, 0.9456530809402466, 0.9456563591957092, 0.945654034614563, 0.9456526637077332, 0.9456990361213684, 0.9456671476364136, 0.945719838142395, 0.9457083344459534, 0.9456253051757812, 0.9456151127815247, 0.9455899596214294, 0.9456555247306824, 0.9456422328948975, 0.9457059502601624, 0.9456421136856079, 0.945635199546814, 0.9457082152366638, 0.9456824660301208, 0.9456486701965332, 0.9456636309623718, 0.9456112384796143, 0.9456406831741333, 0.945670485496521, 0.9456486701965332, 0.9457438588142395, 0.9457276463508606, 0.9456611275672913, 0.9457461833953857, 0.9456589221954346, 0.9456992745399475, 0.9457192420959473, 0.9457167387008667, 0.9457114338874817, 0.9456713795661926, 0.9456518888473511, 0.9456440806388855, 0.9456108212471008, 0.9456992149353027, 0.9456803798675537, 0.9457583427429199, 0.9456902742385864, 0.9456655979156494, 0.9456505179405212, 0.9456661939620972, 0.9456924200057983, 0.9457542300224304, 0.9456020593643188, 0.945650577545166, 0.9456900358200073, 0.9456472992897034, 0.9456758499145508, 0.9456532597541809, 0.9457631707191467, 0.9456462860107422, 0.9456730484962463, 0.9456843137741089, 0.9456450939178467, 0.945742130279541, 0.9457349181175232, 0.9456509351730347, 0.9456177949905396, 0.9456523060798645, 0.945642352104187, 0.9457137584686279, 0.9455990195274353, 0.9456766843795776, 0.9457350373268127, 0.9456222057342529, 0.9455593824386597, 0.945641815662384, 0.9457001090049744, 0.9456003904342651, 0.9456850290298462, 0.9455938935279846, 0.9456436634063721, 0.9456389546394348, 0.9456613063812256, 0.9456435441970825, 0.9456707239151001, 0.9457643032073975, 0.9456288814544678, 0.9456849098205566, 0.9456437826156616, 0.945732831954956, 0.9457216262817383, 0.9456579089164734, 0.9456807971000671, 0.9456703662872314, 0.9456994533538818, 0.9457064867019653, 0.9456684589385986, 0.9456092119216919, 0.9456652402877808, 0.9457123279571533, 0.9457184076309204]
val step Loss: [0.9516363739967346, 0.9500961899757385, 0.9471117258071899, 0.9460419416427612, 0.9462265968322754, 0.9461130499839783, 0.9459689855575562, 0.9461475610733032, 0.946032702922821, 0.9461691379547119, 0.9460822939872742, 0.9461840391159058, 0.9460460543632507, 0.9471179842948914, 0.9481008052825928, 0.9461613893508911, 0.9469882249832153, 0.9462187886238098, 0.9459897875785828, 0.9462645649909973, 0.9461352229118347, 0.9459408521652222, 0.9460172653198242, 0.9461987614631653, 0.9460621476173401, 0.9461836814880371, 0.9461017847061157]
Train step Accs: [1.0, 1.0, 1.0, 1.0, 1.0, 1.0, 1.0, 1.0, 1.0, 1.0, 1.0, 1.0, 1.0, 1.0, 1.0, 1.0, 1.0, 1.0, 1.0, 1.0, 1.0, 1.0, 1.0, 1.0, 1.0, 1.0, 1.0, 1.0, 1.0, 1.0, 1.0, 1.0, 1.0, 1.0, 1.0, 1.0, 1.0, 1.0, 1.0, 1.0, 1.0, 1.0, 1.0, 1.0, 1.0, 1.0, 1.0, 1.0, 1.0, 1.0, 1.0, 1.0, 1.0, 1.0, 1.0, 1.0, 1.0, 1.0, 1.0, 1.0, 1.0, 1.0, 1.0, 1.0, 1.0, 1.0, 1.0, 1.0, 1.0, 1.0, 1.0, 1.0, 1.0, 1.0, 1.0, 1.0, 1.0, 1.0, 1.0, 1.0, 1.0, 1.0, 1.0, 1.0, 1.0, 1.0, 1.0, 1.0, 1.0, 1.0, 1.0, 1.0, 1.0, 1.0, 1.0, 1.0, 1.0, 1.0, 1.0, 1.0, 1.0, 1.0, 1.0, 1.0, 1.0]
val step Accs: [0.9989718985606579, 0.9992581602373887, 0.9998372925479987, 1.0, 1.0, 1.0, 1.0, 1.0, 1.0, 1.0, 1.0, 1.0, 1.0, 0.9998165137614679, 0.9996558251591808, 1.0, 0.999820014398848, 1.0, 1.0, 1.0, 1.0, 1.0, 1.0, 1.0, 1.0, 1.0, 1.0]
Preds: [17, 17, 296, 17, 17, 17, 17, 363, 363, 363, 363, 363, 101, 149, 321, 321, 287, 287, 287, 284, 206, 167, 35, 320, 320, 29, 287, 287, 111, 111, 468, 468, 467, 146, 146, 443, 330, 330, 330, 348, 175, 65, 65, 106, 293, 293, 293, 293, 413, 348, 348, 466, 479, 479, 331, 331, 486, 486, 486, 460, 240, 173, 8, 280, 29, 106, 284, 284, 240, 285, 285, 467, 180, 180, 486, 486, 486, 486, 460, 240, 175, 175, 81, 431, 431, 85, 403, 403, 403, 207, 207, 207, 246, 246, 246, 246, 246, 19, 19, 454, 229, 259, 321, 247, 126, 126, 408, 408, 408, 408, 228, 321, 75, 66, 68, 172, 115, 115, 267, 444, 278, 378, 378, 345, 345, 100, 100, 497, 497, 186, 99, 338, 338, 400, 400, 400, 301, 301, 378, 345, 109, 499, 499, 151, 151, 253, 453, 342, 168, 168, 180, 151, 151, 460, 178, 178, 192, 192, 445, 451, 41, 41, 41, 41, 19, 19, 19, 454, 454, 13, 414, 170, 244, 244, 244, 392, 244, 392, 392, 321, 321, 321, 7, 479, 479, 331, 331, 331, 480, 319, 111, 460, 438, 416, 216, 192, 114, 180, 180, 443, 443, 443, 139, 139, 293, 274, 274, 35, 192, 445, 464, 464, 171, 171, 252, 416, 458, 192, 445, 180, 464, 264, 264, 264, 264, 315, 315, 113, 450, 450, 293, 169, 150, 150, 54, 54, 142, 397, 397, 196, 147, 147, 109, 288, 403, 171, 171, 252, 252, 24, 310, 310, 107, 395, 395, 286, 286, 120, 120, 120, 120, 37, 37, 385, 385, 197, 75, 164, 164, 196, 196, 116, 33, 33, 248, 394, 212, 75, 199, 275, 275, 275, 275, 303, 303, 17, 420, 420, 420, 420, 420, 420, 420, 420, 420, 420, 420, 420, 420, 420, 420, 420, 420, 420, 420, 420, 420, 420, 420, 420, 420, 420, 420, 420, 420, 420, 420, 420, 420, 420, 420, 420, 420, 420, 420, 420, 420, 420, 420, 420, 420, 420, 420, 420, 420, 420, 420, 420, 420, 420, 420, 420, 420, 420, 420, 420, 420, 420, 420, 420, 420, 420, 420, 420, 420, 420, 420, 420, 420, 420, 420, 420, 420, 420, 420, 420, 420, 420, 420, 420, 420, 420, 420, 420, 420, 420, 420, 420, 420, 420, 420, 420, 420, 420, 420, 420, 420, 420, 420, 420, 420, 420, 420, 420, 420, 420, 420, 420, 420, 420, 420, 420, 420, 420, 420, 420, 420, 420, 420, 420, 420, 420, 420, 420, 420, 420, 420, 420, 420, 420, 420, 420, 420, 420, 420, 420, 420, 420, 420, 420, 420, 420, 420, 420, 420, 420, 420, 420, 420, 420, 420, 420, 420, 420, 420, 420, 420, 420, 420, 420, 420, 420, 420, 420, 420, 420, 420, 420, 420, 420, 420, 420, 420, 420, 420, 420, 420, 420, 420, 420, 420, 420, 420, 420, 420, 420, 420, 420, 420, 420, 420, 420, 420, 420, 420, 420, 420, 420, 420, 420, 420, 420, 420, 420, 420, 420, 420, 420, 420, 420, 420, 420, 420, 420, 420, 420, 420, 420, 420, 420, 420, 420, 420, 420, 420, 420, 420, 420, 420, 420, 420, 420, 420, 420, 420, 420, 420, 420, 420, 420, 420, 420, 420, 420, 420, 420, 420, 420, 420, 420, 420, 420, 420, 420, 420, 420, 420, 420, 420, 420, 420, 420, 420, 420, 420, 420, 420, 420, 420, 420, 420, 420, 420, 420, 420, 420, 420, 420, 420, 420, 420, 420, 420, 420, 420, 420, 420, 420, 420, 420, 420, 420, 420, 420, 420, 420, 420, 420, 420, 420, 420, 420, 420, 420, 420, 420, 420, 420, 420, 420]

ep275
Train step Loss: [0.9456998109817505, 0.9456611275672913, 0.9456729292869568, 0.9457569718360901, 0.9456168413162231, 0.9456801414489746, 0.9456467628479004, 0.9457145929336548, 0.9457107782363892, 0.9456430077552795, 0.9456750750541687, 0.9457892179489136, 0.9457260370254517, 0.9456669688224792, 0.9456580877304077, 0.9457308650016785, 0.9456698894500732, 0.9456691741943359, 0.945598840713501, 0.9456844925880432, 0.9456397294998169, 0.9456630945205688, 0.9456855058670044, 0.9456772208213806, 0.9456378817558289, 0.9457635283470154, 0.9457420110702515, 0.9456556439399719, 0.945688009262085, 0.9456817507743835, 0.9457220435142517, 0.9455850124359131, 0.9457730054855347, 0.9456985592842102, 0.9456670880317688, 0.9457035660743713, 0.9456644654273987, 0.9456390142440796, 0.9456452131271362, 0.9456503987312317, 0.9456582069396973, 0.945652186870575, 0.945693850517273, 0.9456710815429688, 0.9456511735916138, 0.9456238746643066, 0.9456284642219543, 0.9456706047058105, 0.9456587433815002, 0.9456765651702881, 0.9456543922424316, 0.9457302093505859, 0.9457201957702637, 0.9456406831741333, 0.9457131028175354, 0.945662260055542, 0.9456186890602112, 0.9456729888916016, 0.9456135034561157, 0.9457268714904785, 0.9457026124000549, 0.9456163644790649, 0.9456806778907776, 0.9456081986427307, 0.9456358551979065, 0.9456809163093567, 0.9456860423088074, 0.9456163644790649, 0.9456495642662048, 0.9456743001937866, 0.9456591606140137, 0.945616602897644, 0.9456835985183716, 0.9456509351730347, 0.9456659555435181, 0.9457177519798279, 0.9456771612167358, 0.9457363486289978, 0.9456919431686401, 0.9456605911254883, 0.9456459283828735, 0.9456949830055237, 0.9457001686096191, 0.9456183910369873, 0.9456596374511719, 0.9456431269645691, 0.9457017183303833, 0.9456589818000793, 0.9457568526268005, 0.9457319378852844, 0.9456854462623596, 0.9456121921539307, 0.9456930756568909, 0.9457557201385498, 0.9456045031547546, 0.9456301331520081, 0.9456941485404968, 0.9456690549850464, 0.9457237720489502, 0.945659875869751, 0.9456401467323303, 0.9455971121788025, 0.9456415176391602, 0.9456419944763184, 0.9457384943962097]
val step Loss: [0.9471681714057922, 0.9459589719772339, 0.9460963606834412, 0.9515367746353149, 0.9469711780548096, 0.9461349248886108, 0.9480032920837402, 0.9461459517478943, 0.9461730718612671, 0.9460379481315613, 0.9460538625717163, 0.9470673203468323, 0.9461625218391418, 0.9460607767105103, 0.9459483623504639, 0.9470603466033936, 0.9459677338600159, 0.945926308631897, 0.9460889101028442, 0.9494977593421936, 0.9461629390716553, 0.9461010694503784, 0.9460593461990356, 0.9462271332740784, 0.9460958242416382, 0.9461572766304016, 0.946226954460144]
Train step Accs: [1.0, 1.0, 1.0, 1.0, 1.0, 1.0, 1.0, 1.0, 1.0, 1.0, 1.0, 1.0, 1.0, 1.0, 1.0, 1.0, 1.0, 1.0, 1.0, 1.0, 1.0, 1.0, 1.0, 1.0, 1.0, 1.0, 1.0, 1.0, 1.0, 1.0, 1.0, 1.0, 1.0, 1.0, 1.0, 1.0, 1.0, 1.0, 1.0, 1.0, 1.0, 1.0, 1.0, 1.0, 1.0, 1.0, 1.0, 1.0, 1.0, 1.0, 1.0, 1.0, 1.0, 1.0, 1.0, 1.0, 1.0, 1.0, 1.0, 1.0, 1.0, 1.0, 1.0, 1.0, 1.0, 1.0, 1.0, 1.0, 1.0, 1.0, 1.0, 1.0, 1.0, 1.0, 1.0, 1.0, 1.0, 1.0, 1.0, 1.0, 1.0, 1.0, 1.0, 1.0, 1.0, 1.0, 1.0, 1.0, 1.0, 1.0, 1.0, 1.0, 1.0, 1.0, 1.0, 1.0, 1.0, 1.0, 1.0, 1.0, 1.0, 1.0, 1.0, 1.0, 1.0]
val step Accs: [0.9998274374460742, 1.0, 1.0, 0.9989821882951654, 0.9998191354675349, 1.0, 0.9996372211137312, 1.0, 1.0, 1.0, 1.0, 0.9998376096135109, 1.0, 1.0, 1.0, 0.9998164127042408, 1.0, 1.0, 1.0, 0.9993567063364426, 1.0, 1.0, 1.0, 1.0, 1.0, 1.0, 1.0]
Preds: [17, 17, 296, 217, 217, 473, 65, 443, 443, 443, 443, 240, 169, 150, 77, 164, 164, 164, 164, 164, 164, 273, 106, 106, 375, 375, 375, 98, 98, 48, 13, 170, 20, 170, 20, 20, 187, 187, 187, 408, 408, 20, 391, 391, 20, 184, 20, 20, 7, 188, 152, 152, 422, 99, 54, 54, 224, 400, 400, 30, 324, 324, 464, 464, 139, 139, 355, 387, 355, 240, 388, 94, 94, 398, 324, 301, 416, 32, 239, 144, 27, 180, 180, 284, 486, 428, 206, 240, 240, 314, 8, 32, 354, 354, 100, 497, 43, 8, 8, 32, 354, 354, 100, 387, 255, 251, 251, 241, 431, 106, 498, 498, 406, 313, 313, 285, 337, 464, 464, 464, 145, 315, 315, 450, 450, 450, 43, 43, 276, 276, 345, 109, 109, 403, 207, 324, 3, 301, 42, 42, 147, 456, 337, 324, 422, 422, 349, 349, 234, 234, 261, 261, 25, 148, 153, 153, 413, 413, 10, 10, 309, 398, 398, 464, 139, 139, 481, 182, 182, 387, 387, 122, 122, 236, 129, 259, 108, 377, 123, 374, 153, 153, 387, 372, 406, 406, 406, 467, 182, 375, 375, 375, 98, 98, 13, 229, 229, 20, 312, 126, 126, 23, 326, 23, 23, 101, 149, 149, 228, 20, 412, 287, 287, 460, 460, 178, 215, 458, 465, 164, 164, 442, 225, 7, 7, 217, 217, 473, 65, 476, 171, 252, 416, 239, 239, 445, 445, 485, 324, 301, 314, 325, 34, 34, 191, 191, 116, 251, 251, 251, 241, 81, 431, 367, 496, 274, 43, 8, 129, 259, 208, 208, 441, 441, 153, 497, 497, 399, 70, 70, 70, 473, 65, 264, 264, 264, 264, 468, 468, 468, 406, 337, 337, 324, 252, 24, 239, 239, 384, 449, 324, 324, 301, 26, 251, 241, 431, 367, 496, 274, 43, 416, 458, 144, 208, 100, 100, 496, 274, 122, 143, 143, 17, 420, 420, 420, 420, 420, 420, 420, 420, 420, 420, 420, 420, 420, 420, 420, 420, 420, 420, 420, 420, 420, 420, 420, 420, 420, 420, 420, 420, 420, 420, 420, 420, 420, 420, 420, 420, 420, 420, 420, 420, 420, 420, 420, 420, 420, 420, 420, 420, 420, 420, 420, 420, 420, 420, 420, 420, 420, 420, 420, 420, 420, 420, 420, 420, 420, 420, 420, 420, 420, 420, 420, 420, 420, 420, 420, 420, 420, 420, 420, 420, 420, 420, 420, 420, 420, 420, 420, 420, 420, 420, 420, 420, 420, 420, 420, 420, 420, 420, 420, 420, 420, 420, 420, 420, 420, 420, 420, 420, 420, 420, 420, 420, 420, 420, 420, 420, 420, 420, 420, 420, 420, 420, 420, 420, 420, 420, 420, 420, 420, 420, 420, 420, 420, 420, 420, 420, 420, 420, 420, 420, 420, 420, 420, 420, 420, 420, 420, 420, 420, 420, 420, 420, 420, 420, 420, 420, 420, 420, 420, 420, 420, 420, 420, 420, 420, 420, 420, 420, 420, 420, 420, 420, 420, 420, 420, 420, 420, 420, 420, 420, 420, 420, 420, 420, 420, 420, 420, 420, 420, 420, 420, 420, 420, 420, 420, 420, 420, 420, 420, 420, 420, 420, 420, 420, 420, 420, 420, 420, 420, 420, 420, 420, 420, 420, 420, 420, 420, 420, 420, 420, 420, 420, 420, 420, 420, 420, 420, 420, 420, 420, 420, 420, 420, 420, 420, 420, 420, 420, 420, 420, 420, 420, 420, 420, 420, 420, 420, 420, 420, 420, 420, 420, 420, 420, 420, 420, 420, 420, 420, 420, 420, 420, 420, 420, 420, 420, 420, 420, 420, 420, 420, 420, 420, 420, 420, 420, 420, 420, 420, 420, 420, 420, 420, 420, 420, 420, 420]

ep276
Train step Loss: [0.9456803202629089, 0.9457817673683167, 0.9456896185874939, 0.9456421732902527, 0.9456896781921387, 0.9456526041030884, 0.9457417726516724, 0.9456827044487, 0.9456983208656311, 0.9457153677940369, 0.9456409811973572, 0.9456465244293213, 0.9457092881202698, 0.9457892775535583, 0.9457152485847473, 0.9457288980484009, 0.9456900358200073, 0.9456982612609863, 0.9456701874732971, 0.9456598162651062, 0.9457189440727234, 0.9457054734230042, 0.9457448720932007, 0.9456985592842102, 0.9456051588058472, 0.9455868005752563, 0.9457091093063354, 0.9455960988998413, 0.9456902146339417, 0.945733368396759, 0.9456939697265625, 0.9456610083580017, 0.9456765651702881, 0.9456585049629211, 0.945651113986969, 0.9456880688667297, 0.9457302689552307, 0.9456636309623718, 0.9456193447113037, 0.9456629157066345, 0.9456509351730347, 0.9457212686538696, 0.9457229971885681, 0.945650041103363, 0.9456589818000793, 0.9457012414932251, 0.9456804990768433, 0.9456912875175476, 0.9456878900527954, 0.9456659555435181, 0.9457458257675171, 0.9457575082778931, 0.9456955194473267, 0.9456523656845093, 0.9456367492675781, 0.9457575082778931, 0.9457235336303711, 0.9456409215927124, 0.945634663105011, 0.9457553029060364, 0.9456701278686523, 0.9456142783164978, 0.9456894993782043, 0.9456456899642944, 0.9456552267074585, 0.9456765651702881, 0.945702314376831, 0.9457259774208069, 0.945641815662384, 0.9457252621650696, 0.9456509947776794, 0.9456794857978821, 0.9456288814544678, 0.945667028427124, 0.9457378387451172, 0.9456483721733093, 0.9456273913383484, 0.9456617832183838, 0.9457396864891052, 0.9456957578659058, 0.945654571056366, 0.9457226991653442, 0.9456875324249268, 0.9457207918167114, 0.9456090331077576, 0.9457083940505981, 0.9456256628036499, 0.9457698464393616, 0.945704996585846, 0.9457056522369385, 0.9456576704978943, 0.9456746578216553, 0.9456798434257507, 0.9456961750984192, 0.9457318186759949, 0.9456992745399475, 0.9457023739814758, 0.9457455277442932, 0.945763885974884, 0.9457137584686279, 0.9456802606582642, 0.9457122087478638, 0.9456281065940857, 0.9456912279129028, 0.9456207156181335]
val step Loss: [0.946088969707489, 0.9459319114685059, 0.9473134279251099, 0.9460577368736267, 0.9459166526794434, 0.9460518956184387, 0.946135938167572, 0.9462462067604065, 0.9518811106681824, 0.9479617476463318, 0.9461389780044556, 0.9459655284881592, 0.9460218548774719, 0.9461957812309265, 0.9467819929122925, 0.9470363855361938, 0.9495639801025391, 0.9469522833824158, 0.9461549520492554, 0.9460515975952148, 0.9460715055465698, 0.9460155963897705, 0.9460631012916565, 0.9462066888809204, 0.9460738301277161, 0.9460847973823547, 0.9459567666053772]
Train step Accs: [1.0, 1.0, 1.0, 1.0, 1.0, 1.0, 1.0, 1.0, 1.0, 1.0, 1.0, 1.0, 1.0, 1.0, 1.0, 1.0, 1.0, 1.0, 1.0, 1.0, 1.0, 1.0, 1.0, 1.0, 1.0, 1.0, 1.0, 1.0, 1.0, 1.0, 1.0, 1.0, 1.0, 1.0, 1.0, 1.0, 1.0, 1.0, 1.0, 1.0, 1.0, 1.0, 1.0, 1.0, 1.0, 1.0, 1.0, 1.0, 1.0, 1.0, 1.0, 1.0, 1.0, 1.0, 1.0, 1.0, 1.0, 1.0, 1.0, 1.0, 1.0, 1.0, 1.0, 1.0, 1.0, 1.0, 1.0, 1.0, 1.0, 1.0, 1.0, 1.0, 1.0, 1.0, 1.0, 1.0, 1.0, 1.0, 1.0, 1.0, 1.0, 1.0, 1.0, 1.0, 1.0, 1.0, 1.0, 1.0, 1.0, 1.0, 1.0, 1.0, 1.0, 1.0, 1.0, 1.0, 1.0, 1.0, 1.0, 1.0, 1.0, 1.0, 1.0, 1.0, 1.0]
val step Accs: [1.0, 1.0, 0.9998086124401914, 1.0, 1.0, 1.0, 1.0, 1.0, 0.9989512323020451, 0.9996449494052903, 1.0, 1.0, 1.0, 1.0, 0.9998378991732858, 0.9998368412465328, 0.999336540056394, 0.9998325799430772, 1.0, 1.0, 1.0, 1.0, 1.0, 1.0, 1.0, 1.0, 1.0]
Preds: [17, 17, 441, 441, 153, 387, 387, 240, 348, 24, 24, 384, 371, 180, 180, 486, 376, 376, 282, 263, 263, 229, 229, 247, 312, 363, 363, 363, 408, 408, 149, 228, 228, 244, 320, 7, 479, 331, 278, 301, 378, 8, 129, 354, 109, 180, 486, 486, 460, 240, 240, 35, 36, 342, 224, 351, 196, 479, 331, 331, 315, 450, 450, 450, 88, 88, 88, 109, 337, 207, 301, 143, 129, 401, 244, 354, 354, 100, 389, 425, 425, 251, 331, 106, 302, 497, 43, 43, 43, 276, 276, 276, 346, 284, 284, 284, 450, 450, 293, 43, 43, 276, 345, 109, 109, 116, 116, 10, 398, 398, 398, 374, 374, 495, 406, 406, 380, 134, 387, 387, 109, 337, 324, 219, 246, 246, 301, 301, 8, 8, 354, 354, 180, 180, 486, 486, 206, 240, 240, 314, 129, 401, 401, 32, 354, 354, 100, 153, 153, 153, 153, 182, 182, 182, 132, 132, 132, 132, 303, 303, 303, 442, 442, 442, 229, 229, 170, 170, 244, 187, 1, 1, 408, 408, 408, 244, 228, 228, 412, 287, 287, 287, 284, 284, 460, 169, 215, 35, 35, 75, 208, 441, 148, 153, 153, 387, 387, 122, 348, 64, 466, 479, 331, 242, 242, 348, 466, 466, 479, 331, 307, 307, 319, 206, 240, 251, 251, 359, 34, 166, 278, 278, 278, 173, 8, 8, 70, 70, 65, 65, 46, 46, 46, 46, 206, 215, 215, 129, 401, 354, 354, 106, 106, 180, 284, 315, 315, 315, 315, 315, 450, 450, 450, 450, 203, 250, 364, 276, 276, 345, 109, 109, 207, 324, 324, 3, 301, 26, 251, 241, 241, 431, 486, 486, 282, 282, 330, 388, 94, 303, 199, 331, 375, 375, 98, 98, 13, 244, 170, 170, 392, 63, 63, 63, 63, 63, 63, 63, 244, 40, 40, 40, 63, 40, 244, 40, 63, 244, 63, 73, 244, 244, 289, 320, 188, 188, 213, 324, 422, 416, 32, 239, 354, 114, 180, 180, 486, 460, 460, 178, 215, 129, 401, 244, 321, 354, 276, 148, 148, 153, 387, 387, 387, 387, 167, 122, 35, 321, 75, 449, 273, 180, 486, 486, 460, 240, 215, 215, 129, 239, 354, 420, 420, 213, 213, 324, 464, 464, 464, 443, 240, 314, 314, 239, 239, 239, 384, 371, 371, 324, 324, 324, 324, 324, 464, 464, 464, 180, 145, 486, 460, 240, 240, 314, 35, 75, 131, 377, 87, 32, 32, 32, 354, 354, 100, 100, 153, 153, 153, 182, 43, 43, 8, 196, 303, 303, 303, 303, 303, 48, 48, 48, 170, 244, 392, 392, 392, 392, 392, 392, 392, 392, 392, 392, 73, 73, 73, 320, 320, 188, 188, 171, 213, 246, 246, 246, 246, 246, 246, 422, 143, 36, 478, 323, 482, 224, 224, 273, 485, 374, 139, 153, 387, 387, 387, 387, 413, 348, 348, 64, 394, 32, 32, 32, 32, 239, 384, 377, 371, 444, 213, 213, 246, 434, 434, 434, 3, 335, 14, 14, 287, 145, 287, 145, 460, 240, 215, 129, 32, 354, 354, 109, 499, 486, 486, 264, 240, 285, 467, 145, 145, 486, 85, 85, 85, 468, 468, 406, 406, 467, 337, 337, 277, 301, 143, 129, 401, 244, 75, 74, 190, 190, 487, 499, 151, 487, 442, 193, 17, 17, 420, 420, 420, 420, 420, 420, 420, 420, 420, 420, 420, 420, 420, 420, 420, 420, 420, 420, 420, 420, 420, 420, 420, 420, 420, 420, 420, 420, 420, 420, 420, 420, 420, 420, 420, 420, 420, 420, 420, 420, 420, 420, 420, 420, 420, 420, 420, 420, 420, 420, 420, 420, 420, 420, 420, 420, 420, 420, 420, 420]

ep277
Train step Loss: [0.945763111114502, 0.9456362724304199, 0.9456863403320312, 0.945686936378479, 0.9456570148468018, 0.9457200169563293, 0.9456470608711243, 0.9457326531410217, 0.9457603693008423, 0.9456779956817627, 0.945684552192688, 0.9456685185432434, 0.9457147121429443, 0.9457129240036011, 0.9456721544265747, 0.9456783533096313, 0.9456554651260376, 0.9456311464309692, 0.9457138776779175, 0.9456713795661926, 0.94571453332901, 0.9456372857093811, 0.9456944465637207, 0.9456549286842346, 0.9456514716148376, 0.9456658959388733, 0.9456800818443298, 0.9457111954689026, 0.9457877278327942, 0.9456502199172974, 0.9457137584686279, 0.945668637752533, 0.9456906914710999, 0.9456117153167725, 0.9456511735916138, 0.9456740617752075, 0.9456461668014526, 0.9456528425216675, 0.9456818103790283, 0.9456660747528076, 0.9457576870918274, 0.9457072615623474, 0.9457343816757202, 0.9456998705863953, 0.9456388354301453, 0.9457045197486877, 0.9457000494003296, 0.9456459283828735, 0.9457078576087952, 0.945701003074646, 0.9456286430358887, 0.9456620812416077, 0.9456947445869446, 0.945726752281189, 0.9456946849822998, 0.9456840753555298, 0.9457551836967468, 0.9456802606582642, 0.9456683993339539, 0.9456315040588379, 0.9457151889801025, 0.945744514465332, 0.9456842541694641, 0.9456185102462769, 0.9456167221069336, 0.945647120475769, 0.9456403851509094, 0.9456956386566162, 0.9457470178604126, 0.9456311464309692, 0.9457713961601257, 0.9457040429115295, 0.9456688165664673, 0.9455996751785278, 0.9456325173377991, 0.9456748962402344, 0.9456790089607239, 0.9456294178962708, 0.9457200765609741, 0.9457182288169861, 0.9457396268844604, 0.945651650428772, 0.945654034614563, 0.9456999897956848, 0.9456709623336792, 0.9456515312194824, 0.945724368095398, 0.9456697106361389, 0.9456702470779419, 0.9457914233207703, 0.9457299113273621, 0.9457839131355286, 0.9457045197486877, 0.9456508755683899, 0.9456925392150879, 0.9457341432571411, 0.9456758499145508, 0.9456946849822998, 0.9456892609596252, 0.9457587003707886, 0.9457281231880188, 0.9456151127815247, 0.9456556439399719, 0.9456266164779663, 0.9456604719161987]
val step Loss: [0.9502426981925964, 0.9461531043052673, 0.9460592865943909, 0.9461495280265808, 0.9461289644241333, 0.9460512399673462, 0.9460846781730652, 0.9459345936775208, 0.9459251165390015, 0.9481521844863892, 0.9472353458404541, 0.9469104409217834, 0.9467163681983948, 0.9460419416427612, 0.945930540561676, 0.9461598992347717, 0.951395571231842, 0.9459641575813293, 0.9460252523422241, 0.9460145831108093, 0.9459653496742249, 0.9459959268569946, 0.9459551572799683, 0.9459646940231323, 0.9469341039657593, 0.9460877180099487, 0.9461069703102112]
Train step Accs: [1.0, 1.0, 1.0, 1.0, 1.0, 1.0, 1.0, 1.0, 1.0, 1.0, 1.0, 1.0, 1.0, 1.0, 1.0, 1.0, 1.0, 1.0, 1.0, 1.0, 1.0, 1.0, 1.0, 1.0, 1.0, 1.0, 1.0, 1.0, 1.0, 1.0, 1.0, 1.0, 1.0, 1.0, 1.0, 1.0, 1.0, 1.0, 1.0, 1.0, 1.0, 1.0, 1.0, 1.0, 1.0, 1.0, 1.0, 1.0, 1.0, 1.0, 1.0, 1.0, 1.0, 1.0, 1.0, 1.0, 1.0, 1.0, 1.0, 1.0, 1.0, 1.0, 1.0, 1.0, 1.0, 1.0, 1.0, 1.0, 1.0, 1.0, 1.0, 1.0, 1.0, 1.0, 1.0, 1.0, 1.0, 1.0, 1.0, 1.0, 1.0, 1.0, 1.0, 1.0, 1.0, 1.0, 1.0, 1.0, 1.0, 1.0, 1.0, 1.0, 1.0, 1.0, 1.0, 1.0, 1.0, 1.0, 1.0, 1.0, 1.0, 1.0, 1.0, 1.0, 1.0]
val step Accs: [0.9992310649750096, 1.0, 1.0, 1.0, 1.0, 1.0, 1.0, 1.0, 1.0, 0.9996184662342618, 0.9998051821546854, 0.9998466963053809, 0.9998353367363741, 1.0, 1.0, 1.0, 0.9990202482037883, 1.0, 1.0, 1.0, 1.0, 1.0, 1.0, 1.0, 0.9998241603657464, 1.0, 1.0]
Preds: [17, 30, 340, 340, 116, 10, 479, 479, 65, 65, 284, 284, 481, 293, 293, 43, 43, 43, 364, 364, 276, 276, 346, 346, 284, 284, 284, 284, 284, 206, 206, 293, 43, 43, 364, 276, 276, 276, 346, 297, 497, 497, 43, 349, 129, 401, 205, 205, 208, 441, 441, 153, 153, 153, 387, 387, 387, 387, 29, 29, 337, 337, 337, 152, 178, 143, 129, 401, 208, 208, 208, 441, 441, 387, 387, 387, 274, 416, 8, 32, 32, 32, 354, 354, 180, 180, 376, 376, 376, 376, 460, 240, 385, 233, 36, 155, 155, 155, 25, 397, 494, 32, 32, 219, 219, 219, 464, 464, 93, 403, 403, 171, 171, 171, 246, 246, 246, 246, 246, 246, 246, 19, 48, 48, 48, 20, 170, 170, 170, 20, 187, 187, 187, 408, 408, 391, 20, 391, 73, 73, 20, 20, 320, 7, 251, 241, 331, 431, 486, 486, 460, 460, 215, 35, 35, 75, 77, 164, 342, 224, 183, 485, 485, 464, 139, 139, 387, 387, 387, 122, 8, 32, 239, 75, 354, 354, 441, 441, 276, 346, 346, 265, 265, 265, 85, 85, 167, 385, 32, 32, 239, 82, 108, 107, 395, 106, 106, 106, 153, 387, 387, 387, 85, 146, 207, 207, 207, 246, 246, 246, 246, 246, 19, 422, 129, 401, 401, 20, 445, 445, 351, 278, 403, 171, 171, 171, 219, 219, 219, 219, 477, 152, 422, 186, 349, 205, 205, 401, 20, 261, 261, 397, 441, 345, 374, 374, 213, 213, 213, 213, 422, 99, 338, 338, 338, 395, 395, 459, 459, 120, 385, 385, 233, 20, 75, 208, 27, 487, 441, 442, 219, 464, 464, 355, 355, 355, 355, 167, 167, 226, 80, 80, 80, 20, 80, 80, 7, 219, 219, 422, 422, 162, 232, 232, 68, 68, 68, 115, 267, 267, 444, 278, 26, 251, 241, 81, 403, 403, 403, 207, 19, 420, 420, 420, 420, 420, 420, 420, 420, 420, 420, 420, 420, 420, 420, 420, 420, 420, 420, 420, 420, 420, 420, 420, 420, 420, 420, 420, 420, 420, 420, 420, 420, 420, 420, 420, 420, 420, 420, 420, 420, 420, 420, 420, 420, 420, 420, 420, 420, 420, 420, 420, 420, 420, 420, 420, 420, 420, 420, 420, 420, 420, 420, 420, 420, 420, 420, 420, 420, 420, 420, 420, 420, 420, 420, 420, 420, 420, 420, 420, 420, 420, 420, 420, 420, 420, 420, 420, 420, 420, 420, 420, 420, 420, 420, 420, 420, 420, 420, 420, 420, 420, 420, 420, 420, 420, 420, 420, 420, 420, 420, 420, 420, 420, 420, 420, 420, 420, 420, 420, 420, 420, 420, 420, 420, 420, 420, 420, 420, 420, 420, 420, 420, 420, 420, 420, 420, 420, 420, 420, 420, 420, 420, 420, 420, 420, 420, 420, 420, 420, 420, 420, 420, 420, 420, 420, 420, 420, 420, 420, 420, 420, 420, 420, 420, 420, 420, 420, 420, 420, 420, 420, 420, 420, 420, 420, 420, 420, 420, 420, 420, 420, 420, 420, 420, 420, 420, 420, 420, 420, 420, 420, 420, 420, 420, 420, 420, 420, 420, 420, 420, 420, 420, 420, 420, 420, 420, 420, 420, 420, 420, 420, 420, 420, 420, 420, 420, 420, 420, 420, 420, 420, 420, 420, 420, 420, 420, 420, 420, 420, 420, 420, 420, 420, 420, 420, 420, 420, 420, 420, 420, 420, 420, 420, 420, 420, 420, 420, 420, 420, 420, 420, 420, 420, 420, 420, 420, 420, 420, 420, 420, 420, 420, 420, 420, 420, 420, 420, 420, 420, 420, 420, 420, 420, 420, 420, 420, 420, 420, 420, 420, 420, 420, 420, 420, 420, 420, 420, 420, 420]

ep278
Train step Loss: [0.9455971121788025, 0.9456394910812378, 0.9457089900970459, 0.9457753896713257, 0.9456236362457275, 0.9457216262817383, 0.9456981420516968, 0.9456800222396851, 0.9457074403762817, 0.945685088634491, 0.9457653164863586, 0.9456577897071838, 0.9457342028617859, 0.945711076259613, 0.9456522464752197, 0.9457845687866211, 0.945704460144043, 0.9457458853721619, 0.9457302689552307, 0.9456465840339661, 0.945696234703064, 0.9456682801246643, 0.9456244111061096, 0.9456868767738342, 0.9457527995109558, 0.9456074833869934, 0.9457089900970459, 0.9456344842910767, 0.9457125663757324, 0.945717990398407, 0.9456890821456909, 0.9456605315208435, 0.9456347227096558, 0.9456916451454163, 0.9456958770751953, 0.9455999135971069, 0.9456897974014282, 0.945676326751709, 0.9457693099975586, 0.9456250667572021, 0.9456803202629089, 0.9456636309623718, 0.9456333518028259, 0.945641815662384, 0.9457421898841858, 0.9457253217697144, 0.9456666111946106, 0.9456769227981567, 0.9457050561904907, 0.9457021951675415, 0.9456943869590759, 0.9456624984741211, 0.9457809925079346, 0.9456772804260254, 0.9457105994224548, 0.9455758333206177, 0.9456102848052979, 0.9456695318222046, 0.9456965327262878, 0.9457082152366638, 0.9456877112388611, 0.9456368684768677, 0.9457187652587891, 0.9458152055740356, 0.9457119703292847, 0.9457699060440063, 0.9456794857978821, 0.94563227891922, 0.9456546306610107, 0.9456430673599243, 0.9455956816673279, 0.9457216262817383, 0.9456615447998047, 0.9456881284713745, 0.9457137584686279, 0.945674479007721, 0.9456604719161987, 0.9456774592399597, 0.9457077383995056, 0.9456326961517334, 0.9456275105476379, 0.945682942867279, 0.9456964135169983, 0.9457224011421204, 0.9456580281257629, 0.9456458687782288, 0.9456993937492371, 0.9456113576889038, 0.9456509351730347, 0.9457439184188843, 0.9456567764282227, 0.9457091689109802, 0.9457412958145142, 0.9457090497016907, 0.945676863193512, 0.9457122087478638, 0.9456655979156494, 0.9456678628921509, 0.9456637501716614, 0.9457169771194458, 0.9456621408462524, 0.9457101225852966, 0.9457100629806519, 0.9456271529197693, 0.9457306861877441]
val step Loss: [0.946043074131012, 0.9460145235061646, 0.9459214806556702, 0.9460433125495911, 0.9475587606430054, 0.9460489749908447, 0.9498720765113831, 0.9458504915237427, 0.9470881819725037, 0.9459150433540344, 0.9468785524368286, 0.9459866285324097, 0.9460397958755493, 0.9459946155548096, 0.9470329880714417, 0.946083128452301, 0.9461005330085754, 0.9460781812667847, 0.9471161961555481, 0.9522262215614319, 0.9460144639015198, 0.9461022615432739, 0.9460700750350952, 0.9461528062820435, 0.9460331797599792, 0.9459367394447327, 0.9458262324333191]
Train step Accs: [1.0, 1.0, 1.0, 1.0, 1.0, 1.0, 1.0, 1.0, 1.0, 1.0, 1.0, 1.0, 1.0, 1.0, 1.0, 1.0, 1.0, 1.0, 1.0, 1.0, 1.0, 1.0, 1.0, 1.0, 1.0, 1.0, 1.0, 1.0, 1.0, 1.0, 1.0, 1.0, 1.0, 1.0, 1.0, 1.0, 1.0, 1.0, 1.0, 1.0, 1.0, 1.0, 1.0, 1.0, 1.0, 1.0, 1.0, 1.0, 1.0, 1.0, 1.0, 1.0, 1.0, 1.0, 1.0, 1.0, 1.0, 1.0, 1.0, 1.0, 1.0, 1.0, 1.0, 1.0, 1.0, 1.0, 1.0, 1.0, 1.0, 1.0, 1.0, 1.0, 1.0, 1.0, 1.0, 1.0, 1.0, 1.0, 1.0, 1.0, 1.0, 1.0, 1.0, 1.0, 1.0, 1.0, 1.0, 1.0, 1.0, 1.0, 1.0, 1.0, 1.0, 1.0, 1.0, 1.0, 1.0, 1.0, 1.0, 1.0, 1.0, 1.0, 1.0, 1.0, 1.0]
val step Accs: [1.0, 1.0, 1.0, 1.0, 0.9997001499250375, 1.0, 0.9992916592881176, 1.0, 0.9998160073597057, 1.0, 0.9998458455372283, 1.0, 1.0, 1.0, 0.9998409416255766, 1.0, 1.0, 1.0, 0.9998001998001999, 0.9988751406074241, 1.0, 1.0, 1.0, 1.0, 1.0, 1.0, 1.0]
Preds: [17, 17, 217, 217, 473, 473, 65, 443, 443, 443, 171, 171, 252, 24, 239, 239, 239, 107, 395, 180, 84, 84, 355, 355, 98, 98, 98, 263, 229, 229, 82, 247, 312, 126, 126, 326, 326, 326, 101, 101, 149, 228, 320, 82, 7, 473, 473, 65, 476, 171, 252, 143, 143, 36, 449, 449, 395, 324, 324, 252, 325, 325, 34, 324, 324, 324, 301, 301, 251, 251, 251, 331, 431, 84, 496, 274, 274, 43, 8, 8, 239, 354, 208, 441, 441, 98, 98, 98, 48, 48, 417, 170, 82, 244, 392, 392, 392, 244, 312, 312, 187, 23, 23, 260, 260, 260, 391, 391, 391, 435, 435, 435, 435, 73, 73, 73, 244, 287, 287, 287, 284, 284, 293, 43, 43, 276, 276, 276, 346, 387, 387, 387, 406, 406, 406, 467, 337, 337, 278, 258, 31, 342, 342, 342, 224, 224, 224, 494, 494, 494, 203, 399, 217, 10, 473, 473, 398, 398, 286, 286, 286, 468, 406, 406, 380, 380, 499, 284, 426, 375, 98, 98, 98, 98, 13, 13, 414, 170, 47, 392, 392, 102, 102, 244, 320, 7, 7, 7, 217, 217, 473, 473, 264, 264, 264, 264, 264, 468, 468, 406, 406, 337, 337, 337, 324, 301, 359, 251, 359, 81, 444, 324, 324, 324, 301, 301, 251, 251, 241, 241, 431, 106, 84, 293, 497, 416, 8, 239, 144, 27, 106, 387, 206, 240, 385, 36, 36, 342, 224, 224, 273, 355, 355, 355, 435, 420, 420, 420, 420, 420, 420, 420, 420, 420, 420, 420, 420, 420, 420, 420, 420, 420, 420, 420, 420, 420, 420, 420, 420, 420, 420, 420, 420, 420, 420, 420, 420, 420, 420, 420, 420, 420, 420, 420, 420, 420, 420, 420, 420, 420, 420, 420, 420, 420, 420, 420, 420, 420, 420, 420, 420, 420, 420, 420, 420, 420, 420, 420, 420, 420, 420, 420, 420, 420, 420, 420, 420, 420, 420, 420, 420, 420, 420, 420, 420, 420, 420, 420, 420, 420, 420, 420, 420, 420, 420, 420, 420, 420, 420, 420, 420, 420, 420, 420, 420, 420, 420, 420, 420, 420, 420, 420, 420, 420, 420, 420, 420, 420, 420, 420, 420, 420, 420, 420, 420, 420, 420, 420, 420, 420, 420, 420, 420, 420, 420, 420, 420, 420, 420, 420, 420, 420, 420, 420, 420, 420, 420, 420, 420, 420, 420, 420, 420, 420, 420, 420, 420, 420, 420, 420, 420, 420, 420, 420, 420, 420, 420, 420, 420, 420, 420, 420, 420, 420, 420, 420, 420, 420, 420, 420, 420, 420, 420, 420, 420, 420, 420, 420, 420, 420, 420, 420, 420, 420, 420, 420, 420, 420, 420, 420, 420, 420, 420, 420, 420, 420, 420, 420, 420, 420, 420, 420, 420, 420, 420, 420, 420, 420, 420, 420, 420, 420, 420, 420, 420, 420, 420, 420, 420, 420, 420, 420, 420, 420, 420, 420, 420, 420, 420, 420, 420, 420, 420, 420, 420, 420, 420, 420, 420, 420, 420, 420, 420, 420, 420, 420, 420, 420, 420, 420, 420, 420, 420, 420, 420, 420, 420, 420, 420, 420, 420, 420, 420, 420, 420, 420, 420, 420, 420, 420, 420, 420, 420, 420, 420, 420, 420, 420, 420, 420, 420, 420, 420, 420, 420, 420, 420, 420, 420, 420, 420, 420, 420, 420, 420, 420, 420, 420, 420, 420, 420, 420, 420, 420, 420, 420, 420, 420, 420, 420, 420, 420, 420, 420, 420, 420, 420, 420, 420, 420, 420, 420, 420, 420, 420, 420, 420, 420, 420, 420, 420, 420, 420, 420, 420, 420, 420, 420, 420, 420, 420, 420, 420, 420, 420, 420, 420, 420, 420, 420]

ep279
Train step Loss: [0.9456968307495117, 0.9456902742385864, 0.9456772208213806, 0.9456915259361267, 0.9456684589385986, 0.9455822706222534, 0.9457002878189087, 0.9457054138183594, 0.9456394910812378, 0.9457038640975952, 0.9456456303596497, 0.9456679224967957, 0.9456593990325928, 0.9456831216812134, 0.9457361102104187, 0.9455842971801758, 0.94565349817276, 0.9456977248191833, 0.945662260055542, 0.9456698894500732, 0.9457168579101562, 0.9456226229667664, 0.9457124471664429, 0.9456806182861328, 0.9456892609596252, 0.945674479007721, 0.9456672668457031, 0.9456812143325806, 0.9456959366798401, 0.9457169771194458, 0.9456788897514343, 0.9455891847610474, 0.9456783533096313, 0.9457122087478638, 0.9457088708877563, 0.9457213878631592, 0.9456599950790405, 0.9457066059112549, 0.9457051753997803, 0.9456859827041626, 0.9457249641418457, 0.9456892013549805, 0.9456397294998169, 0.9455791115760803, 0.9456760287284851, 0.9456486105918884, 0.9456552863121033, 0.9456976056098938, 0.9456307888031006, 0.945602536201477, 0.9456557035446167, 0.9457793235778809, 0.9457069039344788, 0.9456703662872314, 0.9457189440727234, 0.9456453323364258, 0.9457486271858215, 0.9456709027290344, 0.9456775188446045, 0.9456548690795898, 0.9457427263259888, 0.9456416964530945, 0.9457474946975708, 0.9457582235336304, 0.9456709027290344, 0.9456706047058105, 0.9456562995910645, 0.9456897974014282, 0.9457225203514099, 0.9457356929779053, 0.9456261396408081, 0.9456672072410583, 0.9456304311752319, 0.9456702470779419, 0.9456727504730225, 0.9457589387893677, 0.9456408023834229, 0.9456766843795776, 0.9457232356071472, 0.9456426501274109, 0.9456048011779785, 0.9456868171691895, 0.9456275105476379, 0.9457305669784546, 0.9457342624664307, 0.945704460144043, 0.9457891583442688, 0.9457051753997803, 0.9456833600997925, 0.9456869959831238, 0.9457252025604248, 0.9456875324249268, 0.9457289576530457, 0.9457201361656189, 0.9456474781036377, 0.9457253813743591, 0.9457719922065735, 0.9456536769866943, 0.9456456303596497, 0.9456061124801636, 0.9456682801246643, 0.9456441402435303, 0.9457350969314575, 0.9456592798233032, 0.9457166194915771]
val step Loss: [0.9462637305259705, 0.9461301565170288, 0.9459396004676819, 0.9460172653198242, 0.946043074131012, 0.9461607933044434, 0.9461355805397034, 0.9479808807373047, 0.9459489583969116, 0.9460744261741638, 0.946140706539154, 0.946162223815918, 0.9459829330444336, 0.946105420589447, 0.9460975527763367, 0.9471322298049927, 0.9477092027664185, 0.946075439453125, 0.9460480213165283, 0.9460870623588562, 0.9460148811340332, 0.9460289478302002, 0.9561905264854431, 0.9469870328903198, 0.946043074131012, 0.9460771083831787, 0.9458595514297485]
Train step Accs: [1.0, 1.0, 1.0, 1.0, 1.0, 1.0, 1.0, 1.0, 1.0, 1.0, 1.0, 1.0, 1.0, 1.0, 1.0, 1.0, 1.0, 1.0, 1.0, 1.0, 1.0, 1.0, 1.0, 1.0, 1.0, 1.0, 1.0, 1.0, 1.0, 1.0, 1.0, 1.0, 1.0, 1.0, 1.0, 1.0, 1.0, 1.0, 1.0, 1.0, 1.0, 1.0, 1.0, 1.0, 1.0, 1.0, 1.0, 1.0, 1.0, 1.0, 1.0, 1.0, 1.0, 1.0, 1.0, 1.0, 1.0, 1.0, 1.0, 1.0, 1.0, 1.0, 1.0, 1.0, 1.0, 1.0, 1.0, 1.0, 1.0, 1.0, 1.0, 1.0, 1.0, 1.0, 1.0, 1.0, 1.0, 1.0, 1.0, 1.0, 1.0, 1.0, 1.0, 1.0, 1.0, 1.0, 1.0, 1.0, 1.0, 1.0, 1.0, 1.0, 1.0, 1.0, 1.0, 1.0, 1.0, 1.0, 1.0, 1.0, 1.0, 1.0, 1.0, 1.0, 1.0]
val step Accs: [1.0, 1.0, 1.0, 1.0, 1.0, 1.0, 1.0, 0.9996294237539374, 1.0, 1.0, 1.0, 1.0, 1.0, 1.0, 1.0, 0.9998338042213728, 0.9996866186148543, 1.0, 1.0, 1.0, 1.0, 1.0, 0.9981283922889762, 0.9998435054773083, 1.0, 1.0, 1.0]
Preds: [17, 17, 17, 287, 284, 284, 284, 293, 43, 43, 364, 364, 276, 276, 346, 284, 284, 284, 284, 284, 206, 206, 169, 215, 35, 244, 205, 205, 205, 261, 25, 437, 284, 265, 265, 85, 388, 348, 64, 64, 212, 398, 324, 324, 324, 324, 324, 246, 246, 246, 252, 32, 239, 239, 82, 384, 371, 371, 213, 213, 213, 422, 236, 239, 259, 310, 107, 107, 395, 395, 286, 464, 464, 464, 315, 315, 315, 315, 450, 450, 450, 43, 43, 364, 276, 276, 138, 138, 182, 182, 182, 375, 98, 98, 197, 401, 80, 244, 244, 208, 441, 441, 153, 153, 153, 153, 497, 497, 387, 81, 81, 337, 41, 324, 324, 3, 143, 401, 244, 244, 192, 188, 188, 278, 278, 240, 143, 129, 239, 384, 34, 191, 191, 324, 178, 143, 458, 401, 244, 320, 354, 109, 41, 41, 171, 171, 19, 454, 229, 229, 170, 392, 392, 392, 392, 244, 244, 73, 244, 73, 244, 320, 287, 287, 287, 284, 481, 293, 43, 276, 276, 346, 284, 405, 405, 206, 169, 215, 35, 401, 244, 320, 354, 106, 106, 428, 428, 240, 388, 94, 64, 473, 398, 324, 324, 324, 213, 324, 422, 239, 239, 239, 384, 371, 371, 213, 213, 422, 143, 239, 239, 310, 310, 107, 395, 395, 278, 278, 385, 143, 233, 401, 401, 320, 29, 374, 374, 132, 185, 186, 186, 323, 323, 68, 68, 68, 160, 160, 112, 17, 17, 420, 420, 420, 420, 420, 420, 420, 420, 420, 420, 420, 420, 420, 420, 420, 420, 420, 420, 420, 420, 420, 420, 420, 420, 420, 420, 420, 420, 420, 420, 420, 420, 420, 420, 420, 420, 420, 420, 420, 420, 420, 420, 420, 420, 420, 420, 420, 420, 420, 420, 420, 420, 420, 420, 420, 420, 420, 420, 420, 420, 420, 420, 420, 420, 420, 420, 420, 420, 420, 420, 420, 420, 420, 420, 420, 420, 420, 420, 420, 420, 420, 420, 420, 420, 420, 420, 420, 420, 420, 420, 420, 420, 420, 420, 420, 420, 420, 420, 420, 420, 420, 420, 420, 420, 420, 420, 420, 420, 420, 420, 420, 420, 420, 420, 420, 420, 420, 420, 420, 420, 420, 420, 420, 420, 420, 420, 420, 420, 420, 420, 420, 420, 420, 420, 420, 420, 420, 420, 420, 420, 420, 420, 420, 420, 420, 420, 420, 420, 420, 420, 420, 420, 420, 420, 420, 420, 420, 420, 420, 420, 420, 420, 420, 420, 420, 420, 420, 420, 420, 420, 420, 420, 420, 420, 420, 420, 420, 420, 420, 420, 420, 420, 420, 420, 420, 420, 420, 420, 420, 420, 420, 420, 420, 420, 420, 420, 420, 420, 420, 420, 420, 420, 420, 420, 420, 420, 420, 420, 420, 420, 420, 420, 420, 420, 420, 420, 420, 420, 420, 420, 420, 420, 420, 420, 420, 420, 420, 420, 420, 420, 420, 420, 420, 420, 420, 420, 420, 420, 420, 420, 420, 420, 420, 420, 420, 420, 420, 420, 420, 420, 420, 420, 420, 420, 420, 420, 420, 420, 420, 420, 420, 420, 420, 420, 420, 420, 420, 420, 420, 420, 420, 420, 420, 420, 420, 420, 420, 420, 420, 420, 420, 420, 420, 420, 420, 420, 420, 420, 420, 420, 420, 420, 420, 420, 420, 420, 420, 420, 420, 420, 420, 420, 420, 420, 420, 420, 420, 420, 420, 420, 420, 420, 420, 420, 420, 420, 420, 420, 420, 420, 420, 420, 420, 420, 420, 420, 420, 420, 420, 420, 420, 420, 420, 420, 420, 420, 420, 420, 420, 420, 420, 420, 420, 420, 420, 420, 420, 420, 420, 420, 420, 420, 420, 420, 420, 420, 420, 420, 420]

ep280
Train step Loss: [0.9456921815872192, 0.9457501769065857, 0.9456555247306824, 0.9456623792648315, 0.9456996321678162, 0.9457278847694397, 0.9456998109817505, 0.945709764957428, 0.9457464218139648, 0.9456948041915894, 0.9457106590270996, 0.9456592798233032, 0.945629358291626, 0.9456412196159363, 0.9457083940505981, 0.9457617402076721, 0.9456072449684143, 0.9457171559333801, 0.9456756711006165, 0.9457027912139893, 0.9456961750984192, 0.9457283020019531, 0.9457105398178101, 0.945720911026001, 0.9456928372383118, 0.9457803964614868, 0.9456508755683899, 0.9456568956375122, 0.9457348585128784, 0.9456894397735596, 0.9457352757453918, 0.945765495300293, 0.9456389546394348, 0.9456916451454163, 0.9456148743629456, 0.9456413984298706, 0.9456773400306702, 0.9456230998039246, 0.9457432627677917, 0.9456807971000671, 0.9457147121429443, 0.9457173347473145, 0.9457491040229797, 0.9457389712333679, 0.9456973075866699, 0.9456663131713867, 0.9456509351730347, 0.9457351565361023, 0.945677638053894, 0.9456555843353271, 0.9455825686454773, 0.9456578493118286, 0.9456008672714233, 0.9457257986068726, 0.9456073641777039, 0.9456204175949097, 0.9457332491874695, 0.9456467628479004, 0.9457254409790039, 0.9456723928451538, 0.9455961585044861, 0.9457229971885681, 0.9456468224525452, 0.9457148909568787, 0.9456347227096558, 0.9456513524055481, 0.9456661939620972, 0.9457069635391235, 0.9456773996353149, 0.9457302093505859, 0.945667028427124, 0.9456542134284973, 0.9458070993423462, 0.945658802986145, 0.9456584453582764, 0.9456412196159363, 0.9456897974014282, 0.9458240270614624, 0.9456727504730225, 0.9456950426101685, 0.9456684589385986, 0.9456806778907776, 0.9457604289054871, 0.9457367062568665, 0.9456519484519958, 0.9457118511199951, 0.9456896185874939, 0.9456453919410706, 0.945722222328186, 0.9456914663314819, 0.945655345916748, 0.9458003640174866, 0.94563889503479, 0.9456594586372375, 0.9456074237823486, 0.9456672668457031, 0.9456929564476013, 0.9457257986068726, 0.9456291198730469, 0.9456312656402588, 0.9456965923309326, 0.9457074999809265, 0.9456757307052612, 0.9456784725189209, 0.9456460475921631]
val step Loss: [0.9460564255714417, 0.9461266994476318, 0.9460205435752869, 0.9460326433181763, 0.9496594071388245, 0.9459684491157532, 0.9510477781295776, 0.9460080862045288, 0.9460448622703552, 0.946020245552063, 0.9473225474357605, 0.9460556507110596, 0.9469655156135559, 0.9471213817596436, 0.9461848139762878, 0.9462088346481323, 0.9460616707801819, 0.9459896087646484, 0.9461340308189392, 0.9459532499313354, 0.9477687478065491, 0.9459893703460693, 0.9474787712097168, 0.945942759513855, 0.9459147453308105, 0.9459572434425354, 0.9460369944572449]
Train step Accs: [1.0, 1.0, 1.0, 1.0, 1.0, 1.0, 1.0, 1.0, 1.0, 1.0, 1.0, 1.0, 1.0, 1.0, 1.0, 1.0, 1.0, 1.0, 1.0, 1.0, 1.0, 1.0, 1.0, 1.0, 1.0, 1.0, 1.0, 1.0, 1.0, 1.0, 1.0, 1.0, 1.0, 1.0, 1.0, 1.0, 1.0, 1.0, 1.0, 1.0, 1.0, 1.0, 1.0, 1.0, 1.0, 1.0, 1.0, 1.0, 1.0, 1.0, 1.0, 1.0, 1.0, 1.0, 1.0, 1.0, 1.0, 1.0, 1.0, 1.0, 1.0, 1.0, 1.0, 1.0, 1.0, 1.0, 1.0, 1.0, 1.0, 1.0, 1.0, 1.0, 1.0, 1.0, 1.0, 1.0, 1.0, 1.0, 1.0, 1.0, 1.0, 1.0, 1.0, 1.0, 1.0, 1.0, 1.0, 1.0, 1.0, 1.0, 1.0, 1.0, 1.0, 1.0, 1.0, 1.0, 1.0, 1.0, 1.0, 1.0, 1.0, 1.0, 1.0, 1.0, 1.0]
val step Accs: [1.0, 1.0, 1.0, 1.0, 0.9993287464339654, 1.0, 0.9990786240786241, 1.0, 1.0, 1.0, 0.9998126288176878, 1.0, 0.9998259961719158, 0.9998147462022972, 1.0, 1.0, 1.0, 1.0, 1.0, 1.0, 0.9996751137102015, 1.0, 0.9997977346278317, 1.0, 1.0, 1.0, 1.0]
Preds: [17, 17, 359, 371, 371, 278, 278, 330, 251, 251, 251, 479, 331, 331, 84, 16, 16, 274, 274, 438, 219, 219, 219, 219, 219, 219, 246, 246, 246, 246, 246, 19, 19, 454, 229, 414, 414, 392, 392, 392, 73, 73, 73, 73, 209, 287, 287, 145, 460, 460, 460, 178, 35, 75, 36, 108, 224, 494, 494, 191, 236, 239, 384, 371, 371, 420, 324, 236, 314, 239, 239, 384, 371, 180, 180, 315, 315, 315, 315, 450, 450, 450, 43, 43, 364, 276, 276, 276, 346, 346, 284, 284, 206, 206, 206, 240, 251, 251, 251, 241, 431, 486, 113, 206, 167, 215, 349, 321, 155, 155, 155, 441, 148, 387, 88, 337, 337, 324, 324, 324, 301, 203, 399, 217, 70, 70, 138, 138, 138, 138, 375, 98, 98, 13, 13, 170, 392, 392, 392, 392, 392, 392, 73, 73, 244, 287, 287, 111, 460, 460, 385, 35, 36, 164, 164, 224, 351, 420, 464, 180, 315, 113, 450, 293, 43, 88, 345, 109, 403, 171, 171, 171, 252, 252, 24, 239, 384, 34, 191, 340, 116, 116, 94, 479, 331, 84, 496, 496, 236, 32, 239, 321, 75, 445, 445, 213, 324, 422, 314, 239, 384, 371, 278, 258, 31, 31, 68, 68, 68, 224, 224, 444, 444, 324, 314, 325, 325, 34, 166, 324, 301, 236, 285, 285, 106, 106, 106, 499, 428, 428, 85, 146, 146, 37, 233, 36, 270, 66, 68, 68, 68, 97, 221, 219, 219, 219, 219, 464, 464, 120, 207, 207, 207, 37, 233, 170, 170, 392, 392, 392, 392, 244, 392, 63, 63, 63, 73, 73, 244, 289, 320, 7, 219, 219, 219, 152, 152, 139, 139, 139, 293, 293, 274, 122, 219, 239, 239, 310, 107, 395, 395, 459, 120, 154, 143, 129, 259, 75, 445, 445, 445, 445, 464, 180, 315, 315, 315, 450, 450, 293, 43, 43, 345, 109, 337, 41, 324, 301, 422, 143, 259, 321, 377, 397, 123, 43, 43, 43, 276, 345, 387, 387, 387, 146, 219, 219, 219, 324, 324, 422, 99, 338, 338, 338, 338, 338, 395, 400, 286, 286, 286, 171, 171, 3, 3, 219, 219, 464, 464, 464, 180, 355, 355, 240, 271, 35, 77, 342, 323, 224, 273, 302, 302, 375, 215, 233, 233, 401, 244, 321, 7, 48, 48, 170, 392, 73, 392, 244, 320, 354, 333, 374, 19, 19, 17, 17, 420, 420, 420, 420, 420, 420, 420, 420, 420, 420, 420, 420, 420, 420, 420, 420, 420, 420, 420, 420, 420, 420, 420, 420, 420, 420, 420, 420, 420, 420, 420, 420, 420, 420, 420, 420, 420, 420, 420, 420, 420, 420, 420, 420, 420, 420, 420, 420, 420, 420, 420, 420, 420, 420, 420, 420, 420, 420, 420, 420, 420, 420, 420, 420, 420, 420, 420, 420, 420, 420, 420, 420, 420, 420, 420, 420, 420, 420, 420, 420, 420, 420, 420, 420, 420, 420, 420, 420, 420, 420, 420, 420, 420, 420, 420, 420, 420, 420, 420, 420, 420, 420, 420, 420, 420, 420, 420, 420, 420, 420, 420, 420, 420, 420, 420, 420, 420, 420, 420, 420, 420, 420, 420, 420, 420, 420, 420, 420, 420, 420, 420, 420, 420, 420, 420, 420, 420, 420, 420, 420, 420, 420, 420, 420, 420, 420, 420, 420, 420, 420, 420, 420, 420, 420, 420, 420, 420, 420, 420, 420, 420, 420, 420, 420, 420, 420, 420, 420, 420, 420, 420, 420, 420, 420, 420, 420, 420, 420, 420, 420, 420, 420, 420, 420, 420, 420, 420, 420, 420, 420, 420, 420, 420, 420, 420, 420, 420, 420, 420, 420, 420, 420, 420, 420]

ep281
Train step Loss: [0.9456393718719482, 0.945707380771637, 0.9456384181976318, 0.9456485509872437, 0.9456848502159119, 0.9457166790962219, 0.9456674456596375, 0.9457187652587891, 0.945658802986145, 0.9456661343574524, 0.9455702304840088, 0.9456828832626343, 0.9456753730773926, 0.9456470012664795, 0.9456541538238525, 0.9456804990768433, 0.9457261562347412, 0.9456586241722107, 0.9457007646560669, 0.9456678628921509, 0.9457154273986816, 0.9456446766853333, 0.9456868767738342, 0.9456496238708496, 0.9456753730773926, 0.9457671046257019, 0.9456725716590881, 0.9457618594169617, 0.9457377195358276, 0.9457556009292603, 0.945693850517273, 0.9456437230110168, 0.9457311630249023, 0.9456487894058228, 0.9457072019577026, 0.9455955028533936, 0.9457895159721375, 0.9456579685211182, 0.9457050561904907, 0.9456779360771179, 0.9456928372383118, 0.9456886053085327, 0.9456238746643066, 0.9456278681755066, 0.9456844329833984, 0.9456729292869568, 0.9456651210784912, 0.9457004070281982, 0.9456760287284851, 0.9457051753997803, 0.945759117603302, 0.9457464218139648, 0.9457451105117798, 0.9456837177276611, 0.9456104636192322, 0.9457181692123413, 0.9456477165222168, 0.9456363320350647, 0.9456503391265869, 0.9456802606582642, 0.9456383585929871, 0.9456847906112671, 0.9456648826599121, 0.9457078576087952, 0.9456696510314941, 0.9457017183303833, 0.9456670880317688, 0.9456865191459656, 0.945713460445404, 0.9456080198287964, 0.9456543922424316, 0.9456216096878052, 0.9456796646118164, 0.9456846714019775, 0.9456426501274109, 0.9456948041915894, 0.9457016587257385, 0.9456936717033386, 0.9456815719604492, 0.9456853866577148, 0.9457253813743591, 0.9457338452339172, 0.9456298351287842, 0.9457269906997681, 0.9456613063812256, 0.9457913637161255, 0.9457539916038513, 0.945614218711853, 0.945763349533081, 0.9456774592399597, 0.945724606513977, 0.9455903768539429, 0.9456461668014526, 0.9456310272216797, 0.945650041103363, 0.9456589818000793, 0.9456924796104431, 0.9457658529281616, 0.9457189440727234, 0.9458214640617371, 0.9456329941749573, 0.9457629919052124, 0.9456735253334045, 0.9456450343132019, 0.9456374049186707]
val step Loss: [0.9458590745925903, 0.9460192322731018, 0.9467266798019409, 0.9461346864700317, 0.9459472298622131, 0.9516146183013916, 0.9460703134536743, 0.9481956362724304, 0.9460693597793579, 0.9459831714630127, 0.9460470080375671, 0.9460043907165527, 0.9470760822296143, 0.9459989666938782, 0.9458823204040527, 0.948059618473053, 0.945980966091156, 0.9460991621017456, 0.9459739327430725, 0.9460247159004211, 0.9460490942001343, 0.949833869934082, 0.9458913803100586, 0.9459823966026306, 0.9460148215293884, 0.9459276795387268, 0.9460499882698059]
Train step Accs: [1.0, 1.0, 1.0, 1.0, 1.0, 1.0, 1.0, 1.0, 1.0, 1.0, 1.0, 1.0, 1.0, 1.0, 1.0, 1.0, 1.0, 1.0, 1.0, 1.0, 1.0, 1.0, 1.0, 1.0, 1.0, 1.0, 1.0, 1.0, 1.0, 1.0, 1.0, 1.0, 1.0, 1.0, 1.0, 1.0, 1.0, 1.0, 1.0, 1.0, 1.0, 1.0, 1.0, 1.0, 1.0, 1.0, 1.0, 1.0, 1.0, 1.0, 1.0, 1.0, 1.0, 1.0, 1.0, 1.0, 1.0, 1.0, 1.0, 1.0, 1.0, 1.0, 1.0, 1.0, 1.0, 1.0, 1.0, 1.0, 1.0, 1.0, 1.0, 1.0, 1.0, 1.0, 1.0, 1.0, 1.0, 1.0, 1.0, 1.0, 1.0, 1.0, 1.0, 1.0, 1.0, 1.0, 1.0, 1.0, 1.0, 1.0, 1.0, 1.0, 1.0, 1.0, 1.0, 1.0, 1.0, 1.0, 1.0, 1.0, 1.0, 1.0, 1.0, 1.0, 1.0]
val step Accs: [1.0, 1.0, 0.9998473282442748, 1.0, 1.0, 0.9989557953358859, 1.0, 0.9996017522899243, 1.0, 1.0, 1.0, 1.0, 0.9998150887573964, 1.0, 1.0, 0.9996266567108456, 1.0, 1.0, 1.0, 1.0, 1.0, 0.9992895204262877, 1.0, 1.0, 1.0, 1.0, 1.0]
Preds: [17, 17, 30, 30, 213, 213, 324, 464, 464, 464, 464, 443, 443, 443, 282, 240, 388, 216, 465, 29, 29, 302, 496, 319, 242, 240, 337, 219, 219, 324, 324, 324, 324, 252, 301, 301, 183, 183, 183, 278, 278, 278, 258, 258, 271, 31, 162, 54, 54, 482, 482, 224, 224, 273, 273, 470, 180, 443, 443, 355, 450, 169, 173, 130, 402, 402, 183, 242, 360, 360, 324, 219, 219, 464, 464, 464, 106, 153, 88, 88, 346, 346, 346, 284, 284, 405, 206, 206, 206, 293, 293, 43, 276, 276, 276, 182, 182, 182, 182, 182, 182, 387, 387, 330, 330, 330, 379, 379, 77, 478, 323, 54, 172, 224, 224, 273, 273, 397, 153, 153, 100, 497, 497, 497, 122, 122, 205, 205, 261, 25, 351, 213, 213, 213, 252, 143, 99, 99, 436, 436, 60, 60, 298, 298, 116, 303, 303, 48, 229, 229, 321, 247, 312, 292, 292, 23, 408, 408, 408, 321, 321, 320, 188, 152, 152, 374, 374, 301, 301, 378, 378, 259, 354, 106, 106, 284, 284, 284, 284, 284, 376, 206, 206, 206, 169, 169, 150, 150, 323, 323, 323, 224, 273, 106, 106, 151, 443, 240, 240, 388, 175, 175, 241, 431, 431, 443, 443, 460, 240, 385, 35, 440, 440, 440, 207, 207, 207, 207, 19, 19, 219, 219, 219, 219, 219, 144, 144, 27, 27, 156, 499, 499, 468, 59, 59, 452, 452, 193, 17, 420, 420, 420, 420, 420, 420, 420, 420, 420, 420, 420, 420, 420, 420, 420, 420, 420, 420, 420, 420, 420, 420, 420, 420, 420, 420, 420, 420, 420, 420, 420, 420, 420, 420, 420, 420, 420, 420, 420, 420, 420, 420, 420, 420, 420, 420, 420, 420, 420, 420, 420, 420, 420, 420, 420, 420, 420, 420, 420, 420, 420, 420, 420, 420, 420, 420, 420, 420, 420, 420, 420, 420, 420, 420, 420, 420, 420, 420, 420, 420, 420, 420, 420, 420, 420, 420, 420, 420, 420, 420, 420, 420, 420, 420, 420, 420, 420, 420, 420, 420, 420, 420, 420, 420, 420, 420, 420, 420, 420, 420, 420, 420, 420, 420, 420, 420, 420, 420, 420, 420, 420, 420, 420, 420, 420, 420, 420, 420, 420, 420, 420, 420, 420, 420, 420, 420, 420, 420, 420, 420, 420, 420, 420, 420, 420, 420, 420, 420, 420, 420, 420, 420, 420, 420, 420, 420, 420, 420, 420, 420, 420, 420, 420, 420, 420, 420, 420, 420, 420, 420, 420, 420, 420, 420, 420, 420, 420, 420, 420, 420, 420, 420, 420, 420, 420, 420, 420, 420, 420, 420, 420, 420, 420, 420, 420, 420, 420, 420, 420, 420, 420, 420, 420, 420, 420, 420, 420, 420, 420, 420, 420, 420, 420, 420, 420, 420, 420, 420, 420, 420, 420, 420, 420, 420, 420, 420, 420, 420, 420, 420, 420, 420, 420, 420, 420, 420, 420, 420, 420, 420, 420, 420, 420, 420, 420, 420, 420, 420, 420, 420, 420, 420, 420, 420, 420, 420, 420, 420, 420, 420, 420, 420, 420, 420, 420, 420, 420, 420, 420, 420, 420, 420, 420, 420, 420, 420, 420, 420, 420, 420, 420, 420, 420, 420, 420, 420, 420, 420, 420, 420, 420, 420, 420, 420, 420, 420, 420, 420, 420, 420, 420, 420, 420, 420, 420, 420, 420, 420, 420, 420, 420, 420, 420, 420, 420, 420, 420, 420, 420, 420, 420, 420, 420, 420, 420, 420, 420, 420, 420, 420, 420, 420, 420, 420, 420, 420, 420, 420, 420, 420, 420, 420, 420, 420, 420, 420, 420, 420, 420, 420, 420, 420, 420, 420, 420, 420, 420, 420, 420, 420, 420]

ep282
Train step Loss: [0.9457587599754333, 0.9457355737686157, 0.9456595778465271, 0.9456724524497986, 0.9457646608352661, 0.9456796646118164, 0.9456397294998169, 0.9456889033317566, 0.9457527995109558, 0.9456234574317932, 0.9457108974456787, 0.945716917514801, 0.9457280039787292, 0.94575035572052, 0.9457228183746338, 0.9457280039787292, 0.9456840753555298, 0.9456426501274109, 0.9457074999809265, 0.9456981420516968, 0.9456460475921631, 0.9456971287727356, 0.9456947445869446, 0.9457002878189087, 0.9456785917282104, 0.9456978440284729, 0.9457037448883057, 0.9456467628479004, 0.9456741809844971, 0.9456974267959595, 0.945676863193512, 0.9457057118415833, 0.945737898349762, 0.9456181526184082, 0.9456894397735596, 0.945660412311554, 0.9456346035003662, 0.9456425905227661, 0.9456295967102051, 0.9456721544265747, 0.9456146359443665, 0.9456746578216553, 0.9456474781036377, 0.9456838369369507, 0.9457122683525085, 0.9457089304924011, 0.9457423090934753, 0.9457698464393616, 0.94566410779953, 0.9456807374954224, 0.9457177519798279, 0.9456542730331421, 0.9456611275672913, 0.9457080364227295, 0.9456274509429932, 0.9456782341003418, 0.9456579685211182, 0.9456082582473755, 0.9456385970115662, 0.9457132816314697, 0.9456498622894287, 0.945700466632843, 0.9456444382667542, 0.9457181692123413, 0.9457272291183472, 0.9456093311309814, 0.9456536173820496, 0.9456290602684021, 0.9456853866577148, 0.9456967115402222, 0.945667028427124, 0.9456548690795898, 0.9456222653388977, 0.9456501007080078, 0.9457421898841858, 0.9457377791404724, 0.945615828037262, 0.9456720948219299, 0.9456379413604736, 0.945660412311554, 0.9457058310508728, 0.945799708366394, 0.9455939531326294, 0.9457502365112305, 0.9456894397735596, 0.9457787871360779, 0.9456518888473511, 0.9456349611282349, 0.9456708431243896, 0.9456453323364258, 0.9457228183746338, 0.9457977414131165, 0.9457430243492126, 0.9456092715263367, 0.9457014799118042, 0.9456416368484497, 0.9457598328590393, 0.9455621242523193, 0.9456622004508972, 0.9456362128257751, 0.9456719756126404, 0.9455616474151611, 0.9457305669784546, 0.9457100033760071, 0.9456936120986938]
val step Loss: [0.9460091590881348, 0.946057915687561, 0.9458932280540466, 0.9469807147979736, 0.9460426568984985, 0.949554443359375, 0.946097731590271, 0.9462202787399292, 0.9462196826934814, 0.9459424018859863, 0.9473885893821716, 0.9460891485214233, 0.9476115703582764, 0.9461371302604675, 0.94693922996521, 0.9469352960586548, 0.9460098147392273, 0.9512854814529419, 0.9459792375564575, 0.946015477180481, 0.9458709955215454, 0.9459801912307739, 0.9459894895553589, 0.9461605548858643, 0.9458696246147156, 0.945907711982727, 0.9462586045265198]
Train step Accs: [1.0, 1.0, 1.0, 1.0, 1.0, 1.0, 1.0, 1.0, 1.0, 1.0, 1.0, 1.0, 1.0, 1.0, 1.0, 1.0, 1.0, 1.0, 1.0, 1.0, 1.0, 1.0, 1.0, 1.0, 1.0, 1.0, 1.0, 1.0, 1.0, 1.0, 1.0, 1.0, 1.0, 1.0, 1.0, 1.0, 1.0, 1.0, 1.0, 1.0, 1.0, 1.0, 1.0, 1.0, 1.0, 1.0, 1.0, 1.0, 1.0, 1.0, 1.0, 1.0, 1.0, 1.0, 1.0, 1.0, 1.0, 1.0, 1.0, 1.0, 1.0, 1.0, 1.0, 1.0, 1.0, 1.0, 1.0, 1.0, 1.0, 1.0, 1.0, 1.0, 1.0, 1.0, 1.0, 1.0, 1.0, 1.0, 1.0, 1.0, 1.0, 1.0, 1.0, 1.0, 1.0, 1.0, 1.0, 1.0, 1.0, 1.0, 1.0, 1.0, 1.0, 1.0, 1.0, 1.0, 1.0, 1.0, 1.0, 1.0, 1.0, 1.0, 1.0, 1.0, 1.0]
val step Accs: [1.0, 1.0, 1.0, 0.9998216833095578, 1.0, 0.9993641710379908, 1.0, 1.0, 1.0, 1.0, 0.9997835966241073, 1.0, 0.9996942363552973, 1.0, 0.9998456075343524, 0.9998393058010606, 1.0, 0.9990480723465016, 1.0, 1.0, 1.0, 1.0, 1.0, 1.0, 1.0, 1.0, 1.0]
Preds: [17, 17, 17, 70, 70, 70, 70, 65, 65, 284, 284, 315, 315, 315, 460, 406, 406, 406, 406, 406, 467, 134, 375, 98, 98, 98, 98, 13, 13, 229, 82, 82, 312, 126, 292, 292, 326, 408, 408, 408, 408, 228, 228, 244, 320, 7, 188, 152, 152, 374, 374, 406, 406, 467, 288, 456, 134, 378, 43, 43, 43, 276, 346, 346, 346, 284, 376, 460, 206, 240, 385, 35, 77, 342, 342, 86, 183, 219, 152, 152, 378, 88, 274, 497, 43, 416, 8, 239, 208, 208, 441, 153, 387, 387, 274, 122, 236, 239, 239, 310, 107, 107, 107, 395, 395, 180, 315, 315, 319, 450, 450, 43, 43, 276, 276, 109, 109, 403, 146, 324, 301, 301, 251, 251, 251, 241, 431, 403, 171, 171, 171, 171, 301, 378, 43, 364, 364, 364, 276, 345, 345, 141, 186, 31, 342, 342, 342, 224, 273, 483, 106, 284, 284, 206, 206, 175, 251, 241, 431, 486, 486, 460, 240, 240, 314, 239, 239, 384, 114, 180, 486, 486, 486, 282, 388, 94, 94, 94, 199, 41, 19, 19, 19, 454, 454, 229, 170, 392, 392, 392, 392, 392, 187, 187, 12, 12, 23, 23, 23, 23, 101, 391, 391, 228, 73, 73, 321, 287, 287, 287, 284, 284, 450, 43, 88, 276, 174, 109, 109, 438, 146, 324, 324, 301, 301, 251, 251, 251, 241, 431, 403, 403, 171, 171, 171, 171, 301, 301, 378, 43, 43, 364, 276, 276, 345, 387, 141, 186, 162, 232, 54, 172, 172, 172, 115, 273, 106, 375, 375, 98, 98, 98, 98, 98, 13, 13, 414, 229, 82, 247, 312, 126, 23, 23, 23, 408, 391, 391, 391, 73, 73, 73, 73, 244, 209, 287, 287, 284, 284, 450, 293, 43, 43, 276, 276, 174, 109, 109, 438, 146, 324, 324, 422, 186, 99, 338, 338, 338, 338, 338, 338, 395, 395, 470, 264, 264, 264, 264, 120, 120, 240, 240, 175, 175, 431, 431, 486, 486, 460, 240, 240, 314, 239, 239, 384, 371, 180, 180, 486, 486, 282, 282, 388, 94, 94, 10, 303, 199, 41, 19, 19, 19, 454, 229, 170, 170, 392, 392, 244, 392, 392, 392, 63, 63, 392, 392, 73, 73, 244, 320, 7, 473, 473, 476, 171, 171, 252, 24, 239, 310, 107, 395, 324, 324, 26, 26, 359, 81, 166, 191, 324, 301, 251, 251, 251, 241, 431, 106, 496, 274, 416, 8, 239, 144, 208, 106, 387, 387, 206, 240, 35, 36, 36, 108, 224, 273, 355, 355, 355, 452, 420, 420, 420, 420, 420, 420, 420, 420, 420, 420, 420, 420, 420, 420, 420, 420, 420, 420, 420, 420, 420, 420, 420, 420, 420, 420, 420, 420, 420, 420, 420, 420, 420, 420, 420, 420, 420, 420, 420, 420, 420, 420, 420, 420, 420, 420, 420, 420, 420, 420, 420, 420, 420, 420, 420, 420, 420, 420, 420, 420, 420, 420, 420, 420, 420, 420, 420, 420, 420, 420, 420, 420, 420, 420, 420, 420, 420, 420, 420, 420, 420, 420, 420, 420, 420, 420, 420, 420, 420, 420, 420, 420, 420, 420, 420, 420, 420, 420, 420, 420, 420, 420, 420, 420, 420, 420, 420, 420, 420, 420, 420, 420, 420, 420, 420, 420, 420, 420, 420, 420, 420, 420, 420, 420, 420, 420, 420, 420, 420, 420, 420, 420, 420, 420, 420, 420, 420, 420, 420, 420, 420, 420, 420, 420, 420, 420, 420, 420, 420, 420, 420, 420, 420, 420, 420, 420, 420, 420, 420, 420, 420, 420, 420, 420, 420, 420, 420, 420, 420, 420, 420, 420, 420, 420, 420, 420, 420, 420, 420, 420]

ep283
Train step Loss: [0.9456638097763062, 0.945661187171936, 0.9456436634063721, 0.9456905722618103, 0.9456554055213928, 0.9456483721733093, 0.9456742405891418, 0.9456670880317688, 0.9456900358200073, 0.9456878900527954, 0.9456827640533447, 0.9456989765167236, 0.9456244111061096, 0.9457107782363892, 0.9457299709320068, 0.9457240700721741, 0.9457249641418457, 0.9456285238265991, 0.9457331895828247, 0.9456837773323059, 0.9456755518913269, 0.9456499218940735, 0.9456790089607239, 0.9456121921539307, 0.9456459283828735, 0.9456464648246765, 0.9457240700721741, 0.9456955790519714, 0.9457602500915527, 0.9456204175949097, 0.94568932056427, 0.9457061886787415, 0.9456089735031128, 0.9456626176834106, 0.9456186890602112, 0.9456999897956848, 0.945772111415863, 0.9456798434257507, 0.9456573724746704, 0.9456122517585754, 0.9457087516784668, 0.9456612467765808, 0.9456913471221924, 0.9456713795661926, 0.9457054138183594, 0.9456713199615479, 0.9456166625022888, 0.9457043409347534, 0.9457378387451172, 0.9456567168235779, 0.9456961750984192, 0.9457504749298096, 0.9457535743713379, 0.9456413984298706, 0.9456570744514465, 0.9456905126571655, 0.9456321597099304, 0.9456469416618347, 0.9456731081008911, 0.945683479309082, 0.9457725882530212, 0.9456564784049988, 0.9457657337188721, 0.9455779790878296, 0.9456726312637329, 0.9457501173019409, 0.9456847906112671, 0.9456950426101685, 0.9456538558006287, 0.9456443786621094, 0.9456870555877686, 0.9456561207771301, 0.9457252025604248, 0.9456940293312073, 0.9457172751426697, 0.9456835985183716, 0.9456526041030884, 0.9457186460494995, 0.9457051753997803, 0.9456608295440674, 0.9457541108131409, 0.9456294178962708, 0.9456281661987305, 0.945667564868927, 0.9456676244735718, 0.9457013010978699, 0.9456297159194946, 0.9457277655601501, 0.945656955242157, 0.9456591010093689, 0.9457084536552429, 0.9456865191459656, 0.9457855820655823, 0.9456753134727478, 0.9456554651260376, 0.945698618888855, 0.9457014799118042, 0.9456811547279358, 0.9455754160881042, 0.9456855654716492, 0.9456824660301208, 0.9456826448440552, 0.9456914067268372, 0.9456160068511963, 0.9457155466079712]
val step Loss: [0.9459930658340454, 0.9459189176559448, 0.9469989538192749, 0.9459958076477051, 0.9459948539733887, 0.9471296072006226, 0.9478245973587036, 0.9459056854248047, 0.9459922909736633, 0.946293830871582, 0.9469087719917297, 0.9458999633789062, 0.9460842609405518, 0.9460585117340088, 0.9460292458534241, 0.9496943950653076, 0.9461115598678589, 0.9469939470291138, 0.9459989070892334, 0.9459674954414368, 0.9460496306419373, 0.9460446834564209, 0.9459513425827026, 0.9460359811782837, 0.9459893107414246, 0.9517332315444946, 0.946079432964325]
Train step Accs: [1.0, 1.0, 1.0, 1.0, 1.0, 1.0, 1.0, 1.0, 1.0, 1.0, 1.0, 1.0, 1.0, 1.0, 1.0, 1.0, 1.0, 1.0, 1.0, 1.0, 1.0, 1.0, 1.0, 1.0, 1.0, 1.0, 1.0, 1.0, 1.0, 1.0, 1.0, 1.0, 1.0, 1.0, 1.0, 1.0, 1.0, 1.0, 1.0, 1.0, 1.0, 1.0, 1.0, 1.0, 1.0, 1.0, 1.0, 1.0, 1.0, 1.0, 1.0, 1.0, 1.0, 1.0, 1.0, 1.0, 1.0, 1.0, 1.0, 1.0, 1.0, 1.0, 1.0, 1.0, 1.0, 1.0, 1.0, 1.0, 1.0, 1.0, 1.0, 1.0, 1.0, 1.0, 1.0, 1.0, 1.0, 1.0, 1.0, 1.0, 1.0, 1.0, 1.0, 1.0, 1.0, 1.0, 1.0, 1.0, 1.0, 1.0, 1.0, 1.0, 1.0, 1.0, 1.0, 1.0, 1.0, 1.0, 1.0, 1.0, 1.0, 1.0, 1.0, 1.0, 1.0]
val step Accs: [1.0, 1.0, 0.9998276753403412, 1.0, 1.0, 0.999827258593885, 0.9996812749003984, 1.0, 1.0, 1.0, 0.9998281786941581, 1.0, 1.0, 1.0, 1.0, 0.9993227226549272, 1.0, 0.9998596688184115, 1.0, 1.0, 1.0, 1.0, 1.0, 1.0, 1.0, 0.9989438479140996, 1.0]
Preds: [17, 17, 217, 217, 473, 473, 65, 443, 443, 443, 171, 171, 416, 416, 32, 239, 239, 107, 395, 180, 84, 84, 355, 355, 98, 98, 98, 13, 13, 229, 229, 247, 312, 312, 126, 126, 326, 101, 101, 149, 149, 20, 289, 320, 7, 473, 473, 65, 476, 171, 252, 143, 36, 36, 449, 449, 400, 324, 324, 301, 325, 325, 34, 166, 324, 324, 324, 301, 251, 251, 251, 241, 431, 106, 496, 274, 274, 43, 8, 8, 32, 354, 208, 441, 441, 442, 98, 98, 48, 48, 170, 20, 170, 20, 20, 28, 20, 28, 312, 187, 187, 187, 2, 2, 2, 2, 163, 163, 20, 163, 163, 73, 20, 73, 289, 20, 209, 287, 287, 284, 284, 111, 450, 43, 43, 276, 276, 276, 276, 387, 387, 387, 406, 406, 406, 467, 337, 337, 278, 258, 31, 342, 54, 86, 224, 224, 224, 302, 302, 497, 413, 399, 217, 217, 473, 473, 398, 398, 398, 286, 286, 468, 406, 406, 380, 380, 499, 284, 426, 426, 98, 98, 98, 13, 414, 414, 170, 47, 47, 47, 47, 80, 80, 20, 80, 7, 7, 7, 217, 217, 473, 473, 65, 264, 264, 264, 264, 468, 468, 406, 406, 337, 337, 337, 324, 301, 359, 251, 251, 241, 166, 324, 324, 324, 301, 301, 251, 251, 241, 241, 431, 84, 84, 293, 497, 416, 8, 239, 208, 27, 106, 387, 206, 240, 385, 36, 108, 342, 224, 224, 273, 355, 355, 355, 420, 420, 420, 420, 420, 420, 420, 420, 420, 420, 420, 420, 420, 420, 420, 420, 420, 420, 420, 420, 420, 420, 420, 420, 420, 420, 420, 420, 420, 420, 420, 420, 420, 420, 420, 420, 420, 420, 420, 420, 420, 420, 420, 420, 420, 420, 420, 420, 420, 420, 420, 420, 420, 420, 420, 420, 420, 420, 420, 420, 420, 420, 420, 420, 420, 420, 420, 420, 420, 420, 420, 420, 420, 420, 420, 420, 420, 420, 420, 420, 420, 420, 420, 420, 420, 420, 420, 420, 420, 420, 420, 420, 420, 420, 420, 420, 420, 420, 420, 420, 420, 420, 420, 420, 420, 420, 420, 420, 420, 420, 420, 420, 420, 420, 420, 420, 420, 420, 420, 420, 420, 420, 420, 420, 420, 420, 420, 420, 420, 420, 420, 420, 420, 420, 420, 420, 420, 420, 420, 420, 420, 420, 420, 420, 420, 420, 420, 420, 420, 420, 420, 420, 420, 420, 420, 420, 420, 420, 420, 420, 420, 420, 420, 420, 420, 420, 420, 420, 420, 420, 420, 420, 420, 420, 420, 420, 420, 420, 420, 420, 420, 420, 420, 420, 420, 420, 420, 420, 420, 420, 420, 420, 420, 420, 420, 420, 420, 420, 420, 420, 420, 420, 420, 420, 420, 420, 420, 420, 420, 420, 420, 420, 420, 420, 420, 420, 420, 420, 420, 420, 420, 420, 420, 420, 420, 420, 420, 420, 420, 420, 420, 420, 420, 420, 420, 420, 420, 420, 420, 420, 420, 420, 420, 420, 420, 420, 420, 420, 420, 420, 420, 420, 420, 420, 420, 420, 420, 420, 420, 420, 420, 420, 420, 420, 420, 420, 420, 420, 420, 420, 420, 420, 420, 420, 420, 420, 420, 420, 420, 420, 420, 420, 420, 420, 420, 420, 420, 420, 420, 420, 420, 420, 420, 420, 420, 420, 420, 420, 420, 420, 420, 420, 420, 420, 420, 420, 420, 420, 420, 420, 420, 420, 420, 420, 420, 420, 420, 420, 420, 420, 420, 420, 420, 420, 420, 420, 420, 420, 420, 420, 420, 420, 420, 420, 420, 420, 420, 420, 420, 420, 420, 420, 420, 420, 420, 420, 420, 420, 420, 420, 420, 420, 420, 420, 420, 420]

ep284
Train step Loss: [0.9455923438072205, 0.9456665515899658, 0.9455779790878296, 0.9456948637962341, 0.9456347823143005, 0.9456874132156372, 0.9456878900527954, 0.945641279220581, 0.9455999732017517, 0.9456818103790283, 0.9456876516342163, 0.9456104636192322, 0.9456378817558289, 0.945623517036438, 0.9455715417861938, 0.9456875324249268, 0.9456138610839844, 0.9455901384353638, 0.945627748966217, 0.9456053376197815, 0.9456502199172974, 0.945631742477417, 0.9456425309181213, 0.945617139339447, 0.9456042051315308, 0.9456351399421692, 0.9455825090408325, 0.9456151723861694, 0.9455917477607727, 0.9456284642219543, 0.9456542730331421, 0.9456266164779663, 0.9456352591514587, 0.9456107020378113, 0.9456889629364014, 0.9457342624664307, 0.9456708431243896, 0.9456498026847839, 0.9455350041389465, 0.9455593228340149, 0.945647656917572, 0.9456586241722107, 0.9457483887672424, 0.9456149339675903, 0.945577085018158, 0.9456643462181091, 0.9456381797790527, 0.9456321597099304, 0.945658802986145, 0.945647656917572, 0.9456232190132141, 0.9456329941749573, 0.9456084966659546, 0.9456050992012024, 0.9456911683082581, 0.9456371068954468, 0.9456073045730591, 0.9456790685653687, 0.9456971883773804, 0.945673942565918, 0.9456596970558167, 0.9457173347473145, 0.945590615272522, 0.9456313848495483, 0.9456331729888916, 0.9456117749214172, 0.9456759691238403, 0.9456263780593872, 0.9456591606140137, 0.9456346035003662, 0.9455896615982056, 0.9456485509872437, 0.9456669092178345, 0.9457128047943115, 0.9455415606498718, 0.9456807971000671, 0.9456121921539307, 0.945679247379303, 0.9456592202186584, 0.9456484317779541, 0.9456450939178467, 0.9455937743186951, 0.9456869959831238, 0.9456664323806763, 0.9456387758255005, 0.945608377456665, 0.945591926574707, 0.9456533193588257, 0.9455841779708862, 0.945620059967041, 0.9455907940864563, 0.9456773400306702, 0.9456127882003784, 0.945616602897644, 0.94560307264328, 0.9456596970558167, 0.945602297782898, 0.9455912709236145, 0.945613443851471, 0.9455975890159607, 0.9456495046615601, 0.9455491900444031, 0.9455350041389465, 0.9456206560134888, 0.9456595182418823]
val step Loss: [0.9479483366012573, 0.9476271867752075, 0.9457992315292358, 0.9519144296646118, 0.946010410785675, 0.9458069801330566, 0.9459531307220459, 0.9459731578826904, 0.9460856914520264, 0.9462964534759521, 0.9459115862846375, 0.9458003044128418, 0.9459983706474304, 0.9459784030914307, 0.9460504651069641, 0.9459003210067749, 0.9468491077423096, 0.9460320472717285, 0.9460040926933289, 0.9459329843521118, 0.9468796253204346, 0.9459452033042908, 0.9498961567878723, 0.9460892081260681, 0.9459912180900574, 0.9461532235145569, 0.9458876252174377]
Train step Accs: [1.0, 1.0, 1.0, 1.0, 1.0, 1.0, 1.0, 1.0, 1.0, 1.0, 1.0, 1.0, 1.0, 1.0, 1.0, 1.0, 1.0, 1.0, 1.0, 1.0, 1.0, 1.0, 1.0, 1.0, 1.0, 1.0, 1.0, 1.0, 1.0, 1.0, 1.0, 1.0, 1.0, 1.0, 1.0, 1.0, 1.0, 1.0, 1.0, 1.0, 1.0, 1.0, 1.0, 1.0, 1.0, 1.0, 1.0, 1.0, 1.0, 1.0, 1.0, 1.0, 1.0, 1.0, 1.0, 1.0, 1.0, 1.0, 1.0, 1.0, 1.0, 1.0, 1.0, 1.0, 1.0, 1.0, 1.0, 1.0, 1.0, 1.0, 1.0, 1.0, 1.0, 1.0, 1.0, 1.0, 1.0, 1.0, 1.0, 1.0, 1.0, 1.0, 1.0, 1.0, 1.0, 1.0, 1.0, 1.0, 1.0, 1.0, 1.0, 1.0, 1.0, 1.0, 1.0, 1.0, 1.0, 1.0, 1.0, 1.0, 1.0, 1.0, 1.0, 1.0, 1.0]
val step Accs: [0.9996630727762803, 0.9997021593447506, 1.0, 0.9989165763813651, 1.0, 1.0, 1.0, 1.0, 1.0, 1.0, 1.0, 1.0, 1.0, 1.0, 1.0, 1.0, 0.9998456551937027, 1.0, 1.0, 1.0, 0.9998104624715694, 1.0, 0.9993044687880369, 1.0, 1.0, 1.0, 1.0]
Preds: [17, 17, 152, 152, 152, 378, 378, 43, 276, 345, 345, 109, 174, 284, 319, 240, 240, 240, 314, 239, 82, 82, 449, 371, 444, 213, 324, 324, 324, 286, 301, 132, 42, 42, 147, 380, 380, 288, 443, 432, 330, 330, 388, 33, 33, 64, 394, 398, 219, 464, 464, 464, 180, 315, 315, 450, 450, 293, 43, 43, 43, 364, 276, 276, 276, 276, 346, 346, 284, 284, 284, 284, 376, 376, 206, 206, 85, 85, 240, 388, 251, 251, 251, 251, 251, 251, 241, 431, 355, 355, 452, 263, 263, 263, 420, 420, 420, 420, 420, 420, 420, 420, 420, 420, 420, 420, 420, 420, 420, 420, 420, 420, 420, 420, 420, 420, 420, 420, 420, 420, 420, 420, 420, 420, 420, 420, 420, 420, 420, 420, 420, 420, 420, 420, 420, 420, 420, 420, 420, 420, 420, 420, 420, 420, 420, 420, 420, 420, 420, 420, 420, 420, 420, 420, 420, 420, 420, 420, 420, 420, 420, 420, 420, 420, 420, 420, 420, 420, 420, 420, 420, 420, 420, 420, 420, 420, 420, 420, 420, 420, 420, 420, 420, 420, 420, 420, 420, 420, 420, 420, 420, 420, 420, 420, 420, 420, 420, 420, 420, 420, 420, 420, 420, 420, 420, 420, 420, 420, 420, 420, 420, 420, 420, 420, 420, 420, 420, 420, 420, 420, 420, 420, 420, 420, 420, 420, 420, 420, 420, 420, 420, 420, 420, 420, 420, 420, 420, 420, 420, 420, 420, 420, 420, 420, 420, 420, 420, 420, 420, 420, 420, 420, 420, 420, 420, 420, 420, 420, 420, 420, 420, 420, 420, 420, 420, 420, 420, 420, 420, 420, 420, 420, 420, 420, 420, 420, 420, 420, 420, 420, 420, 420, 420, 420, 420, 420, 420, 420, 420, 420, 420, 420, 420, 420, 420, 420, 420, 420, 420, 420, 420, 420, 420, 420, 420, 420, 420, 420, 420, 420, 420, 420, 420, 420, 420, 420, 420, 420, 420, 420, 420, 420, 420, 420, 420, 420, 420, 420, 420, 420, 420, 420, 420, 420, 420, 420, 420, 420, 420, 420, 420, 420, 420, 420, 420, 420, 420, 420, 420, 420, 420, 420, 420, 420, 420, 420, 420, 420, 420, 420, 420, 420, 420, 420, 420, 420, 420, 420, 420, 420, 420, 420, 420, 420, 420, 420, 420, 420, 420, 420, 420, 420, 420, 420, 420, 420, 420, 420, 420, 420, 420, 420, 420, 420, 420, 420, 420, 420, 420, 420, 420, 420, 420, 420, 420, 420, 420, 420, 420, 420, 420, 420, 420, 420, 420, 420, 420, 420, 420, 420, 420, 420, 420, 420, 420, 420, 420, 420, 420, 420, 420, 420, 420, 420, 420, 420, 420, 420, 420, 420, 420, 420, 420, 420, 420, 420, 420, 420, 420, 420, 420, 420, 420, 420, 420, 420, 420, 420, 420, 420, 420, 420, 420, 420, 420, 420, 420, 420, 420, 420, 420, 420, 420, 420, 420, 420, 420, 420, 420, 420, 420, 420, 420, 420, 420, 420, 420, 420, 420, 420, 420, 420, 420, 420, 420, 420, 420, 420, 420, 420, 420, 420, 420, 420, 420, 420, 420, 420, 420, 420, 420, 420, 420, 420, 420, 420, 420, 420, 420, 420, 420, 420, 420, 420, 420, 420, 420, 420, 420, 420, 420, 420, 420, 420, 420, 420, 420, 420, 420, 420, 420, 420, 420, 420, 420, 420, 420, 420, 420, 420, 420, 420, 420, 420, 420, 420, 420, 420, 420, 420, 420, 420, 420, 420, 420, 420, 420, 420, 420, 420, 420, 420, 420, 420, 420, 420, 420, 420, 420, 420, 420, 420, 420, 420, 420, 420, 420, 420, 420, 420, 420, 420, 420, 420, 420, 420, 420, 420, 420, 420]

ep285
Train step Loss: [0.9455888271331787, 0.9456885457038879, 0.9455929398536682, 0.9456915855407715, 0.9456465244293213, 0.9455928802490234, 0.9456791877746582, 0.9456225037574768, 0.9455586671829224, 0.9456045031547546, 0.9456400871276855, 0.9456669688224792, 0.9455878734588623, 0.9456804990768433, 0.9455770254135132, 0.9456323385238647, 0.9457436203956604, 0.9456567168235779, 0.9456048011779785, 0.9456948041915894, 0.94565749168396, 0.9456756711006165, 0.9456958770751953, 0.9455969929695129, 0.9455933570861816, 0.9456125497817993, 0.945626974105835, 0.9456139802932739, 0.9456360936164856, 0.9456849098205566, 0.9456799626350403, 0.9456344842910767, 0.9456869959831238, 0.9455927014350891, 0.9456756114959717, 0.945602297782898, 0.9456217288970947, 0.9455947279930115, 0.9456559419631958, 0.9456256031990051, 0.9455963373184204, 0.9456470012664795, 0.9456632733345032, 0.9456306099891663, 0.9456309080123901, 0.9456685781478882, 0.9456211924552917, 0.945624589920044, 0.9456273317337036, 0.9455891251564026, 0.9456017017364502, 0.9456714987754822, 0.9457350969314575, 0.9455960988998413, 0.9456707239151001, 0.9456226229667664, 0.9456592202186584, 0.9455739259719849, 0.9455703496932983, 0.9456221461296082, 0.9455690383911133, 0.9456120729446411, 0.9456326365470886, 0.9455757141113281, 0.9456422328948975, 0.9455779194831848, 0.9456949234008789, 0.9457066655158997, 0.9456170797348022, 0.945539653301239, 0.9456198215484619, 0.9456557035446167, 0.9456625580787659, 0.9456179141998291, 0.9456468224525452, 0.9455747604370117, 0.9456382393836975, 0.9456050992012024, 0.945687472820282, 0.9456421136856079, 0.9456254839897156, 0.9455889463424683, 0.9456380605697632, 0.945606529712677, 0.9456577897071838, 0.9456492066383362, 0.9456635117530823, 0.9456574320793152, 0.9456259608268738, 0.9456714391708374, 0.945639967918396, 0.9456464648246765, 0.9455861449241638, 0.9456211924552917, 0.9456256031990051, 0.9456362128257751, 0.9456934332847595, 0.9456209540367126, 0.9456509947776794, 0.9456610083580017, 0.9456530809402466, 0.9455780386924744, 0.9456031918525696, 0.9456843733787537, 0.945588231086731]
val step Loss: [0.9460096955299377, 0.9459198117256165, 0.9459596872329712, 0.9459654092788696, 0.9459994435310364, 0.9469539523124695, 0.94700026512146, 0.9462122917175293, 0.9459699392318726, 0.9459805488586426, 0.9459366202354431, 0.9573032855987549, 0.9460350871086121, 0.9459234476089478, 0.9468452334403992, 0.9460073709487915, 0.9458945393562317, 0.9460384845733643, 0.9461255669593811, 0.9460753202438354, 0.946776270866394, 0.9459841847419739, 0.9460052251815796, 0.9458978772163391, 0.9460071921348572, 0.9459950923919678, 0.9459031224250793]
Train step Accs: [1.0, 1.0, 1.0, 1.0, 1.0, 1.0, 1.0, 1.0, 1.0, 1.0, 1.0, 1.0, 1.0, 1.0, 1.0, 1.0, 1.0, 1.0, 1.0, 1.0, 1.0, 1.0, 1.0, 1.0, 1.0, 1.0, 1.0, 1.0, 1.0, 1.0, 1.0, 1.0, 1.0, 1.0, 1.0, 1.0, 1.0, 1.0, 1.0, 1.0, 1.0, 1.0, 1.0, 1.0, 1.0, 1.0, 1.0, 1.0, 1.0, 1.0, 1.0, 1.0, 1.0, 1.0, 1.0, 1.0, 1.0, 1.0, 1.0, 1.0, 1.0, 1.0, 1.0, 1.0, 1.0, 1.0, 1.0, 1.0, 1.0, 1.0, 1.0, 1.0, 1.0, 1.0, 1.0, 1.0, 1.0, 1.0, 1.0, 1.0, 1.0, 1.0, 1.0, 1.0, 1.0, 1.0, 1.0, 1.0, 1.0, 1.0, 1.0, 1.0, 1.0, 1.0, 1.0, 1.0, 1.0, 1.0, 1.0, 1.0, 1.0, 1.0, 1.0, 1.0, 1.0]
val step Accs: [1.0, 1.0, 1.0, 1.0, 1.0, 0.99981556621173, 0.9998213009292352, 1.0, 1.0, 1.0, 1.0, 0.9979256698357822, 1.0, 1.0, 0.9998423707440101, 1.0, 1.0, 1.0, 1.0, 1.0, 0.9998325238653492, 1.0, 1.0, 1.0, 1.0, 1.0, 1.0]
Preds: [17, 17, 441, 153, 153, 153, 424, 387, 497, 497, 122, 122, 35, 35, 259, 384, 371, 180, 180, 84, 84, 139, 16, 16, 375, 375, 375, 375, 98, 98, 98, 13, 13, 414, 414, 249, 249, 20, 47, 312, 187, 187, 101, 101, 101, 101, 149, 149, 149, 321, 287, 287, 287, 287, 297, 297, 297, 293, 293, 293, 122, 216, 22, 106, 106, 106, 284, 284, 284, 284, 306, 306, 372, 245, 406, 406, 284, 65, 284, 284, 284, 376, 376, 282, 282, 169, 271, 150, 77, 342, 342, 168, 97, 483, 196, 196, 479, 199, 199, 199, 360, 360, 330, 252, 368, 310, 310, 395, 395, 213, 278, 278, 278, 252, 368, 77, 453, 453, 168, 485, 301, 301, 374, 199, 106, 84, 84, 84, 84, 496, 293, 215, 215, 8, 251, 241, 241, 106, 106, 106, 284, 426, 405, 387, 387, 406, 406, 467, 467, 337, 207, 207, 19, 358, 233, 414, 417, 417, 417, 417, 442, 442, 414, 170, 102, 491, 312, 292, 292, 292, 292, 326, 326, 408, 408, 408, 228, 321, 320, 451, 30, 30, 422, 99, 338, 338, 338, 338, 400, 400, 400, 400, 171, 171, 301, 301, 378, 43, 364, 345, 345, 109, 109, 476, 476, 171, 324, 324, 301, 301, 8, 259, 354, 354, 420, 420, 420, 324, 324, 301, 251, 251, 241, 241, 331, 443, 443, 443, 443, 120, 120, 120, 120, 207, 207, 207, 207, 37, 203, 399, 217, 217, 473, 473, 476, 476, 171, 171, 171, 171, 252, 252, 310, 453, 107, 395, 444, 213, 213, 360, 252, 252, 368, 77, 54, 54, 224, 168, 494, 278, 301, 116, 251, 251, 241, 431, 431, 486, 376, 376, 376, 376, 376, 460, 460, 460, 240, 240, 35, 198, 384, 371, 114, 180, 84, 84, 84, 387, 372, 467, 467, 467, 467, 467, 207, 207, 207, 19, 19, 17, 420, 420, 420, 420, 420, 420, 420, 420, 420, 420, 420, 420, 420, 420, 420, 420, 420, 420, 420, 420, 420, 420, 420, 420, 420, 420, 420, 420, 420, 420, 420, 420, 420, 420, 420, 420, 420, 420, 420, 420, 420, 420, 420, 420, 420, 420, 420, 420, 420, 420, 420, 420, 420, 420, 420, 420, 420, 420, 420, 420, 420, 420, 420, 420, 420, 420, 420, 420, 420, 420, 420, 420, 420, 420, 420, 420, 420, 420, 420, 420, 420, 420, 420, 420, 420, 420, 420, 420, 420, 420, 420, 420, 420, 420, 420, 420, 420, 420, 420, 420, 420, 420, 420, 420, 420, 420, 420, 420, 420, 420, 420, 420, 420, 420, 420, 420, 420, 420, 420, 420, 420, 420, 420, 420, 420, 420, 420, 420, 420, 420, 420, 420, 420, 420, 420, 420, 420, 420, 420, 420, 420, 420, 420, 420, 420, 420, 420, 420, 420, 420, 420, 420, 420, 420, 420, 420, 420, 420, 420, 420, 420, 420, 420, 420, 420, 420, 420, 420, 420, 420, 420, 420, 420, 420, 420, 420, 420, 420, 420, 420, 420, 420, 420, 420, 420, 420, 420, 420, 420, 420, 420, 420, 420, 420, 420, 420, 420, 420, 420, 420, 420, 420, 420, 420, 420, 420, 420, 420, 420, 420, 420, 420, 420, 420, 420, 420, 420, 420, 420, 420, 420, 420, 420, 420, 420, 420, 420, 420, 420, 420, 420, 420, 420, 420, 420, 420, 420, 420, 420, 420, 420, 420, 420, 420, 420, 420, 420, 420, 420, 420, 420, 420, 420, 420, 420, 420, 420, 420, 420, 420, 420, 420, 420, 420, 420, 420, 420, 420, 420, 420, 420, 420, 420, 420, 420, 420, 420, 420, 420, 420, 420, 420, 420, 420, 420, 420, 420, 420, 420, 420]

ep286
Train step Loss: [0.9455682039260864, 0.9456154108047485, 0.9456274509429932, 0.945652961730957, 0.9456436634063721, 0.9456114768981934, 0.9456424117088318, 0.9456795454025269, 0.9456064105033875, 0.9455946683883667, 0.9456480145454407, 0.9456166625022888, 0.945583164691925, 0.9455467462539673, 0.9456192851066589, 0.9456546306610107, 0.9456161856651306, 0.9456441402435303, 0.9456584453582764, 0.9456640481948853, 0.9456184506416321, 0.9456242918968201, 0.9456395506858826, 0.9456548094749451, 0.9456459879875183, 0.9456398487091064, 0.9456527829170227, 0.9456726312637329, 0.9456103444099426, 0.9456347823143005, 0.9456305503845215, 0.9456659555435181, 0.9456586241722107, 0.9456269145011902, 0.9456207156181335, 0.9456681609153748, 0.9456133842468262, 0.9457169771194458, 0.9457427263259888, 0.9456663131713867, 0.9456578493118286, 0.9456914067268372, 0.9455972909927368, 0.9456656575202942, 0.945580244064331, 0.9456579685211182, 0.9457194805145264, 0.9456192255020142, 0.9456453919410706, 0.9456185698509216, 0.9456561803817749, 0.9455729722976685, 0.9456627368927002, 0.945641279220581, 0.945655107498169, 0.945630669593811, 0.9456856846809387, 0.9456349015235901, 0.9456475973129272, 0.9456622004508972, 0.945681095123291, 0.9456584453582764, 0.9455578327178955, 0.9455938935279846, 0.9456831812858582, 0.9456076622009277, 0.9456580281257629, 0.9455655813217163, 0.9456734657287598, 0.9456664323806763, 0.9455934762954712, 0.9455999135971069, 0.9456508755683899, 0.9456576108932495, 0.9455796480178833, 0.9456161260604858, 0.945615291595459, 0.945590078830719, 0.9456948041915894, 0.9456056356430054, 0.9456363916397095, 0.9456595778465271, 0.945597231388092, 0.9455856084823608, 0.9456385970115662, 0.9455863833427429, 0.9455762505531311, 0.9456522464752197, 0.9456183314323425, 0.9456618428230286, 0.9455721378326416, 0.9456761479377747, 0.9456485509872437, 0.9457094669342041, 0.9456778764724731, 0.9456740617752075, 0.9456498026847839, 0.9456422328948975, 0.9456100463867188, 0.9456292986869812, 0.9456408619880676, 0.9456279277801514, 0.9456397294998169, 0.9455734491348267, 0.9456132054328918]
val step Loss: [0.9459282159805298, 0.945969820022583, 0.9459620118141174, 0.9459739327430725, 0.9460691809654236, 0.9459089636802673, 0.9459713697433472, 0.9459644556045532, 0.9461491107940674, 0.9470165371894836, 0.9460485577583313, 0.9460289478302002, 0.9459613561630249, 0.9461138248443604, 0.9460842609405518, 0.9460856914520264, 0.9512636661529541, 0.94938063621521, 0.9468775391578674, 0.9472429752349854, 0.9461028575897217, 0.9459973573684692, 0.9460115432739258, 0.9467679262161255, 0.9477351307868958, 0.9460101127624512, 0.9458507895469666]
Train step Accs: [1.0, 1.0, 1.0, 1.0, 1.0, 1.0, 1.0, 1.0, 1.0, 1.0, 1.0, 1.0, 1.0, 1.0, 1.0, 1.0, 1.0, 1.0, 1.0, 1.0, 1.0, 1.0, 1.0, 1.0, 1.0, 1.0, 1.0, 1.0, 1.0, 1.0, 1.0, 1.0, 1.0, 1.0, 1.0, 1.0, 1.0, 1.0, 1.0, 1.0, 1.0, 1.0, 1.0, 1.0, 1.0, 1.0, 1.0, 1.0, 1.0, 1.0, 1.0, 1.0, 1.0, 1.0, 1.0, 1.0, 1.0, 1.0, 1.0, 1.0, 1.0, 1.0, 1.0, 1.0, 1.0, 1.0, 1.0, 1.0, 1.0, 1.0, 1.0, 1.0, 1.0, 1.0, 1.0, 1.0, 1.0, 1.0, 1.0, 1.0, 1.0, 1.0, 1.0, 1.0, 1.0, 1.0, 1.0, 1.0, 1.0, 1.0, 1.0, 1.0, 1.0, 1.0, 1.0, 1.0, 1.0, 1.0, 1.0, 1.0, 1.0, 1.0, 1.0, 1.0, 1.0]
val step Accs: [1.0, 1.0, 1.0, 1.0, 1.0, 1.0, 1.0, 1.0, 1.0, 0.99982341515098, 1.0, 1.0, 1.0, 1.0, 1.0, 1.0, 0.9990495802312688, 0.9993951308029638, 0.9998344370860928, 0.9997679275934092, 1.0, 1.0, 1.0, 0.999857020303117, 0.9996805622105095, 1.0, 1.0]
Preds: [17, 17, 17, 345, 442, 487, 152, 152, 152, 301, 378, 43, 276, 345, 109, 109, 284, 486, 460, 240, 240, 385, 314, 32, 239, 75, 384, 371, 191, 191, 240, 385, 143, 401, 244, 75, 127, 273, 180, 486, 486, 486, 460, 282, 167, 385, 457, 196, 196, 219, 398, 464, 464, 486, 486, 460, 460, 215, 215, 401, 401, 244, 321, 354, 420, 420, 324, 422, 77, 478, 68, 68, 68, 224, 273, 444, 444, 324, 301, 314, 217, 473, 398, 398, 324, 301, 10, 10, 309, 479, 380, 374, 213, 213, 213, 213, 246, 301, 301, 378, 29, 134, 134, 134, 203, 280, 337, 324, 324, 324, 324, 3, 464, 464, 145, 113, 206, 169, 349, 349, 205, 261, 261, 25, 100, 153, 153, 43, 43, 276, 276, 182, 387, 387, 387, 178, 129, 401, 244, 244, 208, 441, 100, 100, 100, 182, 182, 375, 98, 98, 229, 244, 244, 247, 126, 126, 326, 101, 101, 391, 228, 244, 244, 320, 287, 287, 287, 206, 240, 35, 36, 449, 449, 224, 168, 278, 464, 331, 315, 319, 450, 293, 43, 276, 182, 497, 497, 497, 122, 186, 349, 234, 234, 261, 25, 25, 106, 428, 428, 146, 146, 146, 171, 324, 324, 324, 324, 464, 464, 464, 464, 486, 486, 85, 85, 240, 251, 251, 251, 241, 431, 428, 428, 146, 146, 219, 219, 219, 219, 219, 464, 464, 443, 486, 486, 460, 460, 169, 169, 349, 352, 261, 25, 485, 152, 152, 422, 143, 458, 458, 75, 208, 441, 100, 100, 100, 98, 98, 48, 48, 17, 17, 420, 420, 420, 420, 420, 420, 420, 420, 420, 420, 420, 420, 420, 420, 420, 420, 420, 420, 420, 420, 420, 420, 420, 420, 420, 420, 420, 420, 420, 420, 420, 420, 420, 420, 420, 420, 420, 420, 420, 420, 420, 420, 420, 420, 420, 420, 420, 420, 420, 420, 420, 420, 420, 420, 420, 420, 420, 420, 420, 420, 420, 420, 420, 420, 420, 420, 420, 420, 420, 420, 420, 420, 420, 420, 420, 420, 420, 420, 420, 420, 420, 420, 420, 420, 420, 420, 420, 420, 420, 420, 420, 420, 420, 420, 420, 420, 420, 420, 420, 420, 420, 420, 420, 420, 420, 420, 420, 420, 420, 420, 420, 420, 420, 420, 420, 420, 420, 420, 420, 420, 420, 420, 420, 420, 420, 420, 420, 420, 420, 420, 420, 420, 420, 420, 420, 420, 420, 420, 420, 420, 420, 420, 420, 420, 420, 420, 420, 420, 420, 420, 420, 420, 420, 420, 420, 420, 420, 420, 420, 420, 420, 420, 420, 420, 420, 420, 420, 420, 420, 420, 420, 420, 420, 420, 420, 420, 420, 420, 420, 420, 420, 420, 420, 420, 420, 420, 420, 420, 420, 420, 420, 420, 420, 420, 420, 420, 420, 420, 420, 420, 420, 420, 420, 420, 420, 420, 420, 420, 420, 420, 420, 420, 420, 420, 420, 420, 420, 420, 420, 420, 420, 420, 420, 420, 420, 420, 420, 420, 420, 420, 420, 420, 420, 420, 420, 420, 420, 420, 420, 420, 420, 420, 420, 420, 420, 420, 420, 420, 420, 420, 420, 420, 420, 420, 420, 420, 420, 420, 420, 420, 420, 420, 420, 420, 420, 420, 420, 420, 420, 420, 420, 420, 420, 420, 420, 420, 420, 420, 420, 420, 420, 420, 420, 420, 420, 420, 420, 420, 420, 420, 420, 420, 420, 420, 420, 420, 420, 420, 420, 420, 420, 420, 420, 420, 420, 420, 420, 420, 420, 420, 420, 420, 420, 420, 420, 420, 420, 420, 420, 420, 420, 420, 420, 420, 420, 420, 420, 420, 420, 420, 420, 420, 420, 420, 420, 420, 420, 420]

ep287
Train step Loss: [0.9456993937492371, 0.9456527829170227, 0.945530116558075, 0.9455962181091309, 0.9457137584686279, 0.9456861019134521, 0.9456531405448914, 0.9455884099006653, 0.9456336498260498, 0.9456778168678284, 0.9456133842468262, 0.9456197023391724, 0.9456057548522949, 0.9455826282501221, 0.9455338716506958, 0.9456548094749451, 0.945667564868927, 0.9457172751426697, 0.945652186870575, 0.9456052780151367, 0.9456329941749573, 0.9456217885017395, 0.9456145167350769, 0.9455808997154236, 0.945655345916748, 0.9455742835998535, 0.9456299543380737, 0.9456114172935486, 0.9456484913825989, 0.9457112550735474, 0.9456245303153992, 0.9456549882888794, 0.9456362128257751, 0.945610523223877, 0.94569331407547, 0.9456197023391724, 0.9456543326377869, 0.9456820487976074, 0.9456192255020142, 0.9456209540367126, 0.9455388784408569, 0.9455971717834473, 0.9456682205200195, 0.9456128478050232, 0.9456384778022766, 0.9456523656845093, 0.9456087350845337, 0.945682168006897, 0.9456930160522461, 0.9456207752227783, 0.9456117153167725, 0.9456368684768677, 0.9457152485847473, 0.9457220435142517, 0.9456291198730469, 0.9456347227096558, 0.9456392526626587, 0.9456686973571777, 0.9456050992012024, 0.9456364512443542, 0.9457269310951233, 0.9456459283828735, 0.9456364512443542, 0.9456477165222168, 0.9456294178962708, 0.9456353187561035, 0.9456777572631836, 0.94560706615448, 0.9456377029418945, 0.9455859065055847, 0.9456389546394348, 0.9455863833427429, 0.945642352104187, 0.9456677436828613, 0.9456104040145874, 0.9456158876419067, 0.9456380009651184, 0.9456863403320312, 0.9456825256347656, 0.9456049203872681, 0.9456193447113037, 0.945660412311554, 0.9456346035003662, 0.9456490874290466, 0.9455991387367249, 0.9456557631492615, 0.9455558657646179, 0.9456879496574402, 0.9456256628036499, 0.9455881714820862, 0.9456080198287964, 0.9457150101661682, 0.9456038475036621, 0.9456560611724854, 0.945618748664856, 0.9456017017364502, 0.9456352591514587, 0.9456364512443542, 0.9455834031105042, 0.9455671906471252, 0.9455727338790894, 0.945675253868103, 0.9455951452255249, 0.9456542730331421, 0.9456641674041748]
val step Loss: [0.946212887763977, 0.9458290338516235, 0.9459989070892334, 0.9459941387176514, 0.9460217356681824, 0.9458885788917542, 0.9458415508270264, 0.9459925889968872, 0.946012020111084, 0.946115255355835, 0.9460065960884094, 0.9458829760551453, 0.9457871317863464, 0.9479312896728516, 0.9510456323623657, 0.9469786882400513, 0.9467813968658447, 0.9459959268569946, 0.9470511674880981, 0.9460756778717041, 0.9459004998207092, 0.9459105730056763, 0.9459982514381409, 0.9461219310760498, 0.9471731185913086, 0.9498270750045776, 0.9458116888999939]
Train step Accs: [1.0, 1.0, 1.0, 1.0, 1.0, 1.0, 1.0, 1.0, 1.0, 1.0, 1.0, 1.0, 1.0, 1.0, 1.0, 1.0, 1.0, 1.0, 1.0, 1.0, 1.0, 1.0, 1.0, 1.0, 1.0, 1.0, 1.0, 1.0, 1.0, 1.0, 1.0, 1.0, 1.0, 1.0, 1.0, 1.0, 1.0, 1.0, 1.0, 1.0, 1.0, 1.0, 1.0, 1.0, 1.0, 1.0, 1.0, 1.0, 1.0, 1.0, 1.0, 1.0, 1.0, 1.0, 1.0, 1.0, 1.0, 1.0, 1.0, 1.0, 1.0, 1.0, 1.0, 1.0, 1.0, 1.0, 1.0, 1.0, 1.0, 1.0, 1.0, 1.0, 1.0, 1.0, 1.0, 1.0, 1.0, 1.0, 1.0, 1.0, 1.0, 1.0, 1.0, 1.0, 1.0, 1.0, 1.0, 1.0, 1.0, 1.0, 1.0, 1.0, 1.0, 1.0, 1.0, 1.0, 1.0, 1.0, 1.0, 1.0, 1.0, 1.0, 1.0, 1.0, 1.0]
val step Accs: [1.0, 1.0, 1.0, 1.0, 1.0, 1.0, 1.0, 1.0, 1.0, 1.0, 1.0, 1.0, 1.0, 0.9996405463695184, 0.999057936881771, 0.9998422712933754, 0.9998445998445998, 1.0, 0.9998052959501558, 1.0, 1.0, 1.0, 1.0, 1.0, 0.9998014691284495, 0.9993117687543015, 1.0]
Preds: [17, 17, 32, 239, 384, 377, 371, 374, 374, 374, 132, 8, 8, 259, 354, 354, 180, 180, 443, 120, 120, 120, 120, 120, 240, 240, 240, 216, 285, 84, 84, 302, 302, 100, 375, 375, 375, 98, 98, 98, 229, 229, 247, 312, 312, 187, 1, 101, 101, 101, 321, 321, 287, 287, 287, 287, 284, 284, 284, 206, 167, 348, 379, 77, 77, 478, 66, 323, 323, 172, 115, 273, 273, 273, 151, 240, 240, 285, 199, 111, 111, 111, 111, 438, 438, 438, 219, 324, 324, 464, 464, 464, 464, 301, 301, 143, 35, 74, 437, 437, 437, 284, 284, 285, 285, 106, 284, 284, 284, 284, 426, 426, 293, 293, 293, 182, 346, 346, 284, 284, 284, 284, 426, 481, 293, 293, 43, 43, 276, 276, 276, 174, 387, 348, 10, 398, 398, 398, 398, 374, 378, 406, 406, 406, 88, 88, 81, 81, 337, 337, 146, 324, 219, 219, 219, 152, 152, 58, 58, 27, 351, 486, 486, 486, 486, 486, 460, 460, 460, 167, 35, 35, 219, 219, 219, 485, 485, 477, 374, 374, 374, 374, 374, 304, 304, 337, 41, 19, 19, 454, 454, 229, 229, 229, 312, 312, 187, 187, 23, 23, 23, 260, 391, 391, 321, 321, 320, 320, 345, 100, 100, 497, 497, 497, 122, 216, 453, 168, 5, 258, 38, 99, 99, 338, 338, 338, 338, 338, 400, 400, 444, 171, 171, 171, 171, 171, 464, 464, 335, 14, 14, 287, 145, 145, 111, 111, 240, 240, 146, 219, 219, 219, 464, 464, 464, 222, 84, 245, 245, 245, 43, 43, 43, 364, 276, 276, 276, 276, 276, 346, 346, 346, 284, 284, 206, 206, 206, 167, 167, 35, 14, 411, 411, 411, 424, 424, 424, 153, 182, 182, 182, 182, 182, 182, 182, 122, 122, 250, 303, 195, 195, 195, 303, 117, 98, 117, 117, 48, 48, 48, 414, 170, 244, 244, 392, 244, 392, 392, 392, 244, 73, 7, 7, 321, 7, 7, 127, 451, 30, 30, 324, 301, 301, 378, 325, 114, 114, 114, 180, 486, 486, 486, 315, 460, 285, 285, 285, 467, 85, 111, 403, 146, 207, 299, 299, 434, 434, 250, 250, 413, 271, 186, 186, 99, 99, 338, 338, 395, 395, 273, 273, 432, 432, 330, 240, 240, 385, 35, 77, 164, 164, 115, 273, 273, 180, 151, 151, 151, 206, 130, 130, 402, 183, 219, 219, 219, 213, 213, 213, 246, 246, 246, 246, 301, 301, 378, 43, 43, 276, 276, 153, 153, 387, 413, 413, 360, 219, 246, 246, 246, 246, 246, 246, 246, 19, 17, 420, 420, 420, 420, 420, 420, 420, 420, 420, 420, 420, 420, 420, 420, 420, 420, 420, 420, 420, 420, 420, 420, 420, 420, 420, 420, 420, 420, 420, 420, 420, 420, 420, 420, 420, 420, 420, 420, 420, 420, 420, 420, 420, 420, 420, 420, 420, 420, 420, 420, 420, 420, 420, 420, 420, 420, 420, 420, 420, 420, 420, 420, 420, 420, 420, 420, 420, 420, 420, 420, 420, 420, 420, 420, 420, 420, 420, 420, 420, 420, 420, 420, 420, 420, 420, 420, 420, 420, 420, 420, 420, 420, 420, 420, 420, 420, 420, 420, 420, 420, 420, 420, 420, 420, 420, 420, 420, 420, 420, 420, 420, 420, 420, 420, 420, 420, 420, 420, 420, 420, 420, 420, 420, 420, 420, 420, 420, 420, 420, 420, 420, 420, 420, 420, 420, 420, 420, 420, 420, 420, 420, 420, 420, 420, 420, 420, 420, 420, 420, 420, 420, 420, 420, 420, 420, 420, 420, 420, 420, 420, 420, 420, 420, 420, 420, 420, 420, 420, 420, 420, 420, 420, 420, 420]

ep288
Train step Loss: [0.9456331133842468, 0.94568932056427, 0.9456313848495483, 0.9456218481063843, 0.9456040263175964, 0.9456320405006409, 0.9455938935279846, 0.9456159472465515, 0.9456485509872437, 0.945698082447052, 0.9456098675727844, 0.9455705285072327, 0.9457182884216309, 0.9456231594085693, 0.9456452131271362, 0.9456458687782288, 0.9455718994140625, 0.945563554763794, 0.9455763697624207, 0.9456182718276978, 0.9456241130828857, 0.945563018321991, 0.945585310459137, 0.9456307291984558, 0.9456428289413452, 0.9456648826599121, 0.9456581473350525, 0.9456518292427063, 0.9456189274787903, 0.9455552697181702, 0.9456777572631836, 0.9456583261489868, 0.945587694644928, 0.9456484317779541, 0.9455876350402832, 0.9455786943435669, 0.9456316828727722, 0.9456571936607361, 0.9455556869506836, 0.9456684589385986, 0.9455981850624084, 0.9456862211227417, 0.945598840713501, 0.9456112384796143, 0.9456003904342651, 0.9456019997596741, 0.9456364512443542, 0.9456695318222046, 0.945622444152832, 0.945614755153656, 0.9456307291984558, 0.9456340074539185, 0.9456676244735718, 0.9456713795661926, 0.9456802010536194, 0.945612907409668, 0.945544958114624, 0.9456256628036499, 0.9456471800804138, 0.9457827806472778, 0.9456021785736084, 0.9456057548522949, 0.9456148743629456, 0.9456561803817749, 0.9456499218940735, 0.945572555065155, 0.9456517100334167, 0.9456180334091187, 0.9456591010093689, 0.9456284642219543, 0.9456503987312317, 0.9456267952919006, 0.9456322193145752, 0.9455779790878296, 0.9455905556678772, 0.9455893635749817, 0.9456858038902283, 0.9455926418304443, 0.9456087946891785, 0.9456333518028259, 0.9456841945648193, 0.9456982612609863, 0.9457309246063232, 0.9456889629364014, 0.9457172751426697, 0.9455847144126892, 0.9456723928451538, 0.9456686973571777, 0.9456119537353516, 0.9456863403320312, 0.9456666707992554, 0.9455910921096802, 0.9455901384353638, 0.9456170797348022, 0.9457024335861206, 0.9456249475479126, 0.945629358291626, 0.9456352591514587, 0.9456437230110168, 0.9455602765083313, 0.9456249475479126, 0.9457029104232788, 0.945677638053894, 0.9456278085708618, 0.9456323385238647]
val step Loss: [0.9466913342475891, 0.9460477232933044, 0.9458616971969604, 0.9458587169647217, 0.9469510316848755, 0.9458707571029663, 0.9458587169647217, 0.9459421634674072, 0.9459413886070251, 0.9458615779876709, 0.9458802342414856, 0.9467599391937256, 0.9460720419883728, 0.9461120367050171, 0.9458659887313843, 0.9459536671638489, 0.9459879398345947, 0.9501029849052429, 0.9459685683250427, 0.9459698796272278, 0.9469753503799438, 0.9460223317146301, 0.9459719657897949, 0.9476310014724731, 0.9509277939796448, 0.9460458159446716, 0.9461782574653625]
Train step Accs: [1.0, 1.0, 1.0, 1.0, 1.0, 1.0, 1.0, 1.0, 1.0, 1.0, 1.0, 1.0, 1.0, 1.0, 1.0, 1.0, 1.0, 1.0, 1.0, 1.0, 1.0, 1.0, 1.0, 1.0, 1.0, 1.0, 1.0, 1.0, 1.0, 1.0, 1.0, 1.0, 1.0, 1.0, 1.0, 1.0, 1.0, 1.0, 1.0, 1.0, 1.0, 1.0, 1.0, 1.0, 1.0, 1.0, 1.0, 1.0, 1.0, 1.0, 1.0, 1.0, 1.0, 1.0, 1.0, 1.0, 1.0, 1.0, 1.0, 1.0, 1.0, 1.0, 1.0, 1.0, 1.0, 1.0, 1.0, 1.0, 1.0, 1.0, 1.0, 1.0, 1.0, 1.0, 1.0, 1.0, 1.0, 1.0, 1.0, 1.0, 1.0, 1.0, 1.0, 1.0, 1.0, 1.0, 1.0, 1.0, 1.0, 1.0, 1.0, 1.0, 1.0, 1.0, 1.0, 1.0, 1.0, 1.0, 1.0, 1.0, 1.0, 1.0, 1.0, 1.0, 1.0]
val step Accs: [0.9998643516006511, 1.0, 1.0, 1.0, 0.9998321866084914, 1.0, 1.0, 1.0, 1.0, 1.0, 1.0, 0.9998530708198649, 1.0, 1.0, 1.0, 1.0, 1.0, 0.9992343032159265, 1.0, 1.0, 0.999817050859861, 1.0, 1.0, 0.9996948428440647, 0.9990838295923041, 1.0, 1.0]
Preds: [17, 17, 445, 464, 171, 171, 171, 171, 252, 252, 314, 32, 239, 36, 107, 107, 395, 213, 213, 213, 213, 246, 19, 454, 229, 229, 247, 126, 126, 126, 126, 326, 326, 408, 408, 408, 391, 228, 244, 320, 7, 7, 32, 32, 239, 108, 371, 371, 278, 278, 422, 236, 239, 239, 384, 449, 371, 470, 180, 443, 443, 443, 443, 403, 403, 171, 438, 203, 399, 217, 250, 250, 250, 138, 153, 88, 132, 374, 219, 219, 219, 219, 219, 464, 464, 171, 171, 171, 171, 246, 246, 246, 246, 24, 24, 239, 239, 384, 384, 420, 324, 324, 340, 116, 10, 10, 309, 479, 479, 331, 106, 153, 426, 426, 293, 293, 293, 98, 98, 335, 335, 226, 226, 209, 188, 188, 213, 324, 301, 8, 8, 239, 354, 354, 106, 355, 355, 376, 376, 460, 452, 263, 263, 263, 13, 229, 229, 82, 312, 23, 23, 23, 408, 149, 228, 244, 320, 479, 479, 398, 324, 422, 143, 465, 465, 354, 354, 346, 284, 486, 206, 169, 150, 342, 342, 164, 164, 224, 273, 470, 403, 403, 464, 464, 464, 355, 178, 143, 129, 458, 208, 208, 441, 100, 387, 387, 313, 236, 239, 239, 310, 107, 107, 395, 278, 443, 443, 240, 215, 215, 129, 259, 354, 284, 206, 460, 240, 35, 36, 164, 342, 351, 180, 486, 460, 460, 178, 178, 233, 458, 192, 192, 41, 41, 41, 41, 19, 19, 19, 454, 454, 229, 229, 82, 126, 126, 292, 326, 408, 408, 149, 244, 244, 373, 338, 338, 338, 395, 494, 374, 416, 8, 32, 239, 354, 65, 65, 481, 481, 481, 293, 143, 35, 458, 208, 100, 100, 387, 387, 122, 236, 129, 259, 310, 108, 323, 224, 397, 106, 88, 88, 387, 203, 399, 217, 473, 473, 398, 324, 464, 422, 416, 143, 458, 144, 208, 27, 441, 125, 125, 387, 206, 175, 251, 251, 241, 431, 486, 460, 460, 167, 178, 35, 77, 342, 342, 342, 224, 267, 267, 444, 324, 246, 246, 477, 301, 313, 325, 325, 34, 324, 324, 301, 422, 24, 239, 384, 371, 180, 486, 486, 460, 240, 240, 24, 239, 310, 107, 395, 255, 416, 143, 129, 401, 259, 320, 354, 354, 109, 337, 41, 324, 19, 19, 454, 454, 229, 229, 247, 312, 187, 187, 187, 408, 408, 391, 391, 73, 244, 320, 7, 7, 371, 398, 324, 301, 116, 251, 251, 331, 106, 88, 88, 88, 106, 284, 405, 206, 206, 178, 35, 35, 401, 259, 354, 106, 284, 405, 405, 206, 178, 178, 35, 233, 401, 401, 320, 7, 276, 100, 375, 98, 98, 98, 249, 305, 305, 170, 244, 28, 28, 392, 392, 392, 63, 63, 392, 63, 63, 63, 392, 63, 63, 63, 63, 63, 244, 195, 305, 211, 211, 17, 420, 420, 420, 420, 420, 420, 420, 420, 420, 420, 420, 420, 420, 420, 420, 420, 420, 420, 420, 420, 420, 420, 420, 420, 420, 420, 420, 420, 420, 420, 420, 420, 420, 420, 420, 420, 420, 420, 420, 420, 420, 420, 420, 420, 420, 420, 420, 420, 420, 420, 420, 420, 420, 420, 420, 420, 420, 420, 420, 420, 420, 420, 420, 420, 420, 420, 420, 420, 420, 420, 420, 420, 420, 420, 420, 420, 420, 420, 420, 420, 420, 420, 420, 420, 420, 420, 420, 420, 420, 420, 420, 420, 420, 420, 420, 420, 420, 420, 420, 420, 420, 420, 420, 420, 420, 420, 420, 420, 420, 420, 420, 420, 420, 420, 420, 420, 420, 420, 420, 420, 420, 420, 420, 420, 420, 420, 420, 420, 420, 420, 420, 420, 420, 420, 420, 420, 420, 420]

ep289
Train step Loss: [0.9456163644790649, 0.9456160664558411, 0.9456348419189453, 0.9456920027732849, 0.9456567764282227, 0.9455696940422058, 0.945656955242157, 0.9455429315567017, 0.9455652236938477, 0.9456472396850586, 0.9457212090492249, 0.9456453323364258, 0.9456114172935486, 0.9456371068954468, 0.9455739259719849, 0.9456642866134644, 0.9456157684326172, 0.945635199546814, 0.9456139206886292, 0.9456453323364258, 0.9456260204315186, 0.9456669688224792, 0.9456138610839844, 0.9456363916397095, 0.9456408619880676, 0.9456226825714111, 0.9456639885902405, 0.9456044435501099, 0.9456683397293091, 0.9456548690795898, 0.9456095099449158, 0.9456757307052612, 0.9456233382225037, 0.9456223249435425, 0.945600152015686, 0.9456084370613098, 0.9456020593643188, 0.9456372857093811, 0.945612370967865, 0.9456342458724976, 0.9456673860549927, 0.9456771016120911, 0.9456735849380493, 0.9456397294998169, 0.9455763101577759, 0.9455914497375488, 0.9455357193946838, 0.9456582069396973, 0.9455556869506836, 0.9456512331962585, 0.9456260204315186, 0.9456314444541931, 0.9456087946891785, 0.9456400871276855, 0.9455681443214417, 0.9456923007965088, 0.945604681968689, 0.9455916881561279, 0.9456297159194946, 0.9456371068954468, 0.9456019997596741, 0.9456926584243774, 0.9456495642662048, 0.9456372857093811, 0.9456748962402344, 0.9456487894058228, 0.94560706615448, 0.9456174373626709, 0.9456548094749451, 0.9455844163894653, 0.9456643462181091, 0.9455986618995667, 0.945587158203125, 0.9455603957176208, 0.9456539750099182, 0.9456266164779663, 0.9455915093421936, 0.9455777406692505, 0.9456719160079956, 0.9456537365913391, 0.9456196427345276, 0.9456379413604736, 0.9457104206085205, 0.9455991983413696, 0.9456350207328796, 0.9457296133041382, 0.9455774426460266, 0.945597231388092, 0.945683479309082, 0.9456083178520203, 0.9456281661987305, 0.9456542730331421, 0.9457014799118042, 0.9456399083137512, 0.9456139206886292, 0.9456611275672913, 0.9455993175506592, 0.9455857276916504, 0.9456213116645813, 0.9456059336662292, 0.9456461071968079, 0.9456952214241028, 0.9456605911254883, 0.9456125497817993, 0.9455876350402832]
val step Loss: [0.9461711645126343, 0.9460165500640869, 0.9511566162109375, 0.9460058212280273, 0.9460029006004333, 0.9460487961769104, 0.9458618760108948, 0.9512792825698853, 0.9459720849990845, 0.9460740089416504, 0.946036159992218, 0.946045458316803, 0.9460495114326477, 0.9462075233459473, 0.9460446834564209, 0.9460333585739136, 0.9459986090660095, 0.9473594427108765, 0.9459927678108215, 0.9459607601165771, 0.9489060044288635, 0.9468749165534973, 0.945852518081665, 0.946022093296051, 0.9460222125053406, 0.9459284543991089, 0.9460462927818298]
Train step Accs: [1.0, 1.0, 1.0, 1.0, 1.0, 1.0, 1.0, 1.0, 1.0, 1.0, 1.0, 1.0, 1.0, 1.0, 1.0, 1.0, 1.0, 1.0, 1.0, 1.0, 1.0, 1.0, 1.0, 1.0, 1.0, 1.0, 1.0, 1.0, 1.0, 1.0, 1.0, 1.0, 1.0, 1.0, 1.0, 1.0, 1.0, 1.0, 1.0, 1.0, 1.0, 1.0, 1.0, 1.0, 1.0, 1.0, 1.0, 1.0, 1.0, 1.0, 1.0, 1.0, 1.0, 1.0, 1.0, 1.0, 1.0, 1.0, 1.0, 1.0, 1.0, 1.0, 1.0, 1.0, 1.0, 1.0, 1.0, 1.0, 1.0, 1.0, 1.0, 1.0, 1.0, 1.0, 1.0, 1.0, 1.0, 1.0, 1.0, 1.0, 1.0, 1.0, 1.0, 1.0, 1.0, 1.0, 1.0, 1.0, 1.0, 1.0, 1.0, 1.0, 1.0, 1.0, 1.0, 1.0, 1.0, 1.0, 1.0, 1.0, 1.0, 1.0, 1.0, 1.0, 1.0]
val step Accs: [1.0, 1.0, 0.9990766389658357, 1.0, 1.0, 1.0, 1.0, 0.9990444338270426, 1.0, 1.0, 1.0, 1.0, 1.0, 1.0, 1.0, 1.0, 1.0, 0.9997970367363507, 1.0, 1.0, 0.9994667614646285, 0.9998385794995964, 1.0, 1.0, 1.0, 1.0, 1.0]
Preds: [17, 17, 32, 239, 384, 377, 371, 374, 374, 374, 132, 8, 8, 259, 354, 354, 180, 180, 443, 120, 120, 120, 120, 120, 240, 240, 240, 216, 285, 84, 84, 302, 302, 100, 375, 375, 375, 98, 98, 98, 229, 229, 247, 312, 312, 187, 1, 101, 101, 101, 321, 321, 287, 287, 287, 287, 284, 284, 284, 206, 167, 348, 379, 77, 77, 478, 66, 323, 323, 172, 115, 273, 273, 273, 151, 240, 240, 285, 199, 111, 111, 111, 111, 438, 438, 438, 219, 324, 324, 464, 464, 464, 464, 301, 301, 143, 35, 74, 437, 437, 437, 284, 284, 285, 285, 106, 284, 284, 284, 284, 426, 426, 293, 293, 293, 182, 346, 346, 284, 284, 284, 284, 426, 481, 293, 293, 43, 43, 276, 276, 276, 174, 387, 348, 10, 398, 398, 398, 398, 374, 378, 406, 406, 406, 88, 88, 81, 81, 337, 337, 146, 324, 219, 219, 219, 152, 152, 58, 58, 27, 351, 486, 486, 486, 486, 486, 460, 460, 460, 167, 35, 35, 219, 219, 219, 485, 485, 477, 374, 374, 374, 374, 374, 304, 304, 337, 41, 19, 19, 454, 454, 229, 229, 229, 312, 312, 187, 187, 23, 23, 23, 260, 391, 391, 321, 321, 320, 320, 345, 100, 100, 497, 497, 497, 122, 216, 453, 168, 5, 258, 38, 99, 99, 338, 338, 338, 338, 338, 400, 400, 444, 171, 171, 171, 171, 171, 464, 464, 335, 14, 14, 287, 145, 145, 111, 111, 240, 240, 146, 219, 219, 219, 464, 464, 464, 222, 84, 245, 245, 245, 43, 43, 43, 364, 276, 276, 276, 276, 276, 346, 346, 346, 284, 284, 206, 206, 206, 167, 167, 35, 14, 411, 411, 411, 424, 424, 424, 153, 182, 182, 182, 182, 182, 182, 182, 122, 122, 250, 303, 195, 195, 195, 303, 117, 98, 117, 117, 48, 48, 48, 414, 170, 244, 244, 392, 244, 392, 392, 392, 244, 73, 7, 7, 321, 7, 7, 127, 451, 30, 30, 324, 301, 301, 378, 325, 114, 114, 114, 180, 486, 486, 486, 315, 460, 285, 285, 285, 467, 85, 111, 403, 146, 207, 299, 299, 434, 434, 250, 250, 413, 271, 186, 186, 99, 99, 338, 338, 395, 395, 273, 273, 432, 432, 330, 240, 240, 385, 35, 77, 164, 164, 115, 273, 273, 180, 151, 151, 151, 206, 130, 130, 402, 183, 219, 219, 219, 213, 213, 213, 246, 246, 246, 246, 301, 301, 378, 43, 43, 276, 276, 153, 153, 387, 413, 413, 360, 219, 246, 246, 246, 246, 246, 246, 246, 19, 17, 420, 420, 420, 420, 420, 420, 420, 420, 420, 420, 420, 420, 420, 420, 420, 420, 420, 420, 420, 420, 420, 420, 420, 420, 420, 420, 420, 420, 420, 420, 420, 420, 420, 420, 420, 420, 420, 420, 420, 420, 420, 420, 420, 420, 420, 420, 420, 420, 420, 420, 420, 420, 420, 420, 420, 420, 420, 420, 420, 420, 420, 420, 420, 420, 420, 420, 420, 420, 420, 420, 420, 420, 420, 420, 420, 420, 420, 420, 420, 420, 420, 420, 420, 420, 420, 420, 420, 420, 420, 420, 420, 420, 420, 420, 420, 420, 420, 420, 420, 420, 420, 420, 420, 420, 420, 420, 420, 420, 420, 420, 420, 420, 420, 420, 420, 420, 420, 420, 420, 420, 420, 420, 420, 420, 420, 420, 420, 420, 420, 420, 420, 420, 420, 420, 420, 420, 420, 420, 420, 420, 420, 420, 420, 420, 420, 420, 420, 420, 420, 420, 420, 420, 420, 420, 420, 420, 420, 420, 420, 420, 420, 420, 420, 420, 420, 420, 420, 420, 420, 420, 420, 420, 420, 420]

ep290
Train step Loss: [0.9456680417060852, 0.9456178545951843, 0.945582926273346, 0.9456152319908142, 0.9456218481063843, 0.9456584453582764, 0.9456499814987183, 0.9455976486206055, 0.9456809759140015, 0.9456725716590881, 0.9456173181533813, 0.9456311464309692, 0.9456168413162231, 0.945639431476593, 0.945646345615387, 0.9456619024276733, 0.945647120475769, 0.9456467628479004, 0.9456509351730347, 0.9457418918609619, 0.9456436038017273, 0.9456901550292969, 0.9456048607826233, 0.9456284642219543, 0.9456204175949097, 0.9456742405891418, 0.9456851482391357, 0.9456425905227661, 0.9456287622451782, 0.9456216096878052, 0.9456406831741333, 0.9456315636634827, 0.9456524848937988, 0.9456101655960083, 0.9456299543380737, 0.9456239938735962, 0.945680558681488, 0.945615828037262, 0.9456193447113037, 0.9456731677055359, 0.9456361532211304, 0.94560307264328, 0.9456312656402588, 0.9456712007522583, 0.9456654191017151, 0.9455835819244385, 0.9455768465995789, 0.9455870389938354, 0.9456185698509216, 0.9456711411476135, 0.9456444382667542, 0.9456736445426941, 0.9456151127815247, 0.9456201195716858, 0.9456785917282104, 0.9455689191818237, 0.9456867575645447, 0.9456536769866943, 0.94559645652771, 0.9456003904342651, 0.9456462264060974, 0.945641040802002, 0.9455922842025757, 0.9456495046615601, 0.9455939531326294, 0.9456291794776917, 0.9456385374069214, 0.9456201791763306, 0.9456554651260376, 0.9456158876419067, 0.9455980658531189, 0.945625901222229, 0.9456754922866821, 0.9455816149711609, 0.9455972909927368, 0.9456607103347778, 0.9456590414047241, 0.9456503391265869, 0.9456667304039001, 0.9456723928451538, 0.945661187171936, 0.9455733299255371, 0.9455589056015015, 0.9456523656845093, 0.9456150531768799, 0.9456228017807007, 0.9456272721290588, 0.945579469203949, 0.9456120133399963, 0.9457341432571411, 0.945652186870575, 0.9456816911697388, 0.9456750154495239, 0.9456058144569397, 0.9456526041030884, 0.9456073045730591, 0.9456443190574646, 0.9456589221954346, 0.9456484317779541, 0.945643961429596, 0.9456168413162231, 0.9455723762512207, 0.9457280039787292, 0.9455994963645935, 0.9456409215927124]
val step Loss: [0.9459055662155151, 0.94754958152771, 0.9460685849189758, 0.9501751661300659, 0.9458087682723999, 0.9460669159889221, 0.947119951248169, 0.9519689679145813, 0.9460166692733765, 0.9459038376808167, 0.9460632801055908, 0.9460046887397766, 0.945925235748291, 0.9459400177001953, 0.9459264874458313, 0.9459080696105957, 0.9458012580871582, 0.9459888935089111, 0.9478855133056641, 0.9459789991378784, 0.9460760951042175, 0.9459900259971619, 0.9458513259887695, 0.945953369140625, 0.9461491107940674, 0.9460219144821167, 0.9462535381317139]
Train step Accs: [1.0, 1.0, 1.0, 1.0, 1.0, 1.0, 1.0, 1.0, 1.0, 1.0, 1.0, 1.0, 1.0, 1.0, 1.0, 1.0, 1.0, 1.0, 1.0, 1.0, 1.0, 1.0, 1.0, 1.0, 1.0, 1.0, 1.0, 1.0, 1.0, 1.0, 1.0, 1.0, 1.0, 1.0, 1.0, 1.0, 1.0, 1.0, 1.0, 1.0, 1.0, 1.0, 1.0, 1.0, 1.0, 1.0, 1.0, 1.0, 1.0, 1.0, 1.0, 1.0, 1.0, 1.0, 1.0, 1.0, 1.0, 1.0, 1.0, 1.0, 1.0, 1.0, 1.0, 1.0, 1.0, 1.0, 1.0, 1.0, 1.0, 1.0, 1.0, 1.0, 1.0, 1.0, 1.0, 1.0, 1.0, 1.0, 1.0, 1.0, 1.0, 1.0, 1.0, 1.0, 1.0, 1.0, 1.0, 1.0, 1.0, 1.0, 1.0, 1.0, 1.0, 1.0, 1.0, 1.0, 1.0, 1.0, 1.0, 1.0, 1.0, 1.0, 1.0, 1.0, 1.0]
val step Accs: [1.0, 0.9997117740308402, 1.0, 0.9992240844196152, 1.0, 1.0, 0.999822883457315, 0.9988884772137829, 1.0, 1.0, 1.0, 1.0, 1.0, 1.0, 1.0, 1.0, 1.0, 1.0, 0.9996577686516085, 1.0, 1.0, 1.0, 1.0, 1.0, 1.0, 1.0, 1.0]
Preds: [17, 17, 296, 479, 479, 278, 278, 252, 143, 143, 129, 259, 144, 445, 445, 180, 403, 403, 403, 290, 290, 290, 434, 246, 246, 246, 246, 246, 246, 19, 19, 19, 454, 414, 442, 414, 170, 244, 244, 187, 408, 392, 244, 244, 244, 244, 244, 7, 152, 152, 152, 422, 349, 234, 234, 261, 25, 106, 106, 499, 284, 306, 306, 406, 406, 467, 284, 284, 287, 284, 284, 284, 450, 450, 450, 293, 413, 413, 251, 251, 251, 241, 431, 431, 428, 428, 428, 428, 146, 146, 146, 358, 465, 164, 352, 164, 352, 25, 34, 324, 324, 301, 301, 8, 205, 261, 25, 106, 100, 153, 43, 43, 182, 182, 387, 387, 169, 169, 349, 352, 352, 397, 397, 133, 43, 43, 276, 276, 346, 346, 387, 387, 215, 35, 401, 259, 345, 345, 387, 240, 236, 129, 75, 164, 27, 351, 355, 355, 355, 240, 215, 8, 239, 354, 354, 420, 324, 324, 416, 143, 401, 82, 244, 354, 420, 278, 154, 178, 143, 458, 82, 192, 27, 351, 443, 443, 240, 240, 325, 34, 34, 324, 324, 339, 339, 94, 398, 398, 340, 116, 10, 10, 479, 398, 398, 374, 374, 330, 468, 406, 406, 467, 88, 387, 387, 169, 186, 99, 338, 338, 338, 338, 395, 395, 432, 330, 330, 388, 348, 10, 10, 479, 331, 331, 84, 350, 387, 387, 240, 251, 251, 251, 114, 114, 278, 278, 278, 31, 99, 338, 338, 338, 338, 338, 395, 395, 464, 464, 120, 355, 355, 355, 169, 215, 349, 205, 261, 25, 420, 324, 422, 143, 458, 244, 208, 208, 441, 441, 141, 141, 38, 162, 232, 232, 232, 68, 68, 68, 115, 115, 267, 267, 267, 213, 246, 246, 19, 454, 229, 247, 126, 126, 326, 326, 326, 101, 101, 101, 149, 149, 228, 321, 83, 287, 111, 55, 438, 299, 299, 434, 339, 10, 10, 10, 309, 479, 398, 213, 213, 213, 246, 246, 246, 301, 143, 129, 129, 401, 259, 354, 354, 106, 486, 486, 460, 215, 215, 401, 244, 75, 354, 346, 284, 206, 240, 236, 36, 36, 342, 115, 273, 180, 499, 486, 460, 178, 178, 233, 82, 192, 192, 445, 445, 213, 41, 41, 19, 19, 17, 420, 420, 420, 420, 420, 420, 420, 420, 420, 420, 420, 420, 420, 420, 420, 420, 420, 420, 420, 420, 420, 420, 420, 420, 420, 420, 420, 420, 420, 420, 420, 420, 420, 420, 420, 420, 420, 420, 420, 420, 420, 420, 420, 420, 420, 420, 420, 420, 420, 420, 420, 420, 420, 420, 420, 420, 420, 420, 420, 420, 420, 420, 420, 420, 420, 420, 420, 420, 420, 420, 420, 420, 420, 420, 420, 420, 420, 420, 420, 420, 420, 420, 420, 420, 420, 420, 420, 420, 420, 420, 420, 420, 420, 420, 420, 420, 420, 420, 420, 420, 420, 420, 420, 420, 420, 420, 420, 420, 420, 420, 420, 420, 420, 420, 420, 420, 420, 420, 420, 420, 420, 420, 420, 420, 420, 420, 420, 420, 420, 420, 420, 420, 420, 420, 420, 420, 420, 420, 420, 420, 420, 420, 420, 420, 420, 420, 420, 420, 420, 420, 420, 420, 420, 420, 420, 420, 420, 420, 420, 420, 420, 420, 420, 420, 420, 420, 420, 420, 420, 420, 420, 420, 420, 420, 420, 420, 420, 420, 420, 420, 420, 420, 420, 420, 420, 420, 420, 420, 420, 420, 420, 420, 420, 420, 420, 420, 420, 420, 420, 420, 420, 420, 420, 420, 420, 420, 420, 420, 420, 420, 420, 420, 420, 420, 420, 420, 420, 420, 420, 420, 420, 420, 420, 420, 420, 420, 420, 420, 420, 420, 420]

ep291
Train step Loss: [0.9455711245536804, 0.9456422328948975, 0.9455553293228149, 0.9456706643104553, 0.945603609085083, 0.9456586241722107, 0.9456669092178345, 0.9456160068511963, 0.9455723762512207, 0.9456535577774048, 0.9456647634506226, 0.9455864429473877, 0.9456151723861694, 0.9455947875976562, 0.9455510973930359, 0.9456610679626465, 0.9455858469009399, 0.9455656409263611, 0.9456069469451904, 0.9455776214599609, 0.9456257820129395, 0.9456045627593994, 0.9456192851066589, 0.9455902576446533, 0.9455814957618713, 0.9456096291542053, 0.9455606937408447, 0.9455870389938354, 0.9455705881118774, 0.9456016421318054, 0.9456299543380737, 0.9456002712249756, 0.9456050395965576, 0.9455883502960205, 0.9456599950790405, 0.9457065463066101, 0.9456427097320557, 0.9456236362457275, 0.9455131888389587, 0.945537805557251, 0.945625364780426, 0.945629358291626, 0.9457156658172607, 0.945590615272522, 0.9455544352531433, 0.9456394910812378, 0.9456138014793396, 0.9456057548522949, 0.9456343054771423, 0.9456291794776917, 0.94559645652771, 0.9456093311309814, 0.9455846548080444, 0.9455797076225281, 0.9456610679626465, 0.9456131458282471, 0.9455786347389221, 0.9456535577774048, 0.9456726908683777, 0.9456465244293213, 0.9456324577331543, 0.9456853866577148, 0.9455655217170715, 0.9456082582473755, 0.9456080198287964, 0.9455890655517578, 0.9456509947776794, 0.9456019401550293, 0.9456337690353394, 0.9456093907356262, 0.9455677270889282, 0.945623517036438, 0.9456444978713989, 0.9456881880760193, 0.9455185532569885, 0.9456532001495361, 0.9455854892730713, 0.9456530809402466, 0.9456324577331543, 0.9456142783164978, 0.945619523525238, 0.9455689191818237, 0.945660412311554, 0.9456377029418945, 0.9456127285957336, 0.9455835819244385, 0.9455651640892029, 0.945633053779602, 0.9455625414848328, 0.9455933570861816, 0.9455680847167969, 0.9456515312194824, 0.9455896019935608, 0.9455943703651428, 0.9455807209014893, 0.9456378221511841, 0.945580005645752, 0.945565938949585, 0.9455897212028503, 0.9455735683441162, 0.9456243515014648, 0.9455270171165466, 0.9455100893974304, 0.9455934762954712, 0.945634663105011]
val step Loss: [0.9479257464408875, 0.947611391544342, 0.9457826018333435, 0.9518950581550598, 0.9459935426712036, 0.9457899332046509, 0.9459344744682312, 0.945955753326416, 0.9460638165473938, 0.9462767243385315, 0.9458956122398376, 0.9457827210426331, 0.9459754228591919, 0.9459601044654846, 0.946031928062439, 0.9458821415901184, 0.9468291997909546, 0.9460119605064392, 0.9459860920906067, 0.9459161162376404, 0.9468615055084229, 0.9459235668182373, 0.9498794674873352, 0.9460701942443848, 0.9459740519523621, 0.946133553981781, 0.9458721280097961]
Train step Accs: [1.0, 1.0, 1.0, 1.0, 1.0, 1.0, 1.0, 1.0, 1.0, 1.0, 1.0, 1.0, 1.0, 1.0, 1.0, 1.0, 1.0, 1.0, 1.0, 1.0, 1.0, 1.0, 1.0, 1.0, 1.0, 1.0, 1.0, 1.0, 1.0, 1.0, 1.0, 1.0, 1.0, 1.0, 1.0, 1.0, 1.0, 1.0, 1.0, 1.0, 1.0, 1.0, 1.0, 1.0, 1.0, 1.0, 1.0, 1.0, 1.0, 1.0, 1.0, 1.0, 1.0, 1.0, 1.0, 1.0, 1.0, 1.0, 1.0, 1.0, 1.0, 1.0, 1.0, 1.0, 1.0, 1.0, 1.0, 1.0, 1.0, 1.0, 1.0, 1.0, 1.0, 1.0, 1.0, 1.0, 1.0, 1.0, 1.0, 1.0, 1.0, 1.0, 1.0, 1.0, 1.0, 1.0, 1.0, 1.0, 1.0, 1.0, 1.0, 1.0, 1.0, 1.0, 1.0, 1.0, 1.0, 1.0, 1.0, 1.0, 1.0, 1.0, 1.0, 1.0, 1.0]
val step Accs: [0.9996630727762803, 0.9997021593447506, 1.0, 0.9989165763813651, 1.0, 1.0, 1.0, 1.0, 1.0, 1.0, 1.0, 1.0, 1.0, 1.0, 1.0, 1.0, 0.9998456551937027, 1.0, 1.0, 1.0, 0.9998104624715694, 1.0, 0.9993044687880369, 1.0, 1.0, 1.0, 1.0]
Preds: [17, 17, 152, 152, 152, 378, 378, 43, 276, 345, 345, 109, 174, 284, 319, 240, 240, 240, 314, 239, 82, 82, 449, 371, 444, 213, 324, 324, 324, 286, 301, 132, 42, 42, 147, 380, 380, 288, 443, 432, 330, 330, 388, 33, 33, 64, 394, 398, 219, 464, 464, 464, 180, 315, 315, 450, 450, 293, 43, 43, 43, 364, 276, 276, 276, 276, 346, 346, 284, 284, 284, 284, 376, 376, 206, 206, 85, 85, 240, 388, 251, 251, 251, 251, 251, 251, 241, 431, 355, 355, 452, 263, 263, 263, 420, 420, 420, 420, 420, 420, 420, 420, 420, 420, 420, 420, 420, 420, 420, 420, 420, 420, 420, 420, 420, 420, 420, 420, 420, 420, 420, 420, 420, 420, 420, 420, 420, 420, 420, 420, 420, 420, 420, 420, 420, 420, 420, 420, 420, 420, 420, 420, 420, 420, 420, 420, 420, 420, 420, 420, 420, 420, 420, 420, 420, 420, 420, 420, 420, 420, 420, 420, 420, 420, 420, 420, 420, 420, 420, 420, 420, 420, 420, 420, 420, 420, 420, 420, 420, 420, 420, 420, 420, 420, 420, 420, 420, 420, 420, 420, 420, 420, 420, 420, 420, 420, 420, 420, 420, 420, 420, 420, 420, 420, 420, 420, 420, 420, 420, 420, 420, 420, 420, 420, 420, 420, 420, 420, 420, 420, 420, 420, 420, 420, 420, 420, 420, 420, 420, 420, 420, 420, 420, 420, 420, 420, 420, 420, 420, 420, 420, 420, 420, 420, 420, 420, 420, 420, 420, 420, 420, 420, 420, 420, 420, 420, 420, 420, 420, 420, 420, 420, 420, 420, 420, 420, 420, 420, 420, 420, 420, 420, 420, 420, 420, 420, 420, 420, 420, 420, 420, 420, 420, 420, 420, 420, 420, 420, 420, 420, 420, 420, 420, 420, 420, 420, 420, 420, 420, 420, 420, 420, 420, 420, 420, 420, 420, 420, 420, 420, 420, 420, 420, 420, 420, 420, 420, 420, 420, 420, 420, 420, 420, 420, 420, 420, 420, 420, 420, 420, 420, 420, 420, 420, 420, 420, 420, 420, 420, 420, 420, 420, 420, 420, 420, 420, 420, 420, 420, 420, 420, 420, 420, 420, 420, 420, 420, 420, 420, 420, 420, 420, 420, 420, 420, 420, 420, 420, 420, 420, 420, 420, 420, 420, 420, 420, 420, 420, 420, 420, 420, 420, 420, 420, 420, 420, 420, 420, 420, 420, 420, 420, 420, 420, 420, 420, 420, 420, 420, 420, 420, 420, 420, 420, 420, 420, 420, 420, 420, 420, 420, 420, 420, 420, 420, 420, 420, 420, 420, 420, 420, 420, 420, 420, 420, 420, 420, 420, 420, 420, 420, 420, 420, 420, 420, 420, 420, 420, 420, 420, 420, 420, 420, 420, 420, 420, 420, 420, 420, 420, 420, 420, 420, 420, 420, 420, 420, 420, 420, 420, 420, 420, 420, 420, 420, 420, 420, 420, 420, 420, 420, 420, 420, 420, 420, 420, 420, 420, 420, 420, 420, 420, 420, 420, 420, 420, 420, 420, 420, 420, 420, 420, 420, 420, 420, 420, 420, 420, 420, 420, 420, 420, 420, 420, 420, 420, 420, 420, 420, 420, 420, 420, 420, 420, 420, 420, 420, 420, 420, 420, 420, 420, 420, 420, 420, 420, 420, 420, 420, 420, 420, 420, 420, 420, 420, 420, 420, 420, 420, 420, 420, 420, 420, 420, 420, 420, 420, 420, 420, 420, 420, 420, 420, 420, 420, 420, 420, 420, 420, 420, 420, 420, 420, 420, 420, 420, 420, 420, 420, 420, 420, 420, 420, 420, 420, 420, 420, 420, 420, 420, 420, 420, 420, 420, 420, 420, 420, 420, 420, 420, 420, 420, 420, 420, 420, 420, 420, 420, 420, 420]

ep292
Train step Loss: [0.9455650448799133, 0.945656955242157, 0.9455703496932983, 0.9456652998924255, 0.9456171989440918, 0.9455634355545044, 0.9456532597541809, 0.945597767829895, 0.9455354809761047, 0.9455812573432922, 0.9456135034561157, 0.9456406831741333, 0.9455655217170715, 0.945655882358551, 0.9455534219741821, 0.9456065893173218, 0.9457138776779175, 0.9456290006637573, 0.9455793499946594, 0.9456661343574524, 0.9456343054771423, 0.9456483125686646, 0.9456700682640076, 0.9455723762512207, 0.9455702900886536, 0.945587694644928, 0.9456037282943726, 0.9455901384353638, 0.9456079602241516, 0.945658802986145, 0.945655107498169, 0.9456114172935486, 0.9456608295440674, 0.9455686807632446, 0.9456492066383362, 0.94557785987854, 0.9455990791320801, 0.9455739259719849, 0.9456325769424438, 0.9456020593643188, 0.9455733299255371, 0.9456220269203186, 0.9456378221511841, 0.9456062912940979, 0.945604681968689, 0.9456469416618347, 0.9455982446670532, 0.9456005096435547, 0.9456014633178711, 0.945564329624176, 0.9455793499946594, 0.9456409215927124, 0.9457095861434937, 0.9455722570419312, 0.9456462860107422, 0.9455979466438293, 0.9456338286399841, 0.945550262928009, 0.945547878742218, 0.945600152015686, 0.9455468654632568, 0.9455902576446533, 0.9456067085266113, 0.9455515146255493, 0.9456190466880798, 0.9455561637878418, 0.9456665515899658, 0.9456794857978821, 0.9455916881561279, 0.9455175399780273, 0.9455962777137756, 0.9456286430358887, 0.9456379413604736, 0.9455952644348145, 0.9456241726875305, 0.9455515742301941, 0.9456127285957336, 0.945581316947937, 0.9456636309623718, 0.9456182718276978, 0.9456019401550293, 0.9455651044845581, 0.9456130862236023, 0.9455839395523071, 0.9456353187561035, 0.9456257224082947, 0.9456406235694885, 0.9456334710121155, 0.9456019997596741, 0.9456483721733093, 0.945618212223053, 0.9456231594085693, 0.9455643892288208, 0.9455976486206055, 0.9456018805503845, 0.9456114768981934, 0.9456664323806763, 0.9455968737602234, 0.9456243515014648, 0.9456358551979065, 0.9456291198730469, 0.9455573558807373, 0.9455803632736206, 0.945659875869751, 0.9455628395080566]
val step Loss: [0.9459788799285889, 0.9458911418914795, 0.9459339380264282, 0.9459377527236938, 0.9459712505340576, 0.9469282031059265, 0.9469744563102722, 0.9461867809295654, 0.9459444284439087, 0.945954442024231, 0.9459099173545837, 0.9572779536247253, 0.9460050463676453, 0.9458957314491272, 0.9468145370483398, 0.9459808468818665, 0.9458708167076111, 0.9460097551345825, 0.9460932016372681, 0.9460473656654358, 0.9467499852180481, 0.9459567070007324, 0.9459789991378784, 0.9458692073822021, 0.9459784626960754, 0.9459697008132935, 0.9458807110786438]
Train step Accs: [1.0, 1.0, 1.0, 1.0, 1.0, 1.0, 1.0, 1.0, 1.0, 1.0, 1.0, 1.0, 1.0, 1.0, 1.0, 1.0, 1.0, 1.0, 1.0, 1.0, 1.0, 1.0, 1.0, 1.0, 1.0, 1.0, 1.0, 1.0, 1.0, 1.0, 1.0, 1.0, 1.0, 1.0, 1.0, 1.0, 1.0, 1.0, 1.0, 1.0, 1.0, 1.0, 1.0, 1.0, 1.0, 1.0, 1.0, 1.0, 1.0, 1.0, 1.0, 1.0, 1.0, 1.0, 1.0, 1.0, 1.0, 1.0, 1.0, 1.0, 1.0, 1.0, 1.0, 1.0, 1.0, 1.0, 1.0, 1.0, 1.0, 1.0, 1.0, 1.0, 1.0, 1.0, 1.0, 1.0, 1.0, 1.0, 1.0, 1.0, 1.0, 1.0, 1.0, 1.0, 1.0, 1.0, 1.0, 1.0, 1.0, 1.0, 1.0, 1.0, 1.0, 1.0, 1.0, 1.0, 1.0, 1.0, 1.0, 1.0, 1.0, 1.0, 1.0, 1.0, 1.0]
val step Accs: [1.0, 1.0, 1.0, 1.0, 1.0, 0.99981556621173, 0.9998213009292352, 1.0, 1.0, 1.0, 1.0, 0.9979256698357822, 1.0, 1.0, 0.9998423707440101, 1.0, 1.0, 1.0, 1.0, 1.0, 0.9998325238653492, 1.0, 1.0, 1.0, 1.0, 1.0, 1.0]
Preds: [17, 17, 441, 153, 153, 153, 424, 387, 497, 497, 122, 122, 35, 35, 259, 384, 371, 180, 180, 84, 84, 139, 16, 16, 375, 375, 375, 375, 98, 98, 98, 13, 13, 414, 414, 249, 249, 20, 47, 312, 187, 187, 101, 101, 101, 101, 149, 149, 149, 321, 287, 287, 287, 287, 297, 297, 297, 293, 293, 293, 122, 216, 22, 106, 106, 106, 284, 284, 284, 284, 306, 306, 372, 245, 406, 406, 284, 65, 284, 284, 284, 376, 376, 282, 282, 169, 271, 150, 77, 342, 342, 168, 97, 483, 196, 196, 479, 199, 199, 199, 360, 360, 330, 252, 368, 310, 310, 395, 395, 213, 278, 278, 278, 252, 368, 77, 453, 453, 168, 485, 301, 301, 374, 199, 106, 84, 84, 84, 84, 496, 293, 215, 215, 8, 251, 241, 241, 106, 106, 106, 284, 426, 405, 387, 387, 406, 406, 467, 467, 337, 207, 207, 19, 358, 233, 414, 417, 417, 417, 417, 442, 442, 414, 170, 102, 491, 312, 292, 292, 292, 292, 326, 326, 408, 408, 408, 228, 321, 320, 451, 30, 30, 422, 99, 338, 338, 338, 338, 400, 400, 400, 400, 171, 171, 301, 301, 378, 43, 364, 345, 345, 109, 109, 476, 476, 171, 324, 324, 301, 301, 8, 259, 354, 354, 420, 420, 420, 324, 324, 301, 251, 251, 241, 241, 331, 443, 443, 443, 443, 120, 120, 120, 120, 207, 207, 207, 207, 37, 203, 399, 217, 217, 473, 473, 476, 476, 171, 171, 171, 171, 252, 252, 310, 453, 107, 395, 444, 213, 213, 360, 252, 252, 368, 77, 54, 54, 224, 168, 494, 278, 301, 116, 251, 251, 241, 431, 431, 486, 376, 376, 376, 376, 376, 460, 460, 460, 240, 240, 35, 198, 384, 371, 114, 180, 84, 84, 84, 387, 372, 467, 467, 467, 467, 467, 207, 207, 207, 19, 19, 17, 420, 420, 420, 420, 420, 420, 420, 420, 420, 420, 420, 420, 420, 420, 420, 420, 420, 420, 420, 420, 420, 420, 420, 420, 420, 420, 420, 420, 420, 420, 420, 420, 420, 420, 420, 420, 420, 420, 420, 420, 420, 420, 420, 420, 420, 420, 420, 420, 420, 420, 420, 420, 420, 420, 420, 420, 420, 420, 420, 420, 420, 420, 420, 420, 420, 420, 420, 420, 420, 420, 420, 420, 420, 420, 420, 420, 420, 420, 420, 420, 420, 420, 420, 420, 420, 420, 420, 420, 420, 420, 420, 420, 420, 420, 420, 420, 420, 420, 420, 420, 420, 420, 420, 420, 420, 420, 420, 420, 420, 420, 420, 420, 420, 420, 420, 420, 420, 420, 420, 420, 420, 420, 420, 420, 420, 420, 420, 420, 420, 420, 420, 420, 420, 420, 420, 420, 420, 420, 420, 420, 420, 420, 420, 420, 420, 420, 420, 420, 420, 420, 420, 420, 420, 420, 420, 420, 420, 420, 420, 420, 420, 420, 420, 420, 420, 420, 420, 420, 420, 420, 420, 420, 420, 420, 420, 420, 420, 420, 420, 420, 420, 420, 420, 420, 420, 420, 420, 420, 420, 420, 420, 420, 420, 420, 420, 420, 420, 420, 420, 420, 420, 420, 420, 420, 420, 420, 420, 420, 420, 420, 420, 420, 420, 420, 420, 420, 420, 420, 420, 420, 420, 420, 420, 420, 420, 420, 420, 420, 420, 420, 420, 420, 420, 420, 420, 420, 420, 420, 420, 420, 420, 420, 420, 420, 420, 420, 420, 420, 420, 420, 420, 420, 420, 420, 420, 420, 420, 420, 420, 420, 420, 420, 420, 420, 420, 420, 420, 420, 420, 420, 420, 420, 420, 420, 420, 420, 420, 420, 420, 420, 420, 420, 420, 420, 420, 420, 420, 420, 420, 420]

ep293
Train step Loss: [0.9455443620681763, 0.9455903768539429, 0.9456040263175964, 0.9456276893615723, 0.9456192851066589, 0.9455883502960205, 0.9456177353858948, 0.9456548094749451, 0.9455820322036743, 0.9455708265304565, 0.94562166929245, 0.9455941915512085, 0.945562481880188, 0.9455252289772034, 0.9455975294113159, 0.9456254839897156, 0.9455916881561279, 0.9456180930137634, 0.9456334114074707, 0.9456371665000916, 0.9455947279930115, 0.945600152015686, 0.9456163048744202, 0.9456318020820618, 0.9456198215484619, 0.9456156492233276, 0.9456279873847961, 0.9456477165222168, 0.9455851316452026, 0.9456109404563904, 0.9456053376197815, 0.9456408619880676, 0.9456323981285095, 0.9456039071083069, 0.9455966353416443, 0.9456446170806885, 0.9455925822257996, 0.9456913471221924, 0.945713996887207, 0.9456363916397095, 0.9456359148025513, 0.9456648826599121, 0.9455739855766296, 0.9456421136856079, 0.9455577731132507, 0.9456329941749573, 0.9456908106803894, 0.9455949664115906, 0.9456210732460022, 0.9455950260162354, 0.945631742477417, 0.9455491900444031, 0.9456378817558289, 0.945615291595459, 0.9456294775009155, 0.9456078410148621, 0.9456620812416077, 0.9456096887588501, 0.945624053478241, 0.9456382393836975, 0.9456563591957092, 0.9456331729888916, 0.9455363154411316, 0.9455719590187073, 0.9456568360328674, 0.9455847144126892, 0.9456326961517334, 0.9455424547195435, 0.9456449747085571, 0.9456408619880676, 0.9455705285072327, 0.945574939250946, 0.9456279873847961, 0.945631742477417, 0.9455558657646179, 0.9455896615982056, 0.9455910325050354, 0.945565938949585, 0.94566810131073, 0.9455814361572266, 0.9456130862236023, 0.945632815361023, 0.9455749988555908, 0.9455628991127014, 0.9456148743629456, 0.9455647468566895, 0.9455528855323792, 0.945626437664032, 0.9455945491790771, 0.9456387162208557, 0.945551335811615, 0.945650577545166, 0.9456244707107544, 0.9456789493560791, 0.9456536173820496, 0.9456506371498108, 0.9456241726875305, 0.9456188678741455, 0.9455841779708862, 0.9456062316894531, 0.9456171989440918, 0.945604681968689, 0.9456150531768799, 0.9455515742301941, 0.9455890655517578]
val step Loss: [0.9459024667739868, 0.9459472298622131, 0.9459378123283386, 0.9459496736526489, 0.9460428357124329, 0.945884644985199, 0.9459463953971863, 0.9459388256072998, 0.9461214542388916, 0.946991503238678, 0.9460227489471436, 0.9460014700889587, 0.9459373354911804, 0.9460859894752502, 0.9460594654083252, 0.946058988571167, 0.9512404799461365, 0.9493554830551147, 0.9468511939048767, 0.9472131729125977, 0.9460787773132324, 0.9459736347198486, 0.9459858536720276, 0.9467422962188721, 0.9477095603942871, 0.945984959602356, 0.9458253383636475]
Train step Accs: [1.0, 1.0, 1.0, 1.0, 1.0, 1.0, 1.0, 1.0, 1.0, 1.0, 1.0, 1.0, 1.0, 1.0, 1.0, 1.0, 1.0, 1.0, 1.0, 1.0, 1.0, 1.0, 1.0, 1.0, 1.0, 1.0, 1.0, 1.0, 1.0, 1.0, 1.0, 1.0, 1.0, 1.0, 1.0, 1.0, 1.0, 1.0, 1.0, 1.0, 1.0, 1.0, 1.0, 1.0, 1.0, 1.0, 1.0, 1.0, 1.0, 1.0, 1.0, 1.0, 1.0, 1.0, 1.0, 1.0, 1.0, 1.0, 1.0, 1.0, 1.0, 1.0, 1.0, 1.0, 1.0, 1.0, 1.0, 1.0, 1.0, 1.0, 1.0, 1.0, 1.0, 1.0, 1.0, 1.0, 1.0, 1.0, 1.0, 1.0, 1.0, 1.0, 1.0, 1.0, 1.0, 1.0, 1.0, 1.0, 1.0, 1.0, 1.0, 1.0, 1.0, 1.0, 1.0, 1.0, 1.0, 1.0, 1.0, 1.0, 1.0, 1.0, 1.0, 1.0, 1.0]
val step Accs: [1.0, 1.0, 1.0, 1.0, 1.0, 1.0, 1.0, 1.0, 1.0, 0.99982341515098, 1.0, 1.0, 1.0, 1.0, 1.0, 1.0, 0.9990495802312688, 0.9993951308029638, 0.9998344370860928, 0.9997679275934092, 1.0, 1.0, 1.0, 0.999857020303117, 0.9996805622105095, 1.0, 1.0]
Preds: [17, 17, 17, 345, 442, 487, 152, 152, 152, 301, 378, 43, 276, 345, 109, 109, 284, 486, 460, 240, 240, 385, 314, 32, 239, 75, 384, 371, 191, 191, 240, 385, 143, 401, 244, 75, 127, 273, 180, 486, 486, 486, 460, 282, 167, 385, 457, 196, 196, 219, 398, 464, 464, 486, 486, 460, 460, 215, 215, 401, 401, 244, 321, 354, 420, 420, 324, 422, 77, 478, 68, 68, 68, 224, 273, 444, 444, 324, 301, 314, 217, 473, 398, 398, 324, 301, 10, 10, 309, 479, 380, 374, 213, 213, 213, 213, 246, 301, 301, 378, 29, 134, 134, 134, 203, 280, 337, 324, 324, 324, 324, 3, 464, 464, 145, 113, 206, 169, 349, 349, 205, 261, 261, 25, 100, 153, 153, 43, 43, 276, 276, 182, 387, 387, 387, 178, 129, 401, 244, 244, 208, 441, 100, 100, 100, 182, 182, 375, 98, 98, 229, 244, 244, 247, 126, 126, 326, 101, 101, 391, 228, 244, 244, 320, 287, 287, 287, 206, 240, 35, 36, 449, 449, 224, 168, 278, 464, 331, 315, 319, 450, 293, 43, 276, 182, 497, 497, 497, 122, 186, 349, 234, 234, 261, 25, 25, 106, 428, 428, 146, 146, 146, 171, 324, 324, 324, 324, 464, 464, 464, 464, 486, 486, 85, 85, 240, 251, 251, 251, 241, 431, 428, 428, 146, 146, 219, 219, 219, 219, 219, 464, 464, 443, 486, 486, 460, 460, 169, 169, 349, 352, 261, 25, 485, 152, 152, 422, 143, 458, 458, 75, 208, 441, 100, 100, 100, 98, 98, 48, 48, 17, 17, 420, 420, 420, 420, 420, 420, 420, 420, 420, 420, 420, 420, 420, 420, 420, 420, 420, 420, 420, 420, 420, 420, 420, 420, 420, 420, 420, 420, 420, 420, 420, 420, 420, 420, 420, 420, 420, 420, 420, 420, 420, 420, 420, 420, 420, 420, 420, 420, 420, 420, 420, 420, 420, 420, 420, 420, 420, 420, 420, 420, 420, 420, 420, 420, 420, 420, 420, 420, 420, 420, 420, 420, 420, 420, 420, 420, 420, 420, 420, 420, 420, 420, 420, 420, 420, 420, 420, 420, 420, 420, 420, 420, 420, 420, 420, 420, 420, 420, 420, 420, 420, 420, 420, 420, 420, 420, 420, 420, 420, 420, 420, 420, 420, 420, 420, 420, 420, 420, 420, 420, 420, 420, 420, 420, 420, 420, 420, 420, 420, 420, 420, 420, 420, 420, 420, 420, 420, 420, 420, 420, 420, 420, 420, 420, 420, 420, 420, 420, 420, 420, 420, 420, 420, 420, 420, 420, 420, 420, 420, 420, 420, 420, 420, 420, 420, 420, 420, 420, 420, 420, 420, 420, 420, 420, 420, 420, 420, 420, 420, 420, 420, 420, 420, 420, 420, 420, 420, 420, 420, 420, 420, 420, 420, 420, 420, 420, 420, 420, 420, 420, 420, 420, 420, 420, 420, 420, 420, 420, 420, 420, 420, 420, 420, 420, 420, 420, 420, 420, 420, 420, 420, 420, 420, 420, 420, 420, 420, 420, 420, 420, 420, 420, 420, 420, 420, 420, 420, 420, 420, 420, 420, 420, 420, 420, 420, 420, 420, 420, 420, 420, 420, 420, 420, 420, 420, 420, 420, 420, 420, 420, 420, 420, 420, 420, 420, 420, 420, 420, 420, 420, 420, 420, 420, 420, 420, 420, 420, 420, 420, 420, 420, 420, 420, 420, 420, 420, 420, 420, 420, 420, 420, 420, 420, 420, 420, 420, 420, 420, 420, 420, 420, 420, 420, 420, 420, 420, 420, 420, 420, 420, 420, 420, 420, 420, 420, 420, 420, 420, 420, 420, 420, 420, 420, 420, 420, 420, 420, 420, 420, 420, 420, 420, 420, 420, 420, 420, 420, 420]

ep294
Train step Loss: [0.9456727504730225, 0.9456291198730469, 0.9455064535140991, 0.9455721378326416, 0.9456884264945984, 0.9456591606140137, 0.9456281661987305, 0.945566713809967, 0.9456088542938232, 0.9456524848937988, 0.9455894231796265, 0.9455958008766174, 0.9455795884132385, 0.9455611109733582, 0.9455124139785767, 0.9456301927566528, 0.9456425905227661, 0.9456886649131775, 0.9456281661987305, 0.9455838799476624, 0.9456086754798889, 0.9455978274345398, 0.9455912709236145, 0.9455586671829224, 0.9456292390823364, 0.945552408695221, 0.9456040263175964, 0.945587694644928, 0.9456227421760559, 0.945685625076294, 0.9455990195274353, 0.9456304311752319, 0.9456114172935486, 0.9455862641334534, 0.9456681609153748, 0.9455958604812622, 0.945629358291626, 0.945655107498169, 0.9455968737602234, 0.9455965757369995, 0.9455175995826721, 0.9455741047859192, 0.9456442594528198, 0.9455903172492981, 0.9456132650375366, 0.9456257224082947, 0.9455815553665161, 0.945658266544342, 0.9456663131713867, 0.9455969929695129, 0.9455877542495728, 0.9456123113632202, 0.945685088634491, 0.9456969499588013, 0.9456042647361755, 0.9456126689910889, 0.945613443851471, 0.9456442594528198, 0.9455815553665161, 0.9456123113632202, 0.9457002878189087, 0.9456205368041992, 0.9456117153167725, 0.9456257224082947, 0.9456069469451904, 0.9456109404563904, 0.9456529021263123, 0.945583701133728, 0.9456145763397217, 0.9455628395080566, 0.9456108808517456, 0.9455640316009521, 0.9456174373626709, 0.9456390738487244, 0.9455867409706116, 0.9455916881561279, 0.9456141591072083, 0.9456623792648315, 0.9456580877304077, 0.9455814957618713, 0.9455957412719727, 0.9456371665000916, 0.945610523223877, 0.9456247091293335, 0.9455775618553162, 0.9456304907798767, 0.9455360770225525, 0.945663571357727, 0.945602297782898, 0.9455649256706238, 0.9455868005752563, 0.9456888437271118, 0.9455817937850952, 0.9456309080123901, 0.9455971121788025, 0.9455778002738953, 0.9456107020378113, 0.9456146359443665, 0.9455618858337402, 0.9455463290214539, 0.9455490112304688, 0.9456515908241272, 0.9455722570419312, 0.9456300735473633, 0.9456401467323303]
val step Loss: [0.9461848139762878, 0.9458052515983582, 0.9459723830223083, 0.9459691643714905, 0.9459966421127319, 0.945864200592041, 0.9458169937133789, 0.9459669589996338, 0.9459853768348694, 0.9460863471031189, 0.9459834098815918, 0.9458574652671814, 0.9457617998123169, 0.9479068517684937, 0.9510208368301392, 0.9469497203826904, 0.9467571973800659, 0.9459714293479919, 0.9470275640487671, 0.9460484981536865, 0.9458768367767334, 0.9458868503570557, 0.9459705352783203, 0.9460933804512024, 0.9471486806869507, 0.9498026371002197, 0.9457912445068359]
Train step Accs: [1.0, 1.0, 1.0, 1.0, 1.0, 1.0, 1.0, 1.0, 1.0, 1.0, 1.0, 1.0, 1.0, 1.0, 1.0, 1.0, 1.0, 1.0, 1.0, 1.0, 1.0, 1.0, 1.0, 1.0, 1.0, 1.0, 1.0, 1.0, 1.0, 1.0, 1.0, 1.0, 1.0, 1.0, 1.0, 1.0, 1.0, 1.0, 1.0, 1.0, 1.0, 1.0, 1.0, 1.0, 1.0, 1.0, 1.0, 1.0, 1.0, 1.0, 1.0, 1.0, 1.0, 1.0, 1.0, 1.0, 1.0, 1.0, 1.0, 1.0, 1.0, 1.0, 1.0, 1.0, 1.0, 1.0, 1.0, 1.0, 1.0, 1.0, 1.0, 1.0, 1.0, 1.0, 1.0, 1.0, 1.0, 1.0, 1.0, 1.0, 1.0, 1.0, 1.0, 1.0, 1.0, 1.0, 1.0, 1.0, 1.0, 1.0, 1.0, 1.0, 1.0, 1.0, 1.0, 1.0, 1.0, 1.0, 1.0, 1.0, 1.0, 1.0, 1.0, 1.0, 1.0]
val step Accs: [1.0, 1.0, 1.0, 1.0, 1.0, 1.0, 1.0, 1.0, 1.0, 1.0, 1.0, 1.0, 1.0, 0.9996405463695184, 0.999057936881771, 0.9998422712933754, 0.9998445998445998, 1.0, 0.9998052959501558, 1.0, 1.0, 1.0, 1.0, 1.0, 0.9998014691284495, 0.9993117687543015, 1.0]
Preds: [17, 17, 32, 239, 384, 377, 371, 374, 374, 374, 132, 8, 8, 259, 354, 354, 180, 180, 443, 120, 120, 120, 120, 120, 240, 240, 240, 216, 285, 84, 84, 302, 302, 100, 375, 375, 375, 98, 98, 98, 229, 229, 247, 312, 312, 187, 1, 101, 101, 101, 321, 321, 287, 287, 287, 287, 284, 284, 284, 206, 167, 348, 379, 77, 77, 478, 66, 323, 323, 172, 115, 273, 273, 273, 151, 240, 240, 285, 199, 111, 111, 111, 111, 438, 438, 438, 219, 324, 324, 464, 464, 464, 464, 301, 301, 143, 35, 74, 437, 437, 437, 284, 284, 285, 285, 106, 284, 284, 284, 284, 426, 426, 293, 293, 293, 182, 346, 346, 284, 284, 284, 284, 426, 481, 293, 293, 43, 43, 276, 276, 276, 174, 387, 348, 10, 398, 398, 398, 398, 374, 378, 406, 406, 406, 88, 88, 81, 81, 337, 337, 146, 324, 219, 219, 219, 152, 152, 58, 58, 27, 351, 486, 486, 486, 486, 486, 460, 460, 460, 167, 35, 35, 219, 219, 219, 485, 485, 477, 374, 374, 374, 374, 374, 304, 304, 337, 41, 19, 19, 454, 454, 229, 229, 229, 312, 312, 187, 187, 23, 23, 23, 260, 391, 391, 321, 321, 320, 320, 345, 100, 100, 497, 497, 497, 122, 216, 453, 168, 5, 258, 38, 99, 99, 338, 338, 338, 338, 338, 400, 400, 444, 171, 171, 171, 171, 171, 464, 464, 335, 14, 14, 287, 145, 145, 111, 111, 240, 240, 146, 219, 219, 219, 464, 464, 464, 222, 84, 245, 245, 245, 43, 43, 43, 364, 276, 276, 276, 276, 276, 346, 346, 346, 284, 284, 206, 206, 206, 167, 167, 35, 14, 411, 411, 411, 424, 424, 424, 153, 182, 182, 182, 182, 182, 182, 182, 122, 122, 250, 303, 195, 195, 195, 303, 117, 98, 117, 117, 48, 48, 48, 414, 170, 244, 244, 392, 244, 392, 392, 392, 244, 73, 7, 7, 321, 7, 7, 127, 451, 30, 30, 324, 301, 301, 378, 325, 114, 114, 114, 180, 486, 486, 486, 315, 460, 285, 285, 285, 467, 85, 111, 403, 146, 207, 299, 299, 434, 434, 250, 250, 413, 271, 186, 186, 99, 99, 338, 338, 395, 395, 273, 273, 432, 432, 330, 240, 240, 385, 35, 77, 164, 164, 115, 273, 273, 180, 151, 151, 151, 206, 130, 130, 402, 183, 219, 219, 219, 213, 213, 213, 246, 246, 246, 246, 301, 301, 378, 43, 43, 276, 276, 153, 153, 387, 413, 413, 360, 219, 246, 246, 246, 246, 246, 246, 246, 19, 17, 420, 420, 420, 420, 420, 420, 420, 420, 420, 420, 420, 420, 420, 420, 420, 420, 420, 420, 420, 420, 420, 420, 420, 420, 420, 420, 420, 420, 420, 420, 420, 420, 420, 420, 420, 420, 420, 420, 420, 420, 420, 420, 420, 420, 420, 420, 420, 420, 420, 420, 420, 420, 420, 420, 420, 420, 420, 420, 420, 420, 420, 420, 420, 420, 420, 420, 420, 420, 420, 420, 420, 420, 420, 420, 420, 420, 420, 420, 420, 420, 420, 420, 420, 420, 420, 420, 420, 420, 420, 420, 420, 420, 420, 420, 420, 420, 420, 420, 420, 420, 420, 420, 420, 420, 420, 420, 420, 420, 420, 420, 420, 420, 420, 420, 420, 420, 420, 420, 420, 420, 420, 420, 420, 420, 420, 420, 420, 420, 420, 420, 420, 420, 420, 420, 420, 420, 420, 420, 420, 420, 420, 420, 420, 420, 420, 420, 420, 420, 420, 420, 420, 420, 420, 420, 420, 420, 420, 420, 420, 420, 420, 420, 420, 420, 420, 420, 420, 420, 420, 420, 420, 420, 420, 420]

ep295
Train step Loss: [0.9456090331077576, 0.9456622004508972, 0.9456038475036621, 0.945599377155304, 0.9455825090408325, 0.9456092715263367, 0.9455719590187073, 0.945591926574707, 0.945624053478241, 0.9456672072410583, 0.9455877542495728, 0.9455482363700867, 0.9456913471221924, 0.9455966949462891, 0.9456210136413574, 0.9456189274787903, 0.945550262928009, 0.9455407857894897, 0.9455558061599731, 0.9455927610397339, 0.9456009864807129, 0.9455397129058838, 0.9455628991127014, 0.9456058144569397, 0.9456198811531067, 0.9456415176391602, 0.94563227891922, 0.9456269145011902, 0.9455955624580383, 0.9455323815345764, 0.945650577545166, 0.9456319808959961, 0.945565938949585, 0.9456239342689514, 0.9455650448799133, 0.9455587267875671, 0.9456071257591248, 0.9456318616867065, 0.9455339312553406, 0.9456427693367004, 0.9455760717391968, 0.9456603527069092, 0.9455760717391968, 0.9455890655517578, 0.9455761313438416, 0.9455805420875549, 0.9456132650375366, 0.9456468224525452, 0.9455992579460144, 0.9455930590629578, 0.9456087350845337, 0.9456098079681396, 0.9456424713134766, 0.9456458687782288, 0.9456520080566406, 0.9455884695053101, 0.9455245137214661, 0.9456019997596741, 0.9456228613853455, 0.945756196975708, 0.9455794095993042, 0.9455826878547668, 0.9455907940864563, 0.9456337690353394, 0.9456275105476379, 0.9455498456954956, 0.9456266164779663, 0.9455932378768921, 0.9456340670585632, 0.9456050992012024, 0.9456258416175842, 0.9456034898757935, 0.9456062316894531, 0.9455547332763672, 0.9455674290657043, 0.9455654621124268, 0.9456604719161987, 0.9455710053443909, 0.9455835223197937, 0.9456087946891785, 0.9456578493118286, 0.9456701874732971, 0.9457046985626221, 0.9456629753112793, 0.9456918239593506, 0.9455628395080566, 0.9456457495689392, 0.9456450343132019, 0.9455887675285339, 0.9456633925437927, 0.9456414580345154, 0.9455680847167969, 0.9455693364143372, 0.9455935955047607, 0.9456771612167358, 0.945602536201477, 0.9456049203872681, 0.9456117749214172, 0.9456201791763306, 0.9455399513244629, 0.9456011652946472, 0.9456780552864075, 0.9456535577774048, 0.9456022381782532, 0.9456086754798889]
val step Loss: [0.9466692209243774, 0.9460259079933167, 0.9458398818969727, 0.945838212966919, 0.9469301104545593, 0.9458495378494263, 0.9458375573158264, 0.9459211826324463, 0.9459212422370911, 0.9458418488502502, 0.9458580613136292, 0.9467373490333557, 0.9460456967353821, 0.9460866451263428, 0.9458433389663696, 0.9459310173988342, 0.945967435836792, 0.9500839710235596, 0.9459472894668579, 0.9459479451179504, 0.9469543695449829, 0.9459993243217468, 0.9459505677223206, 0.9476091861724854, 0.9509057998657227, 0.9460237622261047, 0.9461575746536255]
Train step Accs: [1.0, 1.0, 1.0, 1.0, 1.0, 1.0, 1.0, 1.0, 1.0, 1.0, 1.0, 1.0, 1.0, 1.0, 1.0, 1.0, 1.0, 1.0, 1.0, 1.0, 1.0, 1.0, 1.0, 1.0, 1.0, 1.0, 1.0, 1.0, 1.0, 1.0, 1.0, 1.0, 1.0, 1.0, 1.0, 1.0, 1.0, 1.0, 1.0, 1.0, 1.0, 1.0, 1.0, 1.0, 1.0, 1.0, 1.0, 1.0, 1.0, 1.0, 1.0, 1.0, 1.0, 1.0, 1.0, 1.0, 1.0, 1.0, 1.0, 1.0, 1.0, 1.0, 1.0, 1.0, 1.0, 1.0, 1.0, 1.0, 1.0, 1.0, 1.0, 1.0, 1.0, 1.0, 1.0, 1.0, 1.0, 1.0, 1.0, 1.0, 1.0, 1.0, 1.0, 1.0, 1.0, 1.0, 1.0, 1.0, 1.0, 1.0, 1.0, 1.0, 1.0, 1.0, 1.0, 1.0, 1.0, 1.0, 1.0, 1.0, 1.0, 1.0, 1.0, 1.0, 1.0]
val step Accs: [0.9998643516006511, 1.0, 1.0, 1.0, 0.9998321866084914, 1.0, 1.0, 1.0, 1.0, 1.0, 1.0, 0.9998530708198649, 1.0, 1.0, 1.0, 1.0, 1.0, 0.9992343032159265, 1.0, 1.0, 0.999817050859861, 1.0, 1.0, 0.9996948428440647, 0.9990838295923041, 1.0, 1.0]
Preds: [17, 17, 445, 464, 171, 171, 171, 171, 252, 252, 314, 32, 239, 36, 107, 107, 395, 213, 213, 213, 213, 246, 19, 454, 229, 229, 247, 126, 126, 126, 126, 326, 326, 408, 408, 408, 391, 228, 244, 320, 7, 7, 32, 32, 239, 108, 371, 371, 278, 278, 422, 236, 239, 239, 384, 449, 371, 470, 180, 443, 443, 443, 443, 403, 403, 171, 438, 203, 399, 217, 250, 250, 250, 138, 153, 88, 132, 374, 219, 219, 219, 219, 219, 464, 464, 171, 171, 171, 171, 246, 246, 246, 246, 24, 24, 239, 239, 384, 384, 420, 324, 324, 340, 116, 10, 10, 309, 479, 479, 331, 106, 153, 426, 426, 293, 293, 293, 98, 98, 335, 335, 226, 226, 209, 188, 188, 213, 324, 301, 8, 8, 239, 354, 354, 106, 355, 355, 376, 376, 460, 452, 263, 263, 263, 13, 229, 229, 82, 312, 23, 23, 23, 408, 149, 228, 244, 320, 479, 479, 398, 324, 422, 143, 465, 465, 354, 354, 346, 284, 486, 206, 169, 150, 342, 342, 164, 164, 224, 273, 470, 403, 403, 464, 464, 464, 355, 178, 143, 129, 458, 208, 208, 441, 100, 387, 387, 313, 236, 239, 239, 310, 107, 107, 395, 278, 443, 443, 240, 215, 215, 129, 259, 354, 284, 206, 460, 240, 35, 36, 164, 342, 351, 180, 486, 460, 460, 178, 178, 233, 458, 192, 192, 41, 41, 41, 41, 19, 19, 19, 454, 454, 229, 229, 82, 126, 126, 292, 326, 408, 408, 149, 244, 244, 373, 338, 338, 338, 395, 494, 374, 416, 8, 32, 239, 354, 65, 65, 481, 481, 481, 293, 143, 35, 458, 208, 100, 100, 387, 387, 122, 236, 129, 259, 310, 108, 323, 224, 397, 106, 88, 88, 387, 203, 399, 217, 473, 473, 398, 324, 464, 422, 416, 143, 458, 144, 208, 27, 441, 125, 125, 387, 206, 175, 251, 251, 241, 431, 486, 460, 460, 167, 178, 35, 77, 342, 342, 342, 224, 267, 267, 444, 324, 246, 246, 477, 301, 313, 325, 325, 34, 324, 324, 301, 422, 24, 239, 384, 371, 180, 486, 486, 460, 240, 240, 24, 239, 310, 107, 395, 255, 416, 143, 129, 401, 259, 320, 354, 354, 109, 337, 41, 324, 19, 19, 454, 454, 229, 229, 247, 312, 187, 187, 187, 408, 408, 391, 391, 73, 244, 320, 7, 7, 371, 398, 324, 301, 116, 251, 251, 331, 106, 88, 88, 88, 106, 284, 405, 206, 206, 178, 35, 35, 401, 259, 354, 106, 284, 405, 405, 206, 178, 178, 35, 233, 401, 401, 320, 7, 276, 100, 375, 98, 98, 98, 249, 305, 305, 170, 244, 28, 28, 392, 392, 392, 63, 63, 392, 63, 63, 63, 392, 63, 63, 63, 63, 63, 244, 195, 305, 211, 211, 17, 420, 420, 420, 420, 420, 420, 420, 420, 420, 420, 420, 420, 420, 420, 420, 420, 420, 420, 420, 420, 420, 420, 420, 420, 420, 420, 420, 420, 420, 420, 420, 420, 420, 420, 420, 420, 420, 420, 420, 420, 420, 420, 420, 420, 420, 420, 420, 420, 420, 420, 420, 420, 420, 420, 420, 420, 420, 420, 420, 420, 420, 420, 420, 420, 420, 420, 420, 420, 420, 420, 420, 420, 420, 420, 420, 420, 420, 420, 420, 420, 420, 420, 420, 420, 420, 420, 420, 420, 420, 420, 420, 420, 420, 420, 420, 420, 420, 420, 420, 420, 420, 420, 420, 420, 420, 420, 420, 420, 420, 420, 420, 420, 420, 420, 420, 420, 420, 420, 420, 420, 420, 420, 420, 420, 420, 420, 420, 420, 420, 420, 420, 420, 420, 420, 420, 420, 420, 420]

ep296
Train step Loss: [0.9455934762954712, 0.9455951452255249, 0.945610523223877, 0.9456610679626465, 0.945635199546814, 0.9455487728118896, 0.9456328749656677, 0.9455211162567139, 0.945543110370636, 0.9456242918968201, 0.9456959366798401, 0.9456226229667664, 0.9455901384353638, 0.945613443851471, 0.9455512166023254, 0.9456397891044617, 0.9455938339233398, 0.9456129670143127, 0.9455900192260742, 0.9456213116645813, 0.9456043243408203, 0.945639967918396, 0.9455897808074951, 0.9456142783164978, 0.9456144571304321, 0.9456000328063965, 0.9456402659416199, 0.9455833435058594, 0.9456429481506348, 0.9456288814544678, 0.9455869197845459, 0.9456519484519958, 0.9455997943878174, 0.945599377155304, 0.9455772638320923, 0.945586085319519, 0.945579469203949, 0.9456133246421814, 0.945589542388916, 0.9456071853637695, 0.9456441402435303, 0.9456533193588257, 0.9456506967544556, 0.94561767578125, 0.9455556273460388, 0.9455704689025879, 0.9455154538154602, 0.9456344842910767, 0.9455333948135376, 0.9456253051757812, 0.945604145526886, 0.9456077218055725, 0.9455848336219788, 0.9456156492233276, 0.9455457925796509, 0.9456692934036255, 0.9455822110176086, 0.9455687999725342, 0.9456070065498352, 0.9456133246421814, 0.945577085018158, 0.9456693530082703, 0.945625901222229, 0.9456139802932739, 0.945650577545166, 0.9456244111061096, 0.9455851912498474, 0.945595383644104, 0.9456313848495483, 0.9455617666244507, 0.9456415772438049, 0.9455750584602356, 0.9455658793449402, 0.9455394148826599, 0.945631742477417, 0.9456048011779785, 0.9455704689025879, 0.9455553293228149, 0.9456484913825989, 0.945631206035614, 0.9455965757369995, 0.945615828037262, 0.9456843733787537, 0.9455758929252625, 0.9456129670143127, 0.9457021951675415, 0.9455544948577881, 0.945574939250946, 0.9456542730331421, 0.9455869197845459, 0.9456039667129517, 0.9456319212913513, 0.9456713199615479, 0.9456159472465515, 0.9455904960632324, 0.9456376433372498, 0.9455763101577759, 0.9455639719963074, 0.9455993175506592, 0.9455833435058594, 0.9456218481063843, 0.9456706047058105, 0.9456324577331543, 0.9455873966217041, 0.9455636739730835]
val step Loss: [0.9461435675621033, 0.945992112159729, 0.9511286020278931, 0.9459794163703918, 0.9459781050682068, 0.9460218548774719, 0.9458373188972473, 0.9512509703636169, 0.9459472894668579, 0.9460470676422119, 0.9460112452507019, 0.9460207223892212, 0.9460240006446838, 0.9461782574653625, 0.9460192322731018, 0.9460073113441467, 0.9459720849990845, 0.9473312497138977, 0.9459664821624756, 0.9459353685379028, 0.948878288269043, 0.9468475580215454, 0.9458267092704773, 0.9459960460662842, 0.9459956884384155, 0.9459020495414734, 0.9460224509239197]
Train step Accs: [1.0, 1.0, 1.0, 1.0, 1.0, 1.0, 1.0, 1.0, 1.0, 1.0, 1.0, 1.0, 1.0, 1.0, 1.0, 1.0, 1.0, 1.0, 1.0, 1.0, 1.0, 1.0, 1.0, 1.0, 1.0, 1.0, 1.0, 1.0, 1.0, 1.0, 1.0, 1.0, 1.0, 1.0, 1.0, 1.0, 1.0, 1.0, 1.0, 1.0, 1.0, 1.0, 1.0, 1.0, 1.0, 1.0, 1.0, 1.0, 1.0, 1.0, 1.0, 1.0, 1.0, 1.0, 1.0, 1.0, 1.0, 1.0, 1.0, 1.0, 1.0, 1.0, 1.0, 1.0, 1.0, 1.0, 1.0, 1.0, 1.0, 1.0, 1.0, 1.0, 1.0, 1.0, 1.0, 1.0, 1.0, 1.0, 1.0, 1.0, 1.0, 1.0, 1.0, 1.0, 1.0, 1.0, 1.0, 1.0, 1.0, 1.0, 1.0, 1.0, 1.0, 1.0, 1.0, 1.0, 1.0, 1.0, 1.0, 1.0, 1.0, 1.0, 1.0, 1.0, 1.0]
val step Accs: [1.0, 1.0, 0.9990766389658357, 1.0, 1.0, 1.0, 1.0, 0.9990444338270426, 1.0, 1.0, 1.0, 1.0, 1.0, 1.0, 1.0, 1.0, 1.0, 0.9997970367363507, 1.0, 1.0, 0.9994667614646285, 0.9998385794995964, 1.0, 1.0, 1.0, 1.0, 1.0]
Preds: [17, 17, 32, 239, 384, 377, 371, 374, 374, 374, 132, 8, 8, 259, 354, 354, 180, 180, 443, 120, 120, 120, 120, 120, 240, 240, 240, 216, 285, 84, 84, 302, 302, 100, 375, 375, 375, 98, 98, 98, 229, 229, 247, 312, 312, 187, 1, 101, 101, 101, 321, 321, 287, 287, 287, 287, 284, 284, 284, 206, 167, 348, 379, 77, 77, 478, 66, 323, 323, 172, 115, 273, 273, 273, 151, 240, 240, 285, 199, 111, 111, 111, 111, 438, 438, 438, 219, 324, 324, 464, 464, 464, 464, 301, 301, 143, 35, 74, 437, 437, 437, 284, 284, 285, 285, 106, 284, 284, 284, 284, 426, 426, 293, 293, 293, 182, 346, 346, 284, 284, 284, 284, 426, 481, 293, 293, 43, 43, 276, 276, 276, 174, 387, 348, 10, 398, 398, 398, 398, 374, 378, 406, 406, 406, 88, 88, 81, 81, 337, 337, 146, 324, 219, 219, 219, 152, 152, 58, 58, 27, 351, 486, 486, 486, 486, 486, 460, 460, 460, 167, 35, 35, 219, 219, 219, 485, 485, 477, 374, 374, 374, 374, 374, 304, 304, 337, 41, 19, 19, 454, 454, 229, 229, 229, 312, 312, 187, 187, 23, 23, 23, 260, 391, 391, 321, 321, 320, 320, 345, 100, 100, 497, 497, 497, 122, 216, 453, 168, 5, 258, 38, 99, 99, 338, 338, 338, 338, 338, 400, 400, 444, 171, 171, 171, 171, 171, 464, 464, 335, 14, 14, 287, 145, 145, 111, 111, 240, 240, 146, 219, 219, 219, 464, 464, 464, 222, 84, 245, 245, 245, 43, 43, 43, 364, 276, 276, 276, 276, 276, 346, 346, 346, 284, 284, 206, 206, 206, 167, 167, 35, 14, 411, 411, 411, 424, 424, 424, 153, 182, 182, 182, 182, 182, 182, 182, 122, 122, 250, 303, 195, 195, 195, 303, 117, 98, 117, 117, 48, 48, 48, 414, 170, 244, 244, 392, 244, 392, 392, 392, 244, 73, 7, 7, 321, 7, 7, 127, 451, 30, 30, 324, 301, 301, 378, 325, 114, 114, 114, 180, 486, 486, 486, 315, 460, 285, 285, 285, 467, 85, 111, 403, 146, 207, 299, 299, 434, 434, 250, 250, 413, 271, 186, 186, 99, 99, 338, 338, 395, 395, 273, 273, 432, 432, 330, 240, 240, 385, 35, 77, 164, 164, 115, 273, 273, 180, 151, 151, 151, 206, 130, 130, 402, 183, 219, 219, 219, 213, 213, 213, 246, 246, 246, 246, 301, 301, 378, 43, 43, 276, 276, 153, 153, 387, 413, 413, 360, 219, 246, 246, 246, 246, 246, 246, 246, 19, 17, 420, 420, 420, 420, 420, 420, 420, 420, 420, 420, 420, 420, 420, 420, 420, 420, 420, 420, 420, 420, 420, 420, 420, 420, 420, 420, 420, 420, 420, 420, 420, 420, 420, 420, 420, 420, 420, 420, 420, 420, 420, 420, 420, 420, 420, 420, 420, 420, 420, 420, 420, 420, 420, 420, 420, 420, 420, 420, 420, 420, 420, 420, 420, 420, 420, 420, 420, 420, 420, 420, 420, 420, 420, 420, 420, 420, 420, 420, 420, 420, 420, 420, 420, 420, 420, 420, 420, 420, 420, 420, 420, 420, 420, 420, 420, 420, 420, 420, 420, 420, 420, 420, 420, 420, 420, 420, 420, 420, 420, 420, 420, 420, 420, 420, 420, 420, 420, 420, 420, 420, 420, 420, 420, 420, 420, 420, 420, 420, 420, 420, 420, 420, 420, 420, 420, 420, 420, 420, 420, 420, 420, 420, 420, 420, 420, 420, 420, 420, 420, 420, 420, 420, 420, 420, 420, 420, 420, 420, 420, 420, 420, 420, 420, 420, 420, 420, 420, 420, 420, 420, 420, 420, 420, 420]

ep297
Train step Loss: [0.9456419348716736, 0.945594072341919, 0.945560097694397, 0.9455916881561279, 0.9455993175506592, 0.945633053779602, 0.9456273913383484, 0.9455740451812744, 0.9456564784049988, 0.9456475973129272, 0.945590615272522, 0.9456072449684143, 0.945594310760498, 0.9456173777580261, 0.9456225037574768, 0.9456391930580139, 0.9456227421760559, 0.9456206560134888, 0.9456288814544678, 0.9457119703292847, 0.945618212223053, 0.9456640481948853, 0.9455808997154236, 0.9456050395965576, 0.9455972909927368, 0.9456486701965332, 0.9456588625907898, 0.9456185698509216, 0.9456012845039368, 0.9455989599227905, 0.9456152319908142, 0.9456081986427307, 0.9456294775009155, 0.9455851912498474, 0.9456071257591248, 0.945598840713501, 0.9456567764282227, 0.945594847202301, 0.9455956816673279, 0.9456489682197571, 0.9456119537353516, 0.9455814361572266, 0.9456071257591248, 0.9456462264060974, 0.9456392526626587, 0.9455603957176208, 0.9455539584159851, 0.9455639719963074, 0.9455950856208801, 0.9456473588943481, 0.94562166929245, 0.9456482529640198, 0.9455927610397339, 0.9455966353416443, 0.9456536769866943, 0.945546567440033, 0.9456587433815002, 0.9456276893615723, 0.9455750584602356, 0.9455775618553162, 0.9456225633621216, 0.9456179738044739, 0.9455705881118774, 0.9456273913383484, 0.9455719590187073, 0.9456055760383606, 0.9456132054328918, 0.945597767829895, 0.9456254243850708, 0.9455929398536682, 0.9455745816230774, 0.9456007480621338, 0.9456523656845093, 0.9455594420433044, 0.9455735087394714, 0.945637583732605, 0.9456354379653931, 0.9456259608268738, 0.9456408023834229, 0.945647120475769, 0.945636510848999, 0.945549726486206, 0.9455366730690002, 0.945625901222229, 0.9455904960632324, 0.9455994367599487, 0.9456047415733337, 0.9455575942993164, 0.9455883502960205, 0.9457069039344788, 0.9456290006637573, 0.9456568956375122, 0.9456509351730347, 0.9455811381340027, 0.9456297755241394, 0.9455855488777161, 0.9456193447113037, 0.945634126663208, 0.9456246495246887, 0.9456205368041992, 0.9455943703651428, 0.9455522298812866, 0.9457007646560669, 0.9455774426460266, 0.9456159472465515]
val step Loss: [0.9458845853805542, 0.9475235342979431, 0.946046769618988, 0.9501510858535767, 0.9457859992980957, 0.9460445046424866, 0.9470931887626648, 0.9519459009170532, 0.9459924697875977, 0.9458823204040527, 0.9460403919219971, 0.9459811449050903, 0.945902943611145, 0.945918083190918, 0.945904016494751, 0.9458832740783691, 0.9457775950431824, 0.9459651708602905, 0.9478626251220703, 0.9459560513496399, 0.9460512399673462, 0.9459661841392517, 0.9458311796188354, 0.9459319710731506, 0.946122944355011, 0.9459989666938782, 0.9462323784828186]
Train step Accs: [1.0, 1.0, 1.0, 1.0, 1.0, 1.0, 1.0, 1.0, 1.0, 1.0, 1.0, 1.0, 1.0, 1.0, 1.0, 1.0, 1.0, 1.0, 1.0, 1.0, 1.0, 1.0, 1.0, 1.0, 1.0, 1.0, 1.0, 1.0, 1.0, 1.0, 1.0, 1.0, 1.0, 1.0, 1.0, 1.0, 1.0, 1.0, 1.0, 1.0, 1.0, 1.0, 1.0, 1.0, 1.0, 1.0, 1.0, 1.0, 1.0, 1.0, 1.0, 1.0, 1.0, 1.0, 1.0, 1.0, 1.0, 1.0, 1.0, 1.0, 1.0, 1.0, 1.0, 1.0, 1.0, 1.0, 1.0, 1.0, 1.0, 1.0, 1.0, 1.0, 1.0, 1.0, 1.0, 1.0, 1.0, 1.0, 1.0, 1.0, 1.0, 1.0, 1.0, 1.0, 1.0, 1.0, 1.0, 1.0, 1.0, 1.0, 1.0, 1.0, 1.0, 1.0, 1.0, 1.0, 1.0, 1.0, 1.0, 1.0, 1.0, 1.0, 1.0, 1.0, 1.0]
val step Accs: [1.0, 0.9997117740308402, 1.0, 0.9992240844196152, 1.0, 1.0, 0.999822883457315, 0.9988884772137829, 1.0, 1.0, 1.0, 1.0, 1.0, 1.0, 1.0, 1.0, 1.0, 1.0, 0.9996577686516085, 1.0, 1.0, 1.0, 1.0, 1.0, 1.0, 1.0, 1.0]
Preds: [17, 17, 296, 479, 479, 278, 278, 252, 143, 143, 129, 259, 144, 445, 445, 180, 403, 403, 403, 290, 290, 290, 434, 246, 246, 246, 246, 246, 246, 19, 19, 19, 454, 414, 442, 414, 170, 244, 244, 187, 408, 392, 244, 244, 244, 244, 244, 7, 152, 152, 152, 422, 349, 234, 234, 261, 25, 106, 106, 499, 284, 306, 306, 406, 406, 467, 284, 284, 287, 284, 284, 284, 450, 450, 450, 293, 413, 413, 251, 251, 251, 241, 431, 431, 428, 428, 428, 428, 146, 146, 146, 358, 465, 164, 352, 164, 352, 25, 34, 324, 324, 301, 301, 8, 205, 261, 25, 106, 100, 153, 43, 43, 182, 182, 387, 387, 169, 169, 349, 352, 352, 397, 397, 133, 43, 43, 276, 276, 346, 346, 387, 387, 215, 35, 401, 259, 345, 345, 387, 240, 236, 129, 75, 164, 27, 351, 355, 355, 355, 240, 215, 8, 239, 354, 354, 420, 324, 324, 416, 143, 401, 82, 244, 354, 420, 278, 154, 178, 143, 458, 82, 192, 27, 351, 443, 443, 240, 240, 325, 34, 34, 324, 324, 339, 339, 94, 398, 398, 340, 116, 10, 10, 479, 398, 398, 374, 374, 330, 468, 406, 406, 467, 88, 387, 387, 169, 186, 99, 338, 338, 338, 338, 395, 395, 432, 330, 330, 388, 348, 10, 10, 479, 331, 331, 84, 350, 387, 387, 240, 251, 251, 251, 114, 114, 278, 278, 278, 31, 99, 338, 338, 338, 338, 338, 395, 395, 464, 464, 120, 355, 355, 355, 169, 215, 349, 205, 261, 25, 420, 324, 422, 143, 458, 244, 208, 208, 441, 441, 141, 141, 38, 162, 232, 232, 232, 68, 68, 68, 115, 115, 267, 267, 267, 213, 246, 246, 19, 454, 229, 247, 126, 126, 326, 326, 326, 101, 101, 101, 149, 149, 228, 321, 83, 287, 111, 55, 438, 299, 299, 434, 339, 10, 10, 10, 309, 479, 398, 213, 213, 213, 246, 246, 246, 301, 143, 129, 129, 401, 259, 354, 354, 106, 486, 486, 460, 215, 215, 401, 244, 75, 354, 346, 284, 206, 240, 236, 36, 36, 342, 115, 273, 180, 499, 486, 460, 178, 178, 233, 82, 192, 192, 445, 445, 213, 41, 41, 19, 19, 17, 420, 420, 420, 420, 420, 420, 420, 420, 420, 420, 420, 420, 420, 420, 420, 420, 420, 420, 420, 420, 420, 420, 420, 420, 420, 420, 420, 420, 420, 420, 420, 420, 420, 420, 420, 420, 420, 420, 420, 420, 420, 420, 420, 420, 420, 420, 420, 420, 420, 420, 420, 420, 420, 420, 420, 420, 420, 420, 420, 420, 420, 420, 420, 420, 420, 420, 420, 420, 420, 420, 420, 420, 420, 420, 420, 420, 420, 420, 420, 420, 420, 420, 420, 420, 420, 420, 420, 420, 420, 420, 420, 420, 420, 420, 420, 420, 420, 420, 420, 420, 420, 420, 420, 420, 420, 420, 420, 420, 420, 420, 420, 420, 420, 420, 420, 420, 420, 420, 420, 420, 420, 420, 420, 420, 420, 420, 420, 420, 420, 420, 420, 420, 420, 420, 420, 420, 420, 420, 420, 420, 420, 420, 420, 420, 420, 420, 420, 420, 420, 420, 420, 420, 420, 420, 420, 420, 420, 420, 420, 420, 420, 420, 420, 420, 420, 420, 420, 420, 420, 420, 420, 420, 420, 420, 420, 420, 420, 420, 420, 420, 420, 420, 420, 420, 420, 420, 420, 420, 420, 420, 420, 420, 420, 420, 420, 420, 420, 420, 420, 420, 420, 420, 420, 420, 420, 420, 420, 420, 420, 420, 420, 420, 420, 420, 420, 420, 420, 420, 420, 420, 420, 420, 420, 420, 420, 420, 420, 420, 420, 420, 420]

ep298
Train step Loss: [0.9456652998924255, 0.9456039071083069, 0.9456201195716858, 0.945586085319519, 0.9456745386123657, 0.9456133842468262, 0.9456173181533813, 0.9456294775009155, 0.9455925822257996, 0.9456604719161987, 0.9456034898757935, 0.9456548690795898, 0.9456217288970947, 0.9456210136413574, 0.9456846714019775, 0.9455987811088562, 0.9456006288528442, 0.9455571174621582, 0.9456203579902649, 0.9456956386566162, 0.9456589221954346, 0.9456352591514587, 0.9455899596214294, 0.9456666707992554, 0.9455876350402832, 0.945594310760498, 0.9456278681755066, 0.9455280900001526, 0.9455931782722473, 0.945617139339447, 0.9456520080566406, 0.945590615272522, 0.9455820918083191, 0.9456580877304077, 0.9456343054771423, 0.9455891251564026, 0.94566810131073, 0.9455692768096924, 0.9456772804260254, 0.9455229640007019, 0.9456005096435547, 0.9457345604896545, 0.9455788135528564, 0.9455587863922119, 0.9456003308296204, 0.9457269906997681, 0.9456509351730347, 0.9456706047058105, 0.94556725025177, 0.9456849098205566, 0.9456162452697754, 0.9456402063369751, 0.9456590414047241, 0.9456280469894409, 0.9456586837768555, 0.9456408619880676, 0.9456593990325928, 0.9457138180732727, 0.9456257224082947, 0.94554603099823, 0.9455924034118652, 0.9456531405448914, 0.9456350207328796, 0.9455308318138123, 0.9456386566162109, 0.9456096887588501, 0.9456538558006287, 0.9456192255020142, 0.9455898404121399, 0.945563554763794, 0.9457007050514221, 0.9456691145896912, 0.9456790685653687, 0.9455962181091309, 0.9456329345703125, 0.9455869197845459, 0.9456239938735962, 0.9456474781036377, 0.9456197023391724, 0.9456109404563904, 0.9456315040588379, 0.945581316947937, 0.9456337690353394, 0.9456661939620972, 0.9455751180648804, 0.9455661177635193, 0.9455674886703491, 0.9456197023391724, 0.9456032514572144, 0.945614755153656, 0.945592999458313, 0.9455792307853699, 0.9457141757011414, 0.9455463290214539, 0.9455411434173584, 0.9456297159194946, 0.9456387162208557, 0.9456825852394104, 0.9456831216812134, 0.9456251859664917, 0.9456735253334045, 0.9455230832099915, 0.9456245303153992, 0.9457149505615234, 0.9456227421760559]
val step Loss: [0.9501324892044067, 0.9459694027900696, 0.9461431503295898, 0.945813775062561, 0.9456939697265625, 0.9458392262458801, 0.9459397792816162, 0.9458826780319214, 0.9458659291267395, 0.9460387229919434, 0.9458978772163391, 0.9459490180015564, 0.9467799663543701, 0.9476063251495361, 0.9511138796806335, 0.9460878968238831, 0.9460377097129822, 0.9459809064865112, 0.9458956718444824, 0.9459586143493652, 0.9459088444709778, 0.9486188888549805, 0.9457953572273254, 0.946029007434845, 0.9460067749023438, 0.9457492232322693, 0.9458183646202087]
Train step Accs: [1.0, 1.0, 1.0, 1.0, 1.0, 1.0, 1.0, 1.0, 1.0, 1.0, 1.0, 1.0, 1.0, 1.0, 1.0, 1.0, 1.0, 1.0, 1.0, 1.0, 1.0, 1.0, 1.0, 1.0, 1.0, 1.0, 1.0, 1.0, 1.0, 1.0, 1.0, 1.0, 1.0, 1.0, 1.0, 1.0, 1.0, 1.0, 1.0, 1.0, 1.0, 1.0, 1.0, 1.0, 1.0, 1.0, 1.0, 1.0, 1.0, 1.0, 1.0, 1.0, 1.0, 1.0, 1.0, 1.0, 1.0, 1.0, 1.0, 1.0, 1.0, 1.0, 1.0, 1.0, 1.0, 1.0, 1.0, 1.0, 1.0, 1.0, 1.0, 1.0, 1.0, 1.0, 1.0, 1.0, 1.0, 1.0, 1.0, 1.0, 1.0, 1.0, 1.0, 1.0, 1.0, 1.0, 1.0, 1.0, 1.0, 1.0, 1.0, 1.0, 1.0, 1.0, 1.0, 1.0, 1.0, 1.0, 1.0, 1.0, 1.0, 1.0, 1.0, 1.0, 1.0]
val step Accs: [0.9992225461613217, 1.0, 1.0, 1.0, 1.0, 1.0, 1.0, 1.0, 1.0, 1.0, 1.0, 1.0, 0.999844840961986, 0.9997143673236218, 0.9990339719851876, 1.0, 1.0, 1.0, 1.0, 1.0, 1.0, 0.9994934143870314, 1.0, 1.0, 1.0, 1.0, 1.0]
Preds: [17, 17, 17, 451, 152, 152, 374, 378, 42, 406, 406, 499, 387, 387, 387, 387, 337, 219, 219, 219, 324, 324, 434, 339, 10, 10, 309, 479, 398, 324, 278, 301, 143, 129, 401, 244, 321, 354, 354, 265, 428, 428, 146, 146, 146, 324, 324, 301, 215, 32, 32, 102, 354, 354, 106, 106, 284, 265, 206, 282, 282, 388, 303, 212, 219, 324, 324, 301, 116, 10, 94, 479, 331, 331, 428, 428, 428, 146, 146, 252, 252, 239, 239, 310, 310, 107, 107, 395, 374, 374, 132, 132, 219, 286, 464, 464, 464, 355, 355, 355, 460, 452, 263, 263, 263, 78, 170, 170, 244, 392, 392, 392, 392, 392, 392, 392, 392, 244, 73, 244, 209, 83, 55, 443, 240, 314, 314, 32, 32, 354, 354, 180, 264, 264, 84, 84, 406, 406, 406, 406, 413, 413, 413, 399, 217, 217, 473, 65, 464, 464, 171, 252, 143, 143, 239, 82, 310, 107, 395, 400, 324, 286, 464, 464, 464, 443, 355, 355, 460, 240, 169, 35, 224, 224, 494, 494, 8, 196, 217, 479, 473, 283, 278, 422, 143, 36, 75, 310, 107, 395, 485, 324, 301, 251, 251, 219, 398, 374, 374, 374, 26, 251, 251, 241, 431, 367, 496, 497, 43, 233, 233, 401, 244, 208, 100, 100, 100, 98, 98, 98, 17, 17, 420, 420, 420, 420, 420, 420, 420, 420, 420, 420, 420, 420, 420, 420, 420, 420, 420, 420, 420, 420, 420, 420, 420, 420, 420, 420, 420, 420, 420, 420, 420, 420, 420, 420, 420, 420, 420, 420, 420, 420, 420, 420, 420, 420, 420, 420, 420, 420, 420, 420, 420, 420, 420, 420, 420, 420, 420, 420, 420, 420, 420, 420, 420, 420, 420, 420, 420, 420, 420, 420, 420, 420, 420, 420, 420, 420, 420, 420, 420, 420, 420, 420, 420, 420, 420, 420, 420, 420, 420, 420, 420, 420, 420, 420, 420, 420, 420, 420, 420, 420, 420, 420, 420, 420, 420, 420, 420, 420, 420, 420, 420, 420, 420, 420, 420, 420, 420, 420, 420, 420, 420, 420, 420, 420, 420, 420, 420, 420, 420, 420, 420, 420, 420, 420, 420, 420, 420, 420, 420, 420, 420, 420, 420, 420, 420, 420, 420, 420, 420, 420, 420, 420, 420, 420, 420, 420, 420, 420, 420, 420, 420, 420, 420, 420, 420, 420, 420, 420, 420, 420, 420, 420, 420, 420, 420, 420, 420, 420, 420, 420, 420, 420, 420, 420, 420, 420, 420, 420, 420, 420, 420, 420, 420, 420, 420, 420, 420, 420, 420, 420, 420, 420, 420, 420, 420, 420, 420, 420, 420, 420, 420, 420, 420, 420, 420, 420, 420, 420, 420, 420, 420, 420, 420, 420, 420, 420, 420, 420, 420, 420, 420, 420, 420, 420, 420, 420, 420, 420, 420, 420, 420, 420, 420, 420, 420, 420, 420, 420, 420, 420, 420, 420, 420, 420, 420, 420, 420, 420, 420, 420, 420, 420, 420, 420, 420, 420, 420, 420, 420, 420, 420, 420, 420, 420, 420, 420, 420, 420, 420, 420, 420, 420, 420, 420, 420, 420, 420, 420, 420, 420, 420, 420, 420, 420, 420, 420, 420, 420, 420, 420, 420, 420, 420, 420, 420, 420, 420, 420, 420, 420, 420, 420, 420, 420, 420, 420, 420, 420, 420, 420, 420, 420, 420, 420, 420, 420, 420, 420, 420, 420, 420, 420, 420, 420, 420, 420, 420, 420, 420, 420, 420, 420, 420, 420, 420, 420, 420, 420, 420, 420, 420, 420, 420, 420, 420, 420, 420, 420, 420, 420, 420, 420, 420, 420, 420, 420, 420, 420, 420, 420, 420, 420, 420, 420, 420, 420, 420, 420]

ep299
Train step Loss: [0.9455920457839966, 0.9456173777580261, 0.9456840753555298, 0.945671796798706, 0.9457107782363892, 0.9456812143325806, 0.9456074237823486, 0.945703387260437, 0.9456490874290466, 0.9455825686454773, 0.9456025958061218, 0.945605993270874, 0.9456024765968323, 0.9456011056900024, 0.9456505179405212, 0.9456145167350769, 0.9456621408462524, 0.9456557035446167, 0.9455767869949341, 0.9455668926239014, 0.9455443620681763, 0.9456043839454651, 0.9455937743186951, 0.9456543326377869, 0.9455932378768921, 0.9455876350402832, 0.9456587433815002, 0.9456319212913513, 0.9455909729003906, 0.9456122517585754, 0.9455629587173462, 0.945594310760498, 0.945620059967041, 0.9455972909927368, 0.9456896185874939, 0.9456745386123657, 0.9456133842468262, 0.9456904530525208, 0.945605456829071, 0.945643424987793, 0.9456664323806763, 0.9456639289855957, 0.9456567764282227, 0.9456163644790649, 0.9455980062484741, 0.9455903768539429, 0.9455628395080566, 0.9456447958946228, 0.945629894733429, 0.9457077980041504, 0.9456366896629333, 0.945615291595459, 0.9456005692481995, 0.9456167221069336, 0.9456406831741333, 0.945701003074646, 0.945554792881012, 0.9456040859222412, 0.9456389546394348, 0.9455947279930115, 0.9456250667572021, 0.9456018209457397, 0.9456983804702759, 0.9455934762954712, 0.945622444152832, 0.9456320405006409, 0.9455968737602234, 0.9456869959831238, 0.9456813931465149, 0.9456018805503845, 0.9455665349960327, 0.9455994367599487, 0.9455960988998413, 0.9456630945205688, 0.9455493092536926, 0.9456262588500977, 0.9456794857978821, 0.9455760717391968, 0.9455116391181946, 0.9455910921096802, 0.9456484317779541, 0.9455539584159851, 0.9456321597099304, 0.9455427527427673, 0.945594072341919, 0.9455882906913757, 0.9456084966659546, 0.9455937147140503, 0.9456213712692261, 0.9457100629806519, 0.9455786943435669, 0.9456329345703125, 0.9455910921096802, 0.9456806182861328, 0.945669412612915, 0.9456093311309814, 0.9456332325935364, 0.9456180930137634, 0.9456490278244019, 0.9456539154052734, 0.94561767578125, 0.9455596208572388, 0.9456145167350769, 0.9456601738929749, 0.9456655979156494]
val step Loss: [0.9515345692634583, 0.9499924182891846, 0.9470008611679077, 0.9459291696548462, 0.946107029914856, 0.946000337600708, 0.9458643794059753, 0.9460321068763733, 0.9459275603294373, 0.946054220199585, 0.9459773302078247, 0.946068286895752, 0.9459356665611267, 0.9469944834709167, 0.9479905366897583, 0.9460588693618774, 0.9468827247619629, 0.9461058378219604, 0.9458839893341064, 0.9461462497711182, 0.9460211396217346, 0.9458321928977966, 0.9459123611450195, 0.9460837244987488, 0.9459590315818787, 0.9460697174072266, 0.9459900259971619]
Train step Accs: [1.0, 1.0, 1.0, 1.0, 1.0, 1.0, 1.0, 1.0, 1.0, 1.0, 1.0, 1.0, 1.0, 1.0, 1.0, 1.0, 1.0, 1.0, 1.0, 1.0, 1.0, 1.0, 1.0, 1.0, 1.0, 1.0, 1.0, 1.0, 1.0, 1.0, 1.0, 1.0, 1.0, 1.0, 1.0, 1.0, 1.0, 1.0, 1.0, 1.0, 1.0, 1.0, 1.0, 1.0, 1.0, 1.0, 1.0, 1.0, 1.0, 1.0, 1.0, 1.0, 1.0, 1.0, 1.0, 1.0, 1.0, 1.0, 1.0, 1.0, 1.0, 1.0, 1.0, 1.0, 1.0, 1.0, 1.0, 1.0, 1.0, 1.0, 1.0, 1.0, 1.0, 1.0, 1.0, 1.0, 1.0, 1.0, 1.0, 1.0, 1.0, 1.0, 1.0, 1.0, 1.0, 1.0, 1.0, 1.0, 1.0, 1.0, 1.0, 1.0, 1.0, 1.0, 1.0, 1.0, 1.0, 1.0, 1.0, 1.0, 1.0, 1.0, 1.0, 1.0, 1.0]
val step Accs: [0.9989718985606579, 0.9992581602373887, 0.9998372925479987, 1.0, 1.0, 1.0, 1.0, 1.0, 1.0, 1.0, 1.0, 1.0, 1.0, 0.9998165137614679, 0.9996558251591808, 1.0, 0.999820014398848, 1.0, 1.0, 1.0, 1.0, 1.0, 1.0, 1.0, 1.0, 1.0, 1.0]
Preds: [17, 17, 296, 17, 17, 17, 17, 363, 363, 363, 363, 363, 101, 149, 321, 321, 287, 287, 287, 284, 206, 167, 35, 320, 320, 29, 287, 287, 111, 111, 468, 468, 467, 146, 146, 443, 330, 330, 330, 348, 175, 65, 65, 106, 293, 293, 293, 293, 413, 348, 348, 466, 479, 479, 331, 331, 486, 486, 486, 460, 240, 173, 8, 280, 29, 106, 284, 284, 240, 285, 285, 467, 180, 180, 486, 486, 486, 486, 460, 240, 175, 175, 81, 431, 431, 85, 403, 403, 403, 207, 207, 207, 246, 246, 246, 246, 246, 19, 19, 454, 229, 259, 321, 247, 126, 126, 408, 408, 408, 408, 228, 321, 75, 66, 68, 172, 115, 115, 267, 444, 278, 378, 378, 345, 345, 100, 100, 497, 497, 186, 99, 338, 338, 400, 400, 400, 301, 301, 378, 345, 109, 499, 499, 151, 151, 253, 453, 342, 168, 168, 180, 151, 151, 460, 178, 178, 192, 192, 445, 451, 41, 41, 41, 41, 19, 19, 19, 454, 454, 13, 414, 170, 244, 244, 244, 392, 244, 392, 392, 321, 321, 321, 7, 479, 479, 331, 331, 331, 480, 319, 111, 460, 438, 416, 216, 192, 114, 180, 180, 443, 443, 443, 139, 139, 293, 274, 274, 35, 192, 445, 464, 464, 171, 171, 252, 416, 458, 192, 445, 180, 464, 264, 264, 264, 264, 315, 315, 113, 450, 450, 293, 169, 150, 150, 54, 54, 142, 397, 397, 196, 147, 147, 109, 288, 403, 171, 171, 252, 252, 24, 310, 310, 107, 395, 395, 286, 286, 120, 120, 120, 120, 37, 37, 385, 385, 197, 75, 164, 164, 196, 196, 116, 33, 33, 248, 394, 212, 75, 199, 275, 275, 275, 275, 303, 303, 17, 420, 420, 420, 420, 420, 435, 435, 435, 435, 435, 435, 435, 435, 435, 435, 435, 435, 435, 435, 435, 435, 435, 435, 435, 435, 435, 435, 435, 435, 435, 435, 435, 435, 435, 435, 435, 435, 435, 435, 435, 435, 435, 435, 435, 435, 435, 435, 435, 435, 435, 435, 435, 435, 435, 435, 435, 435, 435, 435, 435, 435, 435, 435, 435, 435, 435, 435, 435, 435, 435, 435, 435, 435, 435, 435, 435, 435, 435, 435, 435, 435, 435, 435, 435, 435, 435, 435, 435, 435, 435, 435, 435, 435, 435, 435, 435, 435, 435, 435, 435, 435, 435, 435, 435, 435, 435, 435, 435, 435, 435, 435, 435, 435, 435, 435, 435, 435, 435, 435, 435, 435, 435, 435, 435, 435, 435, 435, 435, 435, 435, 435, 435, 435, 435, 435, 435, 435, 435, 435, 435, 435, 435, 435, 435, 435, 435, 435, 435, 435, 435, 435, 435, 435, 435, 435, 435, 435, 435, 435, 435, 435, 435, 435, 435, 435, 435, 435, 435, 435, 435, 435, 435, 435, 435, 435, 435, 435, 435, 435, 435, 435, 435, 435, 435, 435, 435, 435, 435, 435, 435, 435, 435, 435, 435, 435, 435, 435, 435, 435, 435, 435, 435, 435, 435, 435, 435, 435, 435, 435, 435, 435, 435, 435, 435, 435, 435, 435, 435, 435, 435, 435, 435, 435, 435, 435, 435, 435, 435, 435, 435, 435, 435, 435, 435, 435, 435, 435, 435, 435, 435, 435, 435, 435, 435, 435, 435, 435, 435, 435, 435, 435, 435, 435, 435, 435, 435, 435, 435, 435, 435, 435, 435, 435, 435, 435, 435, 435, 435, 435, 435, 435, 435, 435, 435, 435, 435, 435, 435, 435, 435, 435, 435, 435, 435, 435, 435, 435, 435, 435, 435, 435, 435, 435, 435, 435, 435, 435, 435, 435, 435, 435, 435, 435, 435, 435, 435, 435, 435, 435, 435, 435, 435, 435, 435]

ep300
Train step Loss: [0.9456445574760437, 0.9456104040145874, 0.9456194639205933, 0.9456988573074341, 0.94556725025177, 0.9456281661987305, 0.9455926418304443, 0.9456607699394226, 0.9456591010093689, 0.9455930590629578, 0.9456213712692261, 0.9457319378852844, 0.9456755518913269, 0.9456157684326172, 0.9456078410148621, 0.9456682801246643, 0.9456190466880798, 0.9456175565719604, 0.945549488067627, 0.9456292390823364, 0.9455876350402832, 0.9456096887588501, 0.945633590221405, 0.9456290602684021, 0.9455882906913757, 0.945709228515625, 0.9456874132156372, 0.9456061720848083, 0.9456329345703125, 0.9456303715705872, 0.9456732869148254, 0.9455349445343018, 0.9457185864448547, 0.9456477761268616, 0.9456169009208679, 0.9456489086151123, 0.9456115365028381, 0.9455865025520325, 0.9455957412719727, 0.9456040859222412, 0.9456095099449158, 0.945600152015686, 0.9456427693367004, 0.9456197023391724, 0.945600152015686, 0.9455741047859192, 0.9455798864364624, 0.9456179738044739, 0.9456060528755188, 0.945629894733429, 0.9456040859222412, 0.945670485496521, 0.945668637752533, 0.9455909132957458, 0.9456589818000793, 0.9456114768981934, 0.9455713629722595, 0.9456238150596619, 0.945563793182373, 0.9456738233566284, 0.9456493854522705, 0.9455658197402954, 0.9456266164779663, 0.9455645084381104, 0.9455875754356384, 0.9456283450126648, 0.9456322193145752, 0.9455673694610596, 0.9455955624580383, 0.9456218481063843, 0.9456095695495605, 0.9455689191818237, 0.9456315040588379, 0.9455981850624084, 0.9456183910369873, 0.945662796497345, 0.945625364780426, 0.9456838965415955, 0.945641279220581, 0.9456110596656799, 0.945594847202301, 0.9456431269645691, 0.9456391930580139, 0.945572018623352, 0.9456099271774292, 0.9455894827842712, 0.9456480741500854, 0.9456062912940979, 0.9457015991210938, 0.9456779360771179, 0.9456304311752319, 0.9455625414848328, 0.9456422924995422, 0.9457008838653564, 0.9455547332763672, 0.9455807209014893, 0.9456422924995422, 0.9456181526184082, 0.9456702470779419, 0.9456085562705994, 0.9455881714820862, 0.9455486536026001, 0.9455918073654175, 0.9455910921096802, 0.9456828236579895]
val step Loss: [0.9470518827438354, 0.9458544254302979, 0.9459871053695679, 0.9514373540878296, 0.9468629360198975, 0.9460242986679077, 0.9478949308395386, 0.9460282921791077, 0.9460538029670715, 0.9459254741668701, 0.9459452629089355, 0.9469547867774963, 0.9460456371307373, 0.9459445476531982, 0.9458404779434204, 0.9469401240348816, 0.9458613395690918, 0.9458217024803162, 0.9459758996963501, 0.9493952393531799, 0.9460406303405762, 0.9459922313690186, 0.9459509253501892, 0.9460994005203247, 0.9459904432296753, 0.9460456371307373, 0.9460997581481934]
Train step Accs: [1.0, 1.0, 1.0, 1.0, 1.0, 1.0, 1.0, 1.0, 1.0, 1.0, 1.0, 1.0, 1.0, 1.0, 1.0, 1.0, 1.0, 1.0, 1.0, 1.0, 1.0, 1.0, 1.0, 1.0, 1.0, 1.0, 1.0, 1.0, 1.0, 1.0, 1.0, 1.0, 1.0, 1.0, 1.0, 1.0, 1.0, 1.0, 1.0, 1.0, 1.0, 1.0, 1.0, 1.0, 1.0, 1.0, 1.0, 1.0, 1.0, 1.0, 1.0, 1.0, 1.0, 1.0, 1.0, 1.0, 1.0, 1.0, 1.0, 1.0, 1.0, 1.0, 1.0, 1.0, 1.0, 1.0, 1.0, 1.0, 1.0, 1.0, 1.0, 1.0, 1.0, 1.0, 1.0, 1.0, 1.0, 1.0, 1.0, 1.0, 1.0, 1.0, 1.0, 1.0, 1.0, 1.0, 1.0, 1.0, 1.0, 1.0, 1.0, 1.0, 1.0, 1.0, 1.0, 1.0, 1.0, 1.0, 1.0, 1.0, 1.0, 1.0, 1.0, 1.0, 1.0]
val step Accs: [0.9998274374460742, 1.0, 1.0, 0.9989821882951654, 0.9998191354675349, 1.0, 0.9996372211137312, 1.0, 1.0, 1.0, 1.0, 0.9998376096135109, 1.0, 1.0, 1.0, 0.9998164127042408, 1.0, 1.0, 1.0, 0.9993567063364426, 1.0, 1.0, 1.0, 1.0, 1.0, 1.0, 1.0]
Preds: [17, 17, 296, 217, 217, 473, 65, 443, 443, 443, 443, 240, 169, 150, 77, 164, 164, 164, 164, 164, 164, 273, 106, 106, 375, 375, 375, 98, 98, 48, 13, 170, 20, 170, 20, 20, 187, 187, 187, 408, 408, 20, 391, 391, 20, 184, 20, 20, 7, 188, 152, 152, 422, 99, 54, 54, 224, 400, 400, 30, 324, 324, 464, 464, 139, 139, 355, 387, 355, 240, 388, 94, 94, 398, 324, 301, 416, 32, 239, 144, 27, 180, 180, 284, 486, 428, 206, 240, 240, 314, 8, 32, 354, 354, 100, 497, 43, 8, 8, 32, 354, 354, 100, 387, 255, 251, 251, 241, 431, 106, 498, 498, 406, 313, 313, 285, 337, 464, 464, 464, 145, 315, 315, 450, 450, 450, 43, 43, 276, 276, 345, 109, 109, 403, 207, 324, 3, 301, 42, 42, 147, 456, 337, 324, 422, 422, 349, 349, 234, 234, 261, 261, 25, 148, 153, 153, 413, 413, 10, 10, 309, 398, 398, 464, 139, 139, 481, 182, 182, 387, 387, 122, 122, 236, 129, 259, 108, 377, 123, 374, 153, 153, 387, 372, 406, 406, 406, 467, 182, 375, 375, 375, 98, 98, 13, 229, 229, 20, 312, 126, 126, 23, 326, 23, 23, 101, 149, 149, 228, 20, 412, 287, 287, 460, 460, 178, 215, 458, 465, 164, 164, 442, 225, 7, 7, 217, 217, 473, 65, 476, 171, 252, 416, 239, 239, 445, 445, 485, 324, 301, 314, 325, 34, 34, 191, 191, 116, 251, 251, 251, 241, 81, 431, 367, 496, 274, 43, 8, 129, 259, 208, 208, 441, 441, 153, 497, 497, 399, 70, 70, 70, 473, 65, 264, 264, 264, 264, 468, 468, 468, 406, 337, 337, 324, 252, 24, 239, 239, 384, 449, 324, 324, 301, 26, 251, 241, 431, 367, 496, 274, 43, 416, 458, 144, 208, 100, 100, 496, 274, 122, 143, 143, 17, 420, 420, 420, 420, 420, 420, 420, 420, 420, 420, 420, 420, 420, 420, 420, 420, 420, 420, 420, 420, 420, 420, 420, 420, 420, 420, 420, 420, 420, 420, 420, 420, 420, 420, 420, 420, 420, 420, 420, 420, 420, 420, 420, 420, 420, 420, 420, 420, 420, 420, 420, 420, 420, 420, 420, 420, 420, 420, 420, 420, 420, 420, 420, 420, 420, 420, 420, 420, 420, 420, 420, 420, 420, 420, 420, 420, 420, 420, 420, 420, 420, 420, 420, 420, 420, 420, 420, 420, 420, 420, 420, 420, 420, 420, 420, 420, 420, 420, 420, 420, 420, 420, 420, 420, 420, 420, 420, 420, 420, 420, 420, 420, 420, 420, 420, 420, 420, 420, 420, 420, 420, 420, 420, 420, 420, 420, 420, 420, 420, 420, 420, 420, 420, 420, 420, 420, 420, 420, 420, 420, 420, 420, 420, 420, 420, 420, 420, 420, 420, 420, 420, 420, 420, 420, 420, 420, 420, 420, 420, 420, 420, 420, 420, 420, 420, 420, 420, 420, 420, 420, 420, 420, 420, 420, 420, 420, 420, 420, 420, 420, 420, 420, 420, 420, 420, 420, 420, 420, 420, 420, 420, 420, 420, 420, 420, 420, 420, 420, 420, 420, 420, 420, 420, 420, 420, 420, 420, 420, 420, 420, 420, 420, 420, 420, 420, 420, 420, 420, 420, 420, 420, 420, 420, 420, 420, 420, 420, 420, 420, 420, 420, 420, 420, 420, 420, 420, 420, 420, 420, 420, 420, 420, 420, 420, 420, 420, 420, 420, 420, 420, 420, 420, 420, 420, 420, 420, 420, 420, 420, 420, 420, 420, 420, 420, 420, 420, 420, 420, 420, 420, 420, 420, 420, 420, 420, 420, 420, 420, 420, 420, 420, 420, 420, 420, 420, 420, 420]

ep301
Train step Loss: [0.945623517036438, 0.9457191824913025, 0.9456289410591125, 0.9455867409706116, 0.9456306099891663, 0.9455944895744324, 0.9456819295883179, 0.9456247091293335, 0.9456396102905273, 0.9456478953361511, 0.9455868005752563, 0.9455915689468384, 0.9456477165222168, 0.9457249641418457, 0.9456421732902527, 0.9456696510314941, 0.94563227891922, 0.9456378221511841, 0.945611298084259, 0.9456018805503845, 0.9456562399864197, 0.9456468224525452, 0.9456820487976074, 0.9456373453140259, 0.945551335811615, 0.9455341696739197, 0.9456480145454407, 0.9455406665802002, 0.9456292986869812, 0.9456718564033508, 0.9456334114074707, 0.9456050992012024, 0.9456139206886292, 0.9456021785736084, 0.9455947875976562, 0.9456304311752319, 0.9456689953804016, 0.9456060528755188, 0.9455620646476746, 0.9456056356430054, 0.9455928802490234, 0.9456616640090942, 0.945662260055542, 0.945595383644104, 0.9456003904342651, 0.94564288854599, 0.9456194639205933, 0.9456345438957214, 0.9456307291984558, 0.9456099271774292, 0.9456832408905029, 0.945692777633667, 0.9456368684768677, 0.9455920457839966, 0.9455811977386475, 0.9456939697265625, 0.94566410779953, 0.945578396320343, 0.9455769062042236, 0.9456939697265625, 0.9456119537353516, 0.9455606937408447, 0.9456323385238647, 0.9455882906913757, 0.9455969929695129, 0.9456170201301575, 0.945643961429596, 0.9456686973571777, 0.9455844163894653, 0.9456666707992554, 0.9455926418304443, 0.9456195831298828, 0.9455753564834595, 0.9456115961074829, 0.9456771016120911, 0.9455927014350891, 0.9455742239952087, 0.9456063508987427, 0.9456789493560791, 0.9456375241279602, 0.9455978274345398, 0.9456613659858704, 0.9456254243850708, 0.9456604719161987, 0.9455586671829224, 0.945648193359375, 0.9455710649490356, 0.9457098841667175, 0.9456466436386108, 0.9456467032432556, 0.9456047415733337, 0.945615291595459, 0.9456247091293335, 0.9456379413604736, 0.9456700682640076, 0.9456386566162109, 0.9456421136856079, 0.9456745386123657, 0.9457006454467773, 0.9456536173820496, 0.9456218481063843, 0.9456502199172974, 0.9455728530883789, 0.9456304907798767, 0.945565938949585]
val step Loss: [0.9459769129753113, 0.9458259344100952, 0.9472037553787231, 0.9459527134895325, 0.9458128213882446, 0.9459409117698669, 0.9460250735282898, 0.9461287260055542, 0.9517711997032166, 0.9478542804718018, 0.9460282325744629, 0.9458659291267395, 0.945917546749115, 0.9460754990577698, 0.9466773867607117, 0.9469143152236938, 0.9494649767875671, 0.9468473792076111, 0.9460493922233582, 0.9459481239318848, 0.9459656476974487, 0.9459172487258911, 0.9459598064422607, 0.946090579032898, 0.9459632039070129, 0.9459715485572815, 0.9458513259887695]
Train step Accs: [1.0, 1.0, 1.0, 1.0, 1.0, 1.0, 1.0, 1.0, 1.0, 1.0, 1.0, 1.0, 1.0, 1.0, 1.0, 1.0, 1.0, 1.0, 1.0, 1.0, 1.0, 1.0, 1.0, 1.0, 1.0, 1.0, 1.0, 1.0, 1.0, 1.0, 1.0, 1.0, 1.0, 1.0, 1.0, 1.0, 1.0, 1.0, 1.0, 1.0, 1.0, 1.0, 1.0, 1.0, 1.0, 1.0, 1.0, 1.0, 1.0, 1.0, 1.0, 1.0, 1.0, 1.0, 1.0, 1.0, 1.0, 1.0, 1.0, 1.0, 1.0, 1.0, 1.0, 1.0, 1.0, 1.0, 1.0, 1.0, 1.0, 1.0, 1.0, 1.0, 1.0, 1.0, 1.0, 1.0, 1.0, 1.0, 1.0, 1.0, 1.0, 1.0, 1.0, 1.0, 1.0, 1.0, 1.0, 1.0, 1.0, 1.0, 1.0, 1.0, 1.0, 1.0, 1.0, 1.0, 1.0, 1.0, 1.0, 1.0, 1.0, 1.0, 1.0, 1.0, 1.0]
val step Accs: [1.0, 1.0, 0.9998086124401914, 1.0, 1.0, 1.0, 1.0, 1.0, 0.9989512323020451, 0.9996449494052903, 1.0, 1.0, 1.0, 1.0, 0.9998378991732858, 0.9998368412465328, 0.999336540056394, 0.9998325799430772, 1.0, 1.0, 1.0, 1.0, 1.0, 1.0, 1.0, 1.0, 1.0]
Preds: [17, 17, 441, 441, 153, 387, 387, 240, 348, 24, 24, 384, 371, 180, 180, 486, 376, 376, 282, 263, 263, 229, 229, 247, 312, 363, 363, 363, 408, 408, 149, 228, 228, 244, 320, 7, 479, 331, 278, 301, 378, 8, 129, 354, 109, 180, 486, 486, 460, 240, 240, 35, 36, 342, 224, 351, 196, 479, 331, 331, 315, 450, 450, 450, 88, 88, 88, 109, 337, 207, 301, 143, 129, 401, 244, 354, 354, 100, 389, 425, 425, 251, 331, 106, 302, 497, 43, 43, 43, 276, 276, 276, 346, 284, 284, 284, 450, 450, 293, 43, 43, 276, 345, 109, 109, 116, 116, 10, 398, 398, 398, 374, 374, 495, 406, 406, 380, 134, 387, 387, 109, 337, 324, 219, 246, 246, 301, 301, 8, 8, 354, 354, 180, 180, 486, 486, 206, 240, 240, 314, 129, 401, 401, 32, 354, 354, 100, 153, 153, 153, 153, 182, 182, 182, 132, 132, 132, 132, 303, 303, 303, 442, 442, 442, 229, 229, 170, 170, 244, 187, 1, 1, 408, 408, 408, 244, 228, 228, 412, 287, 287, 287, 284, 284, 460, 169, 215, 35, 35, 75, 208, 441, 148, 153, 153, 387, 387, 122, 348, 64, 466, 479, 331, 242, 242, 348, 466, 466, 479, 331, 307, 307, 319, 206, 240, 251, 251, 359, 34, 166, 278, 278, 278, 173, 8, 8, 70, 70, 65, 65, 46, 46, 46, 46, 206, 215, 215, 129, 401, 354, 354, 106, 106, 180, 284, 315, 315, 315, 315, 315, 450, 450, 450, 450, 203, 250, 364, 276, 276, 345, 109, 109, 207, 324, 324, 3, 301, 26, 251, 241, 241, 431, 486, 486, 282, 282, 330, 388, 94, 303, 199, 331, 375, 375, 98, 98, 13, 244, 170, 170, 392, 63, 63, 63, 63, 63, 63, 63, 244, 40, 40, 40, 63, 40, 244, 40, 63, 244, 63, 73, 244, 244, 289, 320, 188, 188, 213, 324, 422, 416, 32, 239, 354, 114, 180, 180, 486, 460, 460, 178, 215, 129, 401, 244, 321, 354, 276, 148, 148, 153, 387, 387, 387, 387, 167, 122, 35, 321, 75, 449, 273, 180, 486, 486, 460, 240, 215, 215, 129, 239, 354, 420, 420, 213, 213, 324, 464, 464, 464, 443, 240, 314, 314, 239, 239, 239, 384, 371, 371, 324, 324, 324, 324, 324, 464, 464, 464, 180, 145, 486, 460, 240, 240, 314, 35, 75, 131, 377, 87, 32, 32, 32, 354, 354, 100, 100, 153, 153, 153, 182, 43, 43, 8, 196, 303, 303, 303, 303, 303, 48, 48, 48, 170, 244, 392, 392, 392, 392, 392, 392, 392, 392, 392, 392, 73, 73, 73, 320, 320, 188, 188, 171, 213, 246, 246, 246, 246, 246, 246, 422, 143, 36, 478, 323, 482, 224, 224, 273, 485, 374, 139, 153, 387, 387, 387, 387, 413, 348, 348, 64, 394, 32, 32, 32, 32, 239, 384, 377, 371, 444, 213, 213, 246, 434, 434, 434, 3, 335, 14, 14, 287, 145, 287, 145, 460, 240, 215, 129, 32, 354, 354, 109, 499, 486, 486, 264, 240, 285, 467, 145, 145, 486, 85, 85, 85, 468, 468, 406, 406, 467, 337, 337, 277, 301, 143, 129, 401, 244, 75, 74, 190, 190, 487, 499, 151, 487, 442, 193, 17, 17, 420, 420, 420, 420, 420, 420, 420, 420, 420, 420, 420, 420, 420, 420, 420, 420, 420, 420, 420, 420, 420, 420, 420, 420, 420, 420, 420, 420, 420, 420, 420, 420, 420, 420, 420, 420, 420, 420, 420, 420, 420, 420, 420, 420, 420, 420, 420, 420, 420, 420, 420, 420, 420, 420, 420, 420, 420, 420, 420, 420]

ep302
Train step Loss: [0.9457010626792908, 0.9455786347389221, 0.9456278085708618, 0.945631206035614, 0.945598304271698, 0.9456589221954346, 0.9455918073654175, 0.945671796798706, 0.9457003474235535, 0.9456194639205933, 0.9456257224082947, 0.9456111192703247, 0.9456568360328674, 0.945652425289154, 0.945615828037262, 0.9456198215484619, 0.9455969333648682, 0.9455746412277222, 0.9456527233123779, 0.94561767578125, 0.9456541538238525, 0.9455800652503967, 0.9456357955932617, 0.9455968141555786, 0.945593535900116, 0.9456059336662292, 0.9456214904785156, 0.945649266242981, 0.9457231760025024, 0.9455940127372742, 0.9456555843353271, 0.9456099271774292, 0.9456318616867065, 0.9455556273460388, 0.9455941319465637, 0.9456157684326172, 0.945591151714325, 0.945595383644104, 0.9456265568733215, 0.945611298084259, 0.9456965923309326, 0.9456504583358765, 0.9456740617752075, 0.9456378221511841, 0.9455821514129639, 0.9456450939178467, 0.9456405639648438, 0.9455879330635071, 0.945644736289978, 0.9456415772438049, 0.9455760717391968, 0.945605456829071, 0.9456328749656677, 0.9456651210784912, 0.9456356167793274, 0.9456266760826111, 0.9456961154937744, 0.9456213712692261, 0.9456079006195068, 0.9455756545066833, 0.945654034614563, 0.9456712007522583, 0.9456259608268738, 0.9455615878105164, 0.9455595016479492, 0.9455903172492981, 0.9455830454826355, 0.9456329941749573, 0.9456707239151001, 0.945575475692749, 0.945709764957428, 0.9456411600112915, 0.945609450340271, 0.9455451965332031, 0.945574164390564, 0.9456165432929993, 0.945618748664856, 0.9455732703208923, 0.9456591606140137, 0.9456576108932495, 0.9456767439842224, 0.9455959796905518, 0.9455942511558533, 0.9456409215927124, 0.9456130266189575, 0.9455955028533936, 0.9456637501716614, 0.9456124305725098, 0.9456127882003784, 0.9457181692123413, 0.9456619620323181, 0.9457182884216309, 0.9456462860107422, 0.9455919861793518, 0.9456333518028259, 0.9456746578216553, 0.9456155896186829, 0.9456334114074707, 0.9456313848495483, 0.9456993341445923, 0.9456659555435181, 0.9455615878105164, 0.9455994367599487, 0.9455705285072327, 0.9456040859222412]
val step Loss: [0.9501378536224365, 0.9460431337356567, 0.9459487199783325, 0.9460270404815674, 0.9460173845291138, 0.9459388256072998, 0.9459747076034546, 0.9458319544792175, 0.9458233118057251, 0.948034405708313, 0.9471060037612915, 0.9468031525611877, 0.9466202855110168, 0.9459348320960999, 0.9458234310150146, 0.946042537689209, 0.9512981176376343, 0.9458594918251038, 0.9459213018417358, 0.9459132552146912, 0.9458563327789307, 0.9458918571472168, 0.9458518028259277, 0.9458625912666321, 0.9468252658843994, 0.9459852576255798, 0.946007251739502]
Train step Accs: [1.0, 1.0, 1.0, 1.0, 1.0, 1.0, 1.0, 1.0, 1.0, 1.0, 1.0, 1.0, 1.0, 1.0, 1.0, 1.0, 1.0, 1.0, 1.0, 1.0, 1.0, 1.0, 1.0, 1.0, 1.0, 1.0, 1.0, 1.0, 1.0, 1.0, 1.0, 1.0, 1.0, 1.0, 1.0, 1.0, 1.0, 1.0, 1.0, 1.0, 1.0, 1.0, 1.0, 1.0, 1.0, 1.0, 1.0, 1.0, 1.0, 1.0, 1.0, 1.0, 1.0, 1.0, 1.0, 1.0, 1.0, 1.0, 1.0, 1.0, 1.0, 1.0, 1.0, 1.0, 1.0, 1.0, 1.0, 1.0, 1.0, 1.0, 1.0, 1.0, 1.0, 1.0, 1.0, 1.0, 1.0, 1.0, 1.0, 1.0, 1.0, 1.0, 1.0, 1.0, 1.0, 1.0, 1.0, 1.0, 1.0, 1.0, 1.0, 1.0, 1.0, 1.0, 1.0, 1.0, 1.0, 1.0, 1.0, 1.0, 1.0, 1.0, 1.0, 1.0, 1.0]
val step Accs: [0.9992310649750096, 1.0, 1.0, 1.0, 1.0, 1.0, 1.0, 1.0, 1.0, 0.9996184662342618, 0.9998051821546854, 0.9998466963053809, 0.9998353367363741, 1.0, 1.0, 1.0, 0.9990202482037883, 1.0, 1.0, 1.0, 1.0, 1.0, 1.0, 1.0, 0.9998241603657464, 1.0, 1.0]
Preds: [17, 30, 340, 340, 116, 10, 479, 479, 65, 65, 284, 284, 481, 293, 293, 43, 43, 43, 364, 364, 276, 276, 346, 346, 284, 284, 284, 284, 284, 206, 206, 293, 43, 43, 364, 276, 276, 276, 346, 297, 497, 497, 43, 349, 129, 401, 205, 205, 208, 441, 441, 153, 153, 153, 387, 387, 387, 387, 29, 29, 337, 337, 337, 152, 178, 143, 129, 401, 208, 208, 208, 441, 441, 387, 387, 387, 274, 416, 8, 32, 32, 32, 354, 354, 180, 180, 376, 376, 376, 376, 460, 240, 385, 233, 36, 155, 155, 155, 25, 397, 494, 32, 32, 219, 219, 219, 464, 464, 93, 403, 403, 171, 171, 171, 246, 246, 246, 246, 246, 246, 246, 19, 48, 48, 48, 20, 170, 170, 170, 20, 187, 187, 187, 408, 408, 391, 20, 391, 73, 73, 20, 20, 320, 7, 251, 241, 331, 431, 486, 486, 460, 460, 215, 35, 35, 75, 77, 164, 342, 224, 183, 485, 485, 464, 139, 139, 387, 387, 387, 122, 8, 32, 239, 75, 354, 354, 441, 441, 276, 346, 346, 265, 265, 265, 85, 85, 167, 385, 32, 32, 239, 82, 108, 107, 395, 106, 106, 106, 153, 387, 387, 387, 85, 146, 207, 207, 207, 246, 246, 246, 246, 246, 19, 422, 129, 401, 401, 20, 445, 445, 351, 278, 403, 171, 171, 171, 219, 219, 219, 219, 477, 152, 422, 186, 349, 205, 205, 401, 20, 261, 261, 397, 441, 345, 374, 374, 213, 213, 213, 213, 422, 99, 338, 338, 338, 395, 395, 459, 459, 120, 385, 385, 233, 20, 75, 208, 27, 487, 441, 442, 219, 464, 464, 355, 355, 355, 355, 167, 167, 226, 80, 80, 80, 20, 80, 80, 7, 219, 219, 422, 422, 162, 232, 232, 68, 68, 68, 115, 267, 267, 444, 278, 26, 251, 241, 81, 403, 403, 403, 207, 19, 420, 420, 420, 420, 420, 420, 420, 420, 420, 420, 420, 420, 420, 420, 420, 420, 420, 420, 420, 420, 420, 420, 420, 420, 420, 420, 420, 420, 420, 420, 420, 420, 420, 420, 420, 420, 420, 420, 420, 420, 420, 420, 420, 420, 420, 420, 420, 420, 420, 420, 420, 420, 420, 420, 420, 420, 420, 420, 420, 420, 420, 420, 420, 420, 420, 420, 420, 420, 420, 420, 420, 420, 420, 420, 420, 420, 420, 420, 420, 420, 420, 420, 420, 420, 420, 420, 420, 420, 420, 420, 420, 420, 420, 420, 420, 420, 420, 420, 420, 420, 420, 420, 420, 420, 420, 420, 420, 420, 420, 420, 420, 420, 420, 420, 420, 420, 420, 420, 420, 420, 420, 420, 420, 420, 420, 420, 420, 420, 420, 420, 420, 420, 420, 420, 420, 420, 420, 420, 420, 420, 420, 420, 420, 420, 420, 420, 420, 420, 420, 420, 420, 420, 420, 420, 420, 420, 420, 420, 420, 420, 420, 420, 420, 420, 420, 420, 420, 420, 420, 420, 420, 420, 420, 420, 420, 420, 420, 420, 420, 420, 420, 420, 420, 420, 420, 420, 420, 420, 420, 420, 420, 420, 420, 420, 420, 420, 420, 420, 420, 420, 420, 420, 420, 420, 420, 420, 420, 420, 420, 420, 420, 420, 420, 420, 420, 420, 420, 420, 420, 420, 420, 420, 420, 420, 420, 420, 420, 420, 420, 420, 420, 420, 420, 420, 420, 420, 420, 420, 420, 420, 420, 420, 420, 420, 420, 420, 420, 420, 420, 420, 420, 420, 420, 420, 420, 420, 420, 420, 420, 420, 420, 420, 420, 420, 420, 420, 420, 420, 420, 420, 420, 420, 420, 420, 420, 420, 420, 420, 420, 420, 420, 420, 420, 420, 420, 420, 420, 420, 420]

ep303
Train step Loss: [0.9455441236495972, 0.945583701133728, 0.9456484317779541, 0.9457091093063354, 0.9455695748329163, 0.9456602334976196, 0.9456395506858826, 0.945624053478241, 0.945645272731781, 0.9456251263618469, 0.9457026124000549, 0.9456002116203308, 0.9456744194030762, 0.9456520676612854, 0.9455962181091309, 0.9457224607467651, 0.9456441402435303, 0.9456860423088074, 0.94566810131073, 0.945587158203125, 0.9456361532211304, 0.9456090927124023, 0.945569634437561, 0.945632815361023, 0.9456841349601746, 0.9455538988113403, 0.9456501007080078, 0.945580244064331, 0.9456527233123779, 0.9456608891487122, 0.9456343054771423, 0.9456025958061218, 0.9455792307853699, 0.9456320405006409, 0.9456343650817871, 0.9455451965332031, 0.9456295371055603, 0.9456182718276978, 0.9457076787948608, 0.9455702304840088, 0.9456226229667664, 0.9456021189689636, 0.945576012134552, 0.9455850720405579, 0.9456812739372253, 0.9456670880317688, 0.9456092715263367, 0.9456185698509216, 0.9456470608711243, 0.9456415176391602, 0.9456366896629333, 0.9456049799919128, 0.9457060694694519, 0.9456202983856201, 0.9456489682197571, 0.9455217123031616, 0.9455540180206299, 0.9456125497817993, 0.9456385970115662, 0.9456499814987183, 0.9456294775009155, 0.945580780506134, 0.9456616640090942, 0.9457513093948364, 0.9456524848937988, 0.9456990957260132, 0.9456241726875305, 0.9455766677856445, 0.9455994963645935, 0.9455857872962952, 0.9455429315567017, 0.9456619620323181, 0.9456061124801636, 0.9456288814544678, 0.945655882358551, 0.9456167817115784, 0.9456037878990173, 0.9456196427345276, 0.9456483125686646, 0.9455761909484863, 0.9455729722976685, 0.945624053478241, 0.9456384181976318, 0.9456610679626465, 0.9456024169921875, 0.9455896019935608, 0.9456391334533691, 0.9455538988113403, 0.9455929398536682, 0.9456846117973328, 0.945598840713501, 0.9456507563591003, 0.9456779956817627, 0.9456386566162109, 0.9456179141998291, 0.9456539154052734, 0.945605993270874, 0.9456104636192322, 0.9456053972244263, 0.9456561803817749, 0.9456045031547546, 0.945649266242981, 0.9456477761268616, 0.945569634437561, 0.9456725716590881]
val step Loss: [0.9459287524223328, 0.94590163230896, 0.945817232131958, 0.9459285140037537, 0.94744873046875, 0.9459380507469177, 0.9497644901275635, 0.9457499980926514, 0.9469671249389648, 0.9458025097846985, 0.9467558860778809, 0.9458762407302856, 0.9459235668182373, 0.9458853602409363, 0.9469157457351685, 0.9459661841392517, 0.9459747672080994, 0.9459669589996338, 0.9469946622848511, 0.9521157145500183, 0.9458914995193481, 0.9459941387176514, 0.9459549188613892, 0.9460354447364807, 0.9459195733070374, 0.9458290338516235, 0.9457266330718994]
Train step Accs: [1.0, 1.0, 1.0, 1.0, 1.0, 1.0, 1.0, 1.0, 1.0, 1.0, 1.0, 1.0, 1.0, 1.0, 1.0, 1.0, 1.0, 1.0, 1.0, 1.0, 1.0, 1.0, 1.0, 1.0, 1.0, 1.0, 1.0, 1.0, 1.0, 1.0, 1.0, 1.0, 1.0, 1.0, 1.0, 1.0, 1.0, 1.0, 1.0, 1.0, 1.0, 1.0, 1.0, 1.0, 1.0, 1.0, 1.0, 1.0, 1.0, 1.0, 1.0, 1.0, 1.0, 1.0, 1.0, 1.0, 1.0, 1.0, 1.0, 1.0, 1.0, 1.0, 1.0, 1.0, 1.0, 1.0, 1.0, 1.0, 1.0, 1.0, 1.0, 1.0, 1.0, 1.0, 1.0, 1.0, 1.0, 1.0, 1.0, 1.0, 1.0, 1.0, 1.0, 1.0, 1.0, 1.0, 1.0, 1.0, 1.0, 1.0, 1.0, 1.0, 1.0, 1.0, 1.0, 1.0, 1.0, 1.0, 1.0, 1.0, 1.0, 1.0, 1.0, 1.0, 1.0]
val step Accs: [1.0, 1.0, 1.0, 1.0, 0.9997001499250375, 1.0, 0.9992916592881176, 1.0, 0.9998160073597057, 1.0, 0.9998458455372283, 1.0, 1.0, 1.0, 0.9998409416255766, 1.0, 1.0, 1.0, 0.9998001998001999, 0.9988751406074241, 1.0, 1.0, 1.0, 1.0, 1.0, 1.0, 1.0]
Preds: [17, 17, 217, 217, 473, 473, 65, 443, 443, 443, 171, 171, 252, 24, 239, 239, 239, 107, 395, 180, 84, 84, 355, 355, 98, 98, 98, 263, 229, 229, 82, 247, 312, 126, 126, 326, 326, 326, 101, 101, 149, 228, 320, 82, 7, 473, 473, 65, 476, 171, 252, 143, 143, 36, 449, 449, 395, 324, 324, 252, 325, 325, 34, 324, 324, 324, 301, 301, 251, 251, 251, 331, 431, 84, 496, 274, 274, 43, 8, 8, 239, 354, 208, 441, 441, 98, 98, 98, 48, 48, 417, 170, 82, 244, 392, 392, 392, 244, 312, 312, 187, 23, 23, 260, 260, 260, 391, 391, 391, 435, 435, 435, 435, 73, 73, 73, 244, 287, 287, 287, 284, 284, 293, 43, 43, 276, 276, 276, 346, 387, 387, 387, 406, 406, 406, 467, 337, 337, 278, 258, 31, 342, 342, 342, 224, 224, 224, 494, 494, 494, 203, 399, 217, 10, 473, 473, 398, 398, 286, 286, 286, 468, 406, 406, 380, 380, 499, 284, 426, 375, 98, 98, 98, 98, 13, 13, 414, 170, 47, 392, 392, 102, 102, 244, 320, 7, 7, 7, 217, 217, 473, 473, 264, 264, 264, 264, 264, 468, 468, 406, 406, 337, 337, 337, 324, 301, 359, 251, 359, 81, 444, 324, 324, 324, 301, 301, 251, 251, 241, 241, 431, 106, 84, 293, 497, 416, 8, 239, 144, 27, 106, 387, 206, 240, 385, 36, 36, 342, 224, 224, 273, 355, 355, 355, 435, 435, 435, 435, 435, 435, 435, 435, 435, 435, 435, 435, 435, 435, 435, 435, 435, 435, 435, 435, 435, 435, 435, 435, 435, 435, 435, 435, 435, 435, 435, 435, 435, 435, 435, 435, 435, 435, 435, 435, 435, 435, 435, 435, 435, 435, 435, 435, 435, 435, 435, 435, 435, 435, 435, 435, 435, 435, 435, 435, 435, 435, 435, 435, 435, 435, 435, 435, 435, 435, 435, 435, 435, 435, 435, 435, 435, 435, 435, 435, 435, 435, 435, 435, 435, 435, 435, 435, 435, 435, 435, 435, 435, 435, 435, 435, 435, 435, 435, 435, 435, 435, 435, 435, 435, 435, 435, 435, 435, 435, 435, 435, 435, 435, 435, 435, 435, 435, 435, 435, 435, 435, 435, 435, 435, 435, 435, 435, 435, 435, 435, 435, 435, 435, 435, 435, 435, 435, 435, 435, 435, 435, 435, 435, 435, 435, 435, 435, 435, 435, 435, 435, 435, 435, 435, 435, 435, 435, 435, 435, 435, 435, 435, 435, 435, 435, 435, 435, 435, 435, 435, 435, 435, 435, 435, 435, 435, 435, 435, 435, 435, 435, 435, 435, 435, 435, 435, 435, 435, 435, 435, 435, 435, 435, 435, 435, 435, 435, 435, 435, 435, 435, 435, 435, 435, 435, 435, 435, 435, 435, 435, 435, 435, 435, 435, 435, 435, 435, 435, 435, 435, 435, 435, 435, 435, 435, 435, 435, 435, 435, 435, 435, 435, 435, 435, 435, 435, 435, 435, 435, 435, 435, 435, 435, 435, 435, 435, 435, 435, 435, 435, 435, 435, 435, 435, 435, 435, 435, 435, 435, 435, 435, 435, 435, 435, 435, 435, 435, 435, 435, 435, 435, 435, 435, 435, 435, 435, 435, 435, 435, 435, 435, 435, 435, 435, 435, 435, 435, 435, 435, 435, 435, 435, 435, 435, 435, 435, 435, 435, 435, 435, 435, 435, 435, 435, 435, 435, 435, 435, 435, 435, 435, 435, 435, 435, 435, 435, 435, 435, 435, 435, 435, 435, 435, 435, 435, 435, 435, 435, 435, 435, 435, 435, 435, 435, 435, 435, 435, 435, 435, 435, 435, 435, 435, 435, 435, 435, 435, 435, 435, 435, 435, 435, 435, 435, 435]

ep304
Train step Loss: [0.9456339478492737, 0.9456321001052856, 0.9456193447113037, 0.9456311464309692, 0.945609450340271, 0.9455274343490601, 0.9456392526626587, 0.9456501007080078, 0.9455851316452026, 0.9456439018249512, 0.9455862045288086, 0.945608913898468, 0.9456005692481995, 0.9456255435943604, 0.9456775784492493, 0.9455326199531555, 0.9455893039703369, 0.9456406831741333, 0.9456069469451904, 0.9456132650375366, 0.9456558227539062, 0.9455668926239014, 0.9456539154052734, 0.9456256031990051, 0.9456325173377991, 0.9456140398979187, 0.9456084966659546, 0.9456217288970947, 0.94563889503479, 0.9456552863121033, 0.9456232786178589, 0.94553542137146, 0.9456223845481873, 0.945651113986969, 0.9456517100334167, 0.9456596374511719, 0.9456019401550293, 0.9456450939178467, 0.9456477761268616, 0.9456276893615723, 0.9456652402877808, 0.9456343650817871, 0.9455837607383728, 0.9455267786979675, 0.9456192851066589, 0.9455945491790771, 0.9456031918525696, 0.9456397294998169, 0.9455763697624207, 0.945548951625824, 0.9455958604812622, 0.9457021355628967, 0.9456511735916138, 0.9456133246421814, 0.9456589818000793, 0.9455879330635071, 0.9456866979598999, 0.9456128478050232, 0.9456192255020142, 0.9455960988998413, 0.9456807374954224, 0.9455865621566772, 0.9456853866577148, 0.9456974864006042, 0.9456136226654053, 0.9456098675727844, 0.9455981850624084, 0.9456244111061096, 0.9456636309623718, 0.9456762671470642, 0.9455682635307312, 0.9456123113632202, 0.9455742835998535, 0.9456120133399963, 0.945618212223053, 0.9456988573074341, 0.9455842971801758, 0.9456196427345276, 0.9456623196601868, 0.945588231086731, 0.9455513954162598, 0.9456310272216797, 0.945571780204773, 0.9456701874732971, 0.9456746578216553, 0.9456446766853333, 0.9457276463508606, 0.9456449747085571, 0.9456256031990051, 0.9456289410591125, 0.9456681609153748, 0.9456303715705872, 0.9456677436828613, 0.9456581473350525, 0.945590078830719, 0.9456627368927002, 0.9457101821899414, 0.945598840713501, 0.9455900192260742, 0.9455536007881165, 0.945610523223877, 0.9455896019935608, 0.945671558380127, 0.9456021785736084, 0.9456552863121033]
val step Loss: [0.9461408853530884, 0.9460147619247437, 0.9458310604095459, 0.9459052085876465, 0.9459301233291626, 0.9460436105728149, 0.9460240602493286, 0.9478587508201599, 0.9458398222923279, 0.9459633827209473, 0.9460285902023315, 0.9460464119911194, 0.9458639025688171, 0.9459838271141052, 0.9459823369979858, 0.9470099210739136, 0.9475975036621094, 0.9459607601165771, 0.9459338784217834, 0.9459770321846008, 0.9458950757980347, 0.9459169507026672, 0.9560890197753906, 0.9468669295310974, 0.9459347724914551, 0.945961594581604, 0.9457602500915527]
Train step Accs: [1.0, 1.0, 1.0, 1.0, 1.0, 1.0, 1.0, 1.0, 1.0, 1.0, 1.0, 1.0, 1.0, 1.0, 1.0, 1.0, 1.0, 1.0, 1.0, 1.0, 1.0, 1.0, 1.0, 1.0, 1.0, 1.0, 1.0, 1.0, 1.0, 1.0, 1.0, 1.0, 1.0, 1.0, 1.0, 1.0, 1.0, 1.0, 1.0, 1.0, 1.0, 1.0, 1.0, 1.0, 1.0, 1.0, 1.0, 1.0, 1.0, 1.0, 1.0, 1.0, 1.0, 1.0, 1.0, 1.0, 1.0, 1.0, 1.0, 1.0, 1.0, 1.0, 1.0, 1.0, 1.0, 1.0, 1.0, 1.0, 1.0, 1.0, 1.0, 1.0, 1.0, 1.0, 1.0, 1.0, 1.0, 1.0, 1.0, 1.0, 1.0, 1.0, 1.0, 1.0, 1.0, 1.0, 1.0, 1.0, 1.0, 1.0, 1.0, 1.0, 1.0, 1.0, 1.0, 1.0, 1.0, 1.0, 1.0, 1.0, 1.0, 1.0, 1.0, 1.0, 1.0]
val step Accs: [1.0, 1.0, 1.0, 1.0, 1.0, 1.0, 1.0, 0.9996294237539374, 1.0, 1.0, 1.0, 1.0, 1.0, 1.0, 1.0, 0.9998338042213728, 0.9996866186148543, 1.0, 1.0, 1.0, 1.0, 1.0, 0.9981283922889762, 0.9998435054773083, 1.0, 1.0, 1.0]
Preds: [17, 17, 17, 287, 284, 284, 284, 293, 43, 43, 364, 364, 276, 276, 346, 284, 284, 284, 284, 284, 206, 206, 169, 215, 35, 244, 205, 205, 205, 261, 25, 437, 284, 265, 265, 85, 388, 348, 64, 64, 212, 398, 324, 324, 324, 324, 324, 246, 246, 246, 252, 32, 239, 239, 82, 384, 371, 371, 213, 213, 213, 422, 236, 239, 259, 310, 107, 107, 395, 395, 286, 464, 464, 464, 315, 315, 315, 315, 450, 450, 450, 43, 43, 364, 276, 276, 138, 138, 182, 182, 182, 375, 98, 98, 197, 401, 80, 244, 244, 208, 441, 441, 153, 153, 153, 153, 497, 497, 387, 81, 81, 337, 41, 324, 324, 3, 143, 401, 244, 244, 192, 188, 188, 278, 278, 240, 143, 129, 239, 384, 34, 191, 191, 324, 178, 143, 458, 401, 244, 320, 354, 109, 41, 41, 171, 171, 19, 454, 229, 229, 170, 392, 392, 392, 392, 244, 244, 73, 244, 73, 244, 320, 287, 287, 287, 284, 481, 293, 43, 276, 276, 346, 284, 405, 405, 206, 169, 215, 35, 401, 244, 320, 354, 106, 106, 428, 428, 240, 388, 94, 64, 473, 398, 324, 324, 324, 213, 324, 422, 239, 239, 239, 384, 371, 371, 213, 213, 422, 143, 239, 239, 310, 310, 107, 395, 395, 278, 278, 385, 143, 233, 401, 401, 320, 29, 374, 374, 132, 185, 186, 186, 323, 323, 68, 68, 68, 160, 160, 112, 17, 17, 420, 420, 420, 420, 420, 420, 420, 420, 420, 420, 420, 420, 420, 420, 420, 420, 420, 420, 420, 420, 420, 420, 420, 420, 420, 420, 420, 420, 420, 420, 420, 420, 420, 420, 420, 420, 420, 420, 420, 420, 420, 420, 420, 420, 420, 420, 420, 420, 420, 420, 420, 420, 420, 420, 420, 420, 420, 420, 420, 420, 420, 420, 420, 420, 420, 420, 420, 420, 420, 420, 420, 420, 420, 420, 420, 420, 420, 420, 420, 420, 420, 420, 420, 420, 420, 420, 420, 420, 420, 420, 420, 420, 420, 420, 420, 420, 420, 420, 420, 420, 420, 420, 420, 420, 420, 420, 420, 420, 420, 420, 420, 420, 420, 420, 420, 420, 420, 420, 420, 420, 420, 420, 420, 420, 420, 420, 420, 420, 420, 420, 420, 420, 420, 420, 420, 420, 420, 420, 420, 420, 420, 420, 420, 420, 420, 420, 420, 420, 420, 420, 420, 420, 420, 420, 420, 420, 420, 420, 420, 420, 420, 420, 420, 420, 420, 420, 420, 420, 420, 420, 420, 420, 420, 420, 420, 420, 420, 420, 420, 420, 420, 420, 420, 420, 420, 420, 420, 420, 420, 420, 420, 420, 420, 420, 420, 420, 420, 420, 420, 420, 420, 420, 420, 420, 420, 420, 420, 420, 420, 420, 420, 420, 420, 420, 420, 420, 420, 420, 420, 420, 420, 420, 420, 420, 420, 420, 420, 420, 420, 420, 420, 420, 420, 420, 420, 420, 420, 420, 420, 420, 420, 420, 420, 420, 420, 420, 420, 420, 420, 420, 420, 420, 420, 420, 420, 420, 420, 420, 420, 420, 420, 420, 420, 420, 420, 420, 420, 420, 420, 420, 420, 420, 420, 420, 420, 420, 420, 420, 420, 420, 420, 420, 420, 420, 420, 420, 420, 420, 420, 420, 420, 420, 420, 420, 420, 420, 420, 420, 420, 420, 420, 420, 420, 420, 420, 420, 420, 420, 420, 420, 420, 420, 420, 420, 420, 420, 420, 420, 420, 420, 420, 420, 420, 420, 420, 420, 420, 420, 420, 420, 420, 420, 420, 420, 420, 420, 420, 420, 420, 420, 420, 420, 420, 420, 420, 420, 420, 420, 420, 420, 420, 420, 420, 420, 420, 420, 420, 420, 420]

ep305
Train step Loss: [0.9456332921981812, 0.9456871747970581, 0.9455963969230652, 0.9456040263175964, 0.9456384778022766, 0.9456667900085449, 0.9456402659416199, 0.9456501603126526, 0.9456772804260254, 0.9456301331520081, 0.9456505179405212, 0.9456014037132263, 0.9455714821815491, 0.9455843567848206, 0.9456467032432556, 0.9456980228424072, 0.9455522894859314, 0.9456555843353271, 0.945618212223053, 0.9456425905227661, 0.945636510848999, 0.945665180683136, 0.9456490278244019, 0.9456576108932495, 0.9456324577331543, 0.9457084536552429, 0.9455928802490234, 0.9455996751785278, 0.9456726312637329, 0.9456290006637573, 0.9456733465194702, 0.9457013607025146, 0.9455810785293579, 0.9456323981285095, 0.9455605745315552, 0.9455829858779907, 0.9456186890602112, 0.9455671906471252, 0.9456815123558044, 0.9456215500831604, 0.945651650428772, 0.9456554055213928, 0.9456841349601746, 0.945678174495697, 0.9456342458724976, 0.9456104040145874, 0.9455931782722473, 0.9456725120544434, 0.9456163048744202, 0.9455955624580383, 0.9455293416976929, 0.945589005947113, 0.9455454349517822, 0.9456659555435181, 0.9455512762069702, 0.9455648064613342, 0.9456669092178345, 0.945588231086731, 0.9456655979156494, 0.9456143379211426, 0.9455401301383972, 0.945660412311554, 0.9455877542495728, 0.9456544518470764, 0.9455786943435669, 0.945594072341919, 0.9456061124801636, 0.9456459879875183, 0.945621907711029, 0.9456668496131897, 0.94560706615448, 0.9455956220626831, 0.9457247853279114, 0.9456008076667786, 0.945600152015686, 0.9455826878547668, 0.9456297159194946, 0.9457554221153259, 0.9456163644790649, 0.9456321001052856, 0.945608377456665, 0.9456228017807007, 0.9456961750984192, 0.9456763863563538, 0.9455904960632324, 0.9456511735916138, 0.9456315040588379, 0.9455889463424683, 0.945660412311554, 0.9456323385238647, 0.9455973505973816, 0.9457340240478516, 0.9455828070640564, 0.945598304271698, 0.9455528855323792, 0.9456104040145874, 0.9456323981285095, 0.9456641674041748, 0.9455720782279968, 0.9455759525299072, 0.9456322193145752, 0.945646345615387, 0.9456194639205933, 0.9456167817115784, 0.9455889463424683]
val step Loss: [0.9459569454193115, 0.9460196495056152, 0.9459201097488403, 0.9459267854690552, 0.9495639204978943, 0.9458687901496887, 0.9509557485580444, 0.9459065794944763, 0.9459495544433594, 0.9459192752838135, 0.9472098350524902, 0.945955216884613, 0.946867823600769, 0.947005569934845, 0.9460760354995728, 0.9460892081260681, 0.9459627270698547, 0.9458977580070496, 0.9460189342498779, 0.9458544254302979, 0.9476737976074219, 0.9458890557289124, 0.9473605155944824, 0.9458451867103577, 0.945824146270752, 0.9458640217781067, 0.9459359645843506]
Train step Accs: [1.0, 1.0, 1.0, 1.0, 1.0, 1.0, 1.0, 1.0, 1.0, 1.0, 1.0, 1.0, 1.0, 1.0, 1.0, 1.0, 1.0, 1.0, 1.0, 1.0, 1.0, 1.0, 1.0, 1.0, 1.0, 1.0, 1.0, 1.0, 1.0, 1.0, 1.0, 1.0, 1.0, 1.0, 1.0, 1.0, 1.0, 1.0, 1.0, 1.0, 1.0, 1.0, 1.0, 1.0, 1.0, 1.0, 1.0, 1.0, 1.0, 1.0, 1.0, 1.0, 1.0, 1.0, 1.0, 1.0, 1.0, 1.0, 1.0, 1.0, 1.0, 1.0, 1.0, 1.0, 1.0, 1.0, 1.0, 1.0, 1.0, 1.0, 1.0, 1.0, 1.0, 1.0, 1.0, 1.0, 1.0, 1.0, 1.0, 1.0, 1.0, 1.0, 1.0, 1.0, 1.0, 1.0, 1.0, 1.0, 1.0, 1.0, 1.0, 1.0, 1.0, 1.0, 1.0, 1.0, 1.0, 1.0, 1.0, 1.0, 1.0, 1.0, 1.0, 1.0, 1.0]
val step Accs: [1.0, 1.0, 1.0, 1.0, 0.9993287464339654, 1.0, 0.9990786240786241, 1.0, 1.0, 1.0, 0.9998126288176878, 1.0, 0.9998259961719158, 0.9998147462022972, 1.0, 1.0, 1.0, 1.0, 1.0, 1.0, 0.9996751137102015, 1.0, 0.9997977346278317, 1.0, 1.0, 1.0, 1.0]
Preds: [17, 17, 359, 371, 371, 278, 278, 330, 251, 251, 251, 479, 331, 331, 84, 16, 16, 274, 274, 438, 219, 219, 219, 219, 219, 219, 246, 246, 246, 246, 246, 19, 19, 454, 229, 414, 414, 392, 392, 392, 73, 73, 73, 73, 209, 287, 287, 145, 460, 460, 460, 178, 35, 75, 36, 108, 224, 494, 494, 191, 236, 239, 384, 371, 371, 420, 324, 236, 314, 239, 239, 384, 371, 180, 180, 315, 315, 315, 315, 450, 450, 450, 43, 43, 364, 276, 276, 276, 346, 346, 284, 284, 206, 206, 206, 240, 251, 251, 251, 241, 431, 486, 113, 206, 167, 215, 349, 321, 155, 155, 155, 441, 148, 387, 88, 337, 337, 324, 324, 324, 301, 203, 399, 217, 70, 70, 138, 138, 138, 138, 375, 98, 98, 13, 13, 170, 392, 392, 392, 392, 392, 392, 73, 73, 244, 287, 287, 111, 460, 460, 385, 35, 36, 164, 164, 224, 351, 420, 464, 180, 315, 113, 450, 293, 43, 88, 345, 109, 403, 171, 171, 171, 252, 252, 24, 239, 384, 34, 191, 340, 116, 116, 94, 479, 331, 84, 496, 496, 236, 32, 239, 321, 75, 445, 445, 213, 324, 422, 314, 239, 384, 371, 278, 258, 31, 31, 68, 68, 68, 224, 224, 444, 444, 324, 314, 325, 325, 34, 166, 324, 301, 236, 285, 285, 106, 106, 106, 499, 428, 428, 85, 146, 146, 37, 233, 36, 270, 66, 68, 68, 68, 97, 221, 219, 219, 219, 219, 464, 464, 120, 207, 207, 207, 37, 233, 170, 170, 392, 392, 392, 392, 244, 392, 63, 63, 63, 73, 73, 244, 289, 320, 7, 219, 219, 219, 152, 152, 139, 139, 139, 293, 293, 274, 122, 219, 239, 239, 310, 107, 395, 395, 459, 120, 154, 143, 129, 259, 75, 445, 445, 445, 445, 464, 180, 315, 315, 315, 450, 450, 293, 43, 43, 345, 109, 337, 41, 324, 301, 422, 143, 259, 321, 377, 397, 123, 43, 43, 43, 276, 345, 387, 387, 387, 146, 219, 219, 219, 324, 324, 422, 99, 338, 338, 338, 338, 338, 395, 400, 286, 286, 286, 171, 171, 3, 3, 219, 219, 464, 464, 464, 180, 355, 355, 240, 271, 35, 77, 342, 323, 224, 273, 302, 302, 375, 215, 233, 233, 401, 244, 321, 7, 48, 48, 170, 392, 73, 392, 244, 320, 354, 333, 374, 19, 19, 17, 17, 420, 420, 420, 420, 420, 420, 420, 420, 420, 420, 420, 420, 420, 420, 420, 420, 420, 420, 420, 420, 420, 420, 420, 420, 420, 420, 420, 420, 420, 420, 420, 420, 420, 420, 420, 420, 420, 420, 420, 420, 420, 420, 420, 420, 420, 420, 420, 420, 420, 420, 420, 420, 420, 420, 420, 420, 420, 420, 420, 420, 420, 420, 420, 420, 420, 420, 420, 420, 420, 420, 420, 420, 420, 420, 420, 420, 420, 420, 420, 420, 420, 420, 420, 420, 420, 420, 420, 420, 420, 420, 420, 420, 420, 420, 420, 420, 420, 420, 420, 420, 420, 420, 420, 420, 420, 420, 420, 420, 420, 420, 420, 420, 420, 420, 420, 420, 420, 420, 420, 420, 420, 420, 420, 420, 420, 420, 420, 420, 420, 420, 420, 420, 420, 420, 420, 420, 420, 420, 420, 420, 420, 420, 420, 420, 420, 420, 420, 420, 420, 420, 420, 420, 420, 420, 420, 420, 420, 420, 420, 420, 420, 420, 420, 420, 420, 420, 420, 420, 420, 420, 420, 420, 420, 420, 420, 420, 420, 420, 420, 420, 420, 420, 420, 420, 420, 420, 420, 420, 420, 420, 420, 420, 420, 420, 420, 420, 420, 420, 420, 420, 420, 420, 420, 420]

