ep237
Train step Loss: [0.945723295211792, 0.9458009004592896, 0.9457033276557922, 0.9458298087120056, 0.9457520246505737, 0.9458154439926147, 0.9458155632019043, 0.9457577466964722, 0.9457183480262756, 0.9458064436912537, 0.9458143711090088, 0.9457273483276367, 0.9457698464393616, 0.9457467198371887, 0.9456939697265625, 0.9458259344100952, 0.9457483291625977, 0.9457138180732727, 0.945747971534729, 0.9457289576530457, 0.9457814693450928, 0.9457554817199707, 0.9457655549049377, 0.9457469582557678, 0.9457316994667053, 0.9457558393478394, 0.9457000494003296, 0.9457297921180725, 0.9457142353057861, 0.9457511305809021, 0.9457910656929016, 0.9457463622093201, 0.9457611441612244, 0.945736289024353, 0.9458164572715759, 0.9458739161491394, 0.9458034038543701, 0.9457772970199585, 0.9456526041030884, 0.9456787705421448, 0.9457746148109436, 0.9457838535308838, 0.9459152817726135, 0.9457394480705261, 0.9456964135169983, 0.9457905888557434, 0.9457627534866333, 0.9457614421844482, 0.9457920789718628, 0.9457763433456421, 0.945746123790741, 0.9457632899284363, 0.9457306861877441, 0.9457268714904785, 0.945853590965271, 0.9457540512084961, 0.9457274079322815, 0.9458089470863342, 0.9458272457122803, 0.9458068013191223, 0.9457816481590271, 0.9458829760551453, 0.9457117319107056, 0.9457562565803528, 0.9457554221153259, 0.9457321763038635, 0.9458025693893433, 0.945750892162323, 0.9457850456237793, 0.9457584023475647, 0.9457141160964966, 0.945774257183075, 0.9457918405532837, 0.9458338618278503, 0.945655107498169, 0.9458118081092834, 0.9457360506057739, 0.9458049535751343, 0.9457834362983704, 0.9457991719245911, 0.9457691311836243, 0.9457076191902161, 0.9458122849464417, 0.9457878470420837, 0.9457628726959229, 0.9457327723503113, 0.9457070231437683, 0.9457825422286987, 0.9457034468650818, 0.9457482695579529, 0.9457141757011414, 0.9458047747612, 0.9457301497459412, 0.9457417726516724, 0.9457252025604248, 0.9457881450653076, 0.9457204937934875, 0.9457163214683533, 0.9457372426986694, 0.9457165598869324, 0.9457730054855347, 0.945665717124939, 0.9456498026847839, 0.9457434415817261, 0.9457857608795166]
val step Loss: [0.9482128024101257, 0.9478562474250793, 0.9460027813911438, 0.9521178603172302, 0.9462382793426514, 0.9460155367851257, 0.9461742639541626, 0.9462024569511414, 0.946336567401886, 0.946549117565155, 0.9461338520050049, 0.9460062384605408, 0.946216881275177, 0.9462079405784607, 0.9462876319885254, 0.9461246132850647, 0.9470818042755127, 0.946254551410675, 0.9462262392044067, 0.9461588859558105, 0.9470918774604797, 0.9461721777915955, 0.9501307010650635, 0.9463228583335876, 0.9462118148803711, 0.946407675743103, 0.94613116979599]
Train step Accs: [1.0, 1.0, 1.0, 1.0, 1.0, 1.0, 1.0, 1.0, 1.0, 1.0, 1.0, 1.0, 1.0, 1.0, 1.0, 1.0, 1.0, 1.0, 1.0, 1.0, 1.0, 1.0, 1.0, 1.0, 1.0, 1.0, 1.0, 1.0, 1.0, 1.0, 1.0, 1.0, 1.0, 1.0, 1.0, 1.0, 1.0, 1.0, 1.0, 1.0, 1.0, 1.0, 1.0, 1.0, 1.0, 1.0, 1.0, 1.0, 1.0, 1.0, 1.0, 1.0, 1.0, 1.0, 1.0, 1.0, 1.0, 1.0, 1.0, 1.0, 1.0, 1.0, 1.0, 1.0, 1.0, 1.0, 1.0, 1.0, 1.0, 1.0, 1.0, 1.0, 1.0, 1.0, 1.0, 1.0, 1.0, 1.0, 1.0, 1.0, 1.0, 1.0, 1.0, 1.0, 1.0, 1.0, 1.0, 1.0, 1.0, 1.0, 1.0, 1.0, 1.0, 1.0, 1.0, 1.0, 1.0, 1.0, 1.0, 1.0, 1.0, 1.0, 1.0, 1.0, 1.0]
val step Accs: [0.9996630727762803, 0.9997021593447506, 1.0, 0.9989165763813651, 1.0, 1.0, 1.0, 1.0, 1.0, 1.0, 1.0, 1.0, 1.0, 1.0, 1.0, 1.0, 0.9998456551937027, 1.0, 1.0, 1.0, 0.9998104624715694, 1.0, 0.9993044687880369, 1.0, 1.0, 1.0, 1.0]
Preds: [17, 17, 152, 152, 152, 378, 378, 43, 276, 345, 345, 109, 174, 284, 319, 240, 240, 240, 314, 239, 82, 82, 449, 371, 444, 213, 324, 324, 324, 286, 301, 132, 42, 42, 147, 380, 380, 288, 443, 432, 330, 330, 388, 33, 33, 64, 394, 398, 219, 464, 464, 464, 180, 315, 315, 450, 450, 293, 43, 43, 43, 364, 276, 276, 276, 276, 346, 346, 284, 284, 284, 284, 376, 376, 206, 206, 85, 85, 240, 388, 251, 251, 251, 251, 251, 251, 241, 431, 355, 355, 452, 263, 263, 263, 420, 374, 374, 374, 374, 374, 374, 374, 374, 374, 374, 374, 374, 374, 374, 374, 374, 374, 374, 374, 374, 374, 374, 374, 374, 374, 374, 374, 374, 374, 374, 374, 374, 374, 374, 374, 374, 374, 374, 374, 374, 374, 374, 374, 374, 374, 374, 374, 374, 374, 374, 374, 374, 374, 374, 374, 374, 374, 374, 374, 374, 374, 374, 374, 374, 374, 374, 374, 374, 374, 374, 374, 374, 374, 374, 374, 374, 374, 374, 374, 374, 374, 374, 374, 374, 374, 374, 374, 374, 374, 374, 374, 374, 374, 374, 374, 374, 374, 374, 374, 374, 374, 374, 374, 374, 374, 374, 374, 374, 374, 374, 374, 374, 374, 374, 374, 374, 374, 374, 374, 374, 374, 374, 374, 374, 374, 374, 374, 374, 374, 374, 374, 374, 374, 374, 374, 374, 374, 374, 374, 374, 374, 374, 374, 374, 374, 374, 374, 374, 374, 374, 374, 374, 374, 374, 374, 374, 374, 374, 374, 374, 374, 374, 374, 374, 374, 374, 374, 374, 374, 374, 374, 374, 374, 374, 374, 374, 374, 374, 374, 374, 374, 374, 374, 374, 374, 374, 374, 374, 374, 374, 374, 374, 374, 374, 374, 374, 374, 374, 374, 374, 374, 374, 374, 374, 374, 374, 374, 374, 374, 374, 374, 374, 374, 374, 374, 374, 374, 374, 374, 374, 374, 374, 374, 374, 374, 374, 374, 374, 374, 374, 374, 374, 374, 374, 374, 374, 374, 374, 374, 374, 374, 374, 374, 374, 374, 374, 374, 374, 374, 374, 374, 374, 374, 374, 374, 374, 374, 374, 374, 374, 374, 374, 374, 374, 374, 374, 374, 374, 374, 374, 374, 374, 374, 374, 374, 374, 374, 374, 374, 374, 374, 374, 374, 374, 374, 374, 374, 374, 374, 374, 374, 374, 374, 374, 374, 374, 374, 374, 374, 374, 374, 374, 374, 374, 374, 374, 374, 374, 374, 374, 374, 374, 374, 374, 374, 374, 374, 374, 374, 374, 374, 374, 374, 374, 374, 374, 374, 374, 374, 374, 374, 374, 374, 374, 374, 374, 374, 374, 374, 374, 374, 374, 374, 374, 374, 374, 374, 374, 374, 374, 374, 374, 374, 374, 374, 374, 374, 374, 374, 374, 374, 374, 374, 374, 374, 374, 374, 374, 374, 374, 374, 374, 374, 374, 374, 374, 374, 374, 374, 374, 374, 374, 374, 374, 374, 374, 374, 374, 374, 374, 374, 374, 374, 374, 374, 374, 374, 374, 374, 374, 374, 374, 374, 374, 374, 374, 374, 374, 374, 374, 374, 374, 374, 374, 374, 374, 374, 374, 374, 374, 374, 374, 374, 374, 374, 374, 374, 374, 374, 374, 374, 374, 374, 374, 374, 374, 374, 374, 374, 374, 374, 374, 374, 374, 374, 374, 374, 374, 374, 374, 374, 374, 374, 374, 374, 374, 374, 374, 374, 374, 374, 374, 374, 374, 374, 374, 374, 374, 374, 374, 374, 374, 374, 374, 374, 374, 374, 374, 374, 374, 374, 374, 374, 374, 374, 374, 374, 374, 374, 374, 374, 374, 374, 374, 374, 374, 374, 374, 374, 374, 374, 374, 374, 374, 374]

ep238
Train step Loss: [0.9457095265388489, 0.9458246231079102, 0.9457148909568787, 0.9458515644073486, 0.9458068609237671, 0.9457107782363892, 0.9458059072494507, 0.9457420706748962, 0.945673406124115, 0.945726752281189, 0.9457630515098572, 0.9458015561103821, 0.9457054138183594, 0.9458142518997192, 0.945694625377655, 0.9457567930221558, 0.945906937122345, 0.9457889199256897, 0.9457264542579651, 0.945826530456543, 0.9457859396934509, 0.9457988142967224, 0.9458250999450684, 0.9457172751426697, 0.9457196593284607, 0.9457384347915649, 0.9457528591156006, 0.9457371234893799, 0.9457647800445557, 0.9458182454109192, 0.9458054304122925, 0.9457535147666931, 0.9458202123641968, 0.9457128047943115, 0.9457964301109314, 0.9457281827926636, 0.9457507133483887, 0.9457157850265503, 0.9457798004150391, 0.9457489252090454, 0.9457234144210815, 0.9457773566246033, 0.9457963705062866, 0.9457566142082214, 0.9457577466964722, 0.9457992911338806, 0.9457481503486633, 0.9457464814186096, 0.9457477331161499, 0.9457153081893921, 0.945720911026001, 0.9458065629005432, 0.9458658695220947, 0.945717453956604, 0.9457985758781433, 0.9457467198371887, 0.945787787437439, 0.9456921815872192, 0.9456877708435059, 0.9457440972328186, 0.9456884860992432, 0.9457349181175232, 0.9457636475563049, 0.9456955194473267, 0.9457696676254272, 0.9456964731216431, 0.945828378200531, 0.9458435773849487, 0.945736825466156, 0.9456545114517212, 0.9457495808601379, 0.9457818865776062, 0.9457919001579285, 0.9457395076751709, 0.9457741975784302, 0.9456920623779297, 0.9457620978355408, 0.9457268118858337, 0.9458208680152893, 0.945768415927887, 0.9457522630691528, 0.9457073211669922, 0.9457612633705139, 0.945728063583374, 0.9457789659500122, 0.9457706809043884, 0.9457894563674927, 0.94578617811203, 0.9457525014877319, 0.9457989931106567, 0.9457659125328064, 0.945771336555481, 0.945703387260437, 0.9457449913024902, 0.9457477331161499, 0.9457626342773438, 0.9458205699920654, 0.945749044418335, 0.9458015561103821, 0.9457898736000061, 0.9457811117172241, 0.9456965327262878, 0.9457219839096069, 0.9458156228065491, 0.9457113146781921]
val step Loss: [0.9462835192680359, 0.9461686611175537, 0.9462150931358337, 0.9462089538574219, 0.9462670087814331, 0.9472060799598694, 0.9472442865371704, 0.9464905261993408, 0.9462253451347351, 0.9462332725524902, 0.9461920857429504, 0.957528293132782, 0.9462937116622925, 0.9461805820465088, 0.9471392631530762, 0.9462573528289795, 0.9461364150047302, 0.9462983012199402, 0.9464218616485596, 0.9463329315185547, 0.9470295310020447, 0.9462127685546875, 0.9462553262710571, 0.9461516737937927, 0.9462766647338867, 0.9462456703186035, 0.9461449384689331]
Train step Accs: [1.0, 1.0, 1.0, 1.0, 1.0, 1.0, 1.0, 1.0, 1.0, 1.0, 1.0, 1.0, 1.0, 1.0, 1.0, 1.0, 1.0, 1.0, 1.0, 1.0, 1.0, 1.0, 1.0, 1.0, 1.0, 1.0, 1.0, 1.0, 1.0, 1.0, 1.0, 1.0, 1.0, 1.0, 1.0, 1.0, 1.0, 1.0, 1.0, 1.0, 1.0, 1.0, 1.0, 1.0, 1.0, 1.0, 1.0, 1.0, 1.0, 1.0, 1.0, 1.0, 1.0, 1.0, 1.0, 1.0, 1.0, 1.0, 1.0, 1.0, 1.0, 1.0, 1.0, 1.0, 1.0, 1.0, 1.0, 1.0, 1.0, 1.0, 1.0, 1.0, 1.0, 1.0, 1.0, 1.0, 1.0, 1.0, 1.0, 1.0, 1.0, 1.0, 1.0, 1.0, 1.0, 1.0, 1.0, 1.0, 1.0, 1.0, 1.0, 1.0, 1.0, 1.0, 1.0, 1.0, 1.0, 1.0, 1.0, 1.0, 1.0, 1.0, 1.0, 1.0, 1.0]
val step Accs: [1.0, 1.0, 1.0, 1.0, 1.0, 0.99981556621173, 0.9998213009292352, 1.0, 1.0, 1.0, 1.0, 0.9979256698357822, 1.0, 1.0, 0.9998423707440101, 1.0, 1.0, 1.0, 1.0, 1.0, 0.9998325238653492, 1.0, 1.0, 1.0, 1.0, 1.0, 1.0]
Preds: [17, 17, 441, 153, 153, 153, 424, 387, 497, 497, 122, 122, 35, 35, 259, 384, 371, 180, 180, 84, 84, 139, 16, 16, 375, 375, 375, 375, 98, 98, 98, 13, 13, 414, 414, 249, 249, 20, 47, 312, 187, 187, 101, 101, 101, 101, 149, 149, 149, 321, 287, 287, 287, 287, 297, 297, 297, 293, 293, 293, 122, 216, 22, 106, 106, 106, 284, 284, 284, 284, 306, 306, 372, 245, 406, 406, 284, 65, 284, 284, 284, 376, 376, 282, 282, 169, 271, 150, 77, 342, 342, 168, 97, 483, 196, 196, 479, 199, 199, 199, 360, 360, 330, 252, 368, 310, 310, 395, 395, 213, 278, 278, 278, 252, 368, 77, 453, 453, 168, 485, 301, 301, 374, 199, 106, 84, 84, 84, 84, 496, 293, 215, 215, 8, 251, 241, 241, 106, 106, 106, 284, 426, 405, 387, 387, 406, 406, 467, 467, 337, 207, 207, 19, 358, 233, 414, 417, 417, 417, 417, 442, 442, 414, 170, 102, 491, 312, 292, 292, 292, 292, 326, 326, 408, 408, 408, 228, 321, 320, 451, 30, 30, 422, 99, 338, 338, 338, 338, 400, 400, 400, 400, 171, 171, 301, 301, 378, 43, 364, 345, 345, 109, 109, 476, 476, 171, 324, 324, 301, 301, 8, 259, 354, 354, 420, 420, 420, 324, 324, 301, 251, 251, 241, 241, 331, 443, 443, 443, 443, 120, 120, 120, 120, 207, 207, 207, 207, 37, 203, 399, 217, 217, 473, 473, 476, 476, 171, 171, 171, 171, 252, 252, 310, 453, 107, 395, 444, 213, 213, 360, 252, 252, 368, 77, 54, 54, 224, 168, 494, 278, 301, 116, 251, 251, 241, 431, 431, 486, 376, 376, 376, 376, 376, 460, 460, 460, 240, 240, 35, 198, 384, 371, 114, 180, 84, 84, 84, 387, 372, 467, 467, 467, 467, 467, 207, 207, 207, 19, 19, 17, 420, 374, 420, 374, 374, 374, 374, 374, 374, 374, 374, 374, 374, 374, 374, 374, 374, 374, 374, 374, 374, 374, 374, 374, 374, 374, 374, 374, 374, 374, 374, 374, 374, 374, 374, 374, 374, 374, 374, 374, 374, 374, 374, 374, 374, 374, 374, 374, 374, 374, 374, 374, 374, 374, 374, 374, 374, 374, 374, 374, 374, 374, 374, 374, 374, 374, 374, 374, 374, 374, 374, 374, 374, 374, 374, 374, 374, 374, 374, 374, 374, 374, 374, 374, 374, 374, 374, 374, 374, 374, 374, 374, 374, 374, 374, 374, 374, 374, 374, 374, 374, 374, 374, 374, 374, 374, 374, 374, 374, 374, 374, 374, 374, 374, 374, 374, 374, 374, 374, 374, 374, 374, 374, 374, 374, 374, 374, 374, 374, 374, 374, 374, 374, 374, 374, 374, 374, 374, 374, 374, 374, 374, 374, 374, 374, 374, 374, 374, 374, 374, 374, 374, 374, 374, 374, 374, 374, 374, 374, 374, 374, 374, 374, 374, 374, 374, 374, 374, 374, 374, 374, 374, 374, 374, 374, 374, 374, 374, 374, 374, 374, 374, 374, 374, 374, 374, 374, 374, 374, 374, 374, 374, 374, 374, 374, 374, 374, 374, 374, 374, 374, 374, 374, 374, 374, 374, 374, 374, 374, 374, 374, 374, 374, 374, 374, 374, 374, 374, 374, 374, 374, 374, 374, 374, 374, 374, 374, 374, 374, 374, 374, 374, 374, 374, 374, 374, 374, 374, 374, 374, 374, 374, 374, 374, 374, 374, 374, 374, 374, 374, 374, 374, 374, 374, 374, 374, 374, 374, 374, 374, 374, 374, 374, 374, 374, 374, 374, 374, 374, 374, 374, 374, 374, 374, 374, 374, 374, 374, 374, 374, 374, 374, 374, 374, 374, 374, 374, 374, 374, 374]

ep239
Train step Loss: [0.9456933736801147, 0.9457411170005798, 0.9457557797431946, 0.945786714553833, 0.9457800388336182, 0.9457399845123291, 0.9457780718803406, 0.945814311504364, 0.9457382559776306, 0.9457150101661682, 0.9457761645317078, 0.9457492828369141, 0.9457029104232788, 0.9456638693809509, 0.9457516670227051, 0.9457875490188599, 0.9457471370697021, 0.945774257183075, 0.9457895159721375, 0.9457987546920776, 0.9457489252090454, 0.9457540512084961, 0.945770800113678, 0.9457899928092957, 0.9457815885543823, 0.9457700252532959, 0.9457874298095703, 0.9458050727844238, 0.9457360506057739, 0.945763349533081, 0.9457601308822632, 0.9457943439483643, 0.945786714553833, 0.9457564949989319, 0.9457498788833618, 0.9458038806915283, 0.9457423686981201, 0.9458559155464172, 0.9458835124969482, 0.9458332657814026, 0.9457953572273254, 0.9458310008049011, 0.9457284212112427, 0.9457997679710388, 0.9457037448883057, 0.9457809329032898, 0.9458589553833008, 0.9457461833953857, 0.9458112120628357, 0.9457505345344543, 0.9457904696464539, 0.9457045793533325, 0.9457931518554688, 0.9457759857177734, 0.945789635181427, 0.9457602500915527, 0.9458211064338684, 0.9457656741142273, 0.9457804560661316, 0.9457936882972717, 0.9458142518997192, 0.9457939267158508, 0.9456813931465149, 0.9457189440727234, 0.9458152055740356, 0.945734977722168, 0.9457873106002808, 0.9456923604011536, 0.9458299279212952, 0.9458024501800537, 0.9457204937934875, 0.9457270503044128, 0.9457845687866211, 0.9457840919494629, 0.9457019567489624, 0.9457347393035889, 0.9457442760467529, 0.9457126259803772, 0.9458271861076355, 0.9457367062568665, 0.9457706212997437, 0.9457913637161255, 0.9457231760025024, 0.9457119703292847, 0.9457716941833496, 0.9457105994224548, 0.9457020163536072, 0.9457886219024658, 0.9457507133483887, 0.9457931518554688, 0.9456937313079834, 0.945807695388794, 0.9457805752754211, 0.9458856582641602, 0.9458185434341431, 0.9458098411560059, 0.9457810521125793, 0.945775032043457, 0.9457412958145142, 0.945758581161499, 0.9457753300666809, 0.9457575678825378, 0.9457679390907288, 0.9456980228424072, 0.945740818977356]
val step Loss: [0.9461662173271179, 0.946194589138031, 0.9462040066719055, 0.9462271332740784, 0.946319580078125, 0.9461477994918823, 0.9462109804153442, 0.9462136626243591, 0.946418821811676, 0.9472589492797852, 0.9463017582893372, 0.9462785124778748, 0.9461988806724548, 0.9463750123977661, 0.9463562965393066, 0.9463648200035095, 0.951507031917572, 0.9496344327926636, 0.9471323490142822, 0.9475326538085938, 0.9463587403297424, 0.9462301135063171, 0.9462641477584839, 0.9470264315605164, 0.9479750394821167, 0.9462600946426392, 0.9460933208465576]
Train step Accs: [1.0, 1.0, 1.0, 1.0, 1.0, 1.0, 1.0, 1.0, 1.0, 1.0, 1.0, 1.0, 1.0, 1.0, 1.0, 1.0, 1.0, 1.0, 1.0, 1.0, 1.0, 1.0, 1.0, 1.0, 1.0, 1.0, 1.0, 1.0, 1.0, 1.0, 1.0, 1.0, 1.0, 1.0, 1.0, 1.0, 1.0, 1.0, 1.0, 1.0, 1.0, 1.0, 1.0, 1.0, 1.0, 1.0, 1.0, 1.0, 1.0, 1.0, 1.0, 1.0, 1.0, 1.0, 1.0, 1.0, 1.0, 1.0, 1.0, 1.0, 1.0, 1.0, 1.0, 1.0, 1.0, 1.0, 1.0, 1.0, 1.0, 1.0, 1.0, 1.0, 1.0, 1.0, 1.0, 1.0, 1.0, 1.0, 1.0, 1.0, 1.0, 1.0, 1.0, 1.0, 1.0, 1.0, 1.0, 1.0, 1.0, 1.0, 1.0, 1.0, 1.0, 1.0, 1.0, 1.0, 1.0, 1.0, 1.0, 1.0, 1.0, 1.0, 1.0, 1.0, 1.0]
val step Accs: [1.0, 1.0, 1.0, 1.0, 1.0, 1.0, 1.0, 1.0, 1.0, 0.99982341515098, 1.0, 1.0, 1.0, 1.0, 1.0, 1.0, 0.9990495802312688, 0.9993951308029638, 0.9998344370860928, 0.9997679275934092, 1.0, 1.0, 1.0, 0.999857020303117, 0.9996805622105095, 1.0, 1.0]
Preds: [17, 17, 17, 345, 442, 487, 152, 152, 152, 301, 378, 43, 276, 345, 109, 109, 284, 486, 460, 240, 240, 385, 314, 32, 239, 75, 384, 371, 191, 191, 240, 385, 143, 401, 244, 75, 127, 273, 180, 486, 486, 486, 460, 282, 167, 385, 457, 196, 196, 219, 398, 464, 464, 486, 486, 460, 460, 215, 215, 401, 401, 244, 321, 354, 420, 420, 324, 422, 77, 478, 68, 68, 68, 224, 273, 444, 444, 324, 301, 314, 217, 473, 398, 398, 324, 301, 10, 10, 309, 479, 380, 374, 213, 213, 213, 213, 246, 301, 301, 378, 29, 134, 134, 134, 203, 280, 337, 324, 324, 324, 324, 3, 464, 464, 145, 113, 206, 169, 349, 349, 205, 261, 261, 25, 100, 153, 153, 43, 43, 276, 276, 182, 387, 387, 387, 178, 129, 401, 244, 244, 208, 441, 100, 100, 100, 182, 182, 375, 98, 98, 229, 244, 244, 247, 126, 126, 326, 101, 101, 391, 228, 244, 244, 320, 287, 287, 287, 206, 240, 35, 36, 449, 449, 224, 168, 278, 464, 331, 315, 319, 450, 293, 43, 276, 182, 497, 497, 497, 122, 186, 349, 234, 234, 261, 25, 25, 106, 428, 428, 146, 146, 146, 171, 324, 324, 324, 324, 464, 464, 464, 464, 486, 486, 85, 85, 240, 251, 251, 251, 241, 431, 428, 428, 146, 146, 219, 219, 219, 219, 219, 464, 464, 443, 486, 486, 460, 460, 169, 169, 349, 352, 261, 25, 485, 152, 152, 422, 143, 458, 458, 75, 208, 441, 100, 100, 100, 98, 98, 48, 48, 17, 17, 420, 420, 420, 420, 420, 420, 420, 420, 420, 420, 420, 420, 420, 420, 420, 420, 420, 420, 420, 420, 420, 420, 420, 420, 420, 420, 420, 420, 420, 420, 420, 420, 420, 420, 420, 420, 420, 420, 420, 420, 420, 420, 420, 420, 420, 420, 420, 420, 420, 420, 420, 420, 420, 420, 420, 420, 420, 420, 420, 420, 420, 420, 420, 420, 420, 420, 420, 420, 420, 420, 420, 420, 420, 420, 420, 420, 420, 420, 420, 420, 420, 420, 420, 420, 420, 420, 420, 420, 420, 420, 420, 420, 420, 420, 420, 420, 420, 420, 420, 420, 420, 420, 420, 420, 420, 420, 420, 420, 420, 420, 420, 420, 420, 420, 420, 420, 420, 420, 420, 420, 420, 420, 420, 420, 420, 420, 420, 420, 420, 420, 420, 420, 420, 420, 420, 420, 420, 420, 420, 420, 420, 420, 420, 420, 420, 420, 420, 420, 420, 420, 420, 420, 420, 420, 420, 420, 420, 420, 420, 420, 420, 420, 420, 420, 420, 420, 420, 420, 420, 420, 420, 420, 420, 420, 420, 420, 420, 420, 420, 420, 420, 420, 420, 420, 420, 420, 420, 420, 420, 420, 420, 420, 420, 420, 420, 420, 420, 420, 420, 420, 420, 420, 420, 420, 420, 420, 420, 420, 420, 420, 420, 420, 420, 420, 420, 420, 420, 420, 420, 420, 420, 420, 420, 420, 420, 420, 420, 420, 420, 420, 420, 420, 420, 420, 420, 420, 420, 420, 420, 420, 420, 420, 420, 420, 420, 420, 420, 420, 420, 420, 420, 420, 420, 420, 420, 420, 420, 420, 420, 420, 420, 420, 420, 420, 420, 420, 420, 420, 420, 420, 420, 420, 420, 420, 420, 420, 420, 420, 420, 420, 420, 420, 420, 420, 420, 420, 420, 420, 420, 420, 420, 420, 420, 420, 420, 420, 420, 420, 420, 420, 420, 420, 420, 420, 420, 420, 420, 420, 420, 420, 420, 420, 420, 420, 420, 420, 420, 420, 420, 420, 420, 420, 420, 420, 420, 420, 420, 420, 420, 420, 420, 420, 420, 420, 420, 420, 420, 420]

ep240
Train step Loss: [0.9458414316177368, 0.9457838535308838, 0.9456502199172974, 0.9457249045372009, 0.9458569288253784, 0.9458193182945251, 0.9457854628562927, 0.9457111358642578, 0.9457594752311707, 0.9458104372024536, 0.945741593837738, 0.9457483887672424, 0.9457322359085083, 0.945704996585846, 0.9456557035446167, 0.9457892179489136, 0.9458033442497253, 0.9458878636360168, 0.9457828402519226, 0.945732057094574, 0.9457696080207825, 0.9457523822784424, 0.9457383751869202, 0.9456967115402222, 0.9457892775535583, 0.9456930160522461, 0.945756196975708, 0.9457360506057739, 0.9457851052284241, 0.9458491206169128, 0.9457552433013916, 0.9457839727401733, 0.9457635283470154, 0.9457451105117798, 0.9458228945732117, 0.9457463622093201, 0.9457873702049255, 0.9458177089691162, 0.9457441568374634, 0.945749044418335, 0.9456583261489868, 0.9457258582115173, 0.9458056688308716, 0.9457429051399231, 0.9457951188087463, 0.9457805752754211, 0.9457427859306335, 0.9458112716674805, 0.9458226561546326, 0.9457491040229797, 0.945741593837738, 0.9457646012306213, 0.9458912014961243, 0.9458650350570679, 0.9457647204399109, 0.9457626342773438, 0.9457736611366272, 0.9457973837852478, 0.9457323551177979, 0.9457675218582153, 0.9458711743354797, 0.9457800984382629, 0.9457655549049377, 0.9457739591598511, 0.9457583427429199, 0.9457628726959229, 0.9458091259002686, 0.9457427859306335, 0.9457733631134033, 0.945711076259613, 0.9457721710205078, 0.9457088112831116, 0.9457679390907288, 0.9458291530609131, 0.9457329511642456, 0.9457424879074097, 0.9457645416259766, 0.9458236694335938, 0.9458186626434326, 0.9457302093505859, 0.9457489252090454, 0.9457886815071106, 0.9457619786262512, 0.9457820057868958, 0.9457237720489502, 0.9457885026931763, 0.9456765651702881, 0.945828914642334, 0.9457535743713379, 0.945713222026825, 0.9457359910011292, 0.9458559155464172, 0.9457299709320068, 0.9457895755767822, 0.9457451105117798, 0.9457264542579651, 0.94577556848526, 0.9457664489746094, 0.9457108974456787, 0.9456878900527954, 0.9456955790519714, 0.9458062052726746, 0.945720374584198, 0.9457894563674927, 0.9457980990409851]
val step Loss: [0.9464979767799377, 0.9460642337799072, 0.9462569355964661, 0.946226954460144, 0.9462752342224121, 0.9461318254470825, 0.9460877180099487, 0.9462364912033081, 0.9462898969650269, 0.9463950395584106, 0.9462577700614929, 0.94611656665802, 0.9460260272026062, 0.948192834854126, 0.9512836337089539, 0.9472689032554626, 0.9470289349555969, 0.9462426900863647, 0.9472813010215759, 0.9463427662849426, 0.9461436867713928, 0.94615238904953, 0.946249783039093, 0.9464013576507568, 0.9474281072616577, 0.9500840306282043, 0.9460387825965881]
Train step Accs: [1.0, 1.0, 1.0, 1.0, 1.0, 1.0, 1.0, 1.0, 1.0, 1.0, 1.0, 1.0, 1.0, 1.0, 1.0, 1.0, 1.0, 1.0, 1.0, 1.0, 1.0, 1.0, 1.0, 1.0, 1.0, 1.0, 1.0, 1.0, 1.0, 1.0, 1.0, 1.0, 1.0, 1.0, 1.0, 1.0, 1.0, 1.0, 1.0, 1.0, 1.0, 1.0, 1.0, 1.0, 1.0, 1.0, 1.0, 1.0, 1.0, 1.0, 1.0, 1.0, 1.0, 1.0, 1.0, 1.0, 1.0, 1.0, 1.0, 1.0, 1.0, 1.0, 1.0, 1.0, 1.0, 1.0, 1.0, 1.0, 1.0, 1.0, 1.0, 1.0, 1.0, 1.0, 1.0, 1.0, 1.0, 1.0, 1.0, 1.0, 1.0, 1.0, 1.0, 1.0, 1.0, 1.0, 1.0, 1.0, 1.0, 1.0, 1.0, 1.0, 1.0, 1.0, 1.0, 1.0, 1.0, 1.0, 1.0, 1.0, 1.0, 1.0, 1.0, 1.0, 1.0]
val step Accs: [1.0, 1.0, 1.0, 1.0, 1.0, 1.0, 1.0, 1.0, 1.0, 1.0, 1.0, 1.0, 1.0, 0.9996405463695184, 0.999057936881771, 0.9998422712933754, 0.9998445998445998, 1.0, 0.9998052959501558, 1.0, 1.0, 1.0, 1.0, 1.0, 0.9998014691284495, 0.9993117687543015, 1.0]
Preds: [17, 17, 32, 239, 384, 377, 371, 374, 374, 374, 132, 8, 8, 259, 354, 354, 180, 180, 443, 120, 120, 120, 120, 120, 240, 240, 240, 216, 285, 84, 84, 302, 302, 100, 375, 375, 375, 98, 98, 98, 229, 229, 247, 312, 312, 187, 1, 101, 101, 101, 321, 321, 287, 287, 287, 287, 284, 284, 284, 206, 167, 348, 379, 77, 77, 478, 66, 323, 323, 172, 115, 273, 273, 273, 151, 240, 240, 285, 199, 111, 111, 111, 111, 438, 438, 438, 219, 324, 324, 464, 464, 464, 464, 301, 301, 143, 35, 74, 437, 437, 437, 284, 284, 285, 285, 106, 284, 284, 284, 284, 426, 426, 293, 293, 293, 182, 346, 346, 284, 284, 284, 284, 426, 481, 293, 293, 43, 43, 276, 276, 276, 174, 387, 348, 10, 398, 398, 398, 398, 374, 378, 406, 406, 406, 88, 88, 81, 81, 337, 337, 146, 324, 219, 219, 219, 152, 152, 58, 58, 27, 351, 486, 486, 486, 486, 486, 460, 460, 460, 167, 35, 35, 219, 219, 219, 485, 485, 477, 374, 374, 374, 374, 374, 304, 304, 337, 41, 19, 19, 454, 454, 229, 229, 229, 312, 312, 187, 187, 23, 23, 23, 260, 391, 391, 321, 321, 320, 320, 345, 100, 100, 497, 497, 497, 122, 216, 453, 168, 5, 258, 38, 99, 99, 338, 338, 338, 338, 338, 400, 400, 444, 171, 171, 171, 171, 171, 464, 464, 335, 14, 14, 287, 145, 145, 111, 111, 240, 240, 146, 219, 219, 219, 464, 464, 464, 222, 84, 245, 245, 245, 43, 43, 43, 364, 276, 276, 276, 276, 276, 346, 346, 346, 284, 284, 206, 206, 206, 167, 167, 35, 14, 411, 411, 411, 424, 424, 424, 153, 182, 182, 182, 182, 182, 182, 182, 122, 122, 250, 303, 195, 195, 195, 303, 117, 98, 117, 117, 48, 48, 48, 414, 170, 244, 244, 392, 244, 392, 392, 392, 244, 73, 7, 7, 321, 7, 7, 127, 451, 30, 30, 324, 301, 301, 378, 325, 114, 114, 114, 180, 486, 486, 486, 315, 460, 285, 285, 285, 467, 85, 111, 403, 146, 207, 299, 299, 434, 434, 250, 250, 413, 271, 186, 186, 99, 99, 338, 338, 395, 395, 273, 273, 432, 432, 330, 240, 240, 385, 35, 77, 164, 164, 115, 273, 273, 180, 151, 151, 151, 206, 130, 130, 402, 183, 219, 219, 219, 213, 213, 213, 246, 246, 246, 246, 301, 301, 378, 43, 43, 276, 276, 153, 153, 387, 413, 413, 360, 219, 246, 246, 246, 246, 246, 246, 246, 19, 17, 420, 374, 420, 420, 420, 420, 420, 420, 420, 420, 420, 420, 420, 420, 420, 420, 420, 420, 420, 420, 420, 420, 420, 420, 420, 420, 420, 420, 420, 420, 420, 420, 420, 420, 420, 420, 420, 420, 420, 420, 420, 420, 420, 420, 420, 420, 420, 420, 420, 420, 420, 420, 420, 420, 420, 420, 420, 420, 420, 420, 420, 420, 420, 420, 420, 420, 420, 420, 420, 420, 420, 420, 420, 420, 420, 420, 420, 420, 420, 420, 420, 420, 420, 420, 420, 420, 420, 420, 420, 420, 420, 420, 420, 420, 420, 420, 420, 420, 420, 420, 420, 420, 420, 420, 420, 420, 420, 420, 420, 420, 420, 420, 420, 420, 420, 420, 420, 420, 420, 420, 420, 420, 420, 420, 420, 420, 420, 420, 420, 420, 420, 420, 420, 420, 420, 420, 420, 420, 420, 420, 420, 420, 420, 420, 420, 420, 420, 420, 420, 420, 420, 420, 420, 420, 420, 420, 420, 420, 420, 420, 420, 420, 420, 420, 420, 420, 420, 420, 420, 420, 420, 420, 420, 420]

ep241
Train step Loss: [0.9457617998123169, 0.9458253979682922, 0.9457667469978333, 0.9457460641860962, 0.945729672908783, 0.9457627534866333, 0.9457144737243652, 0.9457434415817261, 0.945780873298645, 0.9458670616149902, 0.9457343220710754, 0.9456954002380371, 0.9458593130111694, 0.9457563161849976, 0.9457727670669556, 0.9457887411117554, 0.9456875324249268, 0.9456841945648193, 0.9457013607025146, 0.9457464218139648, 0.9457479119300842, 0.9456897974014282, 0.94570392370224, 0.9457664489746094, 0.9457763433456421, 0.9458016753196716, 0.945787787437439, 0.9457813501358032, 0.945743978023529, 0.9456731081008911, 0.9458364844322205, 0.9457926154136658, 0.945711076259613, 0.9457778334617615, 0.9457083344459534, 0.9456985592842102, 0.9457594156265259, 0.9457896947860718, 0.9456779360771179, 0.9458020329475403, 0.9457228183746338, 0.9458188414573669, 0.9457209706306458, 0.9457376599311829, 0.9457424283027649, 0.9457265734672546, 0.9457648396492004, 0.9458041787147522, 0.9457480311393738, 0.945743203163147, 0.945756733417511, 0.9457589983940125, 0.945804238319397, 0.9458028674125671, 0.9458147883415222, 0.9457458257675171, 0.9456653594970703, 0.9457588195800781, 0.9457758665084839, 0.945935845375061, 0.9457283020019531, 0.9457314014434814, 0.9457449913024902, 0.9457851648330688, 0.9457784295082092, 0.9456911087036133, 0.9457775950431824, 0.9457436800003052, 0.945792555809021, 0.9457525610923767, 0.9457828998565674, 0.9457575082778931, 0.945758044719696, 0.9456998109817505, 0.945716917514801, 0.9457166790962219, 0.9458208084106445, 0.945715069770813, 0.9457337260246277, 0.9457678198814392, 0.9458259344100952, 0.9458386898040771, 0.9458723068237305, 0.9458215236663818, 0.9458600878715515, 0.9457051753997803, 0.9458077549934387, 0.9457941651344299, 0.945746123790741, 0.945818305015564, 0.9458016157150269, 0.9457170367240906, 0.9457095265388489, 0.9457705020904541, 0.9458391666412354, 0.9457558989524841, 0.945763111114502, 0.9457613229751587, 0.9457743167877197, 0.9456783533096313, 0.9457569718360901, 0.9458431005477905, 0.9458121061325073, 0.9457681775093079, 0.9457613825798035]
val step Loss: [0.9469476342201233, 0.9463167190551758, 0.9461022019386292, 0.9461047649383545, 0.9472121596336365, 0.9461239576339722, 0.9460998177528381, 0.9461945295333862, 0.9461843371391296, 0.9460945725440979, 0.9461359977722168, 0.9470334053039551, 0.9463655948638916, 0.9464029669761658, 0.9461252689361572, 0.9462137818336487, 0.9462487697601318, 0.9503364562988281, 0.9462305307388306, 0.9462279677391052, 0.9472255110740662, 0.9462847113609314, 0.9462330937385559, 0.9478852152824402, 0.9511696100234985, 0.9462913870811462, 0.9464366436004639]
Train step Accs: [1.0, 1.0, 1.0, 1.0, 1.0, 1.0, 1.0, 1.0, 1.0, 1.0, 1.0, 1.0, 1.0, 1.0, 1.0, 1.0, 1.0, 1.0, 1.0, 1.0, 1.0, 1.0, 1.0, 1.0, 1.0, 1.0, 1.0, 1.0, 1.0, 1.0, 1.0, 1.0, 1.0, 1.0, 1.0, 1.0, 1.0, 1.0, 1.0, 1.0, 1.0, 1.0, 1.0, 1.0, 1.0, 1.0, 1.0, 1.0, 1.0, 1.0, 1.0, 1.0, 1.0, 1.0, 1.0, 1.0, 1.0, 1.0, 1.0, 1.0, 1.0, 1.0, 1.0, 1.0, 1.0, 1.0, 1.0, 1.0, 1.0, 1.0, 1.0, 1.0, 1.0, 1.0, 1.0, 1.0, 1.0, 1.0, 1.0, 1.0, 1.0, 1.0, 1.0, 1.0, 1.0, 1.0, 1.0, 1.0, 1.0, 1.0, 1.0, 1.0, 1.0, 1.0, 1.0, 1.0, 1.0, 1.0, 1.0, 1.0, 1.0, 1.0, 1.0, 1.0, 1.0]
val step Accs: [0.9998643516006511, 1.0, 1.0, 1.0, 0.9998321866084914, 1.0, 1.0, 1.0, 1.0, 1.0, 1.0, 0.9998530708198649, 1.0, 1.0, 1.0, 1.0, 1.0, 0.9992343032159265, 1.0, 1.0, 0.999817050859861, 1.0, 1.0, 0.9996948428440647, 0.9990838295923041, 1.0, 1.0]
Preds: [17, 17, 445, 464, 171, 171, 171, 171, 252, 252, 314, 32, 239, 36, 107, 107, 395, 213, 213, 213, 213, 246, 19, 454, 229, 229, 247, 126, 126, 126, 126, 326, 326, 408, 408, 408, 391, 228, 244, 320, 7, 7, 32, 32, 239, 108, 371, 371, 278, 278, 422, 236, 239, 239, 384, 449, 371, 470, 180, 443, 443, 443, 443, 403, 403, 171, 438, 203, 399, 217, 250, 250, 250, 138, 153, 88, 132, 374, 219, 219, 219, 219, 219, 464, 464, 171, 171, 171, 171, 246, 246, 246, 246, 24, 24, 239, 239, 384, 384, 420, 324, 324, 340, 116, 10, 10, 309, 479, 479, 331, 106, 153, 426, 426, 293, 293, 293, 98, 98, 335, 335, 226, 226, 209, 188, 188, 213, 324, 301, 8, 8, 239, 354, 354, 106, 355, 355, 376, 376, 460, 452, 263, 263, 263, 13, 229, 229, 82, 312, 23, 23, 23, 408, 149, 228, 244, 320, 479, 479, 398, 324, 422, 143, 465, 465, 354, 354, 346, 284, 486, 206, 169, 150, 342, 342, 164, 164, 224, 273, 470, 403, 403, 464, 464, 464, 355, 178, 143, 129, 458, 208, 208, 441, 100, 387, 387, 313, 236, 239, 239, 310, 107, 107, 395, 278, 443, 443, 240, 215, 215, 129, 259, 354, 284, 206, 460, 240, 35, 36, 164, 342, 351, 180, 486, 460, 460, 178, 178, 233, 458, 192, 192, 41, 41, 41, 41, 19, 19, 19, 454, 454, 229, 229, 82, 126, 126, 292, 326, 408, 408, 149, 244, 244, 373, 338, 338, 338, 395, 494, 374, 416, 8, 32, 239, 354, 65, 65, 481, 481, 481, 293, 143, 35, 458, 208, 100, 100, 387, 387, 122, 236, 129, 259, 310, 108, 323, 224, 397, 106, 88, 88, 387, 203, 399, 217, 473, 473, 398, 324, 464, 422, 416, 143, 458, 144, 208, 27, 441, 125, 125, 387, 206, 175, 251, 251, 241, 431, 486, 460, 460, 167, 178, 35, 77, 342, 342, 342, 224, 267, 267, 444, 324, 246, 246, 477, 301, 313, 325, 325, 34, 324, 324, 301, 422, 24, 239, 384, 371, 180, 486, 486, 460, 240, 240, 24, 239, 310, 107, 395, 255, 416, 143, 129, 401, 259, 320, 354, 354, 109, 337, 41, 324, 19, 19, 454, 454, 229, 229, 247, 312, 187, 187, 187, 408, 408, 391, 391, 73, 244, 320, 7, 7, 371, 398, 324, 301, 116, 251, 251, 331, 106, 88, 88, 88, 106, 284, 405, 206, 206, 178, 35, 35, 401, 259, 354, 106, 284, 405, 405, 206, 178, 178, 35, 233, 401, 401, 320, 7, 276, 100, 375, 98, 98, 98, 249, 305, 305, 170, 244, 28, 28, 392, 392, 392, 63, 63, 392, 63, 63, 63, 392, 63, 63, 63, 63, 63, 244, 195, 305, 211, 211, 17, 420, 420, 420, 420, 420, 420, 420, 420, 420, 420, 420, 420, 420, 420, 420, 420, 420, 420, 420, 420, 420, 420, 420, 420, 420, 420, 420, 420, 420, 420, 420, 420, 420, 420, 420, 420, 420, 420, 420, 420, 420, 420, 420, 420, 420, 420, 420, 420, 420, 420, 420, 420, 420, 420, 420, 420, 420, 420, 420, 420, 420, 420, 420, 420, 420, 420, 420, 420, 420, 420, 420, 420, 420, 420, 420, 420, 420, 420, 420, 420, 420, 420, 420, 420, 420, 420, 420, 420, 420, 420, 420, 420, 420, 420, 420, 420, 420, 420, 420, 420, 420, 420, 420, 420, 420, 420, 420, 420, 420, 420, 420, 420, 420, 420, 420, 420, 420, 420, 420, 420, 420, 420, 420, 420, 420, 420, 420, 420, 420, 420, 420, 420, 420, 420, 420, 420, 420, 420]

ep242
Train step Loss: [0.9457457661628723, 0.9457470774650574, 0.9457626342773438, 0.9458587169647217, 0.945791482925415, 0.9456916451454163, 0.9457892179489136, 0.9456644654273987, 0.9456875324249268, 0.9457740783691406, 0.9458541870117188, 0.945779025554657, 0.9457315802574158, 0.9457648396492004, 0.9456930756568909, 0.945801854133606, 0.9457420110702515, 0.9457628726959229, 0.9457442760467529, 0.9457790851593018, 0.9457534551620483, 0.9458260536193848, 0.9457434415817261, 0.9457677006721497, 0.9457651376724243, 0.9457523822784424, 0.9457957744598389, 0.9457271099090576, 0.9457982182502747, 0.945793628692627, 0.9457314014434814, 0.9458093047142029, 0.9457526206970215, 0.9457482099533081, 0.9457259774208069, 0.9457388520240784, 0.9457310438156128, 0.9457658529281616, 0.945742666721344, 0.9457669854164124, 0.9457959532737732, 0.9458053708076477, 0.9458053112030029, 0.9457699060440063, 0.945702314376831, 0.9457140564918518, 0.9456560611724854, 0.9457855820655823, 0.9456779956817627, 0.9457831382751465, 0.945754885673523, 0.9457553625106812, 0.9457372426986694, 0.9457748532295227, 0.9456924796104431, 0.9458298087120056, 0.945727527141571, 0.9457167983055115, 0.9457581043243408, 0.9457606077194214, 0.9457272887229919, 0.9458261728286743, 0.945779025554657, 0.9457647800445557, 0.9458052515983582, 0.9457784295082092, 0.9457284212112427, 0.9457454681396484, 0.9457850456237793, 0.9457077383995056, 0.9458003044128418, 0.9457215666770935, 0.9457105398178101, 0.9456933736801147, 0.9457839727401733, 0.9457504749298096, 0.9457154273986816, 0.9456995725631714, 0.9458043575286865, 0.9457808136940002, 0.9457458853721619, 0.9457622766494751, 0.9458470344543457, 0.945724606513977, 0.9457583427429199, 0.9458716511726379, 0.9457024335861206, 0.9457200765609741, 0.9458218216896057, 0.9457372426986694, 0.9457587003707886, 0.9457808136940002, 0.9458647966384888, 0.9457733631134033, 0.9457412362098694, 0.9457927942276001, 0.9457268714904785, 0.9457095861434937, 0.9457480311393738, 0.9457322359085083, 0.945781946182251, 0.945827066898346, 0.9458119869232178, 0.9457392692565918, 0.945709764957428]
val step Loss: [0.9464319348335266, 0.9462536573410034, 0.9514071345329285, 0.9462500214576721, 0.9462370276451111, 0.9462983012199402, 0.9460901021957397, 0.9515388011932373, 0.9462072253227234, 0.946327805519104, 0.9462726712226868, 0.9462889432907104, 0.9462905526161194, 0.9465016722679138, 0.9462946653366089, 0.9462776780128479, 0.946243166923523, 0.9476264715194702, 0.9462270736694336, 0.9461922645568848, 0.9491627216339111, 0.9471215009689331, 0.9460871815681458, 0.9462679028511047, 0.9462751150131226, 0.9461653828620911, 0.9462820291519165]
Train step Accs: [1.0, 1.0, 1.0, 1.0, 1.0, 1.0, 1.0, 1.0, 1.0, 1.0, 1.0, 1.0, 1.0, 1.0, 1.0, 1.0, 1.0, 1.0, 1.0, 1.0, 1.0, 1.0, 1.0, 1.0, 1.0, 1.0, 1.0, 1.0, 1.0, 1.0, 1.0, 1.0, 1.0, 1.0, 1.0, 1.0, 1.0, 1.0, 1.0, 1.0, 1.0, 1.0, 1.0, 1.0, 1.0, 1.0, 1.0, 1.0, 1.0, 1.0, 1.0, 1.0, 1.0, 1.0, 1.0, 1.0, 1.0, 1.0, 1.0, 1.0, 1.0, 1.0, 1.0, 1.0, 1.0, 1.0, 1.0, 1.0, 1.0, 1.0, 1.0, 1.0, 1.0, 1.0, 1.0, 1.0, 1.0, 1.0, 1.0, 1.0, 1.0, 1.0, 1.0, 1.0, 1.0, 1.0, 1.0, 1.0, 1.0, 1.0, 1.0, 1.0, 1.0, 1.0, 1.0, 1.0, 1.0, 1.0, 1.0, 1.0, 1.0, 1.0, 1.0, 1.0, 1.0]
val step Accs: [1.0, 1.0, 0.9990766389658357, 1.0, 1.0, 1.0, 1.0, 0.9990444338270426, 1.0, 1.0, 1.0, 1.0, 1.0, 1.0, 1.0, 1.0, 1.0, 0.9997970367363507, 1.0, 1.0, 0.9994667614646285, 0.9998385794995964, 1.0, 1.0, 1.0, 1.0, 1.0]
Preds: [17, 17, 32, 239, 384, 377, 371, 374, 374, 374, 132, 8, 8, 259, 354, 354, 180, 180, 443, 120, 120, 120, 120, 120, 240, 240, 240, 216, 285, 84, 84, 302, 302, 100, 375, 375, 375, 98, 98, 98, 229, 229, 247, 312, 312, 187, 1, 101, 101, 101, 321, 321, 287, 287, 287, 287, 284, 284, 284, 206, 167, 348, 379, 77, 77, 478, 66, 323, 323, 172, 115, 273, 273, 273, 151, 240, 240, 285, 199, 111, 111, 111, 111, 438, 438, 438, 219, 324, 324, 464, 464, 464, 464, 301, 301, 143, 35, 74, 437, 437, 437, 284, 284, 285, 285, 106, 284, 284, 284, 284, 426, 426, 293, 293, 293, 182, 346, 346, 284, 284, 284, 284, 426, 481, 293, 293, 43, 43, 276, 276, 276, 174, 387, 348, 10, 398, 398, 398, 398, 374, 378, 406, 406, 406, 88, 88, 81, 81, 337, 337, 146, 324, 219, 219, 219, 152, 152, 58, 58, 27, 351, 486, 486, 486, 486, 486, 460, 460, 460, 167, 35, 35, 219, 219, 219, 485, 485, 477, 374, 374, 374, 374, 374, 304, 304, 337, 41, 19, 19, 454, 454, 229, 229, 229, 312, 312, 187, 187, 23, 23, 23, 260, 391, 391, 321, 321, 320, 320, 345, 100, 100, 497, 497, 497, 122, 216, 453, 168, 5, 258, 38, 99, 99, 338, 338, 338, 338, 338, 400, 400, 444, 171, 171, 171, 171, 171, 464, 464, 335, 14, 14, 287, 145, 145, 111, 111, 240, 240, 146, 219, 219, 219, 464, 464, 464, 222, 84, 245, 245, 245, 43, 43, 43, 364, 276, 276, 276, 276, 276, 346, 346, 346, 284, 284, 206, 206, 206, 167, 167, 35, 14, 411, 411, 411, 424, 424, 424, 153, 182, 182, 182, 182, 182, 182, 182, 122, 122, 250, 303, 195, 195, 195, 303, 117, 98, 117, 117, 48, 48, 48, 414, 170, 244, 244, 392, 244, 392, 392, 392, 244, 73, 7, 7, 321, 7, 7, 127, 451, 30, 30, 324, 301, 301, 378, 325, 114, 114, 114, 180, 486, 486, 486, 315, 460, 285, 285, 285, 467, 85, 111, 403, 146, 207, 299, 299, 434, 434, 250, 250, 413, 271, 186, 186, 99, 99, 338, 338, 395, 395, 273, 273, 432, 432, 330, 240, 240, 385, 35, 77, 164, 164, 115, 273, 273, 180, 151, 151, 151, 206, 130, 130, 402, 183, 219, 219, 219, 213, 213, 213, 246, 246, 246, 246, 301, 301, 378, 43, 43, 276, 276, 153, 153, 387, 413, 413, 360, 219, 246, 246, 246, 246, 246, 246, 246, 19, 17, 420, 374, 420, 420, 420, 420, 420, 420, 420, 420, 420, 420, 420, 420, 420, 420, 420, 420, 420, 420, 420, 420, 420, 420, 420, 420, 420, 420, 420, 420, 420, 420, 420, 420, 420, 420, 420, 420, 420, 420, 420, 420, 420, 420, 420, 420, 420, 420, 420, 420, 420, 420, 420, 420, 420, 420, 420, 420, 420, 420, 420, 420, 420, 420, 420, 420, 420, 420, 420, 420, 420, 420, 420, 420, 420, 420, 420, 420, 420, 420, 420, 420, 420, 420, 420, 420, 420, 420, 420, 420, 420, 420, 420, 420, 420, 420, 420, 420, 420, 420, 420, 420, 420, 420, 420, 420, 420, 420, 420, 420, 420, 420, 420, 420, 420, 420, 420, 420, 420, 420, 420, 420, 420, 420, 420, 420, 420, 420, 420, 420, 420, 420, 420, 420, 420, 420, 420, 420, 420, 420, 420, 420, 420, 420, 420, 420, 420, 420, 420, 420, 420, 420, 420, 420, 420, 420, 420, 420, 420, 420, 420, 420, 420, 420, 420, 420, 420, 420, 420, 420, 420, 420, 420, 420]

ep243
Train step Loss: [0.9458123445510864, 0.9457477927207947, 0.9457066655158997, 0.9457489252090454, 0.9457558393478394, 0.945796549320221, 0.9457876682281494, 0.9457250833511353, 0.9458195567131042, 0.945815920829773, 0.9457514882087708, 0.9457663297653198, 0.9457467794418335, 0.9457734823226929, 0.9457836151123047, 0.9458044171333313, 0.9457855224609375, 0.9457901120185852, 0.9457826614379883, 0.9458919763565063, 0.9457831978797913, 0.945827305316925, 0.9457341432571411, 0.9457690715789795, 0.94575434923172, 0.9458115696907043, 0.9458225965499878, 0.9457773566246033, 0.9457890391349792, 0.945754885673523, 0.9457756280899048, 0.9457730054855347, 0.9457888007164001, 0.9457417726516724, 0.9457595348358154, 0.9457644820213318, 0.9458249807357788, 0.94575035572052, 0.9457507729530334, 0.9458198547363281, 0.9457699656486511, 0.9457311034202576, 0.9457690715789795, 0.9458075761795044, 0.9458027482032776, 0.9457095265388489, 0.9457051753997803, 0.9457151293754578, 0.9457491636276245, 0.9458083510398865, 0.9457826018333435, 0.945810079574585, 0.945740818977356, 0.9457517266273499, 0.9458118081092834, 0.9456967115402222, 0.9458336234092712, 0.9457967877388, 0.9457265138626099, 0.9457276463508606, 0.9457873702049255, 0.9457800388336182, 0.9457138180732727, 0.9457854628562927, 0.9457165598869324, 0.9457640051841736, 0.9457782506942749, 0.9457541108131409, 0.9458341002464294, 0.9457471966743469, 0.9457197189331055, 0.9457582831382751, 0.9458210468292236, 0.945711076259613, 0.945727527141571, 0.9457923769950867, 0.9457929134368896, 0.9457910656929016, 0.9458080530166626, 0.9458395838737488, 0.9458004832267761, 0.9456978440284729, 0.9456855654716492, 0.9457873106002808, 0.9457432627677917, 0.945751965045929, 0.9457577466964722, 0.9457067251205444, 0.9457484483718872, 0.9459013938903809, 0.9457913637161255, 0.9458189606666565, 0.9458078145980835, 0.9457358121871948, 0.9457851052284241, 0.9457385540008545, 0.9457812309265137, 0.9457964301109314, 0.94577956199646, 0.9457792043685913, 0.9457504749298096, 0.9456926584243774, 0.9458738565444946, 0.9457271695137024, 0.9457840323448181]
val step Loss: [0.9461584687232971, 0.9478405117988586, 0.9463420510292053, 0.9504672288894653, 0.9460585713386536, 0.9463356137275696, 0.9474389553070068, 0.9522303938865662, 0.9462850689888, 0.9461638331413269, 0.9463387727737427, 0.9462708234786987, 0.9461991786956787, 0.9462102055549622, 0.9461992979049683, 0.946195125579834, 0.9460623264312744, 0.9462658166885376, 0.9481599926948547, 0.9462493658065796, 0.9463727474212646, 0.9462575912475586, 0.9460909366607666, 0.9462120532989502, 0.9464501142501831, 0.9462907910346985, 0.9465354681015015]
Train step Accs: [1.0, 1.0, 1.0, 1.0, 1.0, 1.0, 1.0, 1.0, 1.0, 1.0, 1.0, 1.0, 1.0, 1.0, 1.0, 1.0, 1.0, 1.0, 1.0, 1.0, 1.0, 1.0, 1.0, 1.0, 1.0, 1.0, 1.0, 1.0, 1.0, 1.0, 1.0, 1.0, 1.0, 1.0, 1.0, 1.0, 1.0, 1.0, 1.0, 1.0, 1.0, 1.0, 1.0, 1.0, 1.0, 1.0, 1.0, 1.0, 1.0, 1.0, 1.0, 1.0, 1.0, 1.0, 1.0, 1.0, 1.0, 1.0, 1.0, 1.0, 1.0, 1.0, 1.0, 1.0, 1.0, 1.0, 1.0, 1.0, 1.0, 1.0, 1.0, 1.0, 1.0, 1.0, 1.0, 1.0, 1.0, 1.0, 1.0, 1.0, 1.0, 1.0, 1.0, 1.0, 1.0, 1.0, 1.0, 1.0, 1.0, 1.0, 1.0, 1.0, 1.0, 1.0, 1.0, 1.0, 1.0, 1.0, 1.0, 1.0, 1.0, 1.0, 1.0, 1.0, 1.0]
val step Accs: [1.0, 0.9997117740308402, 1.0, 0.9992240844196152, 1.0, 1.0, 0.999822883457315, 0.9988884772137829, 1.0, 1.0, 1.0, 1.0, 1.0, 1.0, 1.0, 1.0, 1.0, 1.0, 0.9996577686516085, 1.0, 1.0, 1.0, 1.0, 1.0, 1.0, 1.0, 1.0]
Preds: [17, 17, 296, 479, 479, 278, 278, 252, 143, 143, 129, 259, 144, 445, 445, 180, 403, 403, 403, 290, 290, 290, 434, 246, 246, 246, 246, 246, 246, 19, 19, 19, 454, 414, 442, 414, 170, 244, 244, 187, 408, 392, 244, 244, 244, 244, 244, 7, 152, 152, 152, 422, 349, 234, 234, 261, 25, 106, 106, 499, 284, 306, 306, 406, 406, 467, 284, 284, 287, 284, 284, 284, 450, 450, 450, 293, 413, 413, 251, 251, 251, 241, 431, 431, 428, 428, 428, 428, 146, 146, 146, 358, 465, 164, 352, 164, 352, 25, 34, 324, 324, 301, 301, 8, 205, 261, 25, 106, 100, 153, 43, 43, 182, 182, 387, 387, 169, 169, 349, 352, 352, 397, 397, 133, 43, 43, 276, 276, 346, 346, 387, 387, 215, 35, 401, 259, 345, 345, 387, 240, 236, 129, 75, 164, 27, 351, 355, 355, 355, 240, 215, 8, 239, 354, 354, 420, 324, 324, 416, 143, 401, 82, 244, 354, 420, 278, 154, 178, 143, 458, 82, 192, 27, 351, 443, 443, 240, 240, 325, 34, 34, 324, 324, 339, 339, 94, 398, 398, 340, 116, 10, 10, 479, 398, 398, 374, 374, 330, 468, 406, 406, 467, 88, 387, 387, 169, 186, 99, 338, 338, 338, 338, 395, 395, 432, 330, 330, 388, 348, 10, 10, 479, 331, 331, 84, 350, 387, 387, 240, 251, 251, 251, 114, 114, 278, 278, 278, 31, 99, 338, 338, 338, 338, 338, 395, 395, 464, 464, 120, 355, 355, 355, 169, 215, 349, 205, 261, 25, 420, 324, 422, 143, 458, 244, 208, 208, 441, 441, 141, 141, 38, 162, 232, 232, 232, 68, 68, 68, 115, 115, 267, 267, 267, 213, 246, 246, 19, 454, 229, 247, 126, 126, 326, 326, 326, 101, 101, 101, 149, 149, 228, 321, 83, 287, 111, 55, 438, 299, 299, 434, 339, 10, 10, 10, 309, 479, 398, 213, 213, 213, 246, 246, 246, 301, 143, 129, 129, 401, 259, 354, 354, 106, 486, 486, 460, 215, 215, 401, 244, 75, 354, 346, 284, 206, 240, 236, 36, 36, 342, 115, 273, 180, 499, 486, 460, 178, 178, 233, 82, 192, 192, 445, 445, 213, 41, 41, 19, 19, 17, 420, 420, 420, 420, 420, 420, 420, 420, 420, 420, 420, 420, 420, 420, 420, 420, 420, 420, 420, 420, 420, 420, 420, 420, 420, 420, 420, 420, 420, 420, 420, 420, 420, 420, 420, 420, 420, 420, 420, 420, 420, 420, 420, 420, 420, 420, 420, 420, 420, 420, 420, 420, 420, 420, 420, 420, 420, 420, 420, 420, 420, 420, 420, 420, 420, 420, 420, 420, 420, 420, 420, 420, 420, 420, 420, 420, 420, 420, 420, 420, 420, 420, 420, 420, 420, 420, 420, 420, 420, 420, 420, 420, 420, 420, 420, 420, 420, 420, 420, 420, 420, 420, 420, 420, 420, 420, 420, 420, 420, 420, 420, 420, 420, 420, 420, 420, 420, 420, 420, 420, 420, 420, 420, 420, 420, 420, 420, 420, 420, 420, 420, 420, 420, 420, 420, 420, 420, 420, 420, 420, 420, 420, 420, 420, 420, 420, 420, 420, 420, 420, 420, 420, 420, 420, 420, 420, 420, 420, 420, 420, 420, 420, 420, 420, 420, 420, 420, 420, 420, 420, 420, 420, 420, 420, 420, 420, 420, 420, 420, 420, 420, 420, 420, 420, 420, 420, 420, 420, 420, 420, 420, 420, 420, 420, 420, 420, 420, 420, 420, 420, 420, 420, 420, 420, 420, 420, 420, 420, 420, 420, 420, 420, 420, 420, 420, 420, 420, 420, 420, 420, 420, 420, 420, 420, 420, 420, 420, 420, 420, 420, 420]

ep244
Train step Loss: [0.9458137154579163, 0.9457485675811768, 0.9457702040672302, 0.945724606513977, 0.9458301663398743, 0.9457532167434692, 0.9457584619522095, 0.9457770586013794, 0.9457323551177979, 0.9458035230636597, 0.9457472562789917, 0.9457995891571045, 0.945759654045105, 0.9457606673240662, 0.9458383321762085, 0.9457409381866455, 0.94573974609375, 0.9456901550292969, 0.9457583427429199, 0.9458403587341309, 0.9458093643188477, 0.9457783699035645, 0.945726752281189, 0.9458172917366028, 0.9457270503044128, 0.9457348585128784, 0.9457701444625854, 0.9456655383110046, 0.9457302093505859, 0.9457578063011169, 0.945801854133606, 0.9457350373268127, 0.9457195997238159, 0.9458259344100952, 0.9457830786705017, 0.9457268714904785, 0.9458182454109192, 0.9457026124000549, 0.9458309412002563, 0.9456637501716614, 0.9457390904426575, 0.9458874464035034, 0.9457111358642578, 0.945686936378479, 0.9457324147224426, 0.9459051489830017, 0.9458019733428955, 0.9458200931549072, 0.9457038640975952, 0.9458324909210205, 0.9457632899284363, 0.9457818269729614, 0.9458044171333313, 0.9457710981369019, 0.9458398818969727, 0.945793867111206, 0.945805013179779, 0.9459030628204346, 0.9457707405090332, 0.945681095123291, 0.9457337260246277, 0.9458015561103821, 0.9457778930664062, 0.9456650018692017, 0.94577956199646, 0.9457514882087708, 0.9458003044128418, 0.9457635879516602, 0.945726215839386, 0.9457017183303833, 0.9458531737327576, 0.9458186030387878, 0.945824384689331, 0.9457358121871948, 0.9457797408103943, 0.9457255005836487, 0.9457694292068481, 0.9458009004592896, 0.945758581161499, 0.9457484483718872, 0.9457744359970093, 0.9457197189331055, 0.9457777738571167, 0.9458088874816895, 0.9457128047943115, 0.9457009434700012, 0.9457021355628967, 0.9457610845565796, 0.9457433223724365, 0.9457601308822632, 0.9457305073738098, 0.9457124471664429, 0.9458596706390381, 0.9456761479377747, 0.9456762075424194, 0.9457703232765198, 0.9457772374153137, 0.9458314180374146, 0.9458308219909668, 0.9457631707191467, 0.9458266496658325, 0.9456503391265869, 0.9457634091377258, 0.9458683133125305, 0.945766806602478]
val step Loss: [0.9503694176673889, 0.9462304711341858, 0.9464164972305298, 0.9460616111755371, 0.9459165334701538, 0.9460783004760742, 0.9462139010429382, 0.9461303949356079, 0.9461153745651245, 0.9463011026382446, 0.9461644887924194, 0.9462027549743652, 0.9470572471618652, 0.9478675127029419, 0.951349675655365, 0.9463508129119873, 0.9463098049163818, 0.9462281465530396, 0.9461498856544495, 0.9462184906005859, 0.9461819529533386, 0.9488571882247925, 0.9460409879684448, 0.9462919235229492, 0.9462696313858032, 0.9459778666496277, 0.946082592010498]
Train step Accs: [1.0, 1.0, 1.0, 1.0, 1.0, 1.0, 1.0, 1.0, 1.0, 1.0, 1.0, 1.0, 1.0, 1.0, 1.0, 1.0, 1.0, 1.0, 1.0, 1.0, 1.0, 1.0, 1.0, 1.0, 1.0, 1.0, 1.0, 1.0, 1.0, 1.0, 1.0, 1.0, 1.0, 1.0, 1.0, 1.0, 1.0, 1.0, 1.0, 1.0, 1.0, 1.0, 1.0, 1.0, 1.0, 1.0, 1.0, 1.0, 1.0, 1.0, 1.0, 1.0, 1.0, 1.0, 1.0, 1.0, 1.0, 1.0, 1.0, 1.0, 1.0, 1.0, 1.0, 1.0, 1.0, 1.0, 1.0, 1.0, 1.0, 1.0, 1.0, 1.0, 1.0, 1.0, 1.0, 1.0, 1.0, 1.0, 1.0, 1.0, 1.0, 1.0, 1.0, 1.0, 1.0, 1.0, 1.0, 1.0, 1.0, 1.0, 1.0, 1.0, 1.0, 1.0, 1.0, 1.0, 1.0, 1.0, 1.0, 1.0, 1.0, 1.0, 1.0, 1.0, 1.0]
val step Accs: [0.9992225461613217, 1.0, 1.0, 1.0, 1.0, 1.0, 1.0, 1.0, 1.0, 1.0, 1.0, 1.0, 0.999844840961986, 0.9997143673236218, 0.9990339719851876, 1.0, 1.0, 1.0, 1.0, 1.0, 1.0, 0.9994934143870314, 1.0, 1.0, 1.0, 1.0, 1.0]
Preds: [17, 17, 17, 451, 152, 152, 374, 378, 42, 406, 406, 499, 387, 387, 387, 387, 337, 219, 219, 219, 324, 324, 434, 339, 10, 10, 309, 479, 398, 324, 278, 301, 143, 129, 401, 244, 321, 354, 354, 265, 428, 428, 146, 146, 146, 324, 324, 301, 215, 32, 32, 102, 354, 354, 106, 106, 284, 265, 206, 282, 282, 388, 303, 212, 219, 324, 324, 301, 116, 10, 94, 479, 331, 331, 428, 428, 428, 146, 146, 252, 252, 239, 239, 310, 310, 107, 107, 395, 374, 374, 132, 132, 219, 286, 464, 464, 464, 355, 355, 355, 460, 452, 263, 263, 263, 78, 170, 170, 244, 392, 392, 392, 392, 392, 392, 392, 392, 244, 73, 244, 209, 83, 55, 443, 240, 314, 314, 32, 32, 354, 354, 180, 264, 264, 84, 84, 406, 406, 406, 406, 413, 413, 413, 399, 217, 217, 473, 65, 464, 464, 171, 252, 143, 143, 239, 82, 310, 107, 395, 400, 324, 286, 464, 464, 464, 443, 355, 355, 460, 240, 169, 35, 224, 224, 494, 494, 8, 196, 217, 479, 473, 283, 278, 422, 143, 36, 75, 310, 107, 395, 485, 324, 301, 251, 251, 219, 398, 374, 374, 374, 26, 251, 251, 241, 431, 367, 496, 497, 43, 233, 233, 401, 244, 208, 100, 100, 100, 98, 98, 98, 17, 17, 420, 374, 420, 374, 374, 374, 374, 374, 374, 374, 374, 374, 374, 374, 374, 374, 374, 374, 374, 374, 374, 374, 374, 374, 374, 374, 374, 374, 374, 374, 374, 374, 374, 374, 374, 374, 374, 374, 374, 374, 374, 374, 374, 374, 374, 374, 374, 374, 374, 374, 374, 374, 374, 374, 374, 374, 374, 374, 374, 374, 374, 374, 374, 374, 374, 374, 374, 374, 374, 374, 374, 374, 374, 374, 374, 374, 374, 374, 374, 374, 374, 374, 374, 374, 374, 374, 374, 374, 374, 374, 374, 374, 374, 374, 374, 374, 374, 374, 374, 374, 374, 374, 374, 374, 374, 374, 374, 374, 374, 374, 374, 374, 374, 374, 374, 374, 374, 374, 374, 374, 374, 374, 374, 374, 374, 374, 374, 374, 374, 374, 374, 374, 374, 374, 374, 374, 374, 374, 374, 374, 374, 374, 374, 374, 374, 374, 374, 374, 374, 374, 374, 374, 374, 374, 374, 374, 374, 374, 374, 374, 374, 374, 374, 374, 374, 374, 374, 374, 374, 374, 374, 374, 374, 374, 374, 374, 374, 374, 374, 374, 374, 374, 374, 374, 374, 374, 374, 374, 374, 374, 374, 374, 374, 374, 374, 374, 374, 374, 374, 374, 374, 374, 374, 374, 374, 374, 374, 374, 374, 374, 374, 374, 374, 374, 374, 374, 374, 374, 374, 374, 374, 374, 374, 374, 374, 374, 374, 374, 374, 374, 374, 374, 374, 374, 374, 374, 374, 374, 374, 374, 374, 374, 374, 374, 374, 374, 374, 374, 374, 374, 374, 374, 374, 374, 374, 374, 374, 374, 374, 374, 374, 374, 374, 374, 374, 374, 374, 374, 374, 374, 374, 374, 374, 374, 374, 374, 374, 374, 374, 374, 374, 374, 374, 374, 374, 374, 374, 374, 374, 374, 374, 374, 374, 374, 374, 374, 374, 374, 374, 374, 374, 374, 374, 374, 374, 374, 374, 374, 374, 374, 374, 374, 374, 374, 374, 374, 374, 374, 374, 374, 374, 374, 374, 374, 374, 374, 374, 374, 374, 374, 374, 374, 374, 374, 374, 374, 374, 374, 374, 374, 374, 374, 374, 374, 374, 374, 374, 374, 374, 374, 374, 374, 374, 374, 374, 374, 374, 374, 374, 374, 374, 374, 374, 374, 374, 374, 374, 374, 374, 374, 374, 374, 374, 374, 374, 374, 374, 374]

ep245
Train step Loss: [0.9457241296768188, 0.945761501789093, 0.9458273649215698, 0.9458449482917786, 0.9458656907081604, 0.9458305835723877, 0.9457470178604126, 0.9458524584770203, 0.9457978010177612, 0.9457200765609741, 0.945740818977356, 0.9457495212554932, 0.9457433223724365, 0.9457417130470276, 0.9457894563674927, 0.9457570910453796, 0.9458280801773071, 0.9458006620407104, 0.9457107782363892, 0.9457004070281982, 0.9456727504730225, 0.9457446336746216, 0.9457303285598755, 0.9457956552505493, 0.9457306861877441, 0.9457241296768188, 0.9458003640174866, 0.9457737803459167, 0.945756196975708, 0.945756196975708, 0.9456995129585266, 0.9457266926765442, 0.9457597732543945, 0.9457394480705261, 0.9458380937576294, 0.9458235502243042, 0.9457472562789917, 0.9458402395248413, 0.9457472562789917, 0.9457945823669434, 0.9458135366439819, 0.9458100199699402, 0.9458050727844238, 0.9457625150680542, 0.9457427263259888, 0.9457367062568665, 0.9456931948661804, 0.9457964897155762, 0.9457709789276123, 0.9458522796630859, 0.9457815289497375, 0.9457539319992065, 0.9457350969314575, 0.9457579255104065, 0.94577956199646, 0.945854663848877, 0.9456865191459656, 0.9457371830940247, 0.9457789063453674, 0.9457385540008545, 0.9457646608352661, 0.9457401633262634, 0.9458836317062378, 0.9457371234893799, 0.945763349533081, 0.9457785487174988, 0.9457309246063232, 0.9458400011062622, 0.9458315372467041, 0.9457387924194336, 0.9457038640975952, 0.9457425475120544, 0.9457250237464905, 0.945806622505188, 0.9456838965415955, 0.9457659721374512, 0.9458324909210205, 0.9457062482833862, 0.9456416368484497, 0.9457281231880188, 0.9457909464836121, 0.9456816911697388, 0.9457780122756958, 0.9456779956817627, 0.9457296133041382, 0.9457266330718994, 0.9457521438598633, 0.945731520652771, 0.9457581639289856, 0.9458611011505127, 0.945717990398407, 0.9457749128341675, 0.945734441280365, 0.9458251595497131, 0.9458144903182983, 0.9457452893257141, 0.9457666873931885, 0.9457611441612244, 0.9457876086235046, 0.9457970261573792, 0.9457540512084961, 0.9456948041915894, 0.9457517862319946, 0.9458062648773193, 0.9458152651786804]
val step Loss: [0.9517865777015686, 0.950246274471283, 0.9472710490226746, 0.9462034702301025, 0.9463963508605957, 0.9462745189666748, 0.9461205005645752, 0.9463170766830444, 0.9461885690689087, 0.9463341236114502, 0.9462360739707947, 0.9463483095169067, 0.9462034702301025, 0.9473010897636414, 0.9482595920562744, 0.9463158249855042, 0.9471411108970642, 0.9463819861412048, 0.9461424350738525, 0.9464373588562012, 0.9463106393814087, 0.9460954070091248, 0.9461707472801208, 0.9463635087013245, 0.9462133049964905, 0.9463465213775635, 0.9462644457817078]
Train step Accs: [1.0, 1.0, 1.0, 1.0, 1.0, 1.0, 1.0, 1.0, 1.0, 1.0, 1.0, 1.0, 1.0, 1.0, 1.0, 1.0, 1.0, 1.0, 1.0, 1.0, 1.0, 1.0, 1.0, 1.0, 1.0, 1.0, 1.0, 1.0, 1.0, 1.0, 1.0, 1.0, 1.0, 1.0, 1.0, 1.0, 1.0, 1.0, 1.0, 1.0, 1.0, 1.0, 1.0, 1.0, 1.0, 1.0, 1.0, 1.0, 1.0, 1.0, 1.0, 1.0, 1.0, 1.0, 1.0, 1.0, 1.0, 1.0, 1.0, 1.0, 1.0, 1.0, 1.0, 1.0, 1.0, 1.0, 1.0, 1.0, 1.0, 1.0, 1.0, 1.0, 1.0, 1.0, 1.0, 1.0, 1.0, 1.0, 1.0, 1.0, 1.0, 1.0, 1.0, 1.0, 1.0, 1.0, 1.0, 1.0, 1.0, 1.0, 1.0, 1.0, 1.0, 1.0, 1.0, 1.0, 1.0, 1.0, 1.0, 1.0, 1.0, 1.0, 1.0, 1.0, 1.0]
val step Accs: [0.9989718985606579, 0.9992581602373887, 0.9998372925479987, 1.0, 1.0, 1.0, 1.0, 1.0, 1.0, 1.0, 1.0, 1.0, 1.0, 0.9998165137614679, 0.9996558251591808, 1.0, 0.999820014398848, 1.0, 1.0, 1.0, 1.0, 1.0, 1.0, 1.0, 1.0, 1.0, 1.0]
Preds: [17, 17, 296, 17, 17, 17, 17, 363, 363, 363, 363, 363, 101, 149, 321, 321, 287, 287, 287, 284, 206, 167, 35, 320, 320, 29, 287, 287, 111, 111, 468, 468, 467, 146, 146, 443, 330, 330, 330, 348, 175, 65, 65, 106, 293, 293, 293, 293, 413, 348, 348, 466, 479, 479, 331, 331, 486, 486, 486, 460, 240, 173, 8, 280, 29, 106, 284, 284, 240, 285, 285, 467, 180, 180, 486, 486, 486, 486, 460, 240, 175, 175, 81, 431, 431, 85, 403, 403, 403, 207, 207, 207, 246, 246, 246, 246, 246, 19, 19, 454, 229, 259, 321, 247, 126, 126, 408, 408, 408, 408, 228, 321, 75, 66, 68, 172, 115, 115, 267, 444, 278, 378, 378, 345, 345, 100, 100, 497, 497, 186, 99, 338, 338, 400, 400, 400, 301, 301, 378, 345, 109, 499, 499, 151, 151, 253, 453, 342, 168, 168, 180, 151, 151, 460, 178, 178, 192, 192, 445, 451, 41, 41, 41, 41, 19, 19, 19, 454, 454, 13, 414, 170, 244, 244, 244, 392, 244, 392, 392, 321, 321, 321, 7, 479, 479, 331, 331, 331, 480, 319, 111, 460, 438, 416, 216, 192, 114, 180, 180, 443, 443, 443, 139, 139, 293, 274, 274, 35, 192, 445, 464, 464, 171, 171, 252, 416, 458, 192, 445, 180, 464, 264, 264, 264, 264, 315, 315, 113, 450, 450, 293, 169, 150, 150, 54, 54, 142, 397, 397, 196, 147, 147, 109, 288, 403, 171, 171, 252, 252, 24, 310, 310, 107, 395, 395, 286, 286, 120, 120, 120, 120, 37, 37, 385, 385, 197, 75, 164, 164, 196, 196, 116, 33, 33, 248, 394, 212, 75, 199, 275, 275, 275, 275, 303, 303, 17, 420, 420, 420, 374, 374, 374, 374, 374, 374, 374, 374, 374, 374, 374, 374, 374, 374, 374, 374, 374, 374, 374, 374, 374, 374, 374, 374, 374, 374, 374, 374, 374, 374, 374, 374, 374, 374, 374, 374, 374, 374, 374, 374, 374, 374, 374, 374, 374, 374, 374, 374, 374, 374, 374, 374, 374, 374, 374, 374, 374, 374, 374, 374, 374, 374, 374, 374, 374, 374, 374, 374, 374, 374, 374, 374, 374, 374, 374, 374, 374, 374, 374, 374, 374, 374, 374, 374, 374, 374, 374, 374, 374, 374, 374, 374, 374, 374, 374, 374, 374, 374, 374, 374, 374, 374, 374, 374, 374, 374, 374, 374, 374, 374, 374, 374, 374, 374, 374, 374, 374, 374, 374, 374, 374, 374, 374, 374, 374, 374, 374, 374, 374, 374, 374, 374, 374, 374, 374, 374, 374, 374, 374, 374, 374, 374, 374, 374, 374, 374, 374, 374, 374, 374, 374, 374, 374, 374, 374, 374, 374, 374, 374, 374, 374, 374, 374, 374, 374, 374, 374, 374, 374, 374, 374, 374, 374, 374, 374, 374, 374, 374, 374, 374, 374, 374, 374, 374, 374, 374, 374, 374, 374, 374, 374, 374, 374, 374, 374, 374, 374, 374, 374, 374, 374, 374, 374, 374, 374, 374, 374, 374, 374, 374, 374, 374, 374, 374, 374, 374, 374, 374, 374, 374, 374, 374, 374, 374, 374, 374, 374, 374, 374, 374, 374, 374, 374, 374, 374, 374, 374, 374, 374, 374, 374, 374, 374, 374, 374, 374, 374, 374, 374, 374, 374, 374, 374, 374, 374, 374, 374, 374, 374, 374, 374, 374, 374, 374, 374, 374, 374, 374, 374, 374, 374, 374, 374, 374, 374, 374, 374, 374, 374, 374, 374, 374, 374, 374, 374, 374, 374, 374, 374, 374, 374, 374, 374, 374, 374, 374, 374, 374, 374, 374, 374, 374, 374, 374, 374, 374, 374, 374, 374, 374, 374]

ep246
Train step Loss: [0.9457967281341553, 0.9457498788833618, 0.945762038230896, 0.9458551406860352, 0.9457029104232788, 0.9457681179046631, 0.9457393288612366, 0.9458103179931641, 0.9458039402961731, 0.9457292556762695, 0.945763885974884, 0.9458898901939392, 0.9458189010620117, 0.9457566738128662, 0.9457454681396484, 0.9458436965942383, 0.9457616806030273, 0.9457569122314453, 0.9456849098205566, 0.9457781314849854, 0.9457281231880188, 0.945755124092102, 0.9457763433456421, 0.9457658529281616, 0.9457255005836487, 0.9458621740341187, 0.9458414316177368, 0.9457439184188843, 0.9457813501358032, 0.9457718133926392, 0.9458116888999939, 0.9456703662872314, 0.9458733201026917, 0.9457893967628479, 0.945755124092102, 0.945796012878418, 0.9457564353942871, 0.9457299709320068, 0.9457345008850098, 0.9457354545593262, 0.9457437992095947, 0.9457427263259888, 0.9457812905311584, 0.9457598328590393, 0.945740282535553, 0.9457117319107056, 0.9457128047943115, 0.9457632303237915, 0.9457499980926514, 0.9457631707191467, 0.9457391500473022, 0.9458360075950623, 0.9458178281784058, 0.9457275867462158, 0.945824146270752, 0.9457505941390991, 0.9457069039344788, 0.9457597136497498, 0.945694625377655, 0.9458242654800415, 0.945795476436615, 0.9457038044929504, 0.9457700848579407, 0.945691704750061, 0.9457224607467651, 0.9457718133926392, 0.9457773566246033, 0.9457018971443176, 0.9457402229309082, 0.945763885974884, 0.9457494020462036, 0.9457018375396729, 0.9457749128341675, 0.94573974609375, 0.9457533359527588, 0.9458096027374268, 0.9457701444625854, 0.9458304047584534, 0.9457838535308838, 0.9457452893257141, 0.9457366466522217, 0.9457870125770569, 0.94581139087677, 0.9457009434700012, 0.9457519054412842, 0.9457346796989441, 0.9457963109016418, 0.9457506537437439, 0.9458547830581665, 0.945826530456543, 0.945780336856842, 0.9456966519355774, 0.9457851648330688, 0.9458554983139038, 0.9456918239593506, 0.9457189440727234, 0.9457868337631226, 0.9457587003707886, 0.9458160400390625, 0.9457491636276245, 0.9457294344902039, 0.945680558681488, 0.9457308053970337, 0.9457262754440308, 0.9458358883857727]
val step Loss: [0.947332501411438, 0.9461067318916321, 0.9462532997131348, 0.9516817927360535, 0.947124183177948, 0.9462931752204895, 0.9481558799743652, 0.9463123083114624, 0.9463419914245605, 0.9462002515792847, 0.9462105631828308, 0.9472282528877258, 0.9463297724723816, 0.9462263584136963, 0.9460996985435486, 0.9472333192825317, 0.9461195468902588, 0.946074366569519, 0.9462518095970154, 0.9496471285820007, 0.9463510513305664, 0.9462578892707825, 0.946213960647583, 0.9464074969291687, 0.9462507963180542, 0.9463183879852295, 0.9464103579521179]
Train step Accs: [1.0, 1.0, 1.0, 1.0, 1.0, 1.0, 1.0, 1.0, 1.0, 1.0, 1.0, 1.0, 1.0, 1.0, 1.0, 1.0, 1.0, 1.0, 1.0, 1.0, 1.0, 1.0, 1.0, 1.0, 1.0, 1.0, 1.0, 1.0, 1.0, 1.0, 1.0, 1.0, 1.0, 1.0, 1.0, 1.0, 1.0, 1.0, 1.0, 1.0, 1.0, 1.0, 1.0, 1.0, 1.0, 1.0, 1.0, 1.0, 1.0, 1.0, 1.0, 1.0, 1.0, 1.0, 1.0, 1.0, 1.0, 1.0, 1.0, 1.0, 1.0, 1.0, 1.0, 1.0, 1.0, 1.0, 1.0, 1.0, 1.0, 1.0, 1.0, 1.0, 1.0, 1.0, 1.0, 1.0, 1.0, 1.0, 1.0, 1.0, 1.0, 1.0, 1.0, 1.0, 1.0, 1.0, 1.0, 1.0, 1.0, 1.0, 1.0, 1.0, 1.0, 1.0, 1.0, 1.0, 1.0, 1.0, 1.0, 1.0, 1.0, 1.0, 1.0, 1.0, 1.0]
val step Accs: [0.9998274374460742, 1.0, 1.0, 0.9989821882951654, 0.9998191354675349, 1.0, 0.9996372211137312, 1.0, 1.0, 1.0, 1.0, 0.9998376096135109, 1.0, 1.0, 1.0, 0.9998164127042408, 1.0, 1.0, 1.0, 0.9993567063364426, 1.0, 1.0, 1.0, 1.0, 1.0, 1.0, 1.0]
Preds: [17, 17, 296, 217, 217, 473, 65, 443, 443, 443, 443, 240, 169, 150, 77, 164, 164, 164, 164, 164, 164, 273, 106, 106, 375, 375, 375, 98, 98, 48, 13, 170, 20, 170, 20, 20, 187, 187, 187, 408, 408, 20, 391, 391, 20, 184, 20, 20, 7, 188, 152, 152, 422, 99, 54, 54, 224, 400, 400, 30, 324, 324, 464, 464, 139, 139, 355, 387, 355, 240, 388, 94, 94, 398, 324, 301, 416, 32, 239, 144, 27, 180, 180, 284, 486, 428, 206, 240, 240, 314, 8, 32, 354, 354, 100, 497, 43, 8, 8, 32, 354, 354, 100, 387, 255, 251, 251, 241, 431, 106, 498, 498, 406, 313, 313, 285, 337, 464, 464, 464, 145, 315, 315, 450, 450, 450, 43, 43, 276, 276, 345, 109, 109, 403, 207, 324, 3, 301, 42, 42, 147, 456, 337, 324, 422, 422, 349, 349, 234, 234, 261, 261, 25, 148, 153, 153, 413, 413, 10, 10, 309, 398, 398, 464, 139, 139, 481, 182, 182, 387, 387, 122, 122, 236, 129, 259, 108, 377, 123, 374, 153, 153, 387, 372, 406, 406, 406, 467, 182, 375, 375, 375, 98, 98, 13, 229, 229, 20, 312, 126, 126, 23, 326, 23, 23, 101, 149, 149, 228, 20, 412, 287, 287, 460, 460, 178, 215, 458, 465, 164, 164, 442, 225, 7, 7, 217, 217, 473, 65, 476, 171, 252, 416, 239, 239, 445, 445, 485, 324, 301, 314, 325, 34, 34, 191, 191, 116, 251, 251, 251, 241, 81, 431, 367, 496, 274, 43, 8, 129, 259, 208, 208, 441, 441, 153, 497, 497, 399, 70, 70, 70, 473, 65, 264, 264, 264, 264, 468, 468, 468, 406, 337, 337, 324, 252, 24, 239, 239, 384, 449, 324, 324, 301, 26, 251, 241, 431, 367, 496, 274, 43, 416, 458, 144, 208, 100, 100, 496, 274, 122, 143, 143, 17, 420, 374, 420, 374, 374, 374, 374, 374, 374, 374, 374, 374, 374, 374, 374, 374, 374, 374, 374, 374, 374, 374, 374, 374, 374, 374, 374, 374, 374, 374, 374, 374, 374, 374, 374, 374, 374, 374, 374, 374, 374, 374, 374, 374, 374, 374, 374, 374, 374, 374, 374, 374, 374, 374, 374, 374, 374, 374, 374, 374, 374, 374, 374, 374, 374, 374, 374, 374, 374, 374, 374, 374, 374, 374, 374, 374, 374, 374, 374, 374, 374, 374, 374, 374, 374, 374, 374, 374, 374, 374, 374, 374, 374, 374, 374, 374, 374, 374, 374, 374, 374, 374, 374, 374, 374, 374, 374, 374, 374, 374, 374, 374, 374, 374, 374, 374, 374, 374, 374, 374, 374, 374, 374, 374, 374, 374, 374, 374, 374, 374, 374, 374, 374, 374, 374, 374, 374, 374, 374, 374, 374, 374, 374, 374, 374, 374, 374, 374, 374, 374, 374, 374, 374, 374, 374, 374, 374, 374, 374, 374, 374, 374, 374, 374, 374, 374, 374, 374, 374, 374, 374, 374, 374, 374, 374, 374, 374, 374, 374, 374, 374, 374, 374, 374, 374, 374, 374, 374, 374, 374, 374, 374, 374, 374, 374, 374, 374, 374, 374, 374, 374, 374, 374, 374, 374, 374, 374, 374, 374, 374, 374, 374, 374, 374, 374, 374, 374, 374, 374, 374, 374, 374, 374, 374, 374, 374, 374, 374, 374, 374, 374, 374, 374, 374, 374, 374, 374, 374, 374, 374, 374, 374, 374, 374, 374, 374, 374, 374, 374, 374, 374, 374, 374, 374, 374, 374, 374, 374, 374, 374, 374, 374, 374, 374, 374, 374, 374, 374, 374, 374, 374, 374, 374, 374, 374, 374, 374, 374, 374, 374, 374, 374, 374, 374, 374, 374, 374]

ep247
Train step Loss: [0.9457559585571289, 0.9458637833595276, 0.9457671046257019, 0.9457156658172607, 0.9457670450210571, 0.9457303285598755, 0.9458202719688416, 0.9457582831382751, 0.9457733631134033, 0.9458085298538208, 0.9457153081893921, 0.9457203149795532, 0.9457905292510986, 0.9458714723587036, 0.9458132982254028, 0.9458056092262268, 0.9457670450210571, 0.9457765221595764, 0.9457464218139648, 0.9457329511642456, 0.9458022713661194, 0.945782482624054, 0.9458277225494385, 0.9457749724388123, 0.9456767439842224, 0.9456571340560913, 0.9457892775535583, 0.945667028427124, 0.9457700252532959, 0.9458089470863342, 0.9457730054855347, 0.9457333087921143, 0.9457563757896423, 0.9457327127456665, 0.94572514295578, 0.9457635283470154, 0.9458114504814148, 0.9457380771636963, 0.9456899166107178, 0.9457404017448425, 0.9457272291183472, 0.9457990527153015, 0.9457994103431702, 0.9457228183746338, 0.9457367062568665, 0.9457778930664062, 0.9457598924636841, 0.9457681775093079, 0.9457612037658691, 0.9457396268844604, 0.9458246231079102, 0.9458389282226562, 0.9457715749740601, 0.9457277059555054, 0.9457089304924011, 0.9458387494087219, 0.945796012878418, 0.9457299113273621, 0.9457108974456787, 0.9458351135253906, 0.9457465410232544, 0.945685088634491, 0.94576495885849, 0.9457172155380249, 0.945732593536377, 0.9457556009292603, 0.9457778334617615, 0.9458010196685791, 0.9457167387008667, 0.9458035230636597, 0.9457282423973083, 0.9457588195800781, 0.9457014203071594, 0.9457377791404724, 0.9458147883415222, 0.9457209706306458, 0.9456999897956848, 0.945736825466156, 0.9458178877830505, 0.9457724094390869, 0.9457321166992188, 0.9458016157150269, 0.945766270160675, 0.94580078125, 0.945675790309906, 0.9457861185073853, 0.9456977844238281, 0.9458465576171875, 0.9457811117172241, 0.9457834362983704, 0.945728063583374, 0.9457525014877319, 0.9457545876502991, 0.9457754492759705, 0.9458104372024536, 0.9457773566246033, 0.9457830190658569, 0.9458385705947876, 0.945844292640686, 0.9457908868789673, 0.9457561373710632, 0.9457926750183105, 0.9457023739814758, 0.9457716941833496, 0.9456925988197327]
val step Loss: [0.9462389945983887, 0.9460738897323608, 0.9474620819091797, 0.946199357509613, 0.9460569620132446, 0.9462013244628906, 0.946285605430603, 0.9464033842086792, 0.952033281326294, 0.9481046199798584, 0.9462848901748657, 0.9461038112640381, 0.9461625218391418, 0.946368932723999, 0.9469238519668579, 0.9472044706344604, 0.949697732925415, 0.9470936059951782, 0.9463019371032715, 0.9461919069290161, 0.9462152719497681, 0.9461519718170166, 0.9462025761604309, 0.946362316608429, 0.9462209343910217, 0.9462376236915588, 0.946099579334259]
Train step Accs: [1.0, 1.0, 1.0, 1.0, 1.0, 1.0, 1.0, 1.0, 1.0, 1.0, 1.0, 1.0, 1.0, 1.0, 1.0, 1.0, 1.0, 1.0, 1.0, 1.0, 1.0, 1.0, 1.0, 1.0, 1.0, 1.0, 1.0, 1.0, 1.0, 1.0, 1.0, 1.0, 1.0, 1.0, 1.0, 1.0, 1.0, 1.0, 1.0, 1.0, 1.0, 1.0, 1.0, 1.0, 1.0, 1.0, 1.0, 1.0, 1.0, 1.0, 1.0, 1.0, 1.0, 1.0, 1.0, 1.0, 1.0, 1.0, 1.0, 1.0, 1.0, 1.0, 1.0, 1.0, 1.0, 1.0, 1.0, 1.0, 1.0, 1.0, 1.0, 1.0, 1.0, 1.0, 1.0, 1.0, 1.0, 1.0, 1.0, 1.0, 1.0, 1.0, 1.0, 1.0, 1.0, 1.0, 1.0, 1.0, 1.0, 1.0, 1.0, 1.0, 1.0, 1.0, 1.0, 1.0, 1.0, 1.0, 1.0, 1.0, 1.0, 1.0, 1.0, 1.0, 1.0]
val step Accs: [1.0, 1.0, 0.9998086124401914, 1.0, 1.0, 1.0, 1.0, 1.0, 0.9989512323020451, 0.9996449494052903, 1.0, 1.0, 1.0, 1.0, 0.9998378991732858, 0.9998368412465328, 0.999336540056394, 0.9998325799430772, 1.0, 1.0, 1.0, 1.0, 1.0, 1.0, 1.0, 1.0, 1.0]
Preds: [17, 17, 441, 441, 153, 387, 387, 240, 348, 24, 24, 384, 371, 180, 180, 486, 376, 376, 282, 263, 263, 229, 229, 247, 312, 363, 363, 363, 408, 408, 149, 228, 228, 244, 320, 7, 479, 331, 278, 301, 378, 8, 129, 354, 109, 180, 486, 486, 460, 240, 240, 35, 36, 342, 224, 351, 196, 479, 331, 331, 315, 450, 450, 450, 88, 88, 88, 109, 337, 207, 301, 143, 129, 401, 244, 354, 354, 100, 389, 425, 425, 251, 331, 106, 302, 497, 43, 43, 43, 276, 276, 276, 346, 284, 284, 284, 450, 450, 293, 43, 43, 276, 345, 109, 109, 116, 116, 10, 398, 398, 398, 374, 374, 495, 406, 406, 380, 134, 387, 387, 109, 337, 324, 219, 246, 246, 301, 301, 8, 8, 354, 354, 180, 180, 486, 486, 206, 240, 240, 314, 129, 401, 401, 32, 354, 354, 100, 153, 153, 153, 153, 182, 182, 182, 132, 132, 132, 132, 303, 303, 303, 442, 442, 442, 229, 229, 170, 170, 244, 187, 1, 1, 408, 408, 408, 244, 228, 228, 412, 287, 287, 287, 284, 284, 460, 169, 215, 35, 35, 75, 208, 441, 148, 153, 153, 387, 387, 122, 348, 64, 466, 479, 331, 242, 242, 348, 466, 466, 479, 331, 307, 307, 319, 206, 240, 251, 251, 359, 34, 166, 278, 278, 278, 173, 8, 8, 70, 70, 65, 65, 46, 46, 46, 46, 206, 215, 215, 129, 401, 354, 354, 106, 106, 180, 284, 315, 315, 315, 315, 315, 450, 450, 450, 450, 203, 250, 364, 276, 276, 345, 109, 109, 207, 324, 324, 3, 301, 26, 251, 241, 241, 431, 486, 486, 282, 282, 330, 388, 94, 303, 199, 331, 375, 375, 98, 98, 13, 244, 170, 170, 392, 63, 63, 63, 63, 63, 63, 63, 244, 40, 40, 40, 63, 40, 244, 40, 63, 244, 63, 73, 244, 244, 289, 320, 188, 188, 213, 324, 422, 416, 32, 239, 354, 114, 180, 180, 486, 460, 460, 178, 215, 129, 401, 244, 321, 354, 276, 148, 148, 153, 387, 387, 387, 387, 167, 122, 35, 321, 75, 449, 273, 180, 486, 486, 460, 240, 215, 215, 129, 239, 354, 420, 420, 213, 213, 324, 464, 464, 464, 443, 240, 314, 314, 239, 239, 239, 384, 371, 371, 324, 324, 324, 324, 324, 464, 464, 464, 180, 145, 486, 460, 240, 240, 314, 35, 75, 131, 377, 87, 32, 32, 32, 354, 354, 100, 100, 153, 153, 153, 182, 43, 43, 8, 196, 303, 303, 303, 303, 303, 48, 48, 48, 170, 244, 392, 392, 392, 392, 392, 392, 392, 392, 392, 392, 73, 73, 73, 320, 320, 188, 188, 171, 213, 246, 246, 246, 246, 246, 246, 422, 143, 36, 478, 323, 482, 224, 224, 273, 485, 374, 139, 153, 387, 387, 387, 387, 413, 348, 348, 64, 394, 32, 32, 32, 32, 239, 384, 377, 371, 444, 213, 213, 246, 434, 434, 434, 3, 335, 14, 14, 287, 145, 287, 145, 460, 240, 215, 129, 32, 354, 354, 109, 499, 486, 486, 264, 240, 285, 467, 145, 145, 486, 85, 85, 85, 468, 468, 406, 406, 467, 337, 337, 277, 301, 143, 129, 401, 244, 75, 74, 190, 190, 487, 499, 151, 487, 442, 193, 17, 17, 420, 420, 420, 420, 420, 420, 420, 420, 420, 420, 420, 420, 420, 420, 420, 420, 420, 420, 420, 420, 420, 420, 420, 420, 420, 420, 420, 420, 420, 420, 420, 420, 420, 420, 420, 420, 420, 420, 420, 420, 420, 420, 420, 420, 420, 420, 420, 420, 420, 420, 420, 420, 420, 420, 420, 420, 420, 420, 420, 420]

ep248
Train step Loss: [0.9458415508270264, 0.9457117915153503, 0.9457610249519348, 0.9457607865333557, 0.9457305669784546, 0.9458009004592896, 0.9457180500030518, 0.9458127021789551, 0.9458398222923279, 0.9457535743713379, 0.9457609057426453, 0.9457425475120544, 0.9457905292510986, 0.9457888603210449, 0.9457504749298096, 0.9457518458366394, 0.9457308650016785, 0.9457038044929504, 0.9457924365997314, 0.9457440376281738, 0.9457952380180359, 0.9457131028175354, 0.9457716941833496, 0.9457307457923889, 0.9457257390022278, 0.9457449913024902, 0.9457570314407349, 0.9457907676696777, 0.9458701610565186, 0.9457244873046875, 0.9457882046699524, 0.9457437992095947, 0.9457661509513855, 0.945684552192688, 0.9457284212112427, 0.9457505941390991, 0.9457191228866577, 0.94572514295578, 0.9457559585571289, 0.9457384347915649, 0.9458403587341309, 0.9457825422286987, 0.9458140730857849, 0.9457802176475525, 0.9457126259803772, 0.9457795023918152, 0.9457770586013794, 0.9457188248634338, 0.9457889795303345, 0.9457804560661316, 0.9457007050514221, 0.9457383751869202, 0.9457771182060242, 0.9458085298538208, 0.9457725286483765, 0.9457565546035767, 0.9458339214324951, 0.9457576870918274, 0.9457481503486633, 0.9457051157951355, 0.9457967281341553, 0.9458449482917786, 0.9457598924636841, 0.9456924796104431, 0.9456921815872192, 0.9457211494445801, 0.9457170963287354, 0.9457751512527466, 0.9458511471748352, 0.9457048177719116, 0.9458515644073486, 0.945789098739624, 0.9457457661628723, 0.9456708431243896, 0.9457056522369385, 0.9457463026046753, 0.9457577466964722, 0.9457041621208191, 0.9458006620407104, 0.9458012580871582, 0.94582200050354, 0.9457271695137024, 0.945733904838562, 0.9457769989967346, 0.9457476139068604, 0.9457253217697144, 0.9458024501800537, 0.9457428455352783, 0.9457422494888306, 0.9458877444267273, 0.9458269476890564, 0.9458670616149902, 0.9457821249961853, 0.9457314610481262, 0.945770263671875, 0.9458116292953491, 0.9457539916038513, 0.9457736015319824, 0.9457639455795288, 0.9458374977111816, 0.9458085298538208, 0.9456884264945984, 0.9457314014434814, 0.9457007646560669, 0.9457364678382874]
val step Loss: [0.9503906965255737, 0.9463085532188416, 0.9462121725082397, 0.9463198781013489, 0.9462844133377075, 0.9462080001831055, 0.9462394714355469, 0.9460786581039429, 0.9460647106170654, 0.9483185410499573, 0.947418212890625, 0.9470611214637756, 0.9468512535095215, 0.9461921453475952, 0.946079432964325, 0.9463238716125488, 0.9515305161476135, 0.9461111426353455, 0.946171224117279, 0.9461563229560852, 0.9461146593093872, 0.9461416602134705, 0.9460998773574829, 0.9461091160774231, 0.9470857977867126, 0.9462275505065918, 0.9462460875511169]
Train step Accs: [1.0, 1.0, 1.0, 1.0, 1.0, 1.0, 1.0, 1.0, 1.0, 1.0, 1.0, 1.0, 1.0, 1.0, 1.0, 1.0, 1.0, 1.0, 1.0, 1.0, 1.0, 1.0, 1.0, 1.0, 1.0, 1.0, 1.0, 1.0, 1.0, 1.0, 1.0, 1.0, 1.0, 1.0, 1.0, 1.0, 1.0, 1.0, 1.0, 1.0, 1.0, 1.0, 1.0, 1.0, 1.0, 1.0, 1.0, 1.0, 1.0, 1.0, 1.0, 1.0, 1.0, 1.0, 1.0, 1.0, 1.0, 1.0, 1.0, 1.0, 1.0, 1.0, 1.0, 1.0, 1.0, 1.0, 1.0, 1.0, 1.0, 1.0, 1.0, 1.0, 1.0, 1.0, 1.0, 1.0, 1.0, 1.0, 1.0, 1.0, 1.0, 1.0, 1.0, 1.0, 1.0, 1.0, 1.0, 1.0, 1.0, 1.0, 1.0, 1.0, 1.0, 1.0, 1.0, 1.0, 1.0, 1.0, 1.0, 1.0, 1.0, 1.0, 1.0, 1.0, 1.0]
val step Accs: [0.9992310649750096, 1.0, 1.0, 1.0, 1.0, 1.0, 1.0, 1.0, 1.0, 0.9996184662342618, 0.9998051821546854, 0.9998466963053809, 0.9998353367363741, 1.0, 1.0, 1.0, 0.9990202482037883, 1.0, 1.0, 1.0, 1.0, 1.0, 1.0, 1.0, 0.9998241603657464, 1.0, 1.0]
Preds: [17, 30, 340, 340, 116, 10, 479, 479, 65, 65, 284, 284, 481, 293, 293, 43, 43, 43, 364, 364, 276, 276, 346, 346, 284, 284, 284, 284, 284, 206, 206, 293, 43, 43, 364, 276, 276, 276, 346, 297, 497, 497, 43, 349, 129, 401, 205, 205, 208, 441, 441, 153, 153, 153, 387, 387, 387, 387, 29, 29, 337, 337, 337, 152, 178, 143, 129, 401, 208, 208, 208, 441, 441, 387, 387, 387, 274, 416, 8, 32, 32, 32, 354, 354, 180, 180, 376, 376, 376, 376, 460, 240, 385, 233, 36, 155, 155, 155, 25, 397, 494, 32, 32, 219, 219, 219, 464, 464, 93, 403, 403, 171, 171, 171, 246, 246, 246, 246, 246, 246, 246, 19, 48, 48, 48, 20, 170, 170, 170, 20, 187, 187, 187, 408, 408, 391, 20, 391, 73, 73, 20, 20, 320, 7, 251, 241, 331, 431, 486, 486, 460, 460, 215, 35, 35, 75, 77, 164, 342, 224, 183, 485, 485, 464, 139, 139, 387, 387, 387, 122, 8, 32, 239, 75, 354, 354, 441, 441, 276, 346, 346, 265, 265, 265, 85, 85, 167, 385, 32, 32, 239, 82, 108, 107, 395, 106, 106, 106, 153, 387, 387, 387, 85, 146, 207, 207, 207, 246, 246, 246, 246, 246, 19, 422, 129, 401, 401, 20, 445, 445, 351, 278, 403, 171, 171, 171, 219, 219, 219, 219, 477, 152, 422, 186, 349, 205, 205, 401, 20, 261, 261, 397, 441, 345, 374, 374, 213, 213, 213, 213, 422, 99, 338, 338, 338, 395, 395, 459, 459, 120, 385, 385, 233, 20, 75, 208, 27, 487, 441, 442, 219, 464, 464, 355, 355, 355, 355, 167, 167, 226, 80, 80, 80, 20, 80, 80, 7, 219, 219, 422, 422, 162, 232, 232, 68, 68, 68, 115, 267, 267, 444, 278, 26, 251, 241, 81, 403, 403, 403, 207, 19, 420, 420, 420, 420, 420, 420, 420, 420, 420, 420, 420, 420, 420, 420, 420, 420, 420, 420, 420, 420, 420, 420, 420, 420, 420, 420, 420, 420, 420, 420, 420, 420, 420, 420, 420, 420, 420, 420, 420, 420, 420, 420, 420, 420, 420, 420, 420, 420, 420, 420, 420, 420, 420, 420, 420, 420, 420, 420, 420, 420, 420, 420, 420, 420, 420, 420, 420, 420, 420, 420, 420, 420, 420, 420, 420, 420, 420, 420, 420, 420, 420, 420, 420, 420, 420, 420, 420, 420, 420, 420, 420, 420, 420, 420, 420, 420, 420, 420, 420, 420, 420, 420, 420, 420, 420, 420, 420, 420, 420, 420, 420, 420, 420, 420, 420, 420, 420, 420, 420, 420, 420, 420, 420, 420, 420, 420, 420, 420, 420, 420, 420, 420, 420, 420, 420, 420, 420, 420, 420, 420, 420, 420, 420, 420, 420, 420, 420, 420, 420, 420, 420, 420, 420, 420, 420, 420, 420, 420, 420, 420, 420, 420, 420, 420, 420, 420, 420, 420, 420, 420, 420, 420, 420, 420, 420, 420, 420, 420, 420, 420, 420, 420, 420, 420, 420, 420, 420, 420, 420, 420, 420, 420, 420, 420, 420, 420, 420, 420, 420, 420, 420, 420, 420, 420, 420, 420, 420, 420, 420, 420, 420, 420, 420, 420, 420, 420, 420, 420, 420, 420, 420, 420, 420, 420, 420, 420, 420, 420, 420, 420, 420, 420, 420, 420, 420, 420, 420, 420, 420, 420, 420, 420, 420, 420, 420, 420, 420, 420, 420, 420, 420, 420, 420, 420, 420, 420, 420, 420, 420, 420, 420, 420, 420, 420, 420, 420, 420, 420, 420, 420, 420, 420, 420, 420, 420, 420, 420, 420, 420, 420, 420, 420, 420, 420, 420, 420, 420, 420, 420]

ep249
Train step Loss: [0.945667028427124, 0.9457125663757324, 0.9457859992980957, 0.9458550214767456, 0.945695161819458, 0.9458028674125671, 0.9457747936248779, 0.9457532167434692, 0.9457898736000061, 0.9457622170448303, 0.9458457827568054, 0.9457350969314575, 0.9458135366439819, 0.9457860589027405, 0.9457266926765442, 0.9458659291267395, 0.9457868337631226, 0.9458235502243042, 0.945809543132782, 0.9457228183746338, 0.945775032043457, 0.9457441568374634, 0.9456973671913147, 0.9457615613937378, 0.9458456635475159, 0.9456781148910522, 0.9457857012748718, 0.945705771446228, 0.9457892179489136, 0.9457934498786926, 0.9457612037658691, 0.9457382559776306, 0.9457072615623474, 0.9457688331604004, 0.9457762837409973, 0.9456701874732971, 0.9457722902297974, 0.9457545280456543, 0.945848286151886, 0.9457001090049744, 0.9457560181617737, 0.945742130279541, 0.9457083940505981, 0.9457187652587891, 0.9458202123641968, 0.9458022117614746, 0.9457420110702515, 0.9457547664642334, 0.9457822442054749, 0.9457833170890808, 0.945771336555481, 0.9457334280014038, 0.9458839297294617, 0.9457564353942871, 0.945792019367218, 0.9456489086151123, 0.9456859827041626, 0.9457467198371887, 0.9457707405090332, 0.9457838535308838, 0.9457634687423706, 0.9457120299339294, 0.9457964301109314, 0.9459021091461182, 0.945788562297821, 0.945867657661438, 0.9457506537437439, 0.9457042813301086, 0.9457274675369263, 0.94571852684021, 0.9456667900085449, 0.9458012580871582, 0.9457339644432068, 0.9457677602767944, 0.94579017162323, 0.9457494616508484, 0.9457353353500366, 0.9457560777664185, 0.9457854628562927, 0.9457058310508728, 0.9456996321678162, 0.9457623362541199, 0.9457756280899048, 0.9458017349243164, 0.9457327127456665, 0.9457229375839233, 0.9457775354385376, 0.9456892609596252, 0.9457275867462158, 0.9458208680152893, 0.9457334876060486, 0.9457876682281494, 0.9458217024803162, 0.9458094835281372, 0.9457531571388245, 0.945788562297821, 0.9457436800003052, 0.9457458257675171, 0.9457405805587769, 0.9457964897155762, 0.9457393288612366, 0.9457913637161255, 0.9457911849021912, 0.9457015991210938, 0.9458059668540955]
val step Loss: [0.9462061524391174, 0.9461752772331238, 0.9460710287094116, 0.9462025165557861, 0.9477168917655945, 0.9462056756019592, 0.9500284194946289, 0.9459958076477051, 0.9472581744194031, 0.946075439453125, 0.947056770324707, 0.9461467266082764, 0.9462027549743652, 0.9461491703987122, 0.947196364402771, 0.9462478160858154, 0.9462854266166687, 0.94623863697052, 0.9472861886024475, 0.9523841142654419, 0.9461956024169922, 0.9462556838989258, 0.9462313652038574, 0.946319043636322, 0.9461963176727295, 0.9460903406143188, 0.945968508720398]
Train step Accs: [1.0, 1.0, 1.0, 1.0, 1.0, 1.0, 1.0, 1.0, 1.0, 1.0, 1.0, 1.0, 1.0, 1.0, 1.0, 1.0, 1.0, 1.0, 1.0, 1.0, 1.0, 1.0, 1.0, 1.0, 1.0, 1.0, 1.0, 1.0, 1.0, 1.0, 1.0, 1.0, 1.0, 1.0, 1.0, 1.0, 1.0, 1.0, 1.0, 1.0, 1.0, 1.0, 1.0, 1.0, 1.0, 1.0, 1.0, 1.0, 1.0, 1.0, 1.0, 1.0, 1.0, 1.0, 1.0, 1.0, 1.0, 1.0, 1.0, 1.0, 1.0, 1.0, 1.0, 1.0, 1.0, 1.0, 1.0, 1.0, 1.0, 1.0, 1.0, 1.0, 1.0, 1.0, 1.0, 1.0, 1.0, 1.0, 1.0, 1.0, 1.0, 1.0, 1.0, 1.0, 1.0, 1.0, 1.0, 1.0, 1.0, 1.0, 1.0, 1.0, 1.0, 1.0, 1.0, 1.0, 1.0, 1.0, 1.0, 1.0, 1.0, 1.0, 1.0, 1.0, 1.0]
val step Accs: [1.0, 1.0, 1.0, 1.0, 0.9997001499250375, 1.0, 0.9992916592881176, 1.0, 0.9998160073597057, 1.0, 0.9998458455372283, 1.0, 1.0, 1.0, 0.9998409416255766, 1.0, 1.0, 1.0, 0.9998001998001999, 0.9988751406074241, 1.0, 1.0, 1.0, 1.0, 1.0, 1.0, 1.0]
Preds: [17, 17, 217, 217, 473, 473, 65, 443, 443, 443, 171, 171, 252, 24, 239, 239, 239, 107, 395, 180, 84, 84, 355, 355, 98, 98, 98, 263, 229, 229, 82, 247, 312, 126, 126, 326, 326, 326, 101, 101, 149, 228, 320, 82, 7, 473, 473, 65, 476, 171, 252, 143, 143, 36, 449, 449, 395, 324, 324, 252, 325, 325, 34, 324, 324, 324, 301, 301, 251, 251, 251, 331, 431, 84, 496, 274, 274, 43, 8, 8, 239, 354, 208, 441, 441, 98, 98, 98, 48, 48, 417, 170, 82, 244, 392, 392, 392, 244, 312, 312, 187, 23, 23, 260, 260, 260, 391, 391, 391, 435, 435, 435, 435, 73, 73, 73, 244, 287, 287, 287, 284, 284, 293, 43, 43, 276, 276, 276, 346, 387, 387, 387, 406, 406, 406, 467, 337, 337, 278, 258, 31, 342, 342, 342, 224, 224, 224, 494, 494, 494, 203, 399, 217, 10, 473, 473, 398, 398, 286, 286, 286, 468, 406, 406, 380, 380, 499, 284, 426, 375, 98, 98, 98, 98, 13, 13, 414, 170, 47, 392, 392, 102, 102, 244, 320, 7, 7, 7, 217, 217, 473, 473, 264, 264, 264, 264, 264, 468, 468, 406, 406, 337, 337, 337, 324, 301, 359, 251, 359, 81, 444, 324, 324, 324, 301, 301, 251, 251, 241, 241, 431, 106, 84, 293, 497, 416, 8, 239, 144, 27, 106, 387, 206, 240, 385, 36, 36, 342, 224, 224, 273, 355, 355, 355, 435, 420, 420, 420, 420, 420, 420, 420, 420, 420, 420, 420, 420, 420, 420, 420, 420, 420, 420, 420, 420, 420, 420, 420, 420, 420, 420, 420, 420, 420, 420, 420, 420, 420, 420, 420, 420, 420, 420, 420, 420, 420, 420, 420, 420, 420, 420, 420, 420, 420, 420, 420, 420, 420, 420, 420, 420, 420, 420, 420, 420, 420, 420, 420, 420, 420, 420, 420, 420, 420, 420, 420, 420, 420, 420, 420, 420, 420, 420, 420, 420, 420, 420, 420, 420, 420, 420, 420, 420, 420, 420, 420, 420, 420, 420, 420, 420, 420, 420, 420, 420, 420, 420, 420, 420, 420, 420, 420, 420, 420, 420, 420, 420, 420, 420, 420, 420, 420, 420, 420, 420, 420, 420, 420, 420, 420, 420, 420, 420, 420, 420, 420, 420, 420, 420, 420, 420, 420, 420, 420, 420, 420, 420, 420, 420, 420, 420, 420, 420, 420, 420, 420, 420, 420, 420, 420, 420, 420, 420, 420, 420, 420, 420, 420, 420, 420, 420, 420, 420, 420, 420, 420, 420, 420, 420, 420, 420, 420, 420, 420, 420, 420, 420, 420, 420, 420, 420, 420, 420, 420, 420, 420, 420, 420, 420, 420, 420, 420, 420, 420, 420, 420, 420, 420, 420, 420, 420, 420, 420, 420, 420, 420, 420, 420, 420, 420, 420, 420, 420, 420, 420, 420, 420, 420, 420, 420, 420, 420, 420, 420, 420, 420, 420, 420, 420, 420, 420, 420, 420, 420, 420, 420, 420, 420, 420, 420, 420, 420, 420, 420, 420, 420, 420, 420, 420, 420, 420, 420, 420, 420, 420, 420, 420, 420, 420, 420, 420, 420, 420, 420, 420, 420, 420, 420, 420, 420, 420, 420, 420, 420, 420, 420, 420, 420, 420, 420, 420, 420, 420, 420, 420, 420, 420, 420, 420, 420, 420, 420, 420, 420, 420, 420, 420, 420, 420, 420, 420, 420, 420, 420, 420, 420, 420, 420, 420, 420, 420, 420, 420, 420, 420, 420, 420, 420, 420, 420, 420, 420, 420, 420, 420, 420, 420, 420, 420, 420, 420, 420, 420, 420, 420, 420, 420, 420, 420, 420, 420, 420, 420, 420, 420, 420, 420, 420, 420, 420]

ep250
Train step Loss: [0.9457768797874451, 0.9457690119743347, 0.9457553625106812, 0.9457734227180481, 0.9457457065582275, 0.9456542134284973, 0.9457796812057495, 0.945781409740448, 0.9457111954689026, 0.9457834362983704, 0.9457198977470398, 0.9457458853721619, 0.9457367062568665, 0.9457602500915527, 0.945813775062561, 0.945652961730957, 0.9457409977912903, 0.9457701444625854, 0.9457403421401978, 0.9457435607910156, 0.9457952380180359, 0.9456958174705505, 0.9457890391349792, 0.9457536339759827, 0.945765495300293, 0.9457535743713379, 0.9457442164421082, 0.9457597136497498, 0.9457720518112183, 0.9457976818084717, 0.9457550048828125, 0.9456602931022644, 0.9457547664642334, 0.9457934498786926, 0.9457864165306091, 0.9458013772964478, 0.9457336664199829, 0.9457926750183105, 0.945783793926239, 0.945763349533081, 0.9458044767379761, 0.9457607269287109, 0.9457142353057861, 0.9456487894058228, 0.9457506537437439, 0.945720911026001, 0.9457252025604248, 0.9457753896713257, 0.9457019567489624, 0.9456733465194702, 0.9457324743270874, 0.945877194404602, 0.9457837343215942, 0.9457492828369141, 0.9457981586456299, 0.9457193613052368, 0.9458287358283997, 0.9457471966743469, 0.9457518458366394, 0.9457303881645203, 0.9458212852478027, 0.9457141757011414, 0.9458293914794922, 0.9458444118499756, 0.9457484483718872, 0.9457492232322693, 0.9457330107688904, 0.945780336856842, 0.9458019733428955, 0.9458142518997192, 0.9457007646560669, 0.9457393884658813, 0.9457038044929504, 0.9457446932792664, 0.9457477331161499, 0.9458406567573547, 0.9457160234451294, 0.9457513689994812, 0.9458047747612, 0.9457138776779175, 0.9456769824028015, 0.9457598328590393, 0.9457030296325684, 0.9458089470863342, 0.9458132982254028, 0.9457840323448181, 0.9458726048469543, 0.9457853436470032, 0.9457598328590393, 0.945765495300293, 0.9458010196685791, 0.9457653760910034, 0.9458084106445312, 0.9458011984825134, 0.9457223415374756, 0.9458041787147522, 0.9458544850349426, 0.9457269906997681, 0.9457201957702637, 0.9456754922866821, 0.9457435011863708, 0.94571852684021, 0.9458193778991699, 0.9457343220710754, 0.9457964897155762]
val step Loss: [0.9464349746704102, 0.946295440196991, 0.9460960626602173, 0.9461756944656372, 0.9462001323699951, 0.9463291168212891, 0.9462940096855164, 0.9481590986251831, 0.9461036920547485, 0.9462317228317261, 0.9462988376617432, 0.946327805519104, 0.9461649060249329, 0.946277916431427, 0.9462603330612183, 0.9473068118095398, 0.9478675127029419, 0.9462416768074036, 0.9462097883224487, 0.9462429285049438, 0.9461873769760132, 0.9461902976036072, 0.956337034702301, 0.9471537470817566, 0.9461948871612549, 0.9462401866912842, 0.9460028409957886]
Train step Accs: [1.0, 1.0, 1.0, 1.0, 1.0, 1.0, 1.0, 1.0, 1.0, 1.0, 1.0, 1.0, 1.0, 1.0, 1.0, 1.0, 1.0, 1.0, 1.0, 1.0, 1.0, 1.0, 1.0, 1.0, 1.0, 1.0, 1.0, 1.0, 1.0, 1.0, 1.0, 1.0, 1.0, 1.0, 1.0, 1.0, 1.0, 1.0, 1.0, 1.0, 1.0, 1.0, 1.0, 1.0, 1.0, 1.0, 1.0, 1.0, 1.0, 1.0, 1.0, 1.0, 1.0, 1.0, 1.0, 1.0, 1.0, 1.0, 1.0, 1.0, 1.0, 1.0, 1.0, 1.0, 1.0, 1.0, 1.0, 1.0, 1.0, 1.0, 1.0, 1.0, 1.0, 1.0, 1.0, 1.0, 1.0, 1.0, 1.0, 1.0, 1.0, 1.0, 1.0, 1.0, 1.0, 1.0, 1.0, 1.0, 1.0, 1.0, 1.0, 1.0, 1.0, 1.0, 1.0, 1.0, 1.0, 1.0, 1.0, 1.0, 1.0, 1.0, 1.0, 1.0, 1.0]
val step Accs: [1.0, 1.0, 1.0, 1.0, 1.0, 1.0, 1.0, 0.9996294237539374, 1.0, 1.0, 1.0, 1.0, 1.0, 1.0, 1.0, 0.9998338042213728, 0.9996866186148543, 1.0, 1.0, 1.0, 1.0, 1.0, 0.9981283922889762, 0.9998435054773083, 1.0, 1.0, 1.0]
Preds: [17, 17, 17, 287, 284, 284, 284, 293, 43, 43, 364, 364, 276, 276, 346, 284, 284, 284, 284, 284, 206, 206, 169, 215, 35, 244, 205, 205, 205, 261, 25, 437, 284, 265, 265, 85, 388, 348, 64, 64, 212, 398, 324, 324, 324, 324, 324, 246, 246, 246, 252, 32, 239, 239, 82, 384, 371, 371, 213, 213, 213, 422, 236, 239, 259, 310, 107, 107, 395, 395, 286, 464, 464, 464, 315, 315, 315, 315, 450, 450, 450, 43, 43, 364, 276, 276, 138, 138, 182, 182, 182, 375, 98, 98, 197, 401, 80, 244, 244, 208, 441, 441, 153, 153, 153, 153, 497, 497, 387, 81, 81, 337, 41, 324, 324, 3, 143, 401, 244, 244, 192, 188, 188, 278, 278, 240, 143, 129, 239, 384, 34, 191, 191, 324, 178, 143, 458, 401, 244, 320, 354, 109, 41, 41, 171, 171, 19, 454, 229, 229, 170, 392, 392, 392, 392, 244, 244, 73, 244, 73, 244, 320, 287, 287, 287, 284, 481, 293, 43, 276, 276, 346, 284, 405, 405, 206, 169, 215, 35, 401, 244, 320, 354, 106, 106, 428, 428, 240, 388, 94, 64, 473, 398, 324, 324, 324, 213, 324, 422, 239, 239, 239, 384, 371, 371, 213, 213, 422, 143, 239, 239, 310, 310, 107, 395, 395, 278, 278, 385, 143, 233, 401, 401, 320, 29, 374, 374, 132, 185, 186, 186, 323, 323, 68, 68, 68, 160, 160, 112, 17, 17, 420, 420, 420, 420, 420, 420, 420, 420, 420, 420, 420, 420, 420, 420, 420, 420, 420, 420, 420, 420, 420, 420, 420, 420, 420, 420, 420, 420, 420, 420, 420, 420, 420, 420, 420, 420, 420, 420, 420, 420, 420, 420, 420, 420, 420, 420, 420, 420, 420, 420, 420, 420, 420, 420, 420, 420, 420, 420, 420, 420, 420, 420, 420, 420, 420, 420, 420, 420, 420, 420, 420, 420, 420, 420, 420, 420, 420, 420, 420, 420, 420, 420, 420, 420, 420, 420, 420, 420, 420, 420, 420, 420, 420, 420, 420, 420, 420, 420, 420, 420, 420, 420, 420, 420, 420, 420, 420, 420, 420, 420, 420, 420, 420, 420, 420, 420, 420, 420, 420, 420, 420, 420, 420, 420, 420, 420, 420, 420, 420, 420, 420, 420, 420, 420, 420, 420, 420, 420, 420, 420, 420, 420, 420, 420, 420, 420, 420, 420, 420, 420, 420, 420, 420, 420, 420, 420, 420, 420, 420, 420, 420, 420, 420, 420, 420, 420, 420, 420, 420, 420, 420, 420, 420, 420, 420, 420, 420, 420, 420, 420, 420, 420, 420, 420, 420, 420, 420, 420, 420, 420, 420, 420, 420, 420, 420, 420, 420, 420, 420, 420, 420, 420, 420, 420, 420, 420, 420, 420, 420, 420, 420, 420, 420, 420, 420, 420, 420, 420, 420, 420, 420, 420, 420, 420, 420, 420, 420, 420, 420, 420, 420, 420, 420, 420, 420, 420, 420, 420, 420, 420, 420, 420, 420, 420, 420, 420, 420, 420, 420, 420, 420, 420, 420, 420, 420, 420, 420, 420, 420, 420, 420, 420, 420, 420, 420, 420, 420, 420, 420, 420, 420, 420, 420, 420, 420, 420, 420, 420, 420, 420, 420, 420, 420, 420, 420, 420, 420, 420, 420, 420, 420, 420, 420, 420, 420, 420, 420, 420, 420, 420, 420, 420, 420, 420, 420, 420, 420, 420, 420, 420, 420, 420, 420, 420, 420, 420, 420, 420, 420, 420, 420, 420, 420, 420, 420, 420, 420, 420, 420, 420, 420, 420, 420, 420, 420, 420, 420, 420, 420, 420, 420, 420, 420, 420, 420, 420, 420, 420, 420, 420, 420, 420, 420, 420, 420, 420, 420, 420, 420]

ep251
Train step Loss: [0.9457758665084839, 0.9458370208740234, 0.9457429051399231, 0.9457448124885559, 0.9457847476005554, 0.9458145499229431, 0.9457817673683167, 0.945792555809021, 0.9458385705947876, 0.9457843899726868, 0.945795476436615, 0.94573974609375, 0.9457105398178101, 0.9457220435142517, 0.9457935094833374, 0.9458528161048889, 0.9456846714019775, 0.9458006024360657, 0.9457573890686035, 0.94578617811203, 0.9457804560661316, 0.9458179473876953, 0.9457969665527344, 0.9458070397377014, 0.945777952671051, 0.9458864331245422, 0.94572913646698, 0.9457401037216187, 0.9458181858062744, 0.9457739591598511, 0.9458213448524475, 0.9458537101745605, 0.9457186460494995, 0.9457769989967346, 0.9456914067268372, 0.9457228779792786, 0.9457606077194214, 0.9457018971443176, 0.9458296895027161, 0.9457660913467407, 0.9458001255989075, 0.9458036422729492, 0.9458402395248413, 0.9458243250846863, 0.9457818865776062, 0.945743203163147, 0.9457290172576904, 0.9458208084106445, 0.9457607865333557, 0.9457383751869202, 0.9456548690795898, 0.9457538723945618, 0.9456780552864075, 0.9458085894584656, 0.9456849694252014, 0.9456968903541565, 0.9458251595497131, 0.9457284212112427, 0.9458086490631104, 0.945751965045929, 0.9456736445426941, 0.9458117485046387, 0.9457295536994934, 0.9457986950874329, 0.9457128643989563, 0.9457322359085083, 0.9457475543022156, 0.9457938075065613, 0.945755660533905, 0.9458179473876953, 0.9457507729530334, 0.9457351565361023, 0.945919930934906, 0.9457370638847351, 0.9457409381866455, 0.9457234144210815, 0.9457733631134033, 0.9459205269813538, 0.945752739906311, 0.9457817077636719, 0.9457537531852722, 0.9457603096961975, 0.9458507895469666, 0.9458212852478027, 0.9457367658615112, 0.9457950592041016, 0.9457716941833496, 0.9457254409790039, 0.9458082318305969, 0.9457744359970093, 0.94573575258255, 0.9458932876586914, 0.9457176327705383, 0.945745587348938, 0.9456825256347656, 0.9457475543022156, 0.9457768797874451, 0.9458101987838745, 0.945709228515625, 0.945709228515625, 0.9457858800888062, 0.9457924365997314, 0.9457553029060364, 0.9457656741142273, 0.9457257986068726]
val step Loss: [0.9461989402770996, 0.9462797045707703, 0.9461639523506165, 0.946182906627655, 0.9497948288917542, 0.9461119771003723, 0.9511799812316895, 0.9461528062820435, 0.9461843967437744, 0.9461655616760254, 0.9474849700927734, 0.9461991190910339, 0.9471065998077393, 0.9472922086715698, 0.9463398456573486, 0.946387529373169, 0.9462025761604309, 0.9461221694946289, 0.9462993144989014, 0.9460954666137695, 0.9479052424430847, 0.9461319446563721, 0.947644829750061, 0.9460850954055786, 0.946044385433197, 0.9460875391960144, 0.94617760181427]
Train step Accs: [1.0, 1.0, 1.0, 1.0, 1.0, 1.0, 1.0, 1.0, 1.0, 1.0, 1.0, 1.0, 1.0, 1.0, 1.0, 1.0, 1.0, 1.0, 1.0, 1.0, 1.0, 1.0, 1.0, 1.0, 1.0, 1.0, 1.0, 1.0, 1.0, 1.0, 1.0, 1.0, 1.0, 1.0, 1.0, 1.0, 1.0, 1.0, 1.0, 1.0, 1.0, 1.0, 1.0, 1.0, 1.0, 1.0, 1.0, 1.0, 1.0, 1.0, 1.0, 1.0, 1.0, 1.0, 1.0, 1.0, 1.0, 1.0, 1.0, 1.0, 1.0, 1.0, 1.0, 1.0, 1.0, 1.0, 1.0, 1.0, 1.0, 1.0, 1.0, 1.0, 1.0, 1.0, 1.0, 1.0, 1.0, 1.0, 1.0, 1.0, 1.0, 1.0, 1.0, 1.0, 1.0, 1.0, 1.0, 1.0, 1.0, 1.0, 1.0, 1.0, 1.0, 1.0, 1.0, 1.0, 1.0, 1.0, 1.0, 1.0, 1.0, 1.0, 1.0, 1.0, 1.0]
val step Accs: [1.0, 1.0, 1.0, 1.0, 0.9993287464339654, 1.0, 0.9990786240786241, 1.0, 1.0, 1.0, 0.9998126288176878, 1.0, 0.9998259961719158, 0.9998147462022972, 1.0, 1.0, 1.0, 1.0, 1.0, 1.0, 0.9996751137102015, 1.0, 0.9997977346278317, 1.0, 1.0, 1.0, 1.0]
Preds: [17, 17, 359, 371, 371, 278, 278, 330, 251, 251, 251, 479, 331, 331, 84, 16, 16, 274, 274, 438, 219, 219, 219, 219, 219, 219, 246, 246, 246, 246, 246, 19, 19, 454, 229, 414, 414, 392, 392, 392, 73, 73, 73, 73, 209, 287, 287, 145, 460, 460, 460, 178, 35, 75, 36, 108, 224, 494, 494, 191, 236, 239, 384, 371, 371, 420, 324, 236, 314, 239, 239, 384, 371, 180, 180, 315, 315, 315, 315, 450, 450, 450, 43, 43, 364, 276, 276, 276, 346, 346, 284, 284, 206, 206, 206, 240, 251, 251, 251, 241, 431, 486, 113, 206, 167, 215, 349, 321, 155, 155, 155, 441, 148, 387, 88, 337, 337, 324, 324, 324, 301, 203, 399, 217, 70, 70, 138, 138, 138, 138, 375, 98, 98, 13, 13, 170, 392, 392, 392, 392, 392, 392, 73, 73, 244, 287, 287, 111, 460, 460, 385, 35, 36, 164, 164, 224, 351, 420, 464, 180, 315, 113, 450, 293, 43, 88, 345, 109, 403, 171, 171, 171, 252, 252, 24, 239, 384, 34, 191, 340, 116, 116, 94, 479, 331, 84, 496, 496, 236, 32, 239, 321, 75, 445, 445, 213, 324, 422, 314, 239, 384, 371, 278, 258, 31, 31, 68, 68, 68, 224, 224, 444, 444, 324, 314, 325, 325, 34, 166, 324, 301, 236, 285, 285, 106, 106, 106, 499, 428, 428, 85, 146, 146, 37, 233, 36, 270, 66, 68, 68, 68, 97, 221, 219, 219, 219, 219, 464, 464, 120, 207, 207, 207, 37, 233, 170, 170, 392, 392, 392, 392, 244, 392, 63, 63, 63, 73, 73, 244, 289, 320, 7, 219, 219, 219, 152, 152, 139, 139, 139, 293, 293, 274, 122, 219, 239, 239, 310, 107, 395, 395, 459, 120, 154, 143, 129, 259, 75, 445, 445, 445, 445, 464, 180, 315, 315, 315, 450, 450, 293, 43, 43, 345, 109, 337, 41, 324, 301, 422, 143, 259, 321, 377, 397, 123, 43, 43, 43, 276, 345, 387, 387, 387, 146, 219, 219, 219, 324, 324, 422, 99, 338, 338, 338, 338, 338, 395, 400, 286, 286, 286, 171, 171, 3, 3, 219, 219, 464, 464, 464, 180, 355, 355, 240, 271, 35, 77, 342, 323, 224, 273, 302, 302, 375, 215, 233, 233, 401, 244, 321, 7, 48, 48, 170, 392, 73, 392, 244, 320, 354, 333, 374, 19, 19, 17, 17, 420, 420, 420, 420, 420, 420, 420, 420, 420, 420, 420, 420, 420, 420, 420, 420, 420, 420, 420, 420, 420, 420, 420, 420, 420, 420, 420, 420, 420, 420, 420, 420, 420, 420, 420, 420, 420, 420, 420, 420, 420, 420, 420, 420, 420, 420, 420, 420, 420, 420, 420, 420, 420, 420, 420, 420, 420, 420, 420, 420, 420, 420, 420, 420, 420, 420, 420, 420, 420, 420, 420, 420, 420, 420, 420, 420, 420, 420, 420, 420, 420, 420, 420, 420, 420, 420, 420, 420, 420, 420, 420, 420, 420, 420, 420, 420, 420, 420, 420, 420, 420, 420, 420, 420, 420, 420, 420, 420, 420, 420, 420, 420, 420, 420, 420, 420, 420, 420, 420, 420, 420, 420, 420, 420, 420, 420, 420, 420, 420, 420, 420, 420, 420, 420, 420, 420, 420, 420, 420, 420, 420, 420, 420, 420, 420, 420, 420, 420, 420, 420, 420, 420, 420, 420, 420, 420, 420, 420, 420, 420, 420, 420, 420, 420, 420, 420, 420, 420, 420, 420, 420, 420, 420, 420, 420, 420, 420, 420, 420, 420, 420, 420, 420, 420, 420, 420, 420, 420, 420, 420, 420, 420, 420, 420, 420, 420, 420, 420, 420, 420, 420, 420, 420, 420]

ep252
Train step Loss: [0.9457184672355652, 0.9457878470420837, 0.9457167387008667, 0.9457291960716248, 0.9457697868347168, 0.9458023309707642, 0.9457504153251648, 0.945807933807373, 0.9457395076751709, 0.9457501769065857, 0.9456458687782288, 0.9457625150680542, 0.9457562565803528, 0.945723831653595, 0.9457331895828247, 0.9457599520683289, 0.9458107948303223, 0.945737361907959, 0.945786714553833, 0.9457465410232544, 0.9458019137382507, 0.9457190632820129, 0.9457746744155884, 0.9457303285598755, 0.9457553625106812, 0.9458554983139038, 0.9457522034645081, 0.9458485841751099, 0.9458218216896057, 0.9458442330360413, 0.9457783699035645, 0.9457235932350159, 0.9458171129226685, 0.9457315802574158, 0.9457913041114807, 0.9456740617752075, 0.9458799362182617, 0.9457390308380127, 0.9457908272743225, 0.9457613229751587, 0.9457716941833496, 0.9457703232765198, 0.9456995725631714, 0.9457067847251892, 0.9457652568817139, 0.945752739906311, 0.9457507133483887, 0.9457827806472778, 0.9457584619522095, 0.9457888603210449, 0.9458596110343933, 0.9458341002464294, 0.9458345174789429, 0.9457664489746094, 0.9456847310066223, 0.9457987546920776, 0.9457310438156128, 0.9457175135612488, 0.9457294344902039, 0.9457612037658691, 0.9457186460494995, 0.945768415927887, 0.9457417726516724, 0.9457879066467285, 0.945751965045929, 0.9457874298095703, 0.9457497596740723, 0.9457675814628601, 0.9457982778549194, 0.9456865787506104, 0.9457347989082336, 0.9456995725631714, 0.9457625150680542, 0.9457699060440063, 0.9457215070724487, 0.9457759857177734, 0.9457902908325195, 0.9457735419273376, 0.9457616806030273, 0.9457647204399109, 0.9458082914352417, 0.945840060710907, 0.9457083344459534, 0.9458115696907043, 0.945742666721344, 0.9459007978439331, 0.9458402395248413, 0.9456929564476013, 0.9458532333374023, 0.9457598328590393, 0.9458034038543701, 0.9456644654273987, 0.9457223415374756, 0.9457106590270996, 0.9457296133041382, 0.9457389116287231, 0.945774495601654, 0.9458777904510498, 0.9458025097846985, 0.9459113478660583, 0.9457122683525085, 0.9458513259887695, 0.9457546472549438, 0.9457247257232666, 0.945713996887207]
val step Loss: [0.9460006952285767, 0.9461665153503418, 0.9468708038330078, 0.9462891221046448, 0.9460928440093994, 0.951746940612793, 0.9462230205535889, 0.9483635425567627, 0.9462139010429382, 0.9461257457733154, 0.9461966753005981, 0.9461447596549988, 0.9472531080245972, 0.9461439251899719, 0.9460318088531494, 0.9482198357582092, 0.9461288452148438, 0.9462516903877258, 0.9461202025413513, 0.9461754560470581, 0.9461959600448608, 0.9499773383140564, 0.9460276961326599, 0.9461326003074646, 0.9461636543273926, 0.9460657835006714, 0.9461866021156311]
Train step Accs: [1.0, 1.0, 1.0, 1.0, 1.0, 1.0, 1.0, 1.0, 1.0, 1.0, 1.0, 1.0, 1.0, 1.0, 1.0, 1.0, 1.0, 1.0, 1.0, 1.0, 1.0, 1.0, 1.0, 1.0, 1.0, 1.0, 1.0, 1.0, 1.0, 1.0, 1.0, 1.0, 1.0, 1.0, 1.0, 1.0, 1.0, 1.0, 1.0, 1.0, 1.0, 1.0, 1.0, 1.0, 1.0, 1.0, 1.0, 1.0, 1.0, 1.0, 1.0, 1.0, 1.0, 1.0, 1.0, 1.0, 1.0, 1.0, 1.0, 1.0, 1.0, 1.0, 1.0, 1.0, 1.0, 1.0, 1.0, 1.0, 1.0, 1.0, 1.0, 1.0, 1.0, 1.0, 1.0, 1.0, 1.0, 1.0, 1.0, 1.0, 1.0, 1.0, 1.0, 1.0, 1.0, 1.0, 1.0, 1.0, 1.0, 1.0, 1.0, 1.0, 1.0, 1.0, 1.0, 1.0, 1.0, 1.0, 1.0, 1.0, 1.0, 1.0, 1.0, 1.0, 1.0]
val step Accs: [1.0, 1.0, 0.9998473282442748, 1.0, 1.0, 0.9989557953358859, 1.0, 0.9996017522899243, 1.0, 1.0, 1.0, 1.0, 0.9998150887573964, 1.0, 1.0, 0.9996266567108456, 1.0, 1.0, 1.0, 1.0, 1.0, 0.9992895204262877, 1.0, 1.0, 1.0, 1.0, 1.0]
Preds: [17, 17, 30, 30, 213, 213, 324, 464, 464, 464, 464, 443, 443, 443, 282, 240, 388, 216, 465, 29, 29, 302, 496, 319, 242, 240, 337, 219, 219, 324, 324, 324, 324, 252, 301, 301, 183, 183, 183, 278, 278, 278, 258, 258, 271, 31, 162, 54, 54, 482, 482, 224, 224, 273, 273, 470, 180, 443, 443, 355, 450, 169, 173, 130, 402, 402, 183, 242, 360, 360, 324, 219, 219, 464, 464, 464, 106, 153, 88, 88, 346, 346, 346, 284, 284, 405, 206, 206, 206, 293, 293, 43, 276, 276, 276, 182, 182, 182, 182, 182, 182, 387, 387, 330, 330, 330, 379, 379, 77, 478, 323, 54, 172, 224, 224, 273, 273, 397, 153, 153, 100, 497, 497, 497, 122, 122, 205, 205, 261, 25, 351, 213, 213, 213, 252, 143, 99, 99, 436, 436, 60, 60, 298, 298, 116, 303, 303, 48, 229, 229, 321, 247, 312, 292, 292, 23, 408, 408, 408, 321, 321, 320, 188, 152, 152, 374, 374, 301, 301, 378, 378, 259, 354, 106, 106, 284, 284, 284, 284, 284, 376, 206, 206, 206, 169, 169, 150, 150, 323, 323, 323, 224, 273, 106, 106, 151, 443, 240, 240, 388, 175, 175, 241, 431, 431, 443, 443, 460, 240, 385, 35, 440, 440, 440, 207, 207, 207, 207, 19, 19, 219, 219, 219, 219, 219, 144, 144, 27, 27, 156, 499, 499, 468, 59, 59, 452, 452, 193, 17, 420, 420, 420, 420, 420, 420, 420, 420, 420, 420, 420, 420, 420, 420, 420, 420, 420, 420, 420, 420, 420, 420, 420, 420, 420, 420, 420, 420, 420, 420, 420, 420, 420, 420, 420, 420, 420, 420, 420, 420, 420, 420, 420, 420, 420, 420, 420, 420, 420, 420, 420, 420, 420, 420, 420, 420, 420, 420, 420, 420, 420, 420, 420, 420, 420, 420, 420, 420, 420, 420, 420, 420, 420, 420, 420, 420, 420, 420, 420, 420, 420, 420, 420, 420, 420, 420, 420, 420, 420, 420, 420, 420, 420, 420, 420, 420, 420, 420, 420, 420, 420, 420, 420, 420, 420, 420, 420, 420, 420, 420, 420, 420, 420, 420, 420, 420, 420, 420, 420, 420, 420, 420, 420, 420, 420, 420, 420, 420, 420, 420, 420, 420, 420, 420, 420, 420, 420, 420, 420, 420, 420, 420, 420, 420, 420, 420, 420, 420, 420, 420, 420, 420, 420, 420, 420, 420, 420, 420, 420, 420, 420, 420, 420, 420, 420, 420, 420, 420, 420, 420, 420, 420, 420, 420, 420, 420, 420, 420, 420, 420, 420, 420, 420, 420, 420, 420, 420, 420, 420, 420, 420, 420, 420, 420, 420, 420, 420, 420, 420, 420, 420, 420, 420, 420, 420, 420, 420, 420, 420, 420, 420, 420, 420, 420, 420, 420, 420, 420, 420, 420, 420, 420, 420, 420, 420, 420, 420, 420, 420, 420, 420, 420, 420, 420, 420, 420, 420, 420, 420, 420, 420, 420, 420, 420, 420, 420, 420, 420, 420, 420, 420, 420, 420, 420, 420, 420, 420, 420, 420, 420, 420, 420, 420, 420, 420, 420, 420, 420, 420, 420, 420, 420, 420, 420, 420, 420, 420, 420, 420, 420, 420, 420, 420, 420, 420, 420, 420, 420, 420, 420, 420, 420, 420, 420, 420, 420, 420, 420, 420, 420, 420, 420, 420, 420, 420, 420, 420, 420, 420, 420, 420, 420, 420, 420, 420, 420, 420, 420, 420, 420, 420, 420, 420, 420, 420, 420, 420, 420, 420, 420, 420, 420, 420, 420, 420, 420, 420, 420, 420, 420, 420, 420, 420, 420, 420, 420, 420, 420, 420, 420, 420, 420, 420, 420, 420, 420, 420, 420, 420, 420, 420]

ep253
Train step Loss: [0.945843517780304, 0.9458428621292114, 0.9457404613494873, 0.9457516670227051, 0.9458513259887695, 0.9457591772079468, 0.9457210898399353, 0.9457693696022034, 0.9458410739898682, 0.9457013607025146, 0.9457955956459045, 0.9458187222480774, 0.9458202123641968, 0.9458379745483398, 0.9458088278770447, 0.945816159248352, 0.9457682967185974, 0.9457218647003174, 0.9457895755767822, 0.9457825422286987, 0.945726752281189, 0.9457785487174988, 0.9457782506942749, 0.9457842111587524, 0.945758581161499, 0.9457805752754211, 0.9457852840423584, 0.9457274675369263, 0.9457523226737976, 0.9457829594612122, 0.9457638263702393, 0.9457908272743225, 0.9458261728286743, 0.9456953406333923, 0.9457669258117676, 0.9457391500473022, 0.945713222026825, 0.9457252621650696, 0.9457082748413086, 0.9457504153251648, 0.9456902742385864, 0.9457589387893677, 0.9457248449325562, 0.9457710981369019, 0.9457939863204956, 0.9457898139953613, 0.9458320140838623, 0.9458579421043396, 0.9457451701164246, 0.9457664489746094, 0.9458013772964478, 0.9457343220710754, 0.9457398653030396, 0.9457927346229553, 0.9457038044929504, 0.945762574672699, 0.9457389712333679, 0.9456824064254761, 0.9457176327705383, 0.945798933506012, 0.9457278251647949, 0.9457820653915405, 0.9457224607467651, 0.945796012878418, 0.9458139538764954, 0.9456839561462402, 0.9457348585128784, 0.9457052946090698, 0.9457663297653198, 0.9457796812057495, 0.9457456469535828, 0.9457370638847351, 0.9456985592842102, 0.9457282423973083, 0.9458251595497131, 0.9458203315734863, 0.9456956386566162, 0.9457507133483887, 0.9457142353057861, 0.9457417726516724, 0.9457862377166748, 0.94588702917099, 0.9456673264503479, 0.9458387494087219, 0.9457721710205078, 0.9458634853363037, 0.945728063583374, 0.9457129836082458, 0.9457521438598633, 0.9457281231880188, 0.9458087682723999, 0.9458876252174377, 0.9458252191543579, 0.9456839561462402, 0.9457811713218689, 0.9457211494445801, 0.9458747506141663, 0.9456353783607483, 0.9457414746284485, 0.9457138776779175, 0.9457535147666931, 0.9456393122673035, 0.9458160996437073, 0.9457907676696777, 0.945773184299469]
val step Loss: [0.9461552500724792, 0.9462127089500427, 0.9460390210151672, 0.9471268653869629, 0.9461979866027832, 0.949694812297821, 0.9462583661079407, 0.946398138999939, 0.9463732838630676, 0.946085512638092, 0.9475374817848206, 0.9462440013885498, 0.9477537274360657, 0.9462942481040955, 0.947109580039978, 0.9470924139022827, 0.9461528658866882, 0.9514338374137878, 0.9461353421211243, 0.9461625218391418, 0.946016788482666, 0.9461261034011841, 0.9461340308189392, 0.9463130831718445, 0.9460141658782959, 0.946050763130188, 0.9464268684387207]
Train step Accs: [1.0, 1.0, 1.0, 1.0, 1.0, 1.0, 1.0, 1.0, 1.0, 1.0, 1.0, 1.0, 1.0, 1.0, 1.0, 1.0, 1.0, 1.0, 1.0, 1.0, 1.0, 1.0, 1.0, 1.0, 1.0, 1.0, 1.0, 1.0, 1.0, 1.0, 1.0, 1.0, 1.0, 1.0, 1.0, 1.0, 1.0, 1.0, 1.0, 1.0, 1.0, 1.0, 1.0, 1.0, 1.0, 1.0, 1.0, 1.0, 1.0, 1.0, 1.0, 1.0, 1.0, 1.0, 1.0, 1.0, 1.0, 1.0, 1.0, 1.0, 1.0, 1.0, 1.0, 1.0, 1.0, 1.0, 1.0, 1.0, 1.0, 1.0, 1.0, 1.0, 1.0, 1.0, 1.0, 1.0, 1.0, 1.0, 1.0, 1.0, 1.0, 1.0, 1.0, 1.0, 1.0, 1.0, 1.0, 1.0, 1.0, 1.0, 1.0, 1.0, 1.0, 1.0, 1.0, 1.0, 1.0, 1.0, 1.0, 1.0, 1.0, 1.0, 1.0, 1.0, 1.0]
val step Accs: [1.0, 1.0, 1.0, 0.9998216833095578, 1.0, 0.9993641710379908, 1.0, 1.0, 1.0, 1.0, 0.9997835966241073, 1.0, 0.9996942363552973, 1.0, 0.9998456075343524, 0.9998393058010606, 1.0, 0.9990480723465016, 1.0, 1.0, 1.0, 1.0, 1.0, 1.0, 1.0, 1.0, 1.0]
Preds: [17, 17, 17, 70, 70, 70, 70, 65, 65, 284, 284, 315, 315, 315, 460, 406, 406, 406, 406, 406, 467, 134, 375, 98, 98, 98, 98, 13, 13, 229, 82, 82, 312, 126, 292, 292, 326, 408, 408, 408, 408, 228, 228, 244, 320, 7, 188, 152, 152, 374, 374, 406, 406, 467, 288, 456, 134, 378, 43, 43, 43, 276, 346, 346, 346, 284, 376, 460, 206, 240, 385, 35, 77, 342, 342, 86, 183, 219, 152, 152, 378, 88, 274, 497, 43, 416, 8, 239, 208, 208, 441, 153, 387, 387, 274, 122, 236, 239, 239, 310, 107, 107, 107, 395, 395, 180, 315, 315, 319, 450, 450, 43, 43, 276, 276, 109, 109, 403, 146, 324, 301, 301, 251, 251, 251, 241, 431, 403, 171, 171, 171, 171, 301, 378, 43, 364, 364, 364, 276, 345, 345, 141, 186, 31, 342, 342, 342, 224, 273, 483, 106, 284, 284, 206, 206, 175, 251, 241, 431, 486, 486, 460, 240, 240, 314, 239, 239, 384, 114, 180, 486, 486, 486, 282, 388, 94, 94, 94, 199, 41, 19, 19, 19, 454, 454, 229, 170, 392, 392, 392, 392, 392, 187, 187, 12, 12, 23, 23, 23, 23, 101, 391, 391, 228, 73, 73, 321, 287, 287, 287, 284, 284, 450, 43, 88, 276, 174, 109, 109, 438, 146, 324, 324, 301, 301, 251, 251, 251, 241, 431, 403, 403, 171, 171, 171, 171, 301, 301, 378, 43, 43, 364, 276, 276, 345, 387, 141, 186, 162, 232, 54, 172, 172, 172, 115, 273, 106, 375, 375, 98, 98, 98, 98, 98, 13, 13, 414, 229, 82, 247, 312, 126, 23, 23, 23, 408, 391, 391, 391, 73, 73, 73, 73, 244, 209, 287, 287, 284, 284, 450, 293, 43, 43, 276, 276, 174, 109, 109, 438, 146, 324, 324, 422, 186, 99, 338, 338, 338, 338, 338, 338, 395, 395, 470, 264, 264, 264, 264, 120, 120, 240, 240, 175, 175, 431, 431, 486, 486, 460, 240, 240, 314, 239, 239, 384, 371, 180, 180, 486, 486, 282, 282, 388, 94, 94, 10, 303, 199, 41, 19, 19, 19, 454, 229, 170, 170, 392, 392, 244, 392, 392, 392, 63, 63, 392, 392, 73, 73, 244, 320, 7, 473, 473, 476, 171, 171, 252, 24, 239, 310, 107, 395, 324, 324, 26, 26, 359, 81, 166, 191, 324, 301, 251, 251, 251, 241, 431, 106, 496, 274, 416, 8, 239, 144, 208, 106, 387, 387, 206, 240, 35, 36, 36, 108, 224, 273, 355, 355, 355, 452, 420, 420, 420, 420, 420, 420, 420, 420, 420, 420, 420, 420, 420, 420, 420, 420, 420, 420, 420, 420, 420, 420, 420, 420, 420, 420, 420, 420, 420, 420, 420, 420, 420, 420, 420, 420, 420, 420, 420, 420, 420, 420, 420, 420, 420, 420, 420, 420, 420, 420, 420, 420, 420, 420, 420, 420, 420, 420, 420, 420, 420, 420, 420, 420, 420, 420, 420, 420, 420, 420, 420, 420, 420, 420, 420, 420, 420, 420, 420, 420, 420, 420, 420, 420, 420, 420, 420, 420, 420, 420, 420, 420, 420, 420, 420, 420, 420, 420, 420, 420, 420, 420, 420, 420, 420, 420, 420, 420, 420, 420, 420, 420, 420, 420, 420, 420, 420, 420, 420, 420, 420, 420, 420, 420, 420, 420, 420, 420, 420, 420, 420, 420, 420, 420, 420, 420, 420, 420, 420, 420, 420, 420, 420, 420, 420, 420, 420, 420, 420, 420, 420, 420, 420, 420, 420, 420, 420, 420, 420, 420, 420, 420, 420, 420, 420, 420, 420, 420, 420, 420, 420, 420, 420, 420, 420, 420, 420, 420, 420, 420]

ep254
Train step Loss: [0.9457405805587769, 0.9457389116287231, 0.9457238912582397, 0.9457747340202332, 0.9457377791404724, 0.9457271099090576, 0.9457507133483887, 0.9457526206970215, 0.9457733035087585, 0.9457682967185974, 0.9457646608352661, 0.9457804560661316, 0.9457011222839355, 0.9457933902740479, 0.9458146095275879, 0.945807933807373, 0.9458075165748596, 0.9457066655158997, 0.9458187818527222, 0.9457683563232422, 0.9457560181617737, 0.9457317590713501, 0.9457627534866333, 0.9456895589828491, 0.9457239508628845, 0.9457229971885681, 0.9458057880401611, 0.9457775950431824, 0.945842981338501, 0.9456962943077087, 0.9457758069038391, 0.9457876682281494, 0.9456884860992432, 0.9457420706748962, 0.9456948637962341, 0.9457830786705017, 0.9458585977554321, 0.94576096534729, 0.9457365870475769, 0.9456894397735596, 0.9457923173904419, 0.9457380771636963, 0.9457762241363525, 0.945751428604126, 0.9457884430885315, 0.945748507976532, 0.9456920027732849, 0.9457926154136658, 0.9458282589912415, 0.945736289024353, 0.9457774758338928, 0.945835292339325, 0.9458378553390503, 0.94571852684021, 0.9457395672798157, 0.9457719326019287, 0.9457106590270996, 0.945719301700592, 0.9457575082778931, 0.9457610845565796, 0.9458603858947754, 0.9457372426986694, 0.9458552598953247, 0.9456515908241272, 0.9457529187202454, 0.9458509087562561, 0.9457703232765198, 0.945777416229248, 0.9457319974899292, 0.9457219839096069, 0.9457654356956482, 0.9457330703735352, 0.9458246231079102, 0.9457728862762451, 0.94580078125, 0.9457650184631348, 0.945732057094574, 0.9458024501800537, 0.9457884430885315, 0.945737361907959, 0.9458407163619995, 0.9457106590270996, 0.9457076191902161, 0.9457455277442932, 0.9457470774650574, 0.945786714553833, 0.9457061290740967, 0.9458236694335938, 0.9457379579544067, 0.9457405805587769, 0.945789635181427, 0.9457640051841736, 0.9459060430526733, 0.9457545876502991, 0.9457380771636963, 0.9457789659500122, 0.945781409740448, 0.9457614421844482, 0.9456484913825989, 0.9457666277885437, 0.9457592964172363, 0.9457644820213318, 0.9457717537879944, 0.945692777633667, 0.9457977414131165]
val step Loss: [0.9461444616317749, 0.9460711479187012, 0.9471529722213745, 0.9461368918418884, 0.9461424946784973, 0.9472995400428772, 0.9479771852493286, 0.9460482001304626, 0.9461380839347839, 0.9464561939239502, 0.9470491409301758, 0.946044385433197, 0.9462371468544006, 0.946202278137207, 0.9461813569068909, 0.9498348236083984, 0.9462681412696838, 0.9471606016159058, 0.9461397528648376, 0.9461089968681335, 0.9461967945098877, 0.9461922645568848, 0.9461014270782471, 0.94618821144104, 0.9461352825164795, 0.9518699049949646, 0.946231484413147]
Train step Accs: [1.0, 1.0, 1.0, 1.0, 1.0, 1.0, 1.0, 1.0, 1.0, 1.0, 1.0, 1.0, 1.0, 1.0, 1.0, 1.0, 1.0, 1.0, 1.0, 1.0, 1.0, 1.0, 1.0, 1.0, 1.0, 1.0, 1.0, 1.0, 1.0, 1.0, 1.0, 1.0, 1.0, 1.0, 1.0, 1.0, 1.0, 1.0, 1.0, 1.0, 1.0, 1.0, 1.0, 1.0, 1.0, 1.0, 1.0, 1.0, 1.0, 1.0, 1.0, 1.0, 1.0, 1.0, 1.0, 1.0, 1.0, 1.0, 1.0, 1.0, 1.0, 1.0, 1.0, 1.0, 1.0, 1.0, 1.0, 1.0, 1.0, 1.0, 1.0, 1.0, 1.0, 1.0, 1.0, 1.0, 1.0, 1.0, 1.0, 1.0, 1.0, 1.0, 1.0, 1.0, 1.0, 1.0, 1.0, 1.0, 1.0, 1.0, 1.0, 1.0, 1.0, 1.0, 1.0, 1.0, 1.0, 1.0, 1.0, 1.0, 1.0, 1.0, 1.0, 1.0, 1.0]
val step Accs: [1.0, 1.0, 0.9998276753403412, 1.0, 1.0, 0.999827258593885, 0.9996812749003984, 1.0, 1.0, 1.0, 0.9998281786941581, 1.0, 1.0, 1.0, 1.0, 0.9993227226549272, 1.0, 0.9998596688184115, 1.0, 1.0, 1.0, 1.0, 1.0, 1.0, 1.0, 0.9989438479140996, 1.0]
Preds: [17, 17, 217, 217, 473, 473, 65, 443, 443, 443, 171, 171, 416, 416, 32, 239, 239, 107, 395, 180, 84, 84, 355, 355, 98, 98, 98, 13, 13, 229, 229, 247, 312, 312, 126, 126, 326, 101, 101, 149, 149, 20, 289, 320, 7, 473, 473, 65, 476, 171, 252, 143, 36, 36, 449, 449, 400, 324, 324, 301, 325, 325, 34, 166, 324, 324, 324, 301, 251, 251, 251, 241, 431, 106, 496, 274, 274, 43, 8, 8, 32, 354, 208, 441, 441, 442, 98, 98, 48, 48, 170, 20, 170, 20, 20, 28, 20, 28, 312, 187, 187, 187, 2, 2, 2, 2, 163, 163, 20, 163, 163, 73, 20, 73, 289, 20, 209, 287, 287, 284, 284, 111, 450, 43, 43, 276, 276, 276, 276, 387, 387, 387, 406, 406, 406, 467, 337, 337, 278, 258, 31, 342, 54, 86, 224, 224, 224, 302, 302, 497, 413, 399, 217, 217, 473, 473, 398, 398, 398, 286, 286, 468, 406, 406, 380, 380, 499, 284, 426, 426, 98, 98, 98, 13, 414, 414, 170, 47, 47, 47, 47, 80, 80, 20, 80, 7, 7, 7, 217, 217, 473, 473, 65, 264, 264, 264, 264, 468, 468, 406, 406, 337, 337, 337, 324, 301, 359, 251, 251, 241, 166, 324, 324, 324, 301, 301, 251, 251, 241, 241, 431, 84, 84, 293, 497, 416, 8, 239, 208, 27, 106, 387, 206, 240, 385, 36, 108, 342, 224, 224, 273, 355, 355, 355, 420, 420, 420, 420, 420, 420, 420, 420, 420, 420, 420, 420, 420, 420, 420, 420, 420, 420, 420, 420, 420, 420, 420, 420, 420, 420, 420, 420, 420, 420, 420, 420, 420, 420, 420, 420, 420, 420, 420, 420, 420, 420, 420, 420, 420, 420, 420, 420, 420, 420, 420, 420, 420, 420, 420, 420, 420, 420, 420, 420, 420, 420, 420, 420, 420, 420, 420, 420, 420, 420, 420, 420, 420, 420, 420, 420, 420, 420, 420, 420, 420, 420, 420, 420, 420, 420, 420, 420, 420, 420, 420, 420, 420, 420, 420, 420, 420, 420, 420, 420, 420, 420, 420, 420, 420, 420, 420, 420, 420, 420, 420, 420, 420, 420, 420, 420, 420, 420, 420, 420, 420, 420, 420, 420, 420, 420, 420, 420, 420, 420, 420, 420, 420, 420, 420, 420, 420, 420, 420, 420, 420, 420, 420, 420, 420, 420, 420, 420, 420, 420, 420, 420, 420, 420, 420, 420, 420, 420, 420, 420, 420, 420, 420, 420, 420, 420, 420, 420, 420, 420, 420, 420, 420, 420, 420, 420, 420, 420, 420, 420, 420, 420, 420, 420, 420, 420, 420, 420, 420, 420, 420, 420, 420, 420, 420, 420, 420, 420, 420, 420, 420, 420, 420, 420, 420, 420, 420, 420, 420, 420, 420, 420, 420, 420, 420, 420, 420, 420, 420, 420, 420, 420, 420, 420, 420, 420, 420, 420, 420, 420, 420, 420, 420, 420, 420, 420, 420, 420, 420, 420, 420, 420, 420, 420, 420, 420, 420, 420, 420, 420, 420, 420, 420, 420, 420, 420, 420, 420, 420, 420, 420, 420, 420, 420, 420, 420, 420, 420, 420, 420, 420, 420, 420, 420, 420, 420, 420, 420, 420, 420, 420, 420, 420, 420, 420, 420, 420, 420, 420, 420, 420, 420, 420, 420, 420, 420, 420, 420, 420, 420, 420, 420, 420, 420, 420, 420, 420, 420, 420, 420, 420, 420, 420, 420, 420, 420, 420, 420, 420, 420, 420, 420, 420, 420, 420, 420, 420, 420, 420, 420, 420, 420, 420, 420, 420, 420, 420, 420, 420, 420, 420, 420, 420, 420, 420, 420, 420, 420, 420, 420, 420, 420, 420, 420, 420, 420]

ep255
Train step Loss: [0.9457790851593018, 0.9458399415016174, 0.9457898736000061, 0.9457693099975586, 0.945792555809021, 0.9457084536552429, 0.9457185864448547, 0.9457187056541443, 0.9456886053085327, 0.945719838142395, 0.9456862807273865, 0.9458354711532593, 0.9458310008049011, 0.9457571506500244, 0.9457700848579407, 0.9457502961158752, 0.9456791877746582, 0.9457604885101318, 0.9457821249961853, 0.9457337856292725, 0.9457645416259766, 0.9457235932350159, 0.9457102417945862, 0.9457111358642578, 0.9457513093948364, 0.9457212686538696, 0.9457945823669434, 0.9457541108131409, 0.945769190788269, 0.9456639885902405, 0.9457927942276001, 0.9457864165306091, 0.9458693265914917, 0.945794403553009, 0.9457461833953857, 0.9457548260688782, 0.9457401633262634, 0.9457532167434692, 0.945741593837738, 0.9458761811256409, 0.9457603096961975, 0.9457741379737854, 0.9456707835197449, 0.9457691311836243, 0.9457454085350037, 0.9457331299781799, 0.9457410573959351, 0.9457496404647827, 0.9458402395248413, 0.9457494616508484, 0.9457453489303589, 0.9457095265388489, 0.9457288980484009, 0.9457679390907288, 0.9457291960716248, 0.9457570314407349, 0.9456853270530701, 0.9458258748054504, 0.9457752704620361, 0.94571852684021, 0.9457721710205078, 0.9457358121871948, 0.9457798004150391, 0.9457558393478394, 0.945746898651123, 0.9457313418388367, 0.9457542300224304, 0.9457608461380005, 0.9457238912582397, 0.9457169771194458, 0.945772111415863, 0.945732593536377, 0.9457694292068481, 0.9457268714904785, 0.9458445906639099, 0.9457865953445435, 0.9457099437713623, 0.9457455277442932, 0.94569331407547, 0.9457404613494873, 0.9457162618637085, 0.9458982348442078, 0.9458287358283997, 0.945722758769989, 0.945781409740448, 0.9457782506942749, 0.9457451701164246, 0.9457430839538574, 0.9458450078964233, 0.9457367658615112, 0.9456573724746704, 0.9456952810287476, 0.9458132982254028, 0.9457926750183105, 0.9457665681838989, 0.9457607269287109, 0.9457497000694275, 0.9457999467849731, 0.9457901120185852, 0.945773720741272, 0.9458218216896057, 0.9457728266716003, 0.9456993341445923, 0.945803701877594, 0.9457197785377502]
val step Loss: [0.9477550983428955, 0.9460961818695068, 0.9461539387702942, 0.9462692141532898, 0.9461514949798584, 0.946148157119751, 0.9471234083175659, 0.9500512480735779, 0.9462106227874756, 0.9460945129394531, 0.9462593793869019, 0.9461997151374817, 0.9462401866912842, 0.9463170170783997, 0.9460359811782837, 0.9461547136306763, 0.9470788240432739, 0.9468579292297363, 0.946230947971344, 0.946122944355011, 0.9461761713027954, 0.9462672472000122, 0.9461060166358948, 0.9472595453262329, 0.9462178945541382, 0.95074462890625, 0.94611656665802]
Train step Accs: [1.0, 1.0, 1.0, 1.0, 1.0, 1.0, 1.0, 1.0, 1.0, 1.0, 1.0, 1.0, 1.0, 1.0, 1.0, 1.0, 1.0, 1.0, 1.0, 1.0, 1.0, 1.0, 1.0, 1.0, 1.0, 1.0, 1.0, 1.0, 1.0, 1.0, 1.0, 1.0, 1.0, 1.0, 1.0, 1.0, 1.0, 1.0, 1.0, 1.0, 1.0, 1.0, 1.0, 1.0, 1.0, 1.0, 1.0, 1.0, 1.0, 1.0, 1.0, 1.0, 1.0, 1.0, 1.0, 1.0, 1.0, 1.0, 1.0, 1.0, 1.0, 1.0, 1.0, 1.0, 1.0, 1.0, 1.0, 1.0, 1.0, 1.0, 1.0, 1.0, 1.0, 1.0, 1.0, 1.0, 1.0, 1.0, 1.0, 1.0, 1.0, 1.0, 1.0, 1.0, 1.0, 1.0, 1.0, 1.0, 1.0, 1.0, 1.0, 1.0, 1.0, 1.0, 1.0, 1.0, 1.0, 1.0, 1.0, 1.0, 1.0, 1.0, 1.0, 1.0, 1.0]
val step Accs: [0.999692733138731, 1.0, 1.0, 1.0, 1.0, 1.0, 0.9998268997749697, 0.9992831541218637, 1.0, 1.0, 1.0, 1.0, 1.0, 1.0, 1.0, 1.0, 0.999847607436757, 0.9998498723915328, 1.0, 1.0, 1.0, 1.0, 1.0, 0.9998180825905039, 1.0, 0.9991507430997877, 1.0]
Preds: [17, 17, 70, 70, 70, 70, 65, 65, 284, 486, 315, 315, 315, 315, 468, 406, 406, 406, 406, 406, 406, 467, 134, 302, 375, 375, 98, 98, 48, 48, 229, 229, 244, 247, 312, 312, 126, 326, 326, 101, 101, 149, 149, 228, 82, 83, 287, 287, 284, 450, 43, 43, 276, 276, 276, 276, 346, 387, 387, 387, 406, 42, 42, 147, 337, 337, 324, 278, 31, 162, 54, 54, 482, 482, 482, 224, 273, 494, 494, 203, 399, 217, 217, 217, 473, 398, 219, 219, 286, 286, 301, 406, 406, 380, 380, 499, 499, 284, 426, 98, 98, 98, 98, 13, 414, 414, 170, 244, 392, 392, 392, 244, 187, 187, 12, 201, 201, 392, 392, 392, 392, 392, 392, 73, 73, 244, 209, 188, 188, 264, 264, 264, 264, 468, 468, 406, 406, 147, 337, 337, 337, 324, 324, 301, 26, 251, 251, 251, 251, 241, 431, 486, 376, 376, 376, 376, 460, 169, 169, 263, 263, 225, 225, 237, 237, 249, 82, 237, 225, 225, 225, 197, 197, 82, 209, 411, 157, 153, 387, 387, 143, 143, 129, 129, 458, 82, 208, 208, 441, 437, 100, 153, 182, 375, 98, 98, 98, 17, 420, 420, 420, 420, 420, 420, 420, 420, 420, 420, 420, 420, 420, 420, 420, 420, 420, 420, 420, 420, 420, 420, 420, 420, 420, 420, 420, 420, 420, 420, 420, 420, 420, 420, 420, 420, 420, 420, 420, 420, 420, 420, 420, 420, 420, 420, 420, 420, 420, 420, 420, 420, 420, 420, 420, 420, 420, 420, 420, 420, 420, 420, 420, 420, 420, 420, 420, 420, 420, 420, 420, 420, 420, 420, 420, 420, 420, 420, 420, 420, 420, 420, 420, 420, 420, 420, 420, 420, 420, 420, 420, 420, 420, 420, 420, 420, 420, 420, 420, 420, 420, 420, 420, 420, 420, 420, 420, 420, 420, 420, 420, 420, 420, 420, 420, 420, 420, 420, 420, 420, 420, 420, 420, 420, 420, 420, 420, 420, 420, 420, 420, 420, 420, 420, 420, 420, 420, 420, 420, 420, 420, 420, 420, 420, 420, 420, 420, 420, 420, 420, 420, 420, 420, 420, 420, 420, 420, 420, 420, 420, 420, 420, 420, 420, 420, 420, 420, 420, 420, 420, 420, 420, 420, 420, 420, 420, 420, 420, 420, 420, 420, 420, 420, 420, 420, 420, 420, 420, 420, 420, 420, 420, 420, 420, 420, 420, 420, 420, 420, 420, 420, 420, 420, 420, 420, 420, 420, 420, 420, 420, 420, 420, 420, 420, 420, 420, 420, 420, 420, 420, 420, 420, 420, 420, 420, 420, 420, 420, 420, 420, 420, 420, 420, 420, 420, 420, 420, 420, 420, 420, 420, 420, 420, 420, 420, 420, 420, 420, 420, 420, 420, 420, 420, 420, 420, 420, 420, 420, 420, 420, 420, 420, 420, 420, 420, 420, 420, 420, 420, 420, 420, 420, 420, 420, 420, 420, 420, 420, 420, 420, 420, 420, 420, 420, 420, 420, 420, 420, 420, 420, 420, 420, 420, 420, 420, 420, 420, 420, 420, 420, 420, 420, 420, 420, 420, 420, 420, 420, 420, 420, 420, 420, 420, 420, 420, 420, 420, 420, 420, 420, 420, 420, 420, 420, 420, 420, 420, 420, 420, 420, 420, 420, 420, 420, 420, 420, 420, 420, 420, 420, 420, 420, 420, 420, 420, 420, 420, 420, 420, 420, 420, 420, 420, 420, 420, 420, 420, 420, 420, 420, 420, 420, 420, 420, 420, 420, 420, 420, 420, 420, 420, 420, 420, 420, 420, 420, 420, 420, 420, 420, 420, 420, 420, 420, 420, 420, 420, 420, 420, 420, 420, 420, 420, 420, 420, 420, 420, 420, 420, 420, 420, 420]

