ep67
Train step Loss: [0.948017954826355, 0.9480400085449219, 0.9481357336044312, 0.9481795430183411, 0.9483684301376343, 0.9481403231620789, 0.9481816291809082, 0.9507124423980713, 0.9481062889099121, 0.94806969165802, 0.948186993598938, 0.948157548904419, 0.9480140209197998, 0.9479267597198486, 0.9484023451805115, 0.9481672644615173, 0.9481854438781738, 0.9481579065322876, 0.948492169380188, 0.9481974840164185, 0.9481276869773865, 0.9480654001235962, 0.9484018683433533, 0.948172926902771, 0.9481802582740784, 0.9481315016746521, 0.9482282400131226, 0.948217511177063, 0.9481319189071655, 0.9480750560760498, 0.948280930519104, 0.9482502937316895, 0.948242723941803, 0.9481543898582458, 0.9482996463775635, 0.9485277533531189, 0.9480614066123962, 0.9483604431152344, 0.9483632445335388, 0.9487040042877197, 0.9485663175582886, 0.9483577609062195, 0.9484536051750183, 0.9481936097145081, 0.9480280876159668, 0.9480947256088257, 0.94849693775177, 0.9481254816055298, 0.9491512179374695, 0.9480902552604675, 0.9482496976852417, 0.9479710459709167, 0.9481680989265442, 0.9482168555259705, 0.9481250643730164, 0.9480887055397034, 0.9482243657112122, 0.948154628276825, 0.9481504559516907, 0.9481916427612305, 0.9482293725013733, 0.9481682777404785, 0.9478882551193237, 0.9480561017990112, 0.9482335448265076, 0.9480590224266052, 0.9482397437095642, 0.9479873180389404, 0.9487249255180359, 0.948458194732666, 0.948073148727417, 0.9480620622634888, 0.9481925964355469, 0.9482148885726929, 0.9479851722717285, 0.9481806755065918, 0.948065996170044, 0.9479827880859375, 0.9482668042182922, 0.9479795694351196, 0.9481589794158936, 0.948188304901123, 0.9480468034744263, 0.9479548931121826, 0.9481130838394165, 0.9480149149894714, 0.9481195211410522, 0.9483006000518799, 0.9480908513069153, 0.9482691287994385, 0.9479280710220337, 0.948242723941803, 0.9481817483901978, 0.9487894773483276, 0.948289692401886, 0.9482309818267822, 0.9481965899467468, 0.9481325745582581, 0.9481224417686462, 0.9481621384620667, 0.9485476613044739, 0.9480834007263184, 0.9480972290039062, 0.9479513764381409, 0.9480123519897461]
val step Loss: [0.9501842856407166, 0.9501233100891113, 0.9502270221710205, 0.9504163861274719, 0.950457751750946, 0.9507789611816406, 0.9502870440483093, 0.9503247141838074, 0.9507355690002441, 0.9513736963272095, 0.9504374265670776, 0.9505231976509094, 0.9501857757568359, 0.9507204294204712, 0.9504438042640686, 0.9511412382125854, 0.9556877613067627, 0.95400071144104, 0.9513760209083557, 0.9522044062614441, 0.9505347609519958, 0.9501637816429138, 0.9504878520965576, 0.9512414932250977, 0.9520010352134705, 0.9503445625305176, 0.9514285922050476]
Train step Accs: [1.0, 1.0, 1.0, 1.0, 1.0, 1.0, 1.0, 1.0, 1.0, 1.0, 1.0, 1.0, 1.0, 1.0, 1.0, 1.0, 1.0, 1.0, 1.0, 1.0, 1.0, 1.0, 1.0, 1.0, 1.0, 1.0, 1.0, 1.0, 1.0, 1.0, 1.0, 1.0, 1.0, 1.0, 1.0, 1.0, 1.0, 1.0, 1.0, 0.9998343548119927, 1.0, 1.0, 1.0, 1.0, 1.0, 1.0, 1.0, 1.0, 1.0, 1.0, 1.0, 1.0, 1.0, 1.0, 1.0, 1.0, 1.0, 1.0, 1.0, 1.0, 1.0, 1.0, 1.0, 1.0, 1.0, 1.0, 1.0, 1.0, 0.9998391507157793, 1.0, 1.0, 1.0, 1.0, 1.0, 1.0, 1.0, 1.0, 1.0, 1.0, 1.0, 1.0, 1.0, 1.0, 1.0, 1.0, 1.0, 1.0, 1.0, 1.0, 1.0, 1.0, 1.0, 1.0, 0.9998384752059442, 1.0, 1.0, 1.0, 1.0, 1.0, 1.0, 1.0, 1.0, 1.0, 1.0, 1.0]
val step Accs: [1.0, 1.0, 1.0, 1.0, 1.0, 1.0, 1.0, 1.0, 1.0, 0.99982341515098, 1.0, 1.0, 1.0, 1.0, 1.0, 1.0, 0.9990495802312688, 0.9993951308029638, 0.9998344370860928, 0.9997679275934092, 1.0, 1.0, 1.0, 0.999857020303117, 0.9996805622105095, 1.0, 1.0]
Preds: [17, 17, 17, 345, 442, 487, 152, 152, 152, 301, 378, 43, 276, 345, 109, 109, 284, 486, 460, 240, 240, 385, 314, 32, 239, 75, 384, 371, 191, 191, 240, 385, 143, 401, 244, 75, 127, 273, 180, 486, 486, 486, 460, 282, 167, 385, 457, 196, 196, 219, 398, 464, 464, 486, 486, 460, 460, 215, 215, 401, 401, 244, 321, 354, 420, 420, 324, 422, 77, 478, 68, 68, 68, 224, 273, 444, 444, 324, 301, 314, 217, 473, 398, 398, 324, 301, 10, 10, 309, 479, 380, 374, 213, 213, 213, 213, 246, 301, 301, 378, 29, 134, 134, 134, 203, 280, 337, 324, 324, 324, 324, 3, 464, 464, 145, 113, 206, 169, 349, 349, 205, 261, 261, 25, 100, 153, 153, 43, 43, 276, 276, 182, 387, 387, 387, 178, 129, 401, 244, 244, 208, 441, 100, 100, 100, 182, 182, 375, 98, 98, 229, 244, 244, 247, 126, 126, 326, 101, 101, 391, 228, 244, 244, 320, 287, 287, 287, 206, 240, 35, 36, 449, 449, 224, 168, 278, 464, 331, 315, 319, 450, 293, 43, 276, 182, 497, 497, 497, 122, 186, 349, 234, 234, 261, 25, 25, 106, 428, 428, 146, 146, 146, 171, 324, 324, 324, 324, 464, 464, 464, 464, 486, 486, 85, 85, 240, 251, 251, 251, 241, 431, 428, 428, 146, 146, 219, 219, 219, 219, 219, 464, 464, 443, 486, 486, 460, 460, 169, 169, 349, 352, 261, 25, 485, 152, 152, 422, 143, 458, 458, 75, 208, 441, 100, 100, 100, 98, 98, 48, 48, 17, 17, 420, 420, 420, 420, 453, 453, 453, 453, 453, 453, 453, 453, 453, 453, 453, 453, 453, 453, 453, 453, 453, 453, 453, 453, 453, 453, 453, 453, 453, 453, 453, 453, 453, 453, 453, 453, 453, 453, 453, 453, 453, 453, 453, 453, 453, 453, 453, 453, 453, 453, 453, 453, 453, 453, 453, 453, 453, 453, 453, 453, 453, 453, 453, 453, 453, 453, 453, 453, 453, 453, 453, 453, 453, 453, 453, 453, 453, 453, 453, 453, 453, 453, 453, 453, 453, 453, 453, 453, 453, 453, 453, 453, 453, 453, 453, 453, 453, 453, 453, 453, 453, 453, 453, 453, 453, 453, 453, 453, 453, 453, 453, 453, 453, 453, 453, 453, 453, 453, 453, 453, 453, 453, 453, 453, 453, 453, 453, 453, 453, 453, 453, 453, 453, 453, 453, 453, 453, 453, 453, 453, 453, 453, 453, 453, 453, 453, 453, 453, 453, 453, 453, 453, 453, 453, 453, 453, 453, 453, 453, 453, 453, 453, 453, 453, 453, 453, 453, 453, 453, 453, 453, 453, 453, 453, 453, 453, 453, 453, 453, 453, 453, 453, 453, 453, 453, 453, 453, 453, 453, 453, 453, 453, 453, 453, 453, 453, 453, 453, 453, 453, 453, 453, 453, 453, 453, 453, 453, 453, 453, 453, 453, 453, 453, 453, 453, 453, 453, 453, 453, 453, 453, 453, 453, 453, 453, 453, 453, 453, 453, 453, 453, 453, 453, 453, 453, 453, 453, 453, 453, 453, 453, 453, 453, 453, 453, 453, 453, 453, 453, 453, 453, 453, 453, 453, 453, 453, 453, 453, 453, 453, 453, 453, 453, 453, 453, 453, 453, 453, 453, 453, 453, 453, 453, 453, 453, 453, 453, 453, 453, 453, 453, 453, 453, 453, 453, 453, 453, 453, 453, 453, 453, 453, 453, 453, 453, 453, 453, 453, 453, 453, 453, 453, 453, 453, 453, 453, 453, 453, 453, 453, 453, 453, 453, 453, 453, 453, 453, 453, 453, 453, 453, 453, 453, 453, 453, 453, 453, 453, 453, 453, 453, 453, 453, 453, 453, 453, 453, 453]

ep68
Train step Loss: [0.9485224485397339, 0.9481812715530396, 0.9478356838226318, 0.9480173587799072, 0.9484467506408691, 0.948294460773468, 0.9482153654098511, 0.9479401111602783, 0.9482964277267456, 0.9482691287994385, 0.9480497241020203, 0.948036253452301, 0.9480204582214355, 0.9479401111602783, 0.9481015801429749, 0.9482052326202393, 0.9481486678123474, 0.948793351650238, 0.9481403827667236, 0.9480214715003967, 0.9482279419898987, 0.9480623006820679, 0.9479873776435852, 0.9478682279586792, 0.9481550455093384, 0.9478849768638611, 0.9480725526809692, 0.948002278804779, 0.9481524229049683, 0.9482521414756775, 0.9482393860816956, 0.948102593421936, 0.9481257200241089, 0.9483864903450012, 0.9481675028800964, 0.948018491268158, 0.9481503367424011, 0.9482237696647644, 0.9479904174804688, 0.9480818510055542, 0.9478247165679932, 0.9479930400848389, 0.9482057094573975, 0.9480623006820679, 0.9491552114486694, 0.9480563402175903, 0.9482011795043945, 0.9481609463691711, 0.9481533765792847, 0.9480239748954773, 0.9480322599411011, 0.9480863809585571, 0.9488123059272766, 0.9484972357749939, 0.9483940005302429, 0.9482926726341248, 0.9481019377708435, 0.9481483101844788, 0.9479929804801941, 0.9480606317520142, 0.9505903720855713, 0.948108434677124, 0.9481061100959778, 0.9480749368667603, 0.9480919241905212, 0.9480651617050171, 0.9482417106628418, 0.9483513832092285, 0.9480988383293152, 0.9479172229766846, 0.9484104514122009, 0.9479031562805176, 0.948013961315155, 0.9486221671104431, 0.9480112791061401, 0.947992205619812, 0.9481224417686462, 0.9482179284095764, 0.9481891393661499, 0.9479967355728149, 0.9480115175247192, 0.9481256604194641, 0.9480590224266052, 0.9480990767478943, 0.9479492902755737, 0.9481220841407776, 0.9478386640548706, 0.9482370615005493, 0.9480583667755127, 0.9479420185089111, 0.9479299187660217, 0.9486566781997681, 0.9480215907096863, 0.9480350613594055, 0.9479971528053284, 0.9479830265045166, 0.948111355304718, 0.948093831539154, 0.9479417204856873, 0.9479178190231323, 0.9479093551635742, 0.9482008814811707, 0.9479688405990601, 0.9481551051139832, 0.9481328725814819]
val step Loss: [0.9509343504905701, 0.9500065445899963, 0.9503754377365112, 0.9500333666801453, 0.9503989815711975, 0.9502480626106262, 0.9504585266113281, 0.9502458572387695, 0.9504259824752808, 0.9510102868080139, 0.9508811831474304, 0.9500648975372314, 0.9500025510787964, 0.9525175094604492, 0.955403208732605, 0.9519218802452087, 0.9510311484336853, 0.9502708911895752, 0.9512113928794861, 0.950644314289093, 0.9501727223396301, 0.9501789808273315, 0.9503822922706604, 0.9508149027824402, 0.9516115784645081, 0.9542193412780762, 0.950069010257721]
Train step Accs: [1.0, 1.0, 1.0, 1.0, 1.0, 1.0, 1.0, 1.0, 1.0, 1.0, 1.0, 1.0, 1.0, 1.0, 1.0, 1.0, 1.0, 1.0, 1.0, 1.0, 1.0, 1.0, 1.0, 1.0, 1.0, 1.0, 1.0, 1.0, 1.0, 1.0, 1.0, 1.0, 1.0, 1.0, 1.0, 1.0, 1.0, 1.0, 1.0, 1.0, 1.0, 1.0, 1.0, 1.0, 0.9998285028297033, 1.0, 1.0, 1.0, 1.0, 1.0, 1.0, 1.0, 1.0, 1.0, 1.0, 1.0, 1.0, 1.0, 1.0, 1.0, 1.0, 1.0, 1.0, 1.0, 1.0, 1.0, 1.0, 1.0, 1.0, 1.0, 1.0, 1.0, 1.0, 1.0, 1.0, 1.0, 1.0, 1.0, 1.0, 1.0, 1.0, 1.0, 1.0, 1.0, 1.0, 1.0, 1.0, 1.0, 1.0, 1.0, 1.0, 1.0, 1.0, 1.0, 1.0, 1.0, 1.0, 1.0, 1.0, 1.0, 1.0, 1.0, 1.0, 1.0, 1.0]
val step Accs: [1.0, 1.0, 1.0, 1.0, 1.0, 1.0, 1.0, 1.0, 1.0, 1.0, 1.0, 1.0, 1.0, 0.9996405463695184, 0.999057936881771, 0.9998422712933754, 0.9998445998445998, 1.0, 0.9998052959501558, 1.0, 1.0, 1.0, 1.0, 1.0, 0.9998014691284495, 0.9993117687543015, 1.0]
Preds: [17, 17, 32, 239, 384, 377, 371, 374, 374, 374, 132, 8, 8, 259, 354, 354, 180, 180, 443, 120, 120, 120, 120, 120, 240, 240, 240, 216, 285, 84, 84, 302, 302, 100, 375, 375, 375, 98, 98, 98, 229, 229, 247, 312, 312, 187, 1, 101, 101, 101, 321, 321, 287, 287, 287, 287, 284, 284, 284, 206, 167, 348, 379, 77, 77, 478, 66, 323, 323, 172, 115, 273, 273, 273, 151, 240, 240, 285, 199, 111, 111, 111, 111, 438, 438, 438, 219, 324, 324, 464, 464, 464, 464, 301, 301, 143, 35, 74, 437, 437, 437, 284, 284, 285, 285, 106, 284, 284, 284, 284, 426, 426, 293, 293, 293, 182, 346, 346, 284, 284, 284, 284, 426, 481, 293, 293, 43, 43, 276, 276, 276, 174, 387, 348, 10, 398, 398, 398, 398, 374, 378, 406, 406, 406, 88, 88, 81, 81, 337, 337, 146, 324, 219, 219, 219, 152, 152, 58, 58, 27, 351, 486, 486, 486, 486, 486, 460, 460, 460, 167, 35, 35, 219, 219, 219, 485, 485, 477, 374, 374, 374, 374, 374, 304, 304, 337, 41, 19, 19, 454, 454, 229, 229, 229, 312, 312, 187, 187, 23, 23, 23, 260, 391, 391, 321, 321, 320, 320, 345, 100, 100, 497, 497, 497, 122, 216, 453, 168, 5, 258, 38, 99, 99, 338, 338, 338, 338, 338, 400, 400, 444, 171, 171, 171, 171, 171, 464, 464, 335, 14, 14, 287, 145, 145, 111, 111, 240, 240, 146, 219, 219, 219, 464, 464, 464, 222, 84, 245, 245, 245, 43, 43, 43, 364, 276, 276, 276, 276, 276, 346, 346, 346, 284, 284, 206, 206, 206, 167, 167, 35, 14, 411, 411, 411, 424, 424, 424, 153, 182, 182, 182, 182, 182, 182, 182, 122, 122, 250, 303, 195, 195, 195, 303, 117, 98, 117, 117, 48, 48, 48, 414, 170, 244, 244, 392, 244, 392, 392, 392, 244, 73, 7, 7, 321, 7, 7, 127, 451, 30, 30, 324, 301, 301, 378, 325, 114, 114, 114, 180, 486, 486, 486, 315, 460, 285, 285, 285, 467, 85, 111, 403, 146, 207, 299, 299, 434, 434, 250, 250, 413, 271, 186, 186, 99, 99, 338, 338, 395, 395, 273, 273, 432, 432, 330, 240, 240, 385, 35, 77, 164, 164, 115, 273, 273, 180, 151, 151, 151, 206, 130, 130, 402, 183, 219, 219, 219, 213, 213, 213, 246, 246, 246, 246, 301, 301, 378, 43, 43, 276, 276, 153, 153, 387, 413, 413, 360, 219, 246, 246, 246, 246, 246, 246, 246, 19, 17, 420, 417, 417, 417, 417, 417, 417, 417, 417, 417, 417, 417, 417, 417, 417, 417, 417, 417, 417, 417, 417, 417, 417, 417, 417, 417, 417, 417, 417, 417, 417, 417, 417, 417, 417, 417, 417, 417, 417, 417, 417, 417, 417, 417, 417, 417, 417, 417, 417, 417, 417, 417, 417, 417, 417, 417, 417, 417, 417, 417, 417, 417, 417, 417, 417, 417, 417, 417, 417, 417, 417, 417, 417, 417, 417, 417, 417, 417, 417, 417, 417, 417, 417, 417, 417, 417, 417, 417, 417, 417, 417, 417, 417, 417, 417, 417, 417, 417, 417, 417, 417, 417, 417, 417, 417, 417, 417, 417, 417, 417, 417, 417, 417, 417, 417, 417, 417, 417, 417, 417, 417, 417, 417, 417, 417, 417, 417, 417, 417, 417, 417, 417, 417, 417, 417, 417, 417, 417, 417, 417, 417, 417, 417, 417, 417, 417, 417, 417, 417, 417, 417, 417, 417, 417, 417, 417, 417, 417, 417, 417, 417, 417, 417, 417, 417, 417, 417, 417, 417, 417, 417, 417, 417, 417]

ep69
Train step Loss: [0.9478955864906311, 0.9482908248901367, 0.9478253722190857, 0.9482160806655884, 0.9480006098747253, 0.9481096267700195, 0.9481750726699829, 0.9479897618293762, 0.9479098320007324, 0.9500511288642883, 0.9485787153244019, 0.9479866623878479, 0.9480583071708679, 0.9479655027389526, 0.9478600025177002, 0.9482114315032959, 0.9479882717132568, 0.9478614330291748, 0.9481422901153564, 0.9479629993438721, 0.948060929775238, 0.9479467272758484, 0.9480311870574951, 0.9480311274528503, 0.9482327699661255, 0.9478988647460938, 0.947858989238739, 0.9479618668556213, 0.9479141235351562, 0.9479663372039795, 0.9481539726257324, 0.9479195475578308, 0.9479713439941406, 0.9479891061782837, 0.9481281042098999, 0.9482916593551636, 0.9480788707733154, 0.9480307698249817, 0.9480779767036438, 0.9477931261062622, 0.9481801986694336, 0.9480740427970886, 0.9487239122390747, 0.9479659795761108, 0.9479759335517883, 0.9480870962142944, 0.9483288526535034, 0.9480268359184265, 0.9480760097503662, 0.9482055902481079, 0.9479647874832153, 0.948039174079895, 0.9478886127471924, 0.9482900500297546, 0.9485205411911011, 0.9479779005050659, 0.9479249715805054, 0.9481143355369568, 0.9480798840522766, 0.9480929374694824, 0.9479892253875732, 0.9486733078956604, 0.9478892087936401, 0.9478965401649475, 0.9479518532752991, 0.9478956460952759, 0.9480628967285156, 0.9479596614837646, 0.948051929473877, 0.9479444026947021, 0.9478676319122314, 0.9480414986610413, 0.9480371475219727, 0.9480972290039062, 0.9477746486663818, 0.9481006264686584, 0.9479262232780457, 0.9479926824569702, 0.9481233954429626, 0.9484316110610962, 0.9479612708091736, 0.9478352665901184, 0.9480799436569214, 0.9480019807815552, 0.948107898235321, 0.9478552937507629, 0.9478569626808167, 0.9484461545944214, 0.9478817582130432, 0.94795823097229, 0.9478287696838379, 0.9481382369995117, 0.9478731751441956, 0.9479576945304871, 0.9479129314422607, 0.9483411312103271, 0.9478987455368042, 0.9479171633720398, 0.9479501247406006, 0.9478371143341064, 0.9480524063110352, 0.9477381706237793, 0.9477013945579529, 0.9478956460952759, 0.9480396509170532]
val step Loss: [0.9528958797454834, 0.9519854784011841, 0.9498714208602905, 0.956198513507843, 0.9504436254501343, 0.9503005146980286, 0.9502633213996887, 0.9503622651100159, 0.9510510563850403, 0.9507752060890198, 0.9502089023590088, 0.9499182105064392, 0.9503293633460999, 0.950439453125, 0.9506386518478394, 0.9503055810928345, 0.9514245986938477, 0.9503765106201172, 0.9502517580986023, 0.9503224492073059, 0.9510861039161682, 0.9509411454200745, 0.954447865486145, 0.950566291809082, 0.950291633605957, 0.9508486390113831, 0.9504002332687378]
Train step Accs: [1.0, 1.0, 1.0, 1.0, 1.0, 1.0, 1.0, 1.0, 1.0, 1.0, 1.0, 1.0, 1.0, 1.0, 1.0, 1.0, 1.0, 1.0, 1.0, 1.0, 1.0, 1.0, 1.0, 1.0, 1.0, 1.0, 1.0, 1.0, 1.0, 1.0, 1.0, 1.0, 1.0, 1.0, 1.0, 1.0, 1.0, 1.0, 1.0, 1.0, 1.0, 1.0, 1.0, 1.0, 1.0, 1.0, 1.0, 1.0, 1.0, 1.0, 1.0, 1.0, 1.0, 1.0, 1.0, 1.0, 1.0, 1.0, 1.0, 1.0, 1.0, 0.999826659733056, 1.0, 1.0, 1.0, 1.0, 1.0, 1.0, 1.0, 1.0, 1.0, 1.0, 1.0, 1.0, 1.0, 1.0, 1.0, 1.0, 1.0, 1.0, 1.0, 1.0, 1.0, 1.0, 1.0, 1.0, 1.0, 1.0, 1.0, 1.0, 1.0, 1.0, 1.0, 1.0, 1.0, 1.0, 1.0, 1.0, 1.0, 1.0, 1.0, 1.0, 1.0, 1.0, 1.0]
val step Accs: [0.9996630727762803, 0.9997021593447506, 1.0, 0.9989165763813651, 1.0, 1.0, 1.0, 1.0, 1.0, 1.0, 1.0, 1.0, 1.0, 1.0, 1.0, 1.0, 0.9998456551937027, 1.0, 1.0, 1.0, 0.9998104624715694, 1.0, 0.9993044687880369, 1.0, 1.0, 1.0, 1.0]
Preds: [17, 17, 152, 152, 152, 378, 378, 43, 276, 345, 345, 109, 174, 284, 319, 240, 240, 240, 314, 239, 82, 82, 449, 371, 444, 213, 324, 324, 324, 286, 301, 132, 42, 42, 147, 380, 380, 288, 443, 432, 330, 330, 388, 33, 33, 64, 394, 398, 219, 464, 464, 464, 180, 315, 315, 450, 450, 293, 43, 43, 43, 364, 276, 276, 276, 276, 346, 346, 284, 284, 284, 284, 376, 376, 206, 206, 85, 85, 240, 388, 251, 251, 251, 251, 251, 251, 241, 431, 355, 355, 452, 263, 263, 263, 331, 420, 420, 420, 420, 420, 420, 420, 420, 420, 420, 420, 420, 420, 420, 420, 420, 420, 420, 420, 420, 420, 420, 420, 420, 420, 420, 420, 420, 420, 420, 420, 420, 420, 420, 420, 420, 420, 420, 420, 420, 420, 420, 420, 420, 420, 420, 420, 420, 420, 420, 420, 420, 420, 420, 420, 420, 420, 420, 420, 420, 420, 420, 420, 420, 420, 420, 420, 420, 420, 420, 420, 420, 420, 420, 420, 420, 420, 420, 420, 420, 420, 420, 420, 420, 420, 420, 420, 420, 420, 420, 420, 420, 420, 420, 420, 420, 420, 420, 420, 420, 420, 420, 420, 420, 420, 420, 420, 420, 420, 420, 420, 420, 420, 420, 420, 420, 420, 420, 420, 420, 420, 420, 420, 420, 420, 420, 420, 420, 420, 420, 420, 420, 420, 420, 420, 420, 420, 420, 420, 420, 420, 420, 420, 420, 420, 420, 420, 420, 420, 420, 420, 420, 420, 420, 420, 420, 420, 420, 420, 420, 420, 420, 420, 420, 420, 420, 420, 420, 420, 420, 420, 420, 420, 420, 420, 420, 420, 420, 420, 420, 420, 420, 420, 420, 420, 420, 420, 420, 420, 420, 420, 420, 420, 420, 420, 420, 420, 420, 420, 420, 420, 420, 420, 420, 420, 420, 420, 420, 420, 420, 420, 420, 420, 420, 420, 420, 420, 420, 420, 420, 420, 420, 420, 420, 420, 420, 420, 420, 420, 420, 420, 420, 420, 420, 420, 420, 420, 420, 420, 420, 420, 420, 420, 420, 420, 420, 420, 420, 420, 420, 420, 420, 420, 420, 420, 420, 420, 420, 420, 420, 420, 420, 420, 420, 420, 420, 420, 420, 420, 420, 420, 420, 420, 420, 420, 420, 420, 420, 420, 420, 420, 420, 420, 420, 420, 420, 420, 420, 420, 420, 420, 420, 420, 420, 420, 420, 420, 420, 420, 420, 420, 420, 420, 420, 420, 420, 420, 420, 420, 420, 420, 420, 420, 420, 420, 420, 420, 420, 420, 420, 420, 420, 420, 420, 420, 420, 420, 420, 420, 420, 420, 420, 420, 420, 420, 420, 420, 420, 420, 420, 420, 420, 420, 420, 420, 420, 420, 420, 420, 420, 420, 420, 420, 420, 420, 420, 420, 420, 420, 420, 420, 420, 420, 420, 420, 420, 420, 420, 420, 420, 420, 420, 420, 420, 420, 420, 420, 420, 420, 420, 420, 420, 420, 420, 420, 420, 420, 420, 420, 420, 420, 420, 420, 420, 420, 420, 420, 420, 420, 420, 420, 420, 420, 420, 420, 420, 420, 420, 420, 420, 420, 420, 420, 420, 420, 420, 420, 420, 420, 420, 420, 420, 420, 420, 420, 420, 420, 420, 420, 420, 420, 420, 420, 420, 420, 420, 420, 420, 420, 420, 420, 420, 420, 420, 420, 420, 420, 420, 420, 420, 420, 420, 420, 420, 420, 420, 420, 420, 420, 420, 420, 420, 420, 420, 420, 420, 420, 420, 420, 420, 420, 420, 420, 420, 420, 420, 420, 420, 420, 420, 420, 420, 420, 420, 420, 420, 420, 420, 420, 420, 420, 420, 420, 420, 420, 420, 420, 420, 420, 420, 420, 420, 420, 420, 420]

ep70
Train step Loss: [0.9478150010108948, 0.9481426477432251, 0.9478271007537842, 0.9486010670661926, 0.9484983086585999, 0.9478247165679932, 0.9481731057167053, 0.9479499459266663, 0.9477537870407104, 0.9478523135185242, 0.9484095573425293, 0.9484558701515198, 0.947859525680542, 0.9480887651443481, 0.9478695392608643, 0.9479060173034668, 0.9486196041107178, 0.9480195045471191, 0.9478700160980225, 0.9480855464935303, 0.948026180267334, 0.9481372237205505, 0.9480946660041809, 0.9478772282600403, 0.9479084014892578, 0.9478656053543091, 0.9482405185699463, 0.9479191899299622, 0.947960376739502, 0.9481415748596191, 0.9480554461479187, 0.947883665561676, 0.9480998516082764, 0.9478837251663208, 0.948350191116333, 0.9478793740272522, 0.9479237198829651, 0.9478136301040649, 0.9479628801345825, 0.948005735874176, 0.9478810429573059, 0.9479645490646362, 0.9480910301208496, 0.9478786587715149, 0.9479048252105713, 0.9480450749397278, 0.9479354023933411, 0.9478484392166138, 0.9479016661643982, 0.9478521943092346, 0.9478196501731873, 0.9481407403945923, 0.9481103420257568, 0.947831928730011, 0.9480087161064148, 0.9481707811355591, 0.9479948282241821, 0.9477304816246033, 0.9477337002754211, 0.9478939175605774, 0.9477643370628357, 0.9479203224182129, 0.9479377269744873, 0.94777512550354, 0.9481407999992371, 0.9478130340576172, 0.9480640888214111, 0.9480762481689453, 0.9478682279586792, 0.9477219581604004, 0.9481320977210999, 0.9479857683181763, 0.9479808807373047, 0.9478927254676819, 0.9479328393936157, 0.947837233543396, 0.9479194283485413, 0.9478422403335571, 0.9480015635490417, 0.9479712247848511, 0.9478958249092102, 0.9478276968002319, 0.9478826522827148, 0.9480401277542114, 0.9479832649230957, 0.9479032754898071, 0.9479620456695557, 0.9480065703392029, 0.9478980898857117, 0.9479426145553589, 0.9496765732765198, 0.9479301571846008, 0.9477704763412476, 0.9478587508201599, 0.9479657411575317, 0.9479411244392395, 0.9480195641517639, 0.9478673338890076, 0.9483932256698608, 0.9484813213348389, 0.9480178356170654, 0.9480607509613037, 0.9477874636650085, 0.9481649994850159, 0.9478476047515869]
val step Loss: [0.9505751729011536, 0.9500988721847534, 0.9501017332077026, 0.9500446319580078, 0.9503558874130249, 0.9510713815689087, 0.9510861039161682, 0.9509499073028564, 0.9501433968544006, 0.9501639008522034, 0.9501253366470337, 0.9620152711868286, 0.9502041935920715, 0.9500476121902466, 0.9516035318374634, 0.9500519037246704, 0.9498287439346313, 0.9503166079521179, 0.9504656791687012, 0.9502620100975037, 0.9508992433547974, 0.9498578310012817, 0.9500629901885986, 0.9500605463981628, 0.950281023979187, 0.9501140713691711, 0.9501937627792358]
Train step Accs: [1.0, 1.0, 1.0, 1.0, 1.0, 1.0, 1.0, 1.0, 1.0, 1.0, 1.0, 1.0, 1.0, 1.0, 1.0, 1.0, 0.999836494440811, 1.0, 1.0, 1.0, 1.0, 1.0, 1.0, 1.0, 1.0, 1.0, 1.0, 1.0, 1.0, 1.0, 1.0, 1.0, 1.0, 1.0, 1.0, 1.0, 1.0, 1.0, 1.0, 1.0, 1.0, 1.0, 1.0, 1.0, 1.0, 1.0, 1.0, 1.0, 1.0, 1.0, 1.0, 1.0, 1.0, 1.0, 1.0, 1.0, 1.0, 1.0, 1.0, 1.0, 1.0, 1.0, 1.0, 1.0, 1.0, 1.0, 1.0, 1.0, 1.0, 1.0, 1.0, 1.0, 1.0, 1.0, 1.0, 1.0, 1.0, 1.0, 1.0, 1.0, 1.0, 1.0, 1.0, 1.0, 1.0, 1.0, 1.0, 1.0, 1.0, 1.0, 1.0, 1.0, 1.0, 1.0, 1.0, 1.0, 1.0, 1.0, 1.0, 1.0, 1.0, 1.0, 1.0, 1.0, 1.0]
val step Accs: [1.0, 1.0, 1.0, 1.0, 1.0, 0.99981556621173, 0.9998213009292352, 1.0, 1.0, 1.0, 1.0, 0.9979256698357822, 1.0, 1.0, 0.9998423707440101, 1.0, 1.0, 1.0, 1.0, 1.0, 0.9998325238653492, 1.0, 1.0, 1.0, 1.0, 1.0, 1.0]
Preds: [17, 17, 441, 153, 153, 153, 424, 387, 497, 497, 122, 122, 35, 35, 259, 384, 371, 180, 180, 84, 84, 139, 16, 16, 375, 375, 375, 375, 98, 98, 98, 13, 13, 414, 414, 249, 249, 20, 47, 312, 187, 187, 101, 101, 101, 101, 149, 149, 149, 321, 287, 287, 287, 287, 297, 297, 297, 293, 293, 293, 122, 216, 22, 106, 106, 106, 284, 284, 284, 284, 306, 306, 372, 245, 406, 406, 284, 65, 284, 284, 284, 376, 376, 282, 282, 169, 271, 150, 77, 342, 342, 168, 97, 483, 196, 196, 479, 199, 199, 199, 360, 360, 330, 252, 368, 310, 310, 395, 395, 213, 278, 278, 278, 252, 368, 77, 453, 453, 168, 485, 301, 301, 374, 199, 106, 84, 84, 84, 84, 496, 293, 215, 215, 8, 251, 241, 241, 106, 106, 106, 284, 426, 405, 387, 387, 406, 406, 467, 467, 337, 207, 207, 19, 358, 233, 414, 417, 417, 417, 417, 442, 442, 414, 170, 102, 491, 312, 292, 292, 292, 292, 326, 326, 408, 408, 408, 228, 321, 320, 451, 30, 30, 422, 99, 338, 338, 338, 338, 400, 400, 400, 400, 171, 171, 301, 301, 378, 43, 364, 345, 345, 109, 109, 476, 476, 171, 324, 324, 301, 301, 8, 259, 354, 354, 420, 420, 420, 324, 324, 301, 251, 251, 241, 241, 331, 443, 443, 443, 443, 120, 120, 120, 120, 207, 207, 207, 207, 37, 203, 399, 217, 217, 473, 473, 476, 476, 171, 171, 171, 171, 252, 252, 310, 453, 107, 395, 444, 213, 213, 360, 252, 252, 368, 77, 54, 54, 224, 168, 494, 278, 301, 116, 251, 251, 241, 431, 431, 486, 376, 376, 376, 376, 376, 460, 460, 460, 240, 240, 35, 198, 384, 371, 114, 180, 84, 84, 84, 387, 372, 467, 467, 467, 467, 467, 207, 207, 207, 19, 19, 17, 420, 417, 417, 417, 417, 417, 417, 417, 417, 417, 417, 417, 417, 417, 417, 417, 417, 417, 417, 417, 417, 417, 417, 417, 417, 417, 417, 417, 417, 417, 417, 417, 417, 417, 417, 417, 417, 417, 417, 417, 417, 417, 417, 417, 417, 417, 417, 417, 417, 417, 417, 417, 417, 417, 417, 417, 417, 417, 417, 417, 417, 417, 417, 417, 417, 417, 417, 417, 417, 417, 417, 417, 417, 417, 417, 417, 417, 417, 417, 417, 417, 417, 417, 417, 417, 417, 417, 417, 417, 417, 417, 417, 417, 417, 417, 417, 417, 417, 417, 417, 417, 417, 417, 417, 417, 417, 417, 417, 417, 417, 417, 417, 417, 417, 417, 417, 417, 417, 417, 417, 417, 417, 417, 417, 417, 417, 417, 417, 417, 417, 417, 417, 417, 417, 417, 417, 417, 417, 417, 417, 417, 417, 417, 417, 417, 417, 417, 417, 417, 417, 417, 417, 417, 417, 417, 417, 417, 417, 417, 417, 417, 417, 417, 417, 417, 417, 417, 417, 417, 417, 417, 417, 417, 417, 417, 417, 417, 417, 417, 417, 417, 417, 417, 417, 417, 417, 417, 417, 417, 417, 417, 417, 417, 417, 417, 417, 417, 417, 417, 417, 417, 417, 417, 417, 417, 417, 417, 417, 417, 417, 417, 417, 417, 417, 417, 417, 417, 417, 417, 417, 417, 417, 417, 417, 417, 417, 417, 417, 417, 417, 417, 417, 417, 417, 417, 417, 417, 417, 417, 417, 417, 417, 417, 417, 417, 417, 417, 417, 417, 417, 417, 417, 417, 417, 417, 417, 417, 417, 417, 417, 417, 417, 417, 417, 417, 417, 417, 417, 417, 417, 417, 417, 417, 417, 417, 417, 417, 417, 417, 417, 417, 417, 417, 417, 417, 417, 417, 417, 417, 417]

ep71
Train step Loss: [0.947745144367218, 0.9481253623962402, 0.9476818442344666, 0.9480555057525635, 0.9478439688682556, 0.9479600191116333, 0.9479977488517761, 0.9478294849395752, 0.9477612972259521, 0.9497362375259399, 0.9483668804168701, 0.947832465171814, 0.9479124546051025, 0.9478180408477783, 0.9477071166038513, 0.9480319023132324, 0.9478380680084229, 0.9477134943008423, 0.9479784965515137, 0.9478108882904053, 0.9479104280471802, 0.947801947593689, 0.9478763937950134, 0.9478731751441956, 0.9480655789375305, 0.9477658271789551, 0.9477071762084961, 0.9478084444999695, 0.9477705359458923, 0.9478174448013306, 0.9479929208755493, 0.9477715492248535, 0.947825014591217, 0.9478378295898438, 0.9479703307151794, 0.9481276273727417, 0.9479246735572815, 0.9478800296783447, 0.947912335395813, 0.9476466178894043, 0.9480173587799072, 0.94792640209198, 0.9485607147216797, 0.9478164911270142, 0.9478181004524231, 0.9479232430458069, 0.94815593957901, 0.9478726387023926, 0.9479188919067383, 0.9480247497558594, 0.9478113651275635, 0.9478920102119446, 0.9477461576461792, 0.9481143355369568, 0.9483570456504822, 0.9478222131729126, 0.9477751851081848, 0.9479619264602661, 0.9479314088821411, 0.9479367136955261, 0.9478394985198975, 0.9485042691230774, 0.9477458000183105, 0.9477499723434448, 0.947806715965271, 0.9477485418319702, 0.9479085206985474, 0.947809100151062, 0.947896420955658, 0.9477970004081726, 0.9477280378341675, 0.9478884339332581, 0.9478906393051147, 0.9479420185089111, 0.9476252794265747, 0.9479444026947021, 0.94777512550354, 0.9478419423103333, 0.9479504823684692, 0.9482683539390564, 0.9478180408477783, 0.9476888179779053, 0.947925865650177, 0.9478509426116943, 0.9479400515556335, 0.9477126598358154, 0.9477107524871826, 0.9482458829879761, 0.9477358460426331, 0.9478102326393127, 0.947685182094574, 0.9479714632034302, 0.9477293491363525, 0.9478104114532471, 0.9477646946907043, 0.9481589198112488, 0.947754979133606, 0.9477691650390625, 0.9478049874305725, 0.9476928114891052, 0.9478985667228699, 0.9476028084754944, 0.9475632309913635, 0.9477525353431702, 0.9478882551193237]
val step Loss: [0.952685534954071, 0.9517857432365417, 0.949678897857666, 0.9559974074363708, 0.9502403736114502, 0.9500889182090759, 0.9500660300254822, 0.9501611590385437, 0.9508377313613892, 0.9505669474601746, 0.9500072002410889, 0.9497268795967102, 0.9501292109489441, 0.9502338171005249, 0.9504330158233643, 0.9501048922538757, 0.9512137770652771, 0.9501798152923584, 0.9500550031661987, 0.9501234889030457, 0.9508864283561707, 0.9507132768630981, 0.9542419910430908, 0.9503630995750427, 0.9500962495803833, 0.9506449699401855, 0.9502004384994507]
Train step Accs: [1.0, 1.0, 1.0, 1.0, 1.0, 1.0, 1.0, 1.0, 1.0, 1.0, 1.0, 1.0, 1.0, 1.0, 1.0, 1.0, 1.0, 1.0, 1.0, 1.0, 1.0, 1.0, 1.0, 1.0, 1.0, 1.0, 1.0, 1.0, 1.0, 1.0, 1.0, 1.0, 1.0, 1.0, 1.0, 1.0, 1.0, 1.0, 1.0, 1.0, 1.0, 1.0, 1.0, 1.0, 1.0, 1.0, 1.0, 1.0, 1.0, 1.0, 1.0, 1.0, 1.0, 1.0, 1.0, 1.0, 1.0, 1.0, 1.0, 1.0, 1.0, 1.0, 1.0, 1.0, 1.0, 1.0, 1.0, 1.0, 1.0, 1.0, 1.0, 1.0, 1.0, 1.0, 1.0, 1.0, 1.0, 1.0, 1.0, 1.0, 1.0, 1.0, 1.0, 1.0, 1.0, 1.0, 1.0, 1.0, 1.0, 1.0, 1.0, 1.0, 1.0, 1.0, 1.0, 1.0, 1.0, 1.0, 1.0, 1.0, 1.0, 1.0, 1.0, 1.0, 1.0]
val step Accs: [0.9996630727762803, 0.9997021593447506, 1.0, 0.9989165763813651, 1.0, 1.0, 1.0, 1.0, 1.0, 1.0, 1.0, 1.0, 1.0, 1.0, 1.0, 1.0, 0.9998456551937027, 1.0, 1.0, 1.0, 0.9998104624715694, 1.0, 0.9993044687880369, 1.0, 1.0, 1.0, 1.0]
Preds: [17, 17, 152, 152, 152, 378, 378, 43, 276, 345, 345, 109, 174, 284, 319, 240, 240, 240, 314, 239, 82, 82, 449, 371, 444, 213, 324, 324, 324, 286, 301, 132, 42, 42, 147, 380, 380, 288, 443, 432, 330, 330, 388, 33, 33, 64, 394, 398, 219, 464, 464, 464, 180, 315, 315, 450, 450, 293, 43, 43, 43, 364, 276, 276, 276, 276, 346, 346, 284, 284, 284, 284, 376, 376, 206, 206, 85, 85, 240, 388, 251, 251, 251, 251, 251, 251, 241, 431, 355, 355, 452, 263, 263, 263, 331, 208, 420, 420, 420, 420, 420, 420, 420, 420, 420, 420, 420, 420, 420, 420, 420, 420, 420, 420, 420, 420, 420, 420, 420, 420, 420, 420, 420, 420, 420, 420, 420, 420, 420, 420, 420, 420, 420, 420, 420, 420, 420, 420, 420, 420, 420, 420, 420, 420, 420, 420, 420, 420, 420, 420, 420, 420, 420, 420, 420, 420, 420, 420, 420, 420, 420, 420, 420, 420, 420, 420, 420, 420, 420, 420, 420, 420, 420, 420, 420, 420, 420, 420, 420, 420, 420, 420, 420, 420, 420, 420, 420, 420, 420, 420, 420, 420, 420, 420, 420, 420, 420, 420, 420, 420, 420, 420, 420, 420, 420, 420, 420, 420, 420, 420, 420, 420, 420, 420, 420, 420, 420, 420, 420, 420, 420, 420, 420, 420, 420, 420, 420, 420, 420, 420, 420, 420, 420, 420, 420, 420, 420, 420, 420, 420, 420, 420, 420, 420, 420, 420, 420, 420, 420, 420, 420, 420, 420, 420, 420, 420, 420, 420, 420, 420, 420, 420, 420, 420, 420, 420, 420, 420, 420, 420, 420, 420, 420, 420, 420, 420, 420, 420, 420, 420, 420, 420, 420, 420, 420, 420, 420, 420, 420, 420, 420, 420, 420, 420, 420, 420, 420, 420, 420, 420, 420, 420, 420, 420, 420, 420, 420, 420, 420, 420, 420, 420, 420, 420, 420, 420, 420, 420, 420, 420, 420, 420, 420, 420, 420, 420, 420, 420, 420, 420, 420, 420, 420, 420, 420, 420, 420, 420, 420, 420, 420, 420, 420, 420, 420, 420, 420, 420, 420, 420, 420, 420, 420, 420, 420, 420, 420, 420, 420, 420, 420, 420, 420, 420, 420, 420, 420, 420, 420, 420, 420, 420, 420, 420, 420, 420, 420, 420, 420, 420, 420, 420, 420, 420, 420, 420, 420, 420, 420, 420, 420, 420, 420, 420, 420, 420, 420, 420, 420, 420, 420, 420, 420, 420, 420, 420, 420, 420, 420, 420, 420, 420, 420, 420, 420, 420, 420, 420, 420, 420, 420, 420, 420, 420, 420, 420, 420, 420, 420, 420, 420, 420, 420, 420, 420, 420, 420, 420, 420, 420, 420, 420, 420, 420, 420, 420, 420, 420, 420, 420, 420, 420, 420, 420, 420, 420, 420, 420, 420, 420, 420, 420, 420, 420, 420, 420, 420, 420, 420, 420, 420, 420, 420, 420, 420, 420, 420, 420, 420, 420, 420, 420, 420, 420, 420, 420, 420, 420, 420, 420, 420, 420, 420, 420, 420, 420, 420, 420, 420, 420, 420, 420, 420, 420, 420, 420, 420, 420, 420, 420, 420, 420, 420, 420, 420, 420, 420, 420, 420, 420, 420, 420, 420, 420, 420, 420, 420, 420, 420, 420, 420, 420, 420, 420, 420, 420, 420, 420, 420, 420, 420, 420, 420, 420, 420, 420, 420, 420, 420, 420, 420, 420, 420, 420, 420, 420, 420, 420, 420, 420, 420, 420, 420, 420, 420, 420, 420, 420, 420, 420, 420, 420, 420, 420, 420, 420, 420, 420, 420, 420, 420, 420, 420, 420, 420, 420, 420, 420, 420, 420, 420, 420, 420, 420, 420, 420, 420, 420, 420, 420]

ep72
Train step Loss: [0.9476696848869324, 0.9479847550392151, 0.947691023349762, 0.9484449625015259, 0.948335587978363, 0.9476799368858337, 0.9480059742927551, 0.9478089213371277, 0.9476135969161987, 0.9477040767669678, 0.948222815990448, 0.9482792615890503, 0.9477158784866333, 0.9479323029518127, 0.9477200508117676, 0.9477619528770447, 0.948448896408081, 0.9478664994239807, 0.9477280378341675, 0.94793701171875, 0.9478773474693298, 0.9479678869247437, 0.9479392766952515, 0.9477338790893555, 0.9477576613426208, 0.9477261304855347, 0.9480699896812439, 0.94777512550354, 0.9478136897087097, 0.9479851722717285, 0.9479060769081116, 0.9477395415306091, 0.9479498267173767, 0.9477383494377136, 0.9481838941574097, 0.947736382484436, 0.9477795362472534, 0.9476759433746338, 0.9478144645690918, 0.9478477835655212, 0.9477426409721375, 0.94781893491745, 0.9479417204856873, 0.9477362632751465, 0.9477588534355164, 0.9478985667228699, 0.9477936029434204, 0.9477025866508484, 0.947756290435791, 0.947705864906311, 0.9476823210716248, 0.9479759335517883, 0.9479620456695557, 0.947693943977356, 0.9478568434715271, 0.9480016827583313, 0.9478506445884705, 0.9475875496864319, 0.9475952386856079, 0.9477533102035522, 0.9476210474967957, 0.9477754831314087, 0.9477947354316711, 0.9476351737976074, 0.9479758143424988, 0.9476715922355652, 0.9479157328605652, 0.9479263424873352, 0.9477279782295227, 0.9475792050361633, 0.9479663372039795, 0.9478377103805542, 0.9478321075439453, 0.9477502703666687, 0.9477928280830383, 0.9476931095123291, 0.9477704763412476, 0.9477025866508484, 0.9478602409362793, 0.947827160358429, 0.9477574825286865, 0.9476856589317322, 0.9477390646934509, 0.947877824306488, 0.9478373527526855, 0.947757363319397, 0.9478181004524231, 0.9478607177734375, 0.9477590322494507, 0.9477965831756592, 0.9494059085845947, 0.9477867484092712, 0.9476356506347656, 0.9477173089981079, 0.9478195905685425, 0.9477951526641846, 0.9478754997253418, 0.9477271437644958, 0.9482399225234985, 0.9482943415641785, 0.9478690028190613, 0.9478952288627625, 0.9476475119590759, 0.9480034112930298, 0.9477003812789917]
val step Loss: [0.9503828287124634, 0.949914813041687, 0.9499200582504272, 0.9498632550239563, 0.9501676559448242, 0.9508904814720154, 0.9509031176567078, 0.9507423639297485, 0.9499597549438477, 0.9499801993370056, 0.9499413371086121, 0.9617925882339478, 0.9500210881233215, 0.9498649835586548, 0.9514105319976807, 0.9498712420463562, 0.949653685092926, 0.9501302242279053, 0.950276255607605, 0.9500771164894104, 0.950721025466919, 0.9496834874153137, 0.9498859643936157, 0.9498763084411621, 0.9500945210456848, 0.949932336807251, 0.9500020146369934]
Train step Accs: [1.0, 1.0, 1.0, 1.0, 1.0, 1.0, 1.0, 1.0, 1.0, 1.0, 1.0, 1.0, 1.0, 1.0, 1.0, 1.0, 0.999836494440811, 1.0, 1.0, 1.0, 1.0, 1.0, 1.0, 1.0, 1.0, 1.0, 1.0, 1.0, 1.0, 1.0, 1.0, 1.0, 1.0, 1.0, 1.0, 1.0, 1.0, 1.0, 1.0, 1.0, 1.0, 1.0, 1.0, 1.0, 1.0, 1.0, 1.0, 1.0, 1.0, 1.0, 1.0, 1.0, 1.0, 1.0, 1.0, 1.0, 1.0, 1.0, 1.0, 1.0, 1.0, 1.0, 1.0, 1.0, 1.0, 1.0, 1.0, 1.0, 1.0, 1.0, 1.0, 1.0, 1.0, 1.0, 1.0, 1.0, 1.0, 1.0, 1.0, 1.0, 1.0, 1.0, 1.0, 1.0, 1.0, 1.0, 1.0, 1.0, 1.0, 1.0, 1.0, 1.0, 1.0, 1.0, 1.0, 1.0, 1.0, 1.0, 1.0, 1.0, 1.0, 1.0, 1.0, 1.0, 1.0]
val step Accs: [1.0, 1.0, 1.0, 1.0, 1.0, 0.99981556621173, 0.9998213009292352, 1.0, 1.0, 1.0, 1.0, 0.9979256698357822, 1.0, 1.0, 0.9998423707440101, 1.0, 1.0, 1.0, 1.0, 1.0, 0.9998325238653492, 1.0, 1.0, 1.0, 1.0, 1.0, 1.0]
Preds: [17, 17, 441, 153, 153, 153, 424, 387, 497, 497, 122, 122, 35, 35, 259, 384, 371, 180, 180, 84, 84, 139, 16, 16, 375, 375, 375, 375, 98, 98, 98, 13, 13, 414, 414, 249, 249, 20, 47, 312, 187, 187, 101, 101, 101, 101, 149, 149, 149, 321, 287, 287, 287, 287, 297, 297, 297, 293, 293, 293, 122, 216, 22, 106, 106, 106, 284, 284, 284, 284, 306, 306, 372, 245, 406, 406, 284, 65, 284, 284, 284, 376, 376, 282, 282, 169, 271, 150, 77, 342, 342, 168, 97, 483, 196, 196, 479, 199, 199, 199, 360, 360, 330, 252, 368, 310, 310, 395, 395, 213, 278, 278, 278, 252, 368, 77, 453, 453, 168, 485, 301, 301, 374, 199, 106, 84, 84, 84, 84, 496, 293, 215, 215, 8, 251, 241, 241, 106, 106, 106, 284, 426, 405, 387, 387, 406, 406, 467, 467, 337, 207, 207, 19, 358, 233, 414, 417, 417, 417, 417, 442, 442, 414, 170, 102, 491, 312, 292, 292, 292, 292, 326, 326, 408, 408, 408, 228, 321, 320, 451, 30, 30, 422, 99, 338, 338, 338, 338, 400, 400, 400, 400, 171, 171, 301, 301, 378, 43, 364, 345, 345, 109, 109, 476, 476, 171, 324, 324, 301, 301, 8, 259, 354, 354, 420, 420, 420, 324, 324, 301, 251, 251, 241, 241, 331, 443, 443, 443, 443, 120, 120, 120, 120, 207, 207, 207, 207, 37, 203, 399, 217, 217, 473, 473, 476, 476, 171, 171, 171, 171, 252, 252, 310, 453, 107, 395, 444, 213, 213, 360, 252, 252, 368, 77, 54, 54, 224, 168, 494, 278, 301, 116, 251, 251, 241, 431, 431, 486, 376, 376, 376, 376, 376, 460, 460, 460, 240, 240, 35, 198, 384, 371, 114, 180, 84, 84, 84, 387, 372, 467, 467, 467, 467, 467, 207, 207, 207, 19, 19, 17, 420, 417, 417, 417, 417, 417, 417, 417, 417, 417, 417, 417, 417, 417, 417, 417, 417, 417, 417, 417, 417, 417, 417, 417, 417, 417, 417, 417, 417, 417, 417, 417, 417, 417, 417, 417, 417, 417, 417, 417, 417, 417, 417, 417, 417, 417, 417, 417, 417, 417, 417, 417, 417, 417, 417, 417, 417, 417, 417, 417, 417, 417, 417, 417, 417, 417, 417, 417, 417, 417, 417, 417, 417, 417, 417, 417, 417, 417, 417, 417, 417, 417, 417, 417, 417, 417, 417, 417, 417, 417, 417, 417, 417, 417, 417, 417, 417, 417, 417, 417, 417, 417, 417, 417, 417, 417, 417, 417, 417, 417, 417, 417, 417, 417, 417, 417, 417, 417, 417, 417, 417, 417, 417, 417, 417, 417, 417, 417, 417, 417, 417, 417, 417, 417, 417, 417, 417, 417, 417, 417, 417, 417, 417, 417, 417, 417, 417, 417, 417, 417, 417, 417, 417, 417, 417, 417, 417, 417, 417, 417, 417, 417, 417, 417, 417, 417, 417, 417, 417, 417, 417, 417, 417, 417, 417, 417, 417, 417, 417, 417, 417, 417, 417, 417, 417, 417, 417, 417, 417, 417, 417, 417, 417, 417, 417, 417, 417, 417, 417, 417, 417, 417, 417, 417, 417, 417, 417, 417, 417, 417, 417, 417, 417, 417, 417, 417, 417, 417, 417, 417, 417, 417, 417, 417, 417, 417, 417, 417, 417, 417, 417, 417, 417, 417, 417, 417, 417, 417, 417, 417, 417, 417, 417, 417, 417, 417, 417, 417, 417, 417, 417, 417, 417, 417, 417, 417, 417, 417, 417, 417, 417, 417, 417, 417, 417, 417, 417, 417, 417, 417, 417, 417, 417, 417, 417, 417, 417, 417, 417, 417, 417, 417, 417, 417, 417, 417, 417, 417, 417, 417]

ep73
Train step Loss: [0.9476563334465027, 0.9476765394210815, 0.9477707743644714, 0.9478002190589905, 0.9479622840881348, 0.9477680325508118, 0.9478130340576172, 0.9498773813247681, 0.9477455615997314, 0.9477133750915527, 0.9478135108947754, 0.9477893710136414, 0.9476531744003296, 0.9475690126419067, 0.9479766488075256, 0.9477981925010681, 0.9478128552436829, 0.947781503200531, 0.9480448365211487, 0.9478245973587036, 0.9477593898773193, 0.9477040767669678, 0.9479964375495911, 0.9478135108947754, 0.9478145837783813, 0.9477674961090088, 0.9478552341461182, 0.9478498697280884, 0.9477624297142029, 0.9477195143699646, 0.9478714466094971, 0.9478779435157776, 0.9478505849838257, 0.9477835297584534, 0.9478923678398132, 0.9481015205383301, 0.9476982355117798, 0.9479812383651733, 0.9479832053184509, 0.9483195543289185, 0.948145866394043, 0.9479779601097107, 0.9480240345001221, 0.947830319404602, 0.9476687908172607, 0.9477341175079346, 0.9480857253074646, 0.9477514624595642, 0.9486520290374756, 0.9477322101593018, 0.9478783011436462, 0.9476227164268494, 0.9478026628494263, 0.9478441476821899, 0.9477716684341431, 0.9477328062057495, 0.947855532169342, 0.9477880597114563, 0.9477880001068115, 0.9478282332420349, 0.9478535652160645, 0.9478057622909546, 0.9475510120391846, 0.9476943016052246, 0.9478617906570435, 0.9477053880691528, 0.9478688836097717, 0.9476330280303955, 0.9483321905136108, 0.9480471611022949, 0.9477161169052124, 0.9477084279060364, 0.9478309154510498, 0.9478368759155273, 0.9476327896118164, 0.9477771520614624, 0.9477119445800781, 0.9476324319839478, 0.9478976726531982, 0.947640061378479, 0.9477984309196472, 0.947818398475647, 0.9477008581161499, 0.9476116299629211, 0.9477599859237671, 0.947660505771637, 0.9477352499961853, 0.9479027986526489, 0.9477344155311584, 0.9478843212127686, 0.9475884437561035, 0.9478747844696045, 0.9478117227554321, 0.9483914971351624, 0.9479135274887085, 0.9478645920753479, 0.9478321671485901, 0.9477790594100952, 0.9477614164352417, 0.9477993845939636, 0.9481260180473328, 0.9477283358573914, 0.9477421641349792, 0.9476127624511719, 0.9476687908172607]
val step Loss: [0.9496595859527588, 0.9495989680290222, 0.9497056007385254, 0.9498785734176636, 0.9499253630638123, 0.9501479864120483, 0.9497586488723755, 0.9497907757759094, 0.9501817226409912, 0.9508470296859741, 0.9499161243438721, 0.9499803185462952, 0.9496734142303467, 0.9501534700393677, 0.9499104619026184, 0.9505647420883179, 0.9551475048065186, 0.9534485936164856, 0.9508302807807922, 0.951646625995636, 0.9500018358230591, 0.9496499300003052, 0.9499488472938538, 0.9507026076316833, 0.9514766335487366, 0.9498217105865479, 0.9506745338439941]
Train step Accs: [1.0, 1.0, 1.0, 1.0, 1.0, 1.0, 1.0, 1.0, 1.0, 1.0, 1.0, 1.0, 1.0, 1.0, 1.0, 1.0, 1.0, 1.0, 1.0, 1.0, 1.0, 1.0, 1.0, 1.0, 1.0, 1.0, 1.0, 1.0, 1.0, 1.0, 1.0, 1.0, 1.0, 1.0, 1.0, 1.0, 1.0, 1.0, 1.0, 1.0, 1.0, 1.0, 1.0, 1.0, 1.0, 1.0, 1.0, 1.0, 1.0, 1.0, 1.0, 1.0, 1.0, 1.0, 1.0, 1.0, 1.0, 1.0, 1.0, 1.0, 1.0, 1.0, 1.0, 1.0, 1.0, 1.0, 1.0, 1.0, 0.9998391507157793, 1.0, 1.0, 1.0, 1.0, 1.0, 1.0, 1.0, 1.0, 1.0, 1.0, 1.0, 1.0, 1.0, 1.0, 1.0, 1.0, 1.0, 1.0, 1.0, 1.0, 1.0, 1.0, 1.0, 1.0, 1.0, 1.0, 1.0, 1.0, 1.0, 1.0, 1.0, 1.0, 1.0, 1.0, 1.0, 1.0]
val step Accs: [1.0, 1.0, 1.0, 1.0, 1.0, 1.0, 1.0, 1.0, 1.0, 0.99982341515098, 1.0, 1.0, 1.0, 1.0, 1.0, 1.0, 0.9990495802312688, 0.9993951308029638, 0.9998344370860928, 0.9997679275934092, 1.0, 1.0, 1.0, 0.999857020303117, 0.9996805622105095, 1.0, 1.0]
Preds: [17, 17, 17, 345, 442, 487, 152, 152, 152, 301, 378, 43, 276, 345, 109, 109, 284, 486, 460, 240, 240, 385, 314, 32, 239, 75, 384, 371, 191, 191, 240, 385, 143, 401, 244, 75, 127, 273, 180, 486, 486, 486, 460, 282, 167, 385, 457, 196, 196, 219, 398, 464, 464, 486, 486, 460, 460, 215, 215, 401, 401, 244, 321, 354, 420, 420, 324, 422, 77, 478, 68, 68, 68, 224, 273, 444, 444, 324, 301, 314, 217, 473, 398, 398, 324, 301, 10, 10, 309, 479, 380, 374, 213, 213, 213, 213, 246, 301, 301, 378, 29, 134, 134, 134, 203, 280, 337, 324, 324, 324, 324, 3, 464, 464, 145, 113, 206, 169, 349, 349, 205, 261, 261, 25, 100, 153, 153, 43, 43, 276, 276, 182, 387, 387, 387, 178, 129, 401, 244, 244, 208, 441, 100, 100, 100, 182, 182, 375, 98, 98, 229, 244, 244, 247, 126, 126, 326, 101, 101, 391, 228, 244, 244, 320, 287, 287, 287, 206, 240, 35, 36, 449, 449, 224, 168, 278, 464, 331, 315, 319, 450, 293, 43, 276, 182, 497, 497, 497, 122, 186, 349, 234, 234, 261, 25, 25, 106, 428, 428, 146, 146, 146, 171, 324, 324, 324, 324, 464, 464, 464, 464, 486, 486, 85, 85, 240, 251, 251, 251, 241, 431, 428, 428, 146, 146, 219, 219, 219, 219, 219, 464, 464, 443, 486, 486, 460, 460, 169, 169, 349, 352, 261, 25, 485, 152, 152, 422, 143, 458, 458, 75, 208, 441, 100, 100, 100, 98, 98, 48, 48, 17, 17, 420, 453, 453, 453, 453, 453, 453, 453, 453, 453, 453, 453, 453, 453, 453, 453, 453, 453, 453, 453, 453, 453, 453, 453, 453, 453, 453, 453, 453, 453, 453, 453, 453, 453, 453, 453, 453, 453, 453, 453, 453, 453, 453, 453, 453, 453, 453, 453, 453, 453, 453, 453, 453, 453, 453, 453, 453, 453, 453, 453, 453, 453, 453, 453, 453, 453, 453, 453, 453, 453, 453, 453, 453, 453, 453, 453, 453, 453, 453, 453, 453, 453, 453, 453, 453, 453, 453, 453, 453, 453, 453, 453, 453, 453, 453, 453, 453, 453, 453, 453, 453, 453, 453, 453, 453, 453, 453, 453, 453, 453, 453, 453, 453, 453, 453, 453, 453, 453, 453, 453, 453, 453, 453, 453, 453, 453, 453, 453, 453, 453, 453, 453, 453, 453, 453, 453, 453, 453, 453, 453, 453, 453, 453, 453, 453, 453, 453, 453, 453, 453, 453, 453, 453, 453, 453, 453, 453, 453, 453, 453, 453, 453, 453, 453, 453, 453, 453, 453, 453, 453, 453, 453, 453, 453, 453, 453, 453, 453, 453, 453, 453, 453, 453, 453, 453, 453, 453, 453, 453, 453, 453, 453, 453, 453, 453, 453, 453, 453, 453, 453, 453, 453, 453, 453, 453, 453, 453, 453, 453, 453, 453, 453, 453, 453, 453, 453, 453, 453, 453, 453, 453, 453, 453, 453, 453, 453, 453, 453, 453, 453, 453, 453, 453, 453, 453, 453, 453, 453, 453, 453, 453, 453, 453, 453, 453, 453, 453, 453, 453, 453, 453, 453, 453, 453, 453, 453, 453, 453, 453, 453, 453, 453, 453, 453, 453, 453, 453, 453, 453, 453, 453, 453, 453, 453, 453, 453, 453, 453, 453, 453, 453, 453, 453, 453, 453, 453, 453, 453, 453, 453, 453, 453, 453, 453, 453, 453, 453, 453, 453, 453, 453, 453, 453, 453, 453, 453, 453, 453, 453, 453, 453, 453, 453, 453, 453, 453, 453, 453, 453, 453, 453, 453, 453, 453, 453, 453, 453, 453, 453, 453, 453, 453, 453, 453, 453, 453, 453, 453]

ep74
Train step Loss: [0.9481058120727539, 0.9478189945220947, 0.9474931955337524, 0.9476649761199951, 0.948029637336731, 0.9479144215583801, 0.9478422403335571, 0.9475975632667542, 0.9478833675384521, 0.9478892087936401, 0.9476960897445679, 0.9476921558380127, 0.9476785063743591, 0.94759601354599, 0.9477108716964722, 0.9478402137756348, 0.9477851390838623, 0.9483972787857056, 0.9477778673171997, 0.9476795792579651, 0.9478545188903809, 0.9477181434631348, 0.9476422071456909, 0.9475305676460266, 0.9477948546409607, 0.9475435018539429, 0.9477173686027527, 0.947655439376831, 0.9477924108505249, 0.9478874802589417, 0.9478448033332825, 0.9477458000183105, 0.9477816224098206, 0.947982668876648, 0.94781094789505, 0.9476752877235413, 0.947790265083313, 0.9478623270988464, 0.9476497769355774, 0.9477309584617615, 0.947494626045227, 0.9476465582847595, 0.9478486776351929, 0.9477095007896423, 0.9486662149429321, 0.9477135539054871, 0.9478054642677307, 0.9478104114532471, 0.9478036165237427, 0.9476782083511353, 0.9476794004440308, 0.947740375995636, 0.9484201073646545, 0.9480766654014587, 0.9479968547821045, 0.9478740692138672, 0.9477482438087463, 0.9477899670600891, 0.9476486444473267, 0.9477109909057617, 0.9498393535614014, 0.947763204574585, 0.9477280378341675, 0.9477213025093079, 0.9477375745773315, 0.9477163553237915, 0.9478663206100464, 0.9479545950889587, 0.9477461576461792, 0.9475788474082947, 0.9480114579200745, 0.9475637674331665, 0.947674036026001, 0.9482475519180298, 0.947664737701416, 0.9476534128189087, 0.9477513432502747, 0.9478610157966614, 0.9478322863578796, 0.9476516246795654, 0.947669267654419, 0.9477674961090088, 0.9477064609527588, 0.9477519392967224, 0.9476127028465271, 0.9477729201316833, 0.9475114941596985, 0.9478687644004822, 0.947715163230896, 0.9475932121276855, 0.9475915431976318, 0.9482113122940063, 0.9476824998855591, 0.9476979970932007, 0.9476593136787415, 0.9476425647735596, 0.9477605819702148, 0.9477455615997314, 0.9476020336151123, 0.9475792646408081, 0.9475716352462769, 0.9478509426116943, 0.947629451751709, 0.9478036165237427, 0.9477795362472534]
val step Loss: [0.9503784775733948, 0.9494880437850952, 0.9498451948165894, 0.9495352506637573, 0.9498674869537354, 0.9497228860855103, 0.9498743414878845, 0.9497270584106445, 0.9498999118804932, 0.9504574537277222, 0.9502675533294678, 0.9495546817779541, 0.9494823813438416, 0.9519661068916321, 0.9548662900924683, 0.9513647556304932, 0.9505161046981812, 0.9497483372688293, 0.9506933689117432, 0.9500945210456848, 0.9496387839317322, 0.949652910232544, 0.9498519897460938, 0.9502612948417664, 0.9510923027992249, 0.9536912441253662, 0.9495406150817871]
Train step Accs: [1.0, 1.0, 1.0, 1.0, 1.0, 1.0, 1.0, 1.0, 1.0, 1.0, 1.0, 1.0, 1.0, 1.0, 1.0, 1.0, 1.0, 1.0, 1.0, 1.0, 1.0, 1.0, 1.0, 1.0, 1.0, 1.0, 1.0, 1.0, 1.0, 1.0, 1.0, 1.0, 1.0, 1.0, 1.0, 1.0, 1.0, 1.0, 1.0, 1.0, 1.0, 1.0, 1.0, 1.0, 0.9998285028297033, 1.0, 1.0, 1.0, 1.0, 1.0, 1.0, 1.0, 1.0, 1.0, 1.0, 1.0, 1.0, 1.0, 1.0, 1.0, 1.0, 1.0, 1.0, 1.0, 1.0, 1.0, 1.0, 1.0, 1.0, 1.0, 1.0, 1.0, 1.0, 1.0, 1.0, 1.0, 1.0, 1.0, 1.0, 1.0, 1.0, 1.0, 1.0, 1.0, 1.0, 1.0, 1.0, 1.0, 1.0, 1.0, 1.0, 1.0, 1.0, 1.0, 1.0, 1.0, 1.0, 1.0, 1.0, 1.0, 1.0, 1.0, 1.0, 1.0, 1.0]
val step Accs: [1.0, 1.0, 1.0, 1.0, 1.0, 1.0, 1.0, 1.0, 1.0, 1.0, 1.0, 1.0, 1.0, 0.9996405463695184, 0.999057936881771, 0.9998422712933754, 0.9998445998445998, 1.0, 0.9998052959501558, 1.0, 1.0, 1.0, 1.0, 1.0, 0.9998014691284495, 0.9993117687543015, 1.0]
Preds: [17, 17, 32, 239, 384, 377, 371, 374, 374, 374, 132, 8, 8, 259, 354, 354, 180, 180, 443, 120, 120, 120, 120, 120, 240, 240, 240, 216, 285, 84, 84, 302, 302, 100, 375, 375, 375, 98, 98, 98, 229, 229, 247, 312, 312, 187, 1, 101, 101, 101, 321, 321, 287, 287, 287, 287, 284, 284, 284, 206, 167, 348, 379, 77, 77, 478, 66, 323, 323, 172, 115, 273, 273, 273, 151, 240, 240, 285, 199, 111, 111, 111, 111, 438, 438, 438, 219, 324, 324, 464, 464, 464, 464, 301, 301, 143, 35, 74, 437, 437, 437, 284, 284, 285, 285, 106, 284, 284, 284, 284, 426, 426, 293, 293, 293, 182, 346, 346, 284, 284, 284, 284, 426, 481, 293, 293, 43, 43, 276, 276, 276, 174, 387, 348, 10, 398, 398, 398, 398, 374, 378, 406, 406, 406, 88, 88, 81, 81, 337, 337, 146, 324, 219, 219, 219, 152, 152, 58, 58, 27, 351, 486, 486, 486, 486, 486, 460, 460, 460, 167, 35, 35, 219, 219, 219, 485, 485, 477, 374, 374, 374, 374, 374, 304, 304, 337, 41, 19, 19, 454, 454, 229, 229, 229, 312, 312, 187, 187, 23, 23, 23, 260, 391, 391, 321, 321, 320, 320, 345, 100, 100, 497, 497, 497, 122, 216, 453, 168, 5, 258, 38, 99, 99, 338, 338, 338, 338, 338, 400, 400, 444, 171, 171, 171, 171, 171, 464, 464, 335, 14, 14, 287, 145, 145, 111, 111, 240, 240, 146, 219, 219, 219, 464, 464, 464, 222, 84, 245, 245, 245, 43, 43, 43, 364, 276, 276, 276, 276, 276, 346, 346, 346, 284, 284, 206, 206, 206, 167, 167, 35, 14, 411, 411, 411, 424, 424, 424, 153, 182, 182, 182, 182, 182, 182, 182, 122, 122, 250, 303, 195, 195, 195, 303, 117, 98, 117, 117, 48, 48, 48, 414, 170, 244, 244, 392, 244, 392, 392, 392, 244, 73, 7, 7, 321, 7, 7, 127, 451, 30, 30, 324, 301, 301, 378, 325, 114, 114, 114, 180, 486, 486, 486, 315, 460, 285, 285, 285, 467, 85, 111, 403, 146, 207, 299, 299, 434, 434, 250, 250, 413, 271, 186, 186, 99, 99, 338, 338, 395, 395, 273, 273, 432, 432, 330, 240, 240, 385, 35, 77, 164, 164, 115, 273, 273, 180, 151, 151, 151, 206, 130, 130, 402, 183, 219, 219, 219, 213, 213, 213, 246, 246, 246, 246, 301, 301, 378, 43, 43, 276, 276, 153, 153, 387, 413, 413, 360, 219, 246, 246, 246, 246, 246, 246, 246, 19, 17, 420, 417, 417, 417, 417, 417, 453, 453, 453, 453, 453, 453, 453, 453, 453, 453, 453, 453, 453, 453, 453, 453, 453, 453, 453, 453, 453, 453, 453, 453, 453, 453, 453, 453, 453, 453, 453, 453, 453, 453, 453, 453, 453, 453, 453, 453, 453, 453, 453, 453, 453, 453, 453, 453, 453, 453, 453, 453, 453, 453, 453, 453, 453, 453, 453, 453, 453, 453, 453, 453, 453, 453, 453, 453, 453, 453, 453, 453, 453, 453, 453, 453, 453, 453, 453, 453, 453, 453, 453, 453, 453, 453, 453, 453, 453, 453, 453, 453, 453, 453, 453, 453, 453, 453, 453, 453, 453, 453, 453, 453, 453, 453, 453, 453, 453, 453, 453, 453, 453, 453, 453, 453, 453, 453, 453, 453, 453, 453, 453, 453, 453, 453, 453, 453, 453, 453, 453, 453, 453, 453, 453, 453, 453, 453, 453, 453, 453, 453, 453, 453, 453, 453, 453, 453, 453, 453, 453, 453, 453, 453, 453, 453, 453, 453, 453, 453, 453, 453, 453, 453, 453, 453, 453, 453]

ep75
Train step Loss: [0.9477599263191223, 0.9478819966316223, 0.9477165341377258, 0.9477026462554932, 0.9477037787437439, 0.9477899670600891, 0.94759601354599, 0.9476876854896545, 0.9477901458740234, 0.9483352899551392, 0.9476556777954102, 0.9475592374801636, 0.9479172825813293, 0.947731614112854, 0.9477577209472656, 0.9482454061508179, 0.9475275874137878, 0.9477890133857727, 0.9475633502006531, 0.9476340413093567, 0.9477246403694153, 0.9475634694099426, 0.9476110339164734, 0.947743833065033, 0.947791576385498, 0.9477565884590149, 0.947756290435791, 0.94780033826828, 0.9476689696311951, 0.9475299119949341, 0.9482941031455994, 0.9478127360343933, 0.9476919174194336, 0.9477521777153015, 0.9475561380386353, 0.9475645422935486, 0.947721004486084, 0.94777512550354, 0.9475462436676025, 0.9478030204772949, 0.947601318359375, 0.9477925300598145, 0.9475643634796143, 0.9476335644721985, 0.9480708837509155, 0.9476551413536072, 0.9476977586746216, 0.9478517770767212, 0.9476540684700012, 0.9476609230041504, 0.9477461576461792, 0.9476408958435059, 0.9482725858688354, 0.9477368593215942, 0.9477562308311462, 0.9477096796035767, 0.9474942684173584, 0.9477395415306091, 0.9477825164794922, 0.9497228264808655, 0.9476323127746582, 0.9476379156112671, 0.9476370811462402, 0.9479219913482666, 0.9477403163909912, 0.9475982189178467, 0.9477680325508118, 0.947641909122467, 0.9479241371154785, 0.9477134943008423, 0.9477323293685913, 0.9477147459983826, 0.9476616978645325, 0.9475955367088318, 0.9476093053817749, 0.9476225972175598, 0.947823703289032, 0.9475929737091064, 0.9476078152656555, 0.9476988315582275, 0.9480918645858765, 0.9478840827941895, 0.9482652544975281, 0.9477974772453308, 0.9479153156280518, 0.9474989175796509, 0.9478480815887451, 0.9477289915084839, 0.9477717876434326, 0.9477637410163879, 0.9477945566177368, 0.9475741386413574, 0.9475582838058472, 0.9482325315475464, 0.9483219385147095, 0.9477876424789429, 0.9476916790008545, 0.9476810693740845, 0.9476591348648071, 0.9474984407424927, 0.9477161169052124, 0.9478761553764343, 0.947785496711731, 0.9480284452438354, 0.9476998448371887]
val step Loss: [0.950441837310791, 0.9499813318252563, 0.9494962692260742, 0.9495490789413452, 0.9507809281349182, 0.9496504068374634, 0.9495272040367126, 0.9497202634811401, 0.9496382474899292, 0.9494702219963074, 0.9499238729476929, 0.9509199261665344, 0.949984073638916, 0.9503788352012634, 0.9496018886566162, 0.9497776031494141, 0.9497879147529602, 0.9537540674209595, 0.9498134851455688, 0.9503061771392822, 0.9507194757461548, 0.949931263923645, 0.9497804045677185, 0.9513921737670898, 0.9545793533325195, 0.9498037695884705, 0.9501001238822937]
Train step Accs: [1.0, 1.0, 1.0, 1.0, 1.0, 1.0, 1.0, 1.0, 1.0, 1.0, 1.0, 1.0, 1.0, 1.0, 1.0, 1.0, 1.0, 1.0, 1.0, 1.0, 1.0, 1.0, 1.0, 1.0, 1.0, 1.0, 1.0, 1.0, 1.0, 1.0, 0.9998440424204617, 1.0, 1.0, 1.0, 1.0, 1.0, 1.0, 1.0, 1.0, 1.0, 1.0, 1.0, 1.0, 1.0, 1.0, 1.0, 1.0, 1.0, 1.0, 1.0, 1.0, 1.0, 1.0, 1.0, 1.0, 1.0, 1.0, 1.0, 1.0, 1.0, 1.0, 1.0, 1.0, 1.0, 1.0, 1.0, 1.0, 1.0, 1.0, 1.0, 1.0, 1.0, 1.0, 1.0, 1.0, 1.0, 1.0, 1.0, 1.0, 1.0, 1.0, 1.0, 1.0, 1.0, 1.0, 1.0, 1.0, 1.0, 1.0, 1.0, 1.0, 1.0, 1.0, 1.0, 1.0, 1.0, 1.0, 1.0, 1.0, 1.0, 1.0, 1.0, 1.0, 1.0, 1.0]
val step Accs: [0.9998643516006511, 1.0, 1.0, 1.0, 0.9998321866084914, 1.0, 1.0, 1.0, 1.0, 1.0, 1.0, 0.9998530708198649, 1.0, 1.0, 1.0, 1.0, 1.0, 0.9992343032159265, 1.0, 1.0, 0.999817050859861, 1.0, 1.0, 0.9996948428440647, 0.9990838295923041, 1.0, 1.0]
Preds: [17, 17, 445, 464, 171, 171, 171, 171, 252, 252, 314, 32, 239, 36, 107, 107, 395, 213, 213, 213, 213, 246, 19, 454, 229, 229, 247, 126, 126, 126, 126, 326, 326, 408, 408, 408, 391, 228, 244, 320, 7, 7, 32, 32, 239, 108, 371, 371, 278, 278, 422, 236, 239, 239, 384, 449, 371, 470, 180, 443, 443, 443, 443, 403, 403, 171, 438, 203, 399, 217, 250, 250, 250, 138, 153, 88, 132, 374, 219, 219, 219, 219, 219, 464, 464, 171, 171, 171, 171, 246, 246, 246, 246, 24, 24, 239, 239, 384, 384, 420, 324, 324, 340, 116, 10, 10, 309, 479, 479, 331, 106, 153, 426, 426, 293, 293, 293, 98, 98, 335, 335, 226, 226, 209, 188, 188, 213, 324, 301, 8, 8, 239, 354, 354, 106, 355, 355, 376, 376, 460, 452, 263, 263, 263, 13, 229, 229, 82, 312, 23, 23, 23, 408, 149, 228, 244, 320, 479, 479, 398, 324, 422, 143, 465, 465, 354, 354, 346, 284, 486, 206, 169, 150, 342, 342, 164, 164, 224, 273, 470, 403, 403, 464, 464, 464, 355, 178, 143, 129, 458, 208, 208, 441, 100, 387, 387, 313, 236, 239, 239, 310, 107, 107, 395, 278, 443, 443, 240, 215, 215, 129, 259, 354, 284, 206, 460, 240, 35, 36, 164, 342, 351, 180, 486, 460, 460, 178, 178, 233, 458, 192, 192, 41, 41, 41, 41, 19, 19, 19, 454, 454, 229, 229, 82, 126, 126, 292, 326, 408, 408, 149, 244, 244, 373, 338, 338, 338, 395, 494, 374, 416, 8, 32, 239, 354, 65, 65, 481, 481, 481, 293, 143, 35, 458, 208, 100, 100, 387, 387, 122, 236, 129, 259, 310, 108, 323, 224, 397, 106, 88, 88, 387, 203, 399, 217, 473, 473, 398, 324, 464, 422, 416, 143, 458, 144, 208, 27, 441, 125, 125, 387, 206, 175, 251, 251, 241, 431, 486, 460, 460, 167, 178, 35, 77, 342, 342, 342, 224, 267, 267, 444, 324, 246, 246, 477, 301, 313, 325, 325, 34, 324, 324, 301, 422, 24, 239, 384, 371, 180, 486, 486, 460, 240, 240, 24, 239, 310, 107, 395, 255, 416, 143, 129, 401, 259, 320, 354, 354, 109, 337, 41, 324, 19, 19, 454, 454, 229, 229, 247, 312, 187, 187, 187, 408, 408, 391, 391, 73, 244, 320, 7, 7, 371, 398, 324, 301, 116, 251, 251, 331, 106, 88, 88, 88, 106, 284, 405, 206, 206, 178, 35, 35, 401, 259, 354, 106, 284, 405, 405, 206, 178, 178, 35, 233, 401, 401, 320, 7, 276, 100, 375, 98, 98, 98, 249, 305, 305, 170, 244, 28, 28, 392, 392, 392, 63, 63, 392, 63, 63, 63, 392, 63, 63, 63, 63, 63, 244, 195, 305, 211, 211, 17, 420, 453, 453, 453, 453, 453, 453, 453, 453, 453, 453, 453, 453, 453, 453, 453, 453, 453, 453, 453, 453, 453, 453, 453, 453, 453, 453, 453, 453, 453, 453, 453, 453, 453, 453, 453, 453, 453, 453, 453, 453, 453, 453, 453, 453, 453, 453, 453, 453, 453, 453, 453, 453, 453, 453, 453, 453, 453, 453, 453, 453, 453, 453, 453, 453, 453, 453, 453, 453, 453, 453, 453, 453, 453, 453, 453, 453, 453, 453, 453, 453, 453, 453, 453, 453, 453, 453, 453, 453, 453, 453, 453, 453, 453, 453, 453, 453, 453, 453, 453, 453, 453, 453, 453, 453, 453, 453, 453, 453, 453, 453, 453, 453, 453, 453, 453, 453, 453, 453, 453, 453, 453, 453, 453, 453, 453, 453, 453, 453, 453, 453, 453, 453, 453, 453, 453, 453, 453]

ep76
Train step Loss: [0.9475039839744568, 0.947815477848053, 0.9474457502365112, 0.9477899074554443, 0.947599470615387, 0.9477055072784424, 0.9477396607398987, 0.947566032409668, 0.9475135803222656, 0.949203610420227, 0.9480277299880981, 0.9475827217102051, 0.9476516246795654, 0.9475578665733337, 0.9474685192108154, 0.9477582573890686, 0.947587251663208, 0.9474747180938721, 0.9476849436759949, 0.9475630521774292, 0.9476540684700012, 0.9475542306900024, 0.9476211667060852, 0.947614312171936, 0.9477835893630981, 0.9475229978561401, 0.9474685192108154, 0.9475646018981934, 0.9475185871124268, 0.9475765228271484, 0.9477330446243286, 0.9475263357162476, 0.9475772976875305, 0.9475835561752319, 0.9477076530456543, 0.9478518962860107, 0.9476718902587891, 0.9476228952407837, 0.9476326107978821, 0.9474017024040222, 0.9477271437644958, 0.9476723074913025, 0.9482752680778503, 0.9475597739219666, 0.9475454688072205, 0.947661817073822, 0.9478613138198853, 0.9476195573806763, 0.947666347026825, 0.9477347731590271, 0.9475650191307068, 0.9476398229598999, 0.9475013017654419, 0.9478151798248291, 0.9480850696563721, 0.9475690126419067, 0.9475330114364624, 0.9477108716964722, 0.947680652141571, 0.9476830363273621, 0.9475926756858826, 0.9482231140136719, 0.9475013017654419, 0.9475118517875671, 0.9475566148757935, 0.947501540184021, 0.9476518034934998, 0.9475629329681396, 0.9476379156112671, 0.9475548267364502, 0.9474855661392212, 0.9476333260536194, 0.9476379752159119, 0.9476943612098694, 0.9473824501037598, 0.9476881623268127, 0.9475346207618713, 0.9476027488708496, 0.9476763010025024, 0.9480106830596924, 0.9475698471069336, 0.9474531412124634, 0.9476641416549683, 0.9476057887077332, 0.9476706981658936, 0.947476863861084, 0.9474686980247498, 0.9479343891143799, 0.9474840760231018, 0.9475598335266113, 0.9474480152130127, 0.94771808385849, 0.9474880695343018, 0.9475700855255127, 0.9475195407867432, 0.9478691816329956, 0.9475112557411194, 0.9475244283676147, 0.9475606679916382, 0.9474560022354126, 0.9476459622383118, 0.9473714828491211, 0.947335422039032, 0.9475134015083313, 0.9476330280303955]
val step Loss: [0.9522271156311035, 0.9513584971427917, 0.949272632598877, 0.955559492111206, 0.949804425239563, 0.9496259689331055, 0.9496379494667053, 0.9497337341308594, 0.9503771662712097, 0.9501284956932068, 0.9495741128921509, 0.9493175745010376, 0.9497036337852478, 0.9497944116592407, 0.9499969482421875, 0.9496740698814392, 0.9507667422294617, 0.9497624635696411, 0.9496403932571411, 0.9497029185295105, 0.9504692554473877, 0.9501964449882507, 0.9537973999977112, 0.9499280452728271, 0.9496720433235168, 0.9502069354057312, 0.9497787952423096]
Train step Accs: [1.0, 1.0, 1.0, 1.0, 1.0, 1.0, 1.0, 1.0, 1.0, 1.0, 1.0, 1.0, 1.0, 1.0, 1.0, 1.0, 1.0, 1.0, 1.0, 1.0, 1.0, 1.0, 1.0, 1.0, 1.0, 1.0, 1.0, 1.0, 1.0, 1.0, 1.0, 1.0, 1.0, 1.0, 1.0, 1.0, 1.0, 1.0, 1.0, 1.0, 1.0, 1.0, 1.0, 1.0, 1.0, 1.0, 1.0, 1.0, 1.0, 1.0, 1.0, 1.0, 1.0, 1.0, 1.0, 1.0, 1.0, 1.0, 1.0, 1.0, 1.0, 1.0, 1.0, 1.0, 1.0, 1.0, 1.0, 1.0, 1.0, 1.0, 1.0, 1.0, 1.0, 1.0, 1.0, 1.0, 1.0, 1.0, 1.0, 1.0, 1.0, 1.0, 1.0, 1.0, 1.0, 1.0, 1.0, 1.0, 1.0, 1.0, 1.0, 1.0, 1.0, 1.0, 1.0, 1.0, 1.0, 1.0, 1.0, 1.0, 1.0, 1.0, 1.0, 1.0, 1.0]
val step Accs: [0.9996630727762803, 0.9997021593447506, 1.0, 0.9989165763813651, 1.0, 1.0, 1.0, 1.0, 1.0, 1.0, 1.0, 1.0, 1.0, 1.0, 1.0, 1.0, 0.9998456551937027, 1.0, 1.0, 1.0, 0.9998104624715694, 1.0, 0.9993044687880369, 1.0, 1.0, 1.0, 1.0]
Preds: [17, 17, 152, 152, 152, 378, 378, 43, 276, 345, 345, 109, 174, 284, 319, 240, 240, 240, 314, 239, 82, 82, 449, 371, 444, 213, 324, 324, 324, 286, 301, 132, 42, 42, 147, 380, 380, 288, 443, 432, 330, 330, 388, 33, 33, 64, 394, 398, 219, 464, 464, 464, 180, 315, 315, 450, 450, 293, 43, 43, 43, 364, 276, 276, 276, 276, 346, 346, 284, 284, 284, 284, 376, 376, 206, 206, 85, 85, 240, 388, 251, 251, 251, 251, 251, 251, 241, 431, 355, 355, 452, 263, 263, 263, 331, 208, 208, 208, 208, 208, 208, 208, 208, 208, 208, 208, 208, 208, 208, 208, 208, 208, 208, 208, 208, 208, 208, 208, 208, 208, 208, 208, 208, 208, 208, 208, 208, 208, 208, 208, 208, 208, 208, 208, 208, 208, 208, 208, 208, 208, 208, 208, 208, 208, 208, 208, 208, 208, 208, 208, 208, 208, 208, 208, 208, 208, 208, 208, 208, 208, 208, 208, 208, 208, 208, 208, 208, 208, 208, 208, 208, 208, 208, 208, 208, 208, 208, 208, 208, 208, 208, 208, 208, 208, 208, 208, 208, 208, 208, 208, 208, 208, 208, 208, 208, 208, 208, 208, 208, 208, 208, 208, 208, 208, 208, 208, 208, 208, 208, 208, 208, 208, 208, 208, 208, 208, 208, 208, 208, 208, 208, 208, 208, 208, 208, 208, 208, 208, 208, 208, 208, 208, 208, 208, 208, 208, 208, 208, 208, 208, 208, 208, 208, 208, 208, 208, 208, 208, 208, 208, 208, 208, 208, 208, 208, 208, 208, 208, 208, 208, 208, 208, 208, 208, 208, 208, 208, 208, 208, 208, 208, 208, 208, 208, 208, 208, 208, 208, 208, 208, 208, 208, 208, 208, 208, 208, 208, 208, 208, 208, 208, 208, 208, 208, 208, 208, 208, 208, 208, 208, 208, 208, 208, 208, 208, 208, 208, 208, 208, 208, 208, 208, 208, 208, 208, 208, 208, 208, 208, 208, 208, 208, 208, 208, 208, 208, 208, 208, 208, 208, 208, 208, 208, 208, 208, 208, 208, 208, 208, 208, 208, 208, 208, 208, 208, 208, 208, 208, 208, 208, 208, 208, 208, 208, 208, 208, 208, 208, 208, 208, 208, 208, 208, 208, 208, 208, 208, 208, 208, 208, 208, 208, 208, 208, 208, 208, 208, 208, 208, 208, 208, 208, 208, 208, 208, 208, 208, 208, 208, 208, 208, 208, 208, 208, 208, 208, 208, 208, 208, 208, 208, 208, 208, 208, 208, 208, 208, 208, 208, 208, 208, 208, 208, 208, 208, 208, 208, 208, 208, 208, 208, 208, 208, 208, 208, 208, 208, 208, 208, 208, 208, 208, 208, 208, 208, 208, 208, 208, 208, 208, 208, 208, 208, 208, 208, 208, 208, 208, 208, 208, 208, 208, 208, 208, 208, 208, 208, 208, 208, 208, 208, 208, 208, 208, 208, 208, 208, 208, 208, 208, 208, 208, 208, 208, 208, 208, 208, 208, 208, 208, 208, 208, 208, 208, 208, 208, 208, 208, 208, 208, 208, 208, 208, 208, 208, 208, 208, 208, 208, 208, 208, 208, 208, 208, 208, 208, 208, 208, 208, 208, 208, 208, 208, 208, 208, 208, 208, 208, 208, 208, 208, 208, 208, 208, 208, 208, 208, 208, 208, 208, 208, 208, 208, 208, 208, 208, 208, 208, 208, 208, 208, 208, 208, 208, 208, 208, 208, 208, 208, 208, 208, 208, 208, 208, 208, 208, 208, 208, 208, 208, 208, 208, 208, 208, 208, 208, 208, 208, 208, 208, 208, 208, 208, 208, 208, 208, 208, 208, 208, 208, 208, 208, 208, 208, 208, 208, 208, 208, 208, 208, 208, 208, 208, 208, 208, 208, 208, 208, 208, 208]

ep77
Train step Loss: [0.9474388360977173, 0.9477338790893555, 0.9474531412124634, 0.9481601715087891, 0.9480689764022827, 0.9474407434463501, 0.9477261900901794, 0.9475669860839844, 0.9473798871040344, 0.9474682807922363, 0.9479004144668579, 0.9479579925537109, 0.9474769830703735, 0.9476845264434814, 0.9474713802337646, 0.9475196003913879, 0.9481757879257202, 0.947616696357727, 0.947487473487854, 0.9476873278617859, 0.9476256370544434, 0.9476944208145142, 0.9476873874664307, 0.9474955797195435, 0.9475159645080566, 0.9474875330924988, 0.9477905035018921, 0.9475252032279968, 0.9475669264793396, 0.9477313160896301, 0.9476557374000549, 0.9474969506263733, 0.9477006196975708, 0.9474958777427673, 0.9478892087936401, 0.9474949836730957, 0.9475364685058594, 0.9474384188652039, 0.947571873664856, 0.9475952982902527, 0.9475044012069702, 0.9475752115249634, 0.9476901888847351, 0.9475014805793762, 0.9475212693214417, 0.9476427435874939, 0.9475510120391846, 0.9474666118621826, 0.9475191831588745, 0.9474685192108154, 0.9474440813064575, 0.9477012157440186, 0.9477130174636841, 0.9474608302116394, 0.9476079940795898, 0.9477241635322571, 0.9476029276847839, 0.9473546743392944, 0.94736248254776, 0.9475147724151611, 0.9473888874053955, 0.9475311636924744, 0.9475539326667786, 0.9474010467529297, 0.9477031230926514, 0.9474278688430786, 0.9476692080497742, 0.9476739764213562, 0.9474914073944092, 0.9473439455032349, 0.9476884603500366, 0.9475911855697632, 0.9475901126861572, 0.9475082755088806, 0.9475529789924622, 0.9474514722824097, 0.9475308656692505, 0.947468638420105, 0.9476217031478882, 0.9475846290588379, 0.947516143321991, 0.9474456310272217, 0.9475032091140747, 0.9476091861724854, 0.9475914835929871, 0.9475215673446655, 0.9475762248039246, 0.947615385055542, 0.947517991065979, 0.9475547671318054, 0.9489007592201233, 0.9475448131561279, 0.9474042654037476, 0.9474761486053467, 0.9475753903388977, 0.9475527405738831, 0.9476346969604492, 0.9474941492080688, 0.9479854106903076, 0.9479778409004211, 0.9476200342178345, 0.9476288557052612, 0.9474161267280579, 0.9477350115776062, 0.9474619030952454]
val step Loss: [0.949955940246582, 0.9495061635971069, 0.9495198130607605, 0.9494674205780029, 0.9497517347335815, 0.9504934549331665, 0.9505054354667664, 0.9502759575843811, 0.949561357498169, 0.9495785236358643, 0.9495353698730469, 0.9612908363342285, 0.9496221542358398, 0.9494653940200806, 0.950980544090271, 0.9494802355766296, 0.9492717981338501, 0.9497172236442566, 0.9498635530471802, 0.9496684074401855, 0.9503213167190552, 0.9493017196655273, 0.9494967460632324, 0.9494702219963074, 0.9496862888336182, 0.9495330452919006, 0.9495858550071716]
Train step Accs: [1.0, 1.0, 1.0, 1.0, 1.0, 1.0, 1.0, 1.0, 1.0, 1.0, 1.0, 1.0, 1.0, 1.0, 1.0, 1.0, 0.999836494440811, 1.0, 1.0, 1.0, 1.0, 1.0, 1.0, 1.0, 1.0, 1.0, 1.0, 1.0, 1.0, 1.0, 1.0, 1.0, 1.0, 1.0, 1.0, 1.0, 1.0, 1.0, 1.0, 1.0, 1.0, 1.0, 1.0, 1.0, 1.0, 1.0, 1.0, 1.0, 1.0, 1.0, 1.0, 1.0, 1.0, 1.0, 1.0, 1.0, 1.0, 1.0, 1.0, 1.0, 1.0, 1.0, 1.0, 1.0, 1.0, 1.0, 1.0, 1.0, 1.0, 1.0, 1.0, 1.0, 1.0, 1.0, 1.0, 1.0, 1.0, 1.0, 1.0, 1.0, 1.0, 1.0, 1.0, 1.0, 1.0, 1.0, 1.0, 1.0, 1.0, 1.0, 1.0, 1.0, 1.0, 1.0, 1.0, 1.0, 1.0, 1.0, 1.0, 1.0, 1.0, 1.0, 1.0, 1.0, 1.0]
val step Accs: [1.0, 1.0, 1.0, 1.0, 1.0, 0.99981556621173, 0.9998213009292352, 1.0, 1.0, 1.0, 1.0, 0.9979256698357822, 1.0, 1.0, 0.9998423707440101, 1.0, 1.0, 1.0, 1.0, 1.0, 0.9998325238653492, 1.0, 1.0, 1.0, 1.0, 1.0, 1.0]
Preds: [17, 17, 441, 153, 153, 153, 424, 387, 497, 497, 122, 122, 35, 35, 259, 384, 371, 180, 180, 84, 84, 139, 16, 16, 375, 375, 375, 375, 98, 98, 98, 13, 13, 414, 414, 249, 249, 20, 47, 312, 187, 187, 101, 101, 101, 101, 149, 149, 149, 321, 287, 287, 287, 287, 297, 297, 297, 293, 293, 293, 122, 216, 22, 106, 106, 106, 284, 284, 284, 284, 306, 306, 372, 245, 406, 406, 284, 65, 284, 284, 284, 376, 376, 282, 282, 169, 271, 150, 77, 342, 342, 168, 97, 483, 196, 196, 479, 199, 199, 199, 360, 360, 330, 252, 368, 310, 310, 395, 395, 213, 278, 278, 278, 252, 368, 77, 453, 453, 168, 485, 301, 301, 374, 199, 106, 84, 84, 84, 84, 496, 293, 215, 215, 8, 251, 241, 241, 106, 106, 106, 284, 426, 405, 387, 387, 406, 406, 467, 467, 337, 207, 207, 19, 358, 233, 414, 417, 417, 417, 417, 442, 442, 414, 170, 102, 491, 312, 292, 292, 292, 292, 326, 326, 408, 408, 408, 228, 321, 320, 451, 30, 30, 422, 99, 338, 338, 338, 338, 400, 400, 400, 400, 171, 171, 301, 301, 378, 43, 364, 345, 345, 109, 109, 476, 476, 171, 324, 324, 301, 301, 8, 259, 354, 354, 420, 420, 420, 324, 324, 301, 251, 251, 241, 241, 331, 443, 443, 443, 443, 120, 120, 120, 120, 207, 207, 207, 207, 37, 203, 399, 217, 217, 473, 473, 476, 476, 171, 171, 171, 171, 252, 252, 310, 453, 107, 395, 444, 213, 213, 360, 252, 252, 368, 77, 54, 54, 224, 168, 494, 278, 301, 116, 251, 251, 241, 431, 431, 486, 376, 376, 376, 376, 376, 460, 460, 460, 240, 240, 35, 198, 384, 371, 114, 180, 84, 84, 84, 387, 372, 467, 467, 467, 467, 467, 207, 207, 207, 19, 19, 17, 420, 417, 417, 417, 453, 453, 453, 453, 453, 453, 453, 453, 453, 453, 453, 453, 453, 453, 453, 453, 453, 453, 453, 453, 453, 453, 453, 453, 453, 453, 453, 453, 453, 453, 453, 453, 453, 453, 453, 453, 453, 453, 453, 453, 453, 453, 453, 453, 453, 453, 453, 453, 453, 453, 453, 453, 453, 453, 453, 453, 453, 453, 453, 453, 453, 453, 453, 453, 453, 453, 453, 453, 453, 453, 453, 453, 453, 453, 453, 453, 453, 453, 453, 453, 453, 453, 453, 453, 453, 453, 453, 453, 453, 453, 453, 453, 453, 453, 453, 453, 453, 453, 453, 453, 453, 453, 453, 453, 453, 453, 453, 453, 453, 453, 453, 453, 453, 453, 453, 453, 453, 453, 453, 453, 453, 453, 453, 453, 453, 453, 453, 453, 453, 453, 453, 453, 453, 453, 453, 453, 453, 453, 453, 453, 453, 453, 453, 453, 453, 453, 453, 453, 453, 453, 453, 453, 453, 453, 453, 453, 453, 453, 453, 453, 453, 453, 453, 453, 453, 453, 453, 453, 453, 453, 453, 453, 453, 453, 453, 453, 453, 453, 453, 453, 453, 453, 453, 453, 453, 453, 453, 453, 453, 453, 453, 453, 453, 453, 453, 453, 453, 453, 453, 453, 453, 453, 453, 453, 453, 453, 453, 453, 453, 453, 453, 453, 453, 453, 453, 453, 453, 453, 453, 453, 453, 453, 453, 453, 453, 453, 453, 453, 453, 453, 453, 453, 453, 453, 453, 453, 453, 453, 453, 453, 453, 453, 453, 453, 453, 453, 453, 453, 453, 453, 453, 453, 453, 453, 453, 453, 453, 453, 453, 453, 453, 453, 453, 453, 453, 453, 453, 453, 453, 453, 453, 453, 453, 453, 453, 453, 453, 453, 453, 453, 453, 453, 453, 453, 453, 453]

ep78
Train step Loss: [0.9474062323570251, 0.94742751121521, 0.9475200176239014, 0.9475451707839966, 0.9476773738861084, 0.9475101828575134, 0.9475568532943726, 0.9492730498313904, 0.9474959969520569, 0.9474592208862305, 0.9475513100624084, 0.9475299119949341, 0.9474045038223267, 0.9473256468772888, 0.9476771354675293, 0.9475473761558533, 0.9475540518760681, 0.947523295879364, 0.9477353692054749, 0.9475671648979187, 0.9475042223930359, 0.9474539160728455, 0.9477106332778931, 0.9475621581077576, 0.9475603699684143, 0.9475187063217163, 0.947597086429596, 0.9475939869880676, 0.9475066661834717, 0.9474721550941467, 0.9475926160812378, 0.9476184844970703, 0.9475762844085693, 0.9475241303443909, 0.9476035833358765, 0.9478063583374023, 0.9474520683288574, 0.9477212429046631, 0.9477198719978333, 0.9480465650558472, 0.9478473663330078, 0.9477155208587646, 0.9477224349975586, 0.9475806951522827, 0.9474196434020996, 0.94748854637146, 0.947796106338501, 0.9474914073944092, 0.9482972621917725, 0.9474882483482361, 0.9476181864738464, 0.9473824501037598, 0.9475507140159607, 0.9475845694541931, 0.9475275874137878, 0.9474847316741943, 0.9476027488708496, 0.947534441947937, 0.9475322961807251, 0.9475737810134888, 0.9475988149642944, 0.9475555419921875, 0.9473206400871277, 0.947445273399353, 0.947607159614563, 0.9474619030952454, 0.9476050138473511, 0.9473875761032104, 0.9480553269386292, 0.9477604627609253, 0.947467029094696, 0.9474650621414185, 0.9475798010826111, 0.9475757479667664, 0.9473931789398193, 0.9474973082542419, 0.9474684596061707, 0.9473963975906372, 0.9476437568664551, 0.947405219078064, 0.9475470781326294, 0.9475646615028381, 0.9474613666534424, 0.9473755359649658, 0.947516143321991, 0.9474178552627563, 0.9474680423736572, 0.9476351737976074, 0.9474867582321167, 0.9476192593574524, 0.9473533034324646, 0.9476209878921509, 0.9475572109222412, 0.9481150507926941, 0.9476550221443176, 0.9476125240325928, 0.9475806355476379, 0.9475374817848206, 0.9475129246711731, 0.9475462436676025, 0.9478267431259155, 0.9474837183952332, 0.9475017189979553, 0.9473801851272583, 0.9474272131919861]
val step Loss: [0.9492783546447754, 0.9492197036743164, 0.9493255615234375, 0.9494819045066833, 0.9495379328727722, 0.9496878385543823, 0.9493729472160339, 0.9494042992591858, 0.9497796893119812, 0.9504568576812744, 0.9495323896408081, 0.9495806694030762, 0.9492946863174438, 0.9497403502464294, 0.9495272636413574, 0.9501387476921082, 0.9547510147094727, 0.9530406594276428, 0.9504327178001404, 0.9512383937835693, 0.9496116638183594, 0.9492789506912231, 0.9495500326156616, 0.9503138065338135, 0.9510948657989502, 0.9494405388832092, 0.9501193761825562]
Train step Accs: [1.0, 1.0, 1.0, 1.0, 1.0, 1.0, 1.0, 1.0, 1.0, 1.0, 1.0, 1.0, 1.0, 1.0, 1.0, 1.0, 1.0, 1.0, 1.0, 1.0, 1.0, 1.0, 1.0, 1.0, 1.0, 1.0, 1.0, 1.0, 1.0, 1.0, 1.0, 1.0, 1.0, 1.0, 1.0, 1.0, 1.0, 1.0, 1.0, 1.0, 1.0, 1.0, 1.0, 1.0, 1.0, 1.0, 1.0, 1.0, 1.0, 1.0, 1.0, 1.0, 1.0, 1.0, 1.0, 1.0, 1.0, 1.0, 1.0, 1.0, 1.0, 1.0, 1.0, 1.0, 1.0, 1.0, 1.0, 1.0, 1.0, 1.0, 1.0, 1.0, 1.0, 1.0, 1.0, 1.0, 1.0, 1.0, 1.0, 1.0, 1.0, 1.0, 1.0, 1.0, 1.0, 1.0, 1.0, 1.0, 1.0, 1.0, 1.0, 1.0, 1.0, 1.0, 1.0, 1.0, 1.0, 1.0, 1.0, 1.0, 1.0, 1.0, 1.0, 1.0, 1.0]
val step Accs: [1.0, 1.0, 1.0, 1.0, 1.0, 1.0, 1.0, 1.0, 1.0, 0.99982341515098, 1.0, 1.0, 1.0, 1.0, 1.0, 1.0, 0.9990495802312688, 0.9993951308029638, 0.9998344370860928, 0.9997679275934092, 1.0, 1.0, 1.0, 0.999857020303117, 0.9996805622105095, 1.0, 1.0]
Preds: [17, 17, 17, 345, 442, 487, 152, 152, 152, 301, 378, 43, 276, 345, 109, 109, 284, 486, 460, 240, 240, 385, 314, 32, 239, 75, 384, 371, 191, 191, 240, 385, 143, 401, 244, 75, 127, 273, 180, 486, 486, 486, 460, 282, 167, 385, 457, 196, 196, 219, 398, 464, 464, 486, 486, 460, 460, 215, 215, 401, 401, 244, 321, 354, 420, 420, 324, 422, 77, 478, 68, 68, 68, 224, 273, 444, 444, 324, 301, 314, 217, 473, 398, 398, 324, 301, 10, 10, 309, 479, 380, 374, 213, 213, 213, 213, 246, 301, 301, 378, 29, 134, 134, 134, 203, 280, 337, 324, 324, 324, 324, 3, 464, 464, 145, 113, 206, 169, 349, 349, 205, 261, 261, 25, 100, 153, 153, 43, 43, 276, 276, 182, 387, 387, 387, 178, 129, 401, 244, 244, 208, 441, 100, 100, 100, 182, 182, 375, 98, 98, 229, 244, 244, 247, 126, 126, 326, 101, 101, 391, 228, 244, 244, 320, 287, 287, 287, 206, 240, 35, 36, 449, 449, 224, 168, 278, 464, 331, 315, 319, 450, 293, 43, 276, 182, 497, 497, 497, 122, 186, 349, 234, 234, 261, 25, 25, 106, 428, 428, 146, 146, 146, 171, 324, 324, 324, 324, 464, 464, 464, 464, 486, 486, 85, 85, 240, 251, 251, 251, 241, 431, 428, 428, 146, 146, 219, 219, 219, 219, 219, 464, 464, 443, 486, 486, 460, 460, 169, 169, 349, 352, 261, 25, 485, 152, 152, 422, 143, 458, 458, 75, 208, 441, 100, 100, 100, 98, 98, 48, 48, 17, 17, 420, 453, 453, 453, 453, 453, 453, 453, 453, 453, 453, 453, 453, 453, 453, 453, 453, 453, 453, 453, 453, 453, 453, 453, 453, 453, 453, 453, 453, 453, 453, 453, 453, 453, 453, 453, 453, 453, 453, 453, 453, 453, 453, 453, 453, 453, 453, 453, 453, 453, 453, 453, 453, 453, 453, 453, 453, 453, 453, 453, 453, 453, 453, 453, 453, 453, 453, 453, 453, 453, 453, 453, 453, 453, 453, 453, 453, 453, 453, 453, 453, 453, 453, 453, 453, 453, 453, 453, 453, 453, 453, 453, 453, 453, 453, 453, 453, 453, 453, 453, 453, 453, 453, 453, 453, 453, 453, 453, 453, 453, 453, 453, 453, 453, 453, 453, 453, 453, 453, 453, 453, 453, 453, 453, 453, 453, 453, 453, 453, 453, 453, 453, 453, 453, 453, 453, 453, 453, 453, 453, 453, 453, 453, 453, 453, 453, 453, 453, 453, 453, 453, 453, 453, 453, 453, 453, 453, 453, 453, 453, 453, 453, 453, 453, 453, 453, 453, 453, 453, 453, 453, 453, 453, 453, 453, 453, 453, 453, 453, 453, 453, 453, 453, 453, 453, 453, 453, 453, 453, 453, 453, 453, 453, 453, 453, 453, 453, 453, 453, 453, 453, 453, 453, 453, 453, 453, 453, 453, 453, 453, 453, 453, 453, 453, 453, 453, 453, 453, 453, 453, 453, 453, 453, 453, 453, 453, 453, 453, 453, 453, 453, 453, 453, 453, 453, 453, 453, 453, 453, 453, 453, 453, 453, 453, 453, 453, 453, 453, 453, 453, 453, 453, 453, 453, 453, 453, 453, 453, 453, 453, 453, 453, 453, 453, 453, 453, 453, 453, 453, 453, 453, 453, 453, 453, 453, 453, 453, 453, 453, 453, 453, 453, 453, 453, 453, 453, 453, 453, 453, 453, 453, 453, 453, 453, 453, 453, 453, 453, 453, 453, 453, 453, 453, 453, 453, 453, 453, 453, 453, 453, 453, 453, 453, 453, 453, 453, 453, 453, 453, 453, 453, 453, 453, 453, 453, 453, 453, 453, 453, 453, 453, 453, 453, 453, 453, 453, 453, 453]

ep79
Train step Loss: [0.9478215575218201, 0.947568416595459, 0.9472578763961792, 0.947422444820404, 0.9477497935295105, 0.9476536512374878, 0.9475827813148499, 0.9473618865013123, 0.9476047158241272, 0.9476324915885925, 0.9474507570266724, 0.9474543333053589, 0.9474450349807739, 0.9473617076873779, 0.9474418759346008, 0.9475867748260498, 0.9475347995758057, 0.9481211304664612, 0.9475292563438416, 0.9474416971206665, 0.9475972652435303, 0.9474791288375854, 0.9474044442176819, 0.9472980499267578, 0.9475489854812622, 0.9473109841346741, 0.9474737644195557, 0.947417140007019, 0.9475443363189697, 0.9476351737976074, 0.9475705623626709, 0.9475017786026001, 0.9475387334823608, 0.9477028250694275, 0.9475647807121277, 0.9474393725395203, 0.947542130947113, 0.9476100206375122, 0.9474173784255981, 0.9474888443946838, 0.9472679495811462, 0.9474102854728699, 0.9476008415222168, 0.9474695920944214, 0.9483169317245483, 0.9474779963493347, 0.9475340843200684, 0.9475672245025635, 0.9475635886192322, 0.9474433064460754, 0.9474402666091919, 0.947500467300415, 0.9481441378593445, 0.947788655757904, 0.9477176070213318, 0.9475939273834229, 0.9475055932998657, 0.9475435018539429, 0.9474121332168579, 0.9474700093269348, 0.9492834210395813, 0.9475253820419312, 0.9474714994430542, 0.9474830627441406, 0.9474921226501465, 0.9474738240242004, 0.9476100206375122, 0.9476782083511353, 0.9475046396255493, 0.9473469853401184, 0.9477328658103943, 0.9473291635513306, 0.9474384784698486, 0.94798344373703, 0.9474332928657532, 0.9474212527275085, 0.947501540184021, 0.9476137161254883, 0.9475829601287842, 0.947416365146637, 0.9474351406097412, 0.9475236535072327, 0.9474669098854065, 0.9475148916244507, 0.947381854057312, 0.9475319385528564, 0.9472855925559998, 0.9476191401481628, 0.9474788308143616, 0.9473567605018616, 0.9473608136177063, 0.9478850960731506, 0.9474466443061829, 0.9474667906761169, 0.9474275708198547, 0.947405993938446, 0.9475204944610596, 0.9475063681602478, 0.9473706483840942, 0.947352409362793, 0.9473390579223633, 0.9476079940795898, 0.9473969340324402, 0.9475619196891785, 0.9475362300872803]
val step Loss: [0.9499847292900085, 0.9491256475448608, 0.9494730234146118, 0.9491869807243347, 0.9494978785514832, 0.9493509531021118, 0.9494640231132507, 0.9493609070777893, 0.949528694152832, 0.9500606060028076, 0.9498268961906433, 0.9491934180259705, 0.9491181373596191, 0.9515777826309204, 0.9544890522956848, 0.950965404510498, 0.9501566886901855, 0.9493882656097412, 0.9503313302993774, 0.9497072696685791, 0.9492685198783875, 0.9492871761322021, 0.9494773745536804, 0.9498721361160278, 0.9507246613502502, 0.9533184170722961, 0.9491667151451111]
Train step Accs: [1.0, 1.0, 1.0, 1.0, 1.0, 1.0, 1.0, 1.0, 1.0, 1.0, 1.0, 1.0, 1.0, 1.0, 1.0, 1.0, 1.0, 1.0, 1.0, 1.0, 1.0, 1.0, 1.0, 1.0, 1.0, 1.0, 1.0, 1.0, 1.0, 1.0, 1.0, 1.0, 1.0, 1.0, 1.0, 1.0, 1.0, 1.0, 1.0, 1.0, 1.0, 1.0, 1.0, 1.0, 1.0, 1.0, 1.0, 1.0, 1.0, 1.0, 1.0, 1.0, 1.0, 1.0, 1.0, 1.0, 1.0, 1.0, 1.0, 1.0, 1.0, 1.0, 1.0, 1.0, 1.0, 1.0, 1.0, 1.0, 1.0, 1.0, 1.0, 1.0, 1.0, 1.0, 1.0, 1.0, 1.0, 1.0, 1.0, 1.0, 1.0, 1.0, 1.0, 1.0, 1.0, 1.0, 1.0, 1.0, 1.0, 1.0, 1.0, 1.0, 1.0, 1.0, 1.0, 1.0, 1.0, 1.0, 1.0, 1.0, 1.0, 1.0, 1.0, 1.0, 1.0]
val step Accs: [1.0, 1.0, 1.0, 1.0, 1.0, 1.0, 1.0, 1.0, 1.0, 1.0, 1.0, 1.0, 1.0, 0.9996405463695184, 0.999057936881771, 0.9998422712933754, 0.9998445998445998, 1.0, 0.9998052959501558, 1.0, 1.0, 1.0, 1.0, 1.0, 0.9998014691284495, 0.9993117687543015, 1.0]
Preds: [17, 17, 32, 239, 384, 377, 371, 374, 374, 374, 132, 8, 8, 259, 354, 354, 180, 180, 443, 120, 120, 120, 120, 120, 240, 240, 240, 216, 285, 84, 84, 302, 302, 100, 375, 375, 375, 98, 98, 98, 229, 229, 247, 312, 312, 187, 1, 101, 101, 101, 321, 321, 287, 287, 287, 287, 284, 284, 284, 206, 167, 348, 379, 77, 77, 478, 66, 323, 323, 172, 115, 273, 273, 273, 151, 240, 240, 285, 199, 111, 111, 111, 111, 438, 438, 438, 219, 324, 324, 464, 464, 464, 464, 301, 301, 143, 35, 74, 437, 437, 437, 284, 284, 285, 285, 106, 284, 284, 284, 284, 426, 426, 293, 293, 293, 182, 346, 346, 284, 284, 284, 284, 426, 481, 293, 293, 43, 43, 276, 276, 276, 174, 387, 348, 10, 398, 398, 398, 398, 374, 378, 406, 406, 406, 88, 88, 81, 81, 337, 337, 146, 324, 219, 219, 219, 152, 152, 58, 58, 27, 351, 486, 486, 486, 486, 486, 460, 460, 460, 167, 35, 35, 219, 219, 219, 485, 485, 477, 374, 374, 374, 374, 374, 304, 304, 337, 41, 19, 19, 454, 454, 229, 229, 229, 312, 312, 187, 187, 23, 23, 23, 260, 391, 391, 321, 321, 320, 320, 345, 100, 100, 497, 497, 497, 122, 216, 453, 168, 5, 258, 38, 99, 99, 338, 338, 338, 338, 338, 400, 400, 444, 171, 171, 171, 171, 171, 464, 464, 335, 14, 14, 287, 145, 145, 111, 111, 240, 240, 146, 219, 219, 219, 464, 464, 464, 222, 84, 245, 245, 245, 43, 43, 43, 364, 276, 276, 276, 276, 276, 346, 346, 346, 284, 284, 206, 206, 206, 167, 167, 35, 14, 411, 411, 411, 424, 424, 424, 153, 182, 182, 182, 182, 182, 182, 182, 122, 122, 250, 303, 195, 195, 195, 303, 117, 98, 117, 117, 48, 48, 48, 414, 170, 244, 244, 392, 244, 392, 392, 392, 244, 73, 7, 7, 321, 7, 7, 127, 451, 30, 30, 324, 301, 301, 378, 325, 114, 114, 114, 180, 486, 486, 486, 315, 460, 285, 285, 285, 467, 85, 111, 403, 146, 207, 299, 299, 434, 434, 250, 250, 413, 271, 186, 186, 99, 99, 338, 338, 395, 395, 273, 273, 432, 432, 330, 240, 240, 385, 35, 77, 164, 164, 115, 273, 273, 180, 151, 151, 151, 206, 130, 130, 402, 183, 219, 219, 219, 213, 213, 213, 246, 246, 246, 246, 301, 301, 378, 43, 43, 276, 276, 153, 153, 387, 413, 413, 360, 219, 246, 246, 246, 246, 246, 246, 246, 19, 17, 420, 453, 453, 453, 453, 453, 453, 453, 453, 453, 453, 453, 453, 453, 453, 453, 453, 453, 453, 453, 453, 453, 453, 453, 453, 453, 453, 453, 453, 453, 453, 453, 453, 453, 453, 453, 453, 453, 453, 453, 453, 453, 453, 453, 453, 453, 453, 453, 453, 453, 453, 453, 453, 453, 453, 453, 453, 453, 453, 453, 453, 453, 453, 453, 453, 453, 453, 453, 453, 453, 453, 453, 453, 453, 453, 453, 453, 453, 453, 453, 453, 453, 453, 453, 453, 453, 453, 453, 453, 453, 453, 453, 453, 453, 453, 453, 453, 453, 453, 453, 453, 453, 453, 453, 453, 453, 453, 453, 453, 453, 453, 453, 453, 453, 453, 453, 453, 453, 453, 453, 453, 453, 453, 453, 453, 453, 453, 453, 453, 453, 453, 453, 453, 453, 453, 453, 453, 453, 453, 453, 453, 453, 453, 453, 453, 453, 453, 453, 453, 453, 453, 453, 453, 453, 453, 453, 453, 453, 453, 453, 453, 453, 453, 453, 453, 453, 453, 453, 453, 453, 453, 453, 453, 453]

ep80
Train step Loss: [0.9475082159042358, 0.9476290941238403, 0.9474730491638184, 0.9474520087242126, 0.947454571723938, 0.947528600692749, 0.9473627209663391, 0.9474424719810486, 0.9475405216217041, 0.9480586051940918, 0.9474111199378967, 0.9473223686218262, 0.9476637840270996, 0.9474858641624451, 0.9475105404853821, 0.9479197859764099, 0.9472900032997131, 0.9475141763687134, 0.9473292231559753, 0.9473944306373596, 0.9474751949310303, 0.9473295211791992, 0.947364330291748, 0.9474982023239136, 0.9475372433662415, 0.9475170373916626, 0.9475070834159851, 0.9475513100624084, 0.947425365447998, 0.9472928643226624, 0.9480188488960266, 0.9475640654563904, 0.9474385380744934, 0.9475064277648926, 0.947323203086853, 0.9473299980163574, 0.9474737644195557, 0.9475309252738953, 0.9473100304603577, 0.9475541114807129, 0.9473677277565002, 0.9475458264350891, 0.9473311901092529, 0.9473969340324402, 0.947807252407074, 0.9474049806594849, 0.9474614262580872, 0.9475869536399841, 0.9474186897277832, 0.94742351770401, 0.94749516248703, 0.947404682636261, 0.9479329586029053, 0.9475029110908508, 0.9475104212760925, 0.9474669098854065, 0.9472638964653015, 0.9474915266036987, 0.9475082755088806, 0.949196457862854, 0.9473970532417297, 0.9474006295204163, 0.9474043846130371, 0.9476383924484253, 0.9474960565567017, 0.947356641292572, 0.9475125670433044, 0.9474035501480103, 0.9476518630981445, 0.9474660158157349, 0.9474873542785645, 0.9474692344665527, 0.9474256634712219, 0.9473603963851929, 0.9473732113838196, 0.9473854303359985, 0.9475781917572021, 0.9473584890365601, 0.9473706483840942, 0.9474571943283081, 0.9478069543838501, 0.947627067565918, 0.9479575753211975, 0.9475547671318054, 0.9476607441902161, 0.9472737908363342, 0.9475977420806885, 0.9474917650222778, 0.9475075006484985, 0.9475213885307312, 0.9475469589233398, 0.9473453164100647, 0.9473286271095276, 0.9479489922523499, 0.9479933977127075, 0.947521448135376, 0.9474526047706604, 0.9474447965621948, 0.9474253058433533, 0.947274386882782, 0.9474745988845825, 0.9476251602172852, 0.947546124458313, 0.947739839553833, 0.9474635124206543]
val step Loss: [0.9500762224197388, 0.9495981931686401, 0.9491298794746399, 0.9491819739341736, 0.9504056572914124, 0.9492787718772888, 0.9491637945175171, 0.9493549466133118, 0.9492697715759277, 0.9491056203842163, 0.9495034217834473, 0.9505351781845093, 0.949604868888855, 0.9499855637550354, 0.9492374658584595, 0.9494073987007141, 0.9494169354438782, 0.9533864259719849, 0.949439525604248, 0.9498509168624878, 0.950348973274231, 0.9495511651039124, 0.9494118690490723, 0.9510208964347839, 0.9542114734649658, 0.9494339823722839, 0.9497115015983582]
Train step Accs: [1.0, 1.0, 1.0, 1.0, 1.0, 1.0, 1.0, 1.0, 1.0, 1.0, 1.0, 1.0, 1.0, 1.0, 1.0, 1.0, 1.0, 1.0, 1.0, 1.0, 1.0, 1.0, 1.0, 1.0, 1.0, 1.0, 1.0, 1.0, 1.0, 1.0, 1.0, 1.0, 1.0, 1.0, 1.0, 1.0, 1.0, 1.0, 1.0, 1.0, 1.0, 1.0, 1.0, 1.0, 1.0, 1.0, 1.0, 1.0, 1.0, 1.0, 1.0, 1.0, 1.0, 1.0, 1.0, 1.0, 1.0, 1.0, 1.0, 1.0, 1.0, 1.0, 1.0, 1.0, 1.0, 1.0, 1.0, 1.0, 1.0, 1.0, 1.0, 1.0, 1.0, 1.0, 1.0, 1.0, 1.0, 1.0, 1.0, 1.0, 1.0, 1.0, 1.0, 1.0, 1.0, 1.0, 1.0, 1.0, 1.0, 1.0, 1.0, 1.0, 1.0, 1.0, 1.0, 1.0, 1.0, 1.0, 1.0, 1.0, 1.0, 1.0, 1.0, 1.0, 1.0]
val step Accs: [0.9998643516006511, 1.0, 1.0, 1.0, 0.9998321866084914, 1.0, 1.0, 1.0, 1.0, 1.0, 1.0, 0.9998530708198649, 1.0, 1.0, 1.0, 1.0, 1.0, 0.9992343032159265, 1.0, 1.0, 0.999817050859861, 1.0, 1.0, 0.9996948428440647, 0.9990838295923041, 1.0, 1.0]
Preds: [17, 17, 445, 464, 171, 171, 171, 171, 252, 252, 314, 32, 239, 36, 107, 107, 395, 213, 213, 213, 213, 246, 19, 454, 229, 229, 247, 126, 126, 126, 126, 326, 326, 408, 408, 408, 391, 228, 244, 320, 7, 7, 32, 32, 239, 108, 371, 371, 278, 278, 422, 236, 239, 239, 384, 449, 371, 470, 180, 443, 443, 443, 443, 403, 403, 171, 438, 203, 399, 217, 250, 250, 250, 138, 153, 88, 132, 374, 219, 219, 219, 219, 219, 464, 464, 171, 171, 171, 171, 246, 246, 246, 246, 24, 24, 239, 239, 384, 384, 420, 324, 324, 340, 116, 10, 10, 309, 479, 479, 331, 106, 153, 426, 426, 293, 293, 293, 98, 98, 335, 335, 226, 226, 209, 188, 188, 213, 324, 301, 8, 8, 239, 354, 354, 106, 355, 355, 376, 376, 460, 452, 263, 263, 263, 13, 229, 229, 82, 312, 23, 23, 23, 408, 149, 228, 244, 320, 479, 479, 398, 324, 422, 143, 465, 465, 354, 354, 346, 284, 486, 206, 169, 150, 342, 342, 164, 164, 224, 273, 470, 403, 403, 464, 464, 464, 355, 178, 143, 129, 458, 208, 208, 441, 100, 387, 387, 313, 236, 239, 239, 310, 107, 107, 395, 278, 443, 443, 240, 215, 215, 129, 259, 354, 284, 206, 460, 240, 35, 36, 164, 342, 351, 180, 486, 460, 460, 178, 178, 233, 458, 192, 192, 41, 41, 41, 41, 19, 19, 19, 454, 454, 229, 229, 82, 126, 126, 292, 326, 408, 408, 149, 244, 244, 373, 338, 338, 338, 395, 494, 374, 416, 8, 32, 239, 354, 65, 65, 481, 481, 481, 293, 143, 35, 458, 208, 100, 100, 387, 387, 122, 236, 129, 259, 310, 108, 323, 224, 397, 106, 88, 88, 387, 203, 399, 217, 473, 473, 398, 324, 464, 422, 416, 143, 458, 144, 208, 27, 441, 125, 125, 387, 206, 175, 251, 251, 241, 431, 486, 460, 460, 167, 178, 35, 77, 342, 342, 342, 224, 267, 267, 444, 324, 246, 246, 477, 301, 313, 325, 325, 34, 324, 324, 301, 422, 24, 239, 384, 371, 180, 486, 486, 460, 240, 240, 24, 239, 310, 107, 395, 255, 416, 143, 129, 401, 259, 320, 354, 354, 109, 337, 41, 324, 19, 19, 454, 454, 229, 229, 247, 312, 187, 187, 187, 408, 408, 391, 391, 73, 244, 320, 7, 7, 371, 398, 324, 301, 116, 251, 251, 331, 106, 88, 88, 88, 106, 284, 405, 206, 206, 178, 35, 35, 401, 259, 354, 106, 284, 405, 405, 206, 178, 178, 35, 233, 401, 401, 320, 7, 276, 100, 375, 98, 98, 98, 249, 305, 305, 170, 244, 28, 28, 392, 392, 392, 63, 63, 392, 63, 63, 63, 392, 63, 63, 63, 63, 63, 244, 195, 305, 211, 211, 17, 420, 453, 453, 453, 453, 453, 453, 453, 453, 453, 453, 453, 453, 453, 453, 453, 453, 453, 453, 453, 453, 453, 453, 453, 453, 453, 453, 453, 453, 453, 453, 453, 453, 453, 453, 453, 453, 453, 453, 453, 453, 453, 453, 453, 453, 453, 453, 453, 453, 453, 453, 453, 453, 453, 453, 453, 453, 453, 453, 453, 453, 453, 453, 453, 453, 453, 453, 453, 453, 453, 453, 453, 453, 453, 453, 453, 453, 453, 453, 453, 453, 453, 453, 453, 453, 453, 453, 453, 453, 453, 453, 453, 453, 453, 453, 453, 453, 453, 453, 453, 453, 453, 453, 453, 453, 453, 453, 453, 453, 453, 453, 453, 453, 453, 453, 453, 453, 453, 453, 453, 453, 453, 453, 453, 453, 453, 453, 453, 453, 453, 453, 453, 453, 453, 453, 453, 453, 453]

ep81
Train step Loss: [0.9474598169326782, 0.9474566578865051, 0.9474461674690247, 0.9480085372924805, 0.947585940361023, 0.9473794102668762, 0.947547972202301, 0.9475843906402588, 0.9472958445549011, 0.9474747180938721, 0.9476388692855835, 0.9475346207618713, 0.9473528265953064, 0.947442352771759, 0.9472804665565491, 0.9475810527801514, 0.9474149942398071, 0.9474464654922485, 0.9474833011627197, 0.9475268125534058, 0.9474442601203918, 0.9478874206542969, 0.9474428296089172, 0.9475007057189941, 0.9474368691444397, 0.9474600553512573, 0.9475066661834717, 0.9474213123321533, 0.9475414752960205, 0.9477011561393738, 0.9474261999130249, 0.9475849270820618, 0.9474900960922241, 0.9474462866783142, 0.9474353790283203, 0.947590708732605, 0.9474464058876038, 0.9475376009941101, 0.9474273920059204, 0.9474470019340515, 0.9474945664405823, 0.9475042819976807, 0.9475442171096802, 0.9475005269050598, 0.9475592970848083, 0.9473593235015869, 0.9472092390060425, 0.9474687576293945, 0.9473137855529785, 0.9475303888320923, 0.9474589228630066, 0.9474607706069946, 0.9475103616714478, 0.947496771812439, 0.947340190410614, 0.949112594127655, 0.947422981262207, 0.9473504424095154, 0.9475312232971191, 0.9475565552711487, 0.9473761916160583, 0.9475864171981812, 0.9475007057189941, 0.9474344849586487, 0.9476198554039001, 0.9476025104522705, 0.9473633766174316, 0.9474684000015259, 0.9475179314613342, 0.9475471377372742, 0.9476907253265381, 0.9474015831947327, 0.9473971128463745, 0.9476176500320435, 0.9478711485862732, 0.947418212890625, 0.9473941326141357, 0.9473515748977661, 0.9475486278533936, 0.9474899768829346, 0.9473947882652283, 0.947507917881012, 0.9476195573806763, 0.947415292263031, 0.9474408030509949, 0.9476760625839233, 0.9474318623542786, 0.9474136829376221, 0.9476261734962463, 0.9474461674690247, 0.9474611282348633, 0.9474953413009644, 0.9480176568031311, 0.9474899172782898, 0.9474003314971924, 0.9475015997886658, 0.9474036693572998, 0.9473373293876648, 0.9474327564239502, 0.9476050138473511, 0.9475148320198059, 0.9477900266647339, 0.9479793310165405, 0.9473538398742676, 0.9473374485969543]
val step Loss: [0.9498287439346313, 0.9492741823196411, 0.9545881748199463, 0.9492819309234619, 0.9493025541305542, 0.9494578838348389, 0.9489489793777466, 0.9549857974052429, 0.9491917490959167, 0.9494807124137878, 0.9492501616477966, 0.9493720531463623, 0.9493305087089539, 0.949673056602478, 0.9494307041168213, 0.9493943452835083, 0.9493162631988525, 0.950873076915741, 0.9492480158805847, 0.9491900205612183, 0.9525637626647949, 0.9501925706863403, 0.9490178823471069, 0.9492993354797363, 0.9493247270584106, 0.9495521187782288, 0.9490910768508911]
Train step Accs: [1.0, 1.0, 1.0, 1.0, 1.0, 1.0, 1.0, 1.0, 1.0, 1.0, 1.0, 1.0, 1.0, 1.0, 1.0, 1.0, 1.0, 1.0, 1.0, 1.0, 1.0, 1.0, 1.0, 1.0, 1.0, 1.0, 1.0, 1.0, 1.0, 1.0, 1.0, 1.0, 1.0, 1.0, 1.0, 1.0, 1.0, 1.0, 1.0, 1.0, 1.0, 1.0, 1.0, 1.0, 1.0, 1.0, 1.0, 1.0, 1.0, 1.0, 1.0, 1.0, 1.0, 1.0, 1.0, 1.0, 1.0, 1.0, 1.0, 1.0, 1.0, 1.0, 1.0, 1.0, 1.0, 1.0, 1.0, 1.0, 1.0, 1.0, 1.0, 1.0, 1.0, 1.0, 1.0, 1.0, 1.0, 1.0, 1.0, 1.0, 1.0, 1.0, 1.0, 1.0, 1.0, 1.0, 1.0, 1.0, 1.0, 1.0, 1.0, 1.0, 1.0, 1.0, 1.0, 1.0, 1.0, 1.0, 1.0, 1.0, 1.0, 1.0, 1.0, 1.0, 1.0]
val step Accs: [1.0, 1.0, 0.9990766389658357, 1.0, 1.0, 1.0, 1.0, 0.9990444338270426, 1.0, 1.0, 1.0, 1.0, 1.0, 1.0, 1.0, 1.0, 1.0, 0.9997970367363507, 1.0, 1.0, 0.9994667614646285, 0.9998385794995964, 1.0, 1.0, 1.0, 1.0, 1.0]
Preds: [17, 17, 32, 239, 384, 377, 371, 374, 374, 374, 132, 8, 8, 259, 354, 354, 180, 180, 443, 120, 120, 120, 120, 120, 240, 240, 240, 216, 285, 84, 84, 302, 302, 100, 375, 375, 375, 98, 98, 98, 229, 229, 247, 312, 312, 187, 1, 101, 101, 101, 321, 321, 287, 287, 287, 287, 284, 284, 284, 206, 167, 348, 379, 77, 77, 478, 66, 323, 323, 172, 115, 273, 273, 273, 151, 240, 240, 285, 199, 111, 111, 111, 111, 438, 438, 438, 219, 324, 324, 464, 464, 464, 464, 301, 301, 143, 35, 74, 437, 437, 437, 284, 284, 285, 285, 106, 284, 284, 284, 284, 426, 426, 293, 293, 293, 182, 346, 346, 284, 284, 284, 284, 426, 481, 293, 293, 43, 43, 276, 276, 276, 174, 387, 348, 10, 398, 398, 398, 398, 374, 378, 406, 406, 406, 88, 88, 81, 81, 337, 337, 146, 324, 219, 219, 219, 152, 152, 58, 58, 27, 351, 486, 486, 486, 486, 486, 460, 460, 460, 167, 35, 35, 219, 219, 219, 485, 485, 477, 374, 374, 374, 374, 374, 304, 304, 337, 41, 19, 19, 454, 454, 229, 229, 229, 312, 312, 187, 187, 23, 23, 23, 260, 391, 391, 321, 321, 320, 320, 345, 100, 100, 497, 497, 497, 122, 216, 453, 168, 5, 258, 38, 99, 99, 338, 338, 338, 338, 338, 400, 400, 444, 171, 171, 171, 171, 171, 464, 464, 335, 14, 14, 287, 145, 145, 111, 111, 240, 240, 146, 219, 219, 219, 464, 464, 464, 222, 84, 245, 245, 245, 43, 43, 43, 364, 276, 276, 276, 276, 276, 346, 346, 346, 284, 284, 206, 206, 206, 167, 167, 35, 14, 411, 411, 411, 424, 424, 424, 153, 182, 182, 182, 182, 182, 182, 182, 122, 122, 250, 303, 195, 195, 195, 303, 117, 98, 117, 117, 48, 48, 48, 414, 170, 244, 244, 392, 244, 392, 392, 392, 244, 73, 7, 7, 321, 7, 7, 127, 451, 30, 30, 324, 301, 301, 378, 325, 114, 114, 114, 180, 486, 486, 486, 315, 460, 285, 285, 285, 467, 85, 111, 403, 146, 207, 299, 299, 434, 434, 250, 250, 413, 271, 186, 186, 99, 99, 338, 338, 395, 395, 273, 273, 432, 432, 330, 240, 240, 385, 35, 77, 164, 164, 115, 273, 273, 180, 151, 151, 151, 206, 130, 130, 402, 183, 219, 219, 219, 213, 213, 213, 246, 246, 246, 246, 301, 301, 378, 43, 43, 276, 276, 153, 153, 387, 413, 413, 360, 219, 246, 246, 246, 246, 246, 246, 246, 19, 17, 420, 420, 420, 420, 420, 420, 420, 420, 420, 420, 420, 420, 420, 420, 420, 420, 420, 420, 420, 420, 420, 420, 420, 420, 420, 420, 420, 420, 420, 420, 420, 420, 420, 420, 420, 420, 420, 420, 420, 420, 420, 420, 420, 420, 420, 420, 420, 420, 420, 420, 420, 420, 420, 420, 420, 420, 420, 420, 420, 420, 420, 420, 420, 420, 420, 420, 420, 420, 420, 420, 420, 420, 420, 420, 420, 420, 420, 420, 420, 420, 420, 420, 420, 420, 420, 420, 420, 420, 420, 420, 420, 420, 420, 420, 420, 420, 420, 420, 420, 420, 420, 420, 420, 420, 420, 420, 420, 420, 420, 420, 420, 420, 420, 420, 420, 420, 420, 420, 420, 420, 420, 420, 420, 420, 420, 420, 420, 420, 420, 420, 420, 420, 420, 420, 420, 420, 420, 420, 420, 420, 420, 420, 420, 420, 420, 420, 420, 420, 420, 420, 420, 420, 420, 420, 420, 420, 420, 420, 420, 420, 420, 420, 420, 420, 420, 420, 420, 420, 420, 420, 420, 420, 420, 420]

ep82
Train step Loss: [0.947513222694397, 0.9474368691444397, 0.9472706317901611, 0.9475374221801758, 0.9474151134490967, 0.9475370645523071, 0.947458028793335, 0.9473806619644165, 0.9475479125976562, 0.9475724697113037, 0.9473839998245239, 0.9474460482597351, 0.947422444820404, 0.947459876537323, 0.9475700259208679, 0.9475620985031128, 0.9475094676017761, 0.9475162625312805, 0.9475069046020508, 0.9476417303085327, 0.9474946856498718, 0.9475724697113037, 0.9473687410354614, 0.9475863575935364, 0.9473894834518433, 0.9474990963935852, 0.9475386738777161, 0.947425127029419, 0.947838306427002, 0.9474079012870789, 0.9474947452545166, 0.9475243091583252, 0.9474958181381226, 0.9473806023597717, 0.9474111199378967, 0.9475339651107788, 0.947523295879364, 0.9473719596862793, 0.9476318359375, 0.9475512504577637, 0.9474228024482727, 0.9473496079444885, 0.9474565386772156, 0.9475692510604858, 0.947532057762146, 0.947273313999176, 0.9472914338111877, 0.9473485350608826, 0.9473608732223511, 0.94752037525177, 0.9474784731864929, 0.9474704265594482, 0.9473047256469727, 0.947380781173706, 0.9474805593490601, 0.9472663402557373, 0.9481219053268433, 0.9476494193077087, 0.9474971294403076, 0.9473646879196167, 0.9474800229072571, 0.947489857673645, 0.9472923278808594, 0.9474747776985168, 0.9473075270652771, 0.9474250674247742, 0.9474220275878906, 0.9474193453788757, 0.9479295015335083, 0.9473710060119629, 0.9473053216934204, 0.9474145770072937, 0.9489508271217346, 0.9473020434379578, 0.9473515748977661, 0.9474453926086426, 0.9474990367889404, 0.9475622773170471, 0.9475736618041992, 0.9479037523269653, 0.9474095702171326, 0.9472290277481079, 0.9472522735595703, 0.9474542140960693, 0.9473779201507568, 0.9473561644554138, 0.9473987221717834, 0.9473642110824585, 0.9474263191223145, 0.9479703307151794, 0.9475659728050232, 0.9475031495094299, 0.9474523663520813, 0.9473605751991272, 0.9474388957023621, 0.9474073052406311, 0.9474555850028992, 0.9474952816963196, 0.9474517107009888, 0.947461724281311, 0.9474806189537048, 0.9472658634185791, 0.9479442834854126, 0.9472970366477966, 0.9478801488876343]
val step Loss: [0.9490747451782227, 0.9508630037307739, 0.9493474960327148, 0.9539362192153931, 0.9489704966545105, 0.9493308067321777, 0.9508316516876221, 0.9552847146987915, 0.949325442314148, 0.9491081833839417, 0.9498763084411621, 0.9492948055267334, 0.9493171572685242, 0.9492508172988892, 0.9492576718330383, 0.9496530890464783, 0.949051558971405, 0.9494867324829102, 0.9512544870376587, 0.949290931224823, 0.9496093988418579, 0.949308454990387, 0.949039101600647, 0.9491724967956543, 0.9497496485710144, 0.9493290781974792, 0.9494918584823608]
Train step Accs: [1.0, 1.0, 1.0, 1.0, 1.0, 1.0, 1.0, 1.0, 1.0, 1.0, 1.0, 1.0, 1.0, 1.0, 1.0, 1.0, 1.0, 1.0, 1.0, 1.0, 1.0, 1.0, 1.0, 1.0, 1.0, 1.0, 1.0, 1.0, 1.0, 1.0, 1.0, 1.0, 1.0, 1.0, 1.0, 1.0, 1.0, 1.0, 1.0, 1.0, 1.0, 1.0, 1.0, 1.0, 1.0, 1.0, 1.0, 1.0, 1.0, 1.0, 1.0, 1.0, 1.0, 1.0, 1.0, 1.0, 1.0, 1.0, 1.0, 1.0, 1.0, 1.0, 1.0, 1.0, 1.0, 1.0, 1.0, 1.0, 1.0, 1.0, 1.0, 1.0, 1.0, 1.0, 1.0, 1.0, 1.0, 1.0, 1.0, 1.0, 1.0, 1.0, 1.0, 1.0, 1.0, 1.0, 1.0, 1.0, 1.0, 1.0, 1.0, 1.0, 1.0, 1.0, 1.0, 1.0, 1.0, 1.0, 1.0, 1.0, 1.0, 1.0, 1.0, 1.0, 1.0]
val step Accs: [1.0, 0.9997117740308402, 1.0, 0.9992240844196152, 1.0, 1.0, 0.999822883457315, 0.9988884772137829, 1.0, 1.0, 1.0, 1.0, 1.0, 1.0, 1.0, 1.0, 1.0, 1.0, 0.9996577686516085, 1.0, 1.0, 1.0, 1.0, 1.0, 1.0, 1.0, 1.0]
Preds: [17, 17, 296, 479, 479, 278, 278, 252, 143, 143, 129, 259, 144, 445, 445, 180, 403, 403, 403, 290, 290, 290, 434, 246, 246, 246, 246, 246, 246, 19, 19, 19, 454, 414, 442, 414, 170, 244, 244, 187, 408, 392, 244, 244, 244, 244, 244, 7, 152, 152, 152, 422, 349, 234, 234, 261, 25, 106, 106, 499, 284, 306, 306, 406, 406, 467, 284, 284, 287, 284, 284, 284, 450, 450, 450, 293, 413, 413, 251, 251, 251, 241, 431, 431, 428, 428, 428, 428, 146, 146, 146, 358, 465, 164, 352, 164, 352, 25, 34, 324, 324, 301, 301, 8, 205, 261, 25, 106, 100, 153, 43, 43, 182, 182, 387, 387, 169, 169, 349, 352, 352, 397, 397, 133, 43, 43, 276, 276, 346, 346, 387, 387, 215, 35, 401, 259, 345, 345, 387, 240, 236, 129, 75, 164, 27, 351, 355, 355, 355, 240, 215, 8, 239, 354, 354, 420, 324, 324, 416, 143, 401, 82, 244, 354, 420, 278, 154, 178, 143, 458, 82, 192, 27, 351, 443, 443, 240, 240, 325, 34, 34, 324, 324, 339, 339, 94, 398, 398, 340, 116, 10, 10, 479, 398, 398, 374, 374, 330, 468, 406, 406, 467, 88, 387, 387, 169, 186, 99, 338, 338, 338, 338, 395, 395, 432, 330, 330, 388, 348, 10, 10, 479, 331, 331, 84, 350, 387, 387, 240, 251, 251, 251, 114, 114, 278, 278, 278, 31, 99, 338, 338, 338, 338, 338, 395, 395, 464, 464, 120, 355, 355, 355, 169, 215, 349, 205, 261, 25, 420, 324, 422, 143, 458, 244, 208, 208, 441, 441, 141, 141, 38, 162, 232, 232, 232, 68, 68, 68, 115, 115, 267, 267, 267, 213, 246, 246, 19, 454, 229, 247, 126, 126, 326, 326, 326, 101, 101, 101, 149, 149, 228, 321, 83, 287, 111, 55, 438, 299, 299, 434, 339, 10, 10, 10, 309, 479, 398, 213, 213, 213, 246, 246, 246, 301, 143, 129, 129, 401, 259, 354, 354, 106, 486, 486, 460, 215, 215, 401, 244, 75, 354, 346, 284, 206, 240, 236, 36, 36, 342, 115, 273, 180, 499, 486, 460, 178, 178, 233, 82, 192, 192, 445, 445, 213, 41, 41, 19, 19, 17, 420, 420, 420, 420, 420, 420, 420, 420, 420, 420, 420, 420, 420, 420, 420, 420, 420, 420, 420, 420, 420, 420, 420, 420, 420, 420, 420, 420, 420, 420, 420, 420, 420, 420, 420, 420, 420, 420, 420, 420, 420, 420, 420, 420, 420, 420, 420, 420, 420, 420, 420, 420, 420, 420, 420, 420, 420, 420, 420, 420, 420, 420, 420, 420, 420, 420, 420, 420, 420, 420, 420, 420, 420, 420, 420, 420, 420, 420, 420, 420, 420, 420, 420, 420, 420, 420, 420, 420, 420, 420, 420, 420, 420, 420, 420, 420, 420, 420, 420, 420, 420, 420, 420, 420, 420, 420, 420, 420, 420, 420, 420, 420, 420, 420, 420, 420, 420, 420, 420, 420, 420, 420, 420, 420, 420, 420, 420, 420, 420, 420, 420, 420, 420, 420, 420, 420, 420, 420, 420, 420, 420, 420, 420, 420, 420, 420, 420, 420, 420, 420, 420, 420, 420, 420, 420, 420, 420, 420, 420, 420, 420, 420, 420, 420, 420, 420, 420, 420, 420, 420, 420, 420, 420, 420, 420, 420, 420, 420, 420, 420, 420, 420, 420, 420, 420, 420, 420, 420, 420, 420, 420, 420, 420, 420, 420, 420, 420, 420, 420, 420, 420, 420, 420, 420, 420, 420, 420, 420, 420, 420, 420, 420, 420, 420, 420, 420, 420, 420, 420, 420, 420, 420, 420, 420, 420, 420, 420, 420, 420, 420, 420]

ep83
Train step Loss: [0.9475122094154358, 0.9474078416824341, 0.9475685954093933, 0.9473373293876648, 0.9475745558738708, 0.9473783373832703, 0.9474098682403564, 0.9474416375160217, 0.9473366141319275, 0.9474660754203796, 0.9473631978034973, 0.9475011825561523, 0.9474554657936096, 0.9473646283149719, 0.9475708603858948, 0.9473984837532043, 0.9473443031311035, 0.9472726583480835, 0.9473413228988647, 0.947540283203125, 0.9474854469299316, 0.9474285244941711, 0.947355329990387, 0.9477258920669556, 0.9472972750663757, 0.9473868012428284, 0.9474177360534668, 0.947265088558197, 0.9473234415054321, 0.9474186897277832, 0.9474462866783142, 0.9473742842674255, 0.947347104549408, 0.9478796720504761, 0.9474425911903381, 0.9474449157714844, 0.9475527405738831, 0.9472392797470093, 0.9476528167724609, 0.947464108467102, 0.9473876953125, 0.9489214420318604, 0.9472660422325134, 0.9474208950996399, 0.9473028779029846, 0.94800865650177, 0.9475039839744568, 0.9475176334381104, 0.9473041296005249, 0.9477383494377136, 0.9474323987960815, 0.9474166631698608, 0.947462260723114, 0.9474682807922363, 0.9479294419288635, 0.9474635124206543, 0.9474536180496216, 0.948030948638916, 0.9475350379943848, 0.9471813440322876, 0.9474185705184937, 0.9476293921470642, 0.9474664926528931, 0.9472211003303528, 0.947424054145813, 0.9473350644111633, 0.9474208354949951, 0.947443425655365, 0.9473502039909363, 0.947250485420227, 0.9475302696228027, 0.9475045800209045, 0.9474815726280212, 0.947347104549408, 0.9474368691444397, 0.9473222494125366, 0.9474439024925232, 0.9477196335792542, 0.9473267197608948, 0.9473587870597839, 0.9476171731948853, 0.9473720788955688, 0.9473790526390076, 0.9474760293960571, 0.9473329782485962, 0.9472406506538391, 0.9472644925117493, 0.9473782777786255, 0.9473523497581482, 0.947388768196106, 0.9472907781600952, 0.9472687244415283, 0.9475293755531311, 0.9472090601921082, 0.9471958875656128, 0.9474273324012756, 0.9474280476570129, 0.9478696584701538, 0.9475200772285461, 0.9473369121551514, 0.9475178122520447, 0.9471553564071655, 0.9473344087600708, 0.9476345777511597, 0.9473783373832703]
val step Loss: [0.9533240795135498, 0.9491982460021973, 0.9499372243881226, 0.9490208625793457, 0.9486324191093445, 0.948881208896637, 0.9495240449905396, 0.9490361213684082, 0.9491082429885864, 0.9494174718856812, 0.9494333267211914, 0.9491747617721558, 0.950363039970398, 0.9509153366088867, 0.9542598128318787, 0.9494306445121765, 0.9494484663009644, 0.9491636753082275, 0.9490605592727661, 0.9492555260658264, 0.949019193649292, 0.9517921805381775, 0.9489843845367432, 0.9493885636329651, 0.9493367075920105, 0.9487113952636719, 0.9491071701049805]
Train step Accs: [1.0, 1.0, 1.0, 1.0, 1.0, 1.0, 1.0, 1.0, 1.0, 1.0, 1.0, 1.0, 1.0, 1.0, 1.0, 1.0, 1.0, 1.0, 1.0, 1.0, 1.0, 1.0, 1.0, 1.0, 1.0, 1.0, 1.0, 1.0, 1.0, 1.0, 1.0, 1.0, 1.0, 1.0, 1.0, 1.0, 1.0, 1.0, 1.0, 1.0, 1.0, 1.0, 1.0, 1.0, 1.0, 1.0, 1.0, 1.0, 1.0, 1.0, 1.0, 1.0, 1.0, 1.0, 1.0, 1.0, 1.0, 1.0, 1.0, 1.0, 1.0, 1.0, 1.0, 1.0, 1.0, 1.0, 1.0, 1.0, 1.0, 1.0, 1.0, 1.0, 1.0, 1.0, 1.0, 1.0, 1.0, 1.0, 1.0, 1.0, 1.0, 1.0, 1.0, 1.0, 1.0, 1.0, 1.0, 1.0, 1.0, 1.0, 1.0, 1.0, 1.0, 1.0, 1.0, 1.0, 1.0, 1.0, 1.0, 1.0, 1.0, 1.0, 1.0, 1.0, 1.0]
val step Accs: [0.9992225461613217, 1.0, 1.0, 1.0, 1.0, 1.0, 1.0, 1.0, 1.0, 1.0, 1.0, 1.0, 0.999844840961986, 0.9997143673236218, 0.9990339719851876, 1.0, 1.0, 1.0, 1.0, 1.0, 1.0, 0.9994934143870314, 1.0, 1.0, 1.0, 1.0, 1.0]
Preds: [17, 17, 17, 451, 152, 152, 374, 378, 42, 406, 406, 499, 387, 387, 387, 387, 337, 219, 219, 219, 324, 324, 434, 339, 10, 10, 309, 479, 398, 324, 278, 301, 143, 129, 401, 244, 321, 354, 354, 265, 428, 428, 146, 146, 146, 324, 324, 301, 215, 32, 32, 102, 354, 354, 106, 106, 284, 265, 206, 282, 282, 388, 303, 212, 219, 324, 324, 301, 116, 10, 94, 479, 331, 331, 428, 428, 428, 146, 146, 252, 252, 239, 239, 310, 310, 107, 107, 395, 374, 374, 132, 132, 219, 286, 464, 464, 464, 355, 355, 355, 460, 452, 263, 263, 263, 78, 170, 170, 244, 392, 392, 392, 392, 392, 392, 392, 392, 244, 73, 244, 209, 83, 55, 443, 240, 314, 314, 32, 32, 354, 354, 180, 264, 264, 84, 84, 406, 406, 406, 406, 413, 413, 413, 399, 217, 217, 473, 65, 464, 464, 171, 252, 143, 143, 239, 82, 310, 107, 395, 400, 324, 286, 464, 464, 464, 443, 355, 355, 460, 240, 169, 35, 224, 224, 494, 494, 8, 196, 217, 479, 473, 283, 278, 422, 143, 36, 75, 310, 107, 395, 485, 324, 301, 251, 251, 219, 398, 374, 374, 374, 26, 251, 251, 241, 431, 367, 496, 497, 43, 233, 233, 401, 244, 208, 100, 100, 100, 98, 98, 98, 17, 17, 420, 420, 420, 453, 453, 453, 453, 453, 453, 453, 453, 453, 453, 453, 453, 453, 453, 453, 453, 453, 453, 453, 453, 453, 453, 453, 453, 453, 453, 453, 453, 453, 453, 453, 453, 453, 453, 453, 453, 453, 453, 453, 453, 453, 453, 453, 453, 453, 453, 453, 453, 453, 453, 453, 453, 453, 453, 453, 453, 453, 453, 453, 453, 453, 453, 453, 453, 453, 453, 453, 453, 453, 453, 453, 453, 453, 453, 453, 453, 453, 453, 453, 453, 453, 453, 453, 453, 453, 453, 453, 453, 453, 453, 453, 453, 453, 453, 453, 453, 453, 453, 453, 453, 453, 453, 453, 453, 453, 453, 453, 453, 453, 453, 453, 453, 453, 453, 453, 453, 453, 453, 453, 453, 453, 453, 453, 453, 453, 453, 453, 453, 453, 453, 453, 453, 453, 453, 453, 453, 453, 453, 453, 453, 453, 453, 453, 453, 453, 453, 453, 453, 453, 453, 453, 453, 453, 453, 453, 453, 453, 453, 453, 453, 453, 453, 453, 453, 453, 453, 453, 453, 453, 453, 453, 453, 453, 453, 453, 453, 453, 453, 453, 453, 453, 453, 453, 453, 453, 453, 453, 453, 453, 453, 453, 453, 453, 453, 453, 453, 453, 453, 453, 453, 453, 453, 453, 453, 453, 453, 453, 453, 453, 453, 453, 453, 453, 453, 453, 453, 453, 453, 453, 453, 453, 453, 453, 453, 453, 453, 453, 453, 453, 453, 453, 453, 453, 453, 453, 453, 453, 453, 453, 453, 453, 453, 453, 453, 453, 453, 453, 453, 453, 453, 453, 453, 453, 453, 453, 453, 453, 453, 453, 453, 453, 453, 453, 453, 453, 453, 453, 453, 453, 453, 453, 453, 453, 453, 453, 453, 453, 453, 453, 453, 453, 453, 453, 453, 453, 453, 453, 453, 453, 453, 453, 453, 453, 453, 453, 453, 453, 453, 453, 453, 453, 453, 453, 453, 453, 453, 453, 453, 453, 453, 453, 453, 453, 453, 453, 453, 453, 453, 453, 453, 453, 453, 453, 453, 453, 453, 453, 453, 453, 453, 453, 453, 453, 453, 453, 453, 453, 453, 453, 453, 453, 453, 453, 453, 453, 453, 453, 453, 453, 453, 453, 453, 453, 453, 453, 453, 453, 453, 453, 453, 453, 453, 453, 453, 453, 453, 453, 453, 453, 453, 453, 453, 453, 453, 453]

ep84
Train step Loss: [0.9472789168357849, 0.9473793506622314, 0.9474600553512573, 0.9479730725288391, 0.9475655555725098, 0.9475151896476746, 0.9473996162414551, 0.9475568532943726, 0.9475565552711487, 0.9473589658737183, 0.9473291635513306, 0.9473854303359985, 0.9473221302032471, 0.9475259184837341, 0.9473591446876526, 0.9473886489868164, 0.9478352069854736, 0.9474509954452515, 0.9472291469573975, 0.9472384452819824, 0.9471893906593323, 0.9473416805267334, 0.9473439455032349, 0.9475486278533936, 0.9474909901618958, 0.947313129901886, 0.9474397897720337, 0.9474385380744934, 0.9477158784866333, 0.9473621845245361, 0.9473047852516174, 0.9473443627357483, 0.9474270939826965, 0.947338342666626, 0.947556734085083, 0.9476679563522339, 0.9473459720611572, 0.9475305676460266, 0.9473311901092529, 0.9474448561668396, 0.9476503729820251, 0.9474419355392456, 0.9474663734436035, 0.9473872184753418, 0.9473229050636292, 0.9472754597663879, 0.9472605586051941, 0.9475407004356384, 0.9474029541015625, 0.9475224614143372, 0.9474108815193176, 0.9473291039466858, 0.9472919702529907, 0.9475511908531189, 0.9474231004714966, 0.9487398862838745, 0.9471853971481323, 0.9472716450691223, 0.9473615288734436, 0.947260856628418, 0.9473751187324524, 0.9473209977149963, 0.9478194713592529, 0.9473385810852051, 0.9475839734077454, 0.9476251602172852, 0.9472575187683105, 0.9475465416908264, 0.9475191235542297, 0.947284460067749, 0.9472943544387817, 0.9473133683204651, 0.9472664594650269, 0.9474332332611084, 0.9471507668495178, 0.9473950862884521, 0.9474693536758423, 0.9474331140518188, 0.9471399188041687, 0.947294294834137, 0.9473926424980164, 0.947166383266449, 0.9474301338195801, 0.9472540616989136, 0.9473716020584106, 0.9472848773002625, 0.9473890066146851, 0.9473177790641785, 0.9473026990890503, 0.9475515484809875, 0.9473004341125488, 0.9474059343338013, 0.947353184223175, 0.9474607110023499, 0.9474440813064575, 0.9472849369049072, 0.9473441243171692, 0.947350263595581, 0.9474321603775024, 0.9473820328712463, 0.9473527669906616, 0.9471808671951294, 0.9473747611045837, 0.9474201202392578, 0.9474028944969177]
val step Loss: [0.9546673893928528, 0.9533069133758545, 0.9502663016319275, 0.9491865038871765, 0.949491024017334, 0.9492681622505188, 0.9490067958831787, 0.9496110677719116, 0.9491242170333862, 0.9497724175453186, 0.9491263628005981, 0.9492626190185547, 0.949116587638855, 0.9507046937942505, 0.9512426853179932, 0.9491639137268066, 0.9500763416290283, 0.949373722076416, 0.9490514993667603, 0.9496093392372131, 0.9492048025131226, 0.9490419030189514, 0.9490334987640381, 0.9494055509567261, 0.949123203754425, 0.9494079947471619, 0.9491859674453735]
Train step Accs: [1.0, 1.0, 1.0, 1.0, 1.0, 1.0, 1.0, 1.0, 1.0, 1.0, 1.0, 1.0, 1.0, 1.0, 1.0, 1.0, 1.0, 1.0, 1.0, 1.0, 1.0, 1.0, 1.0, 1.0, 1.0, 1.0, 1.0, 1.0, 1.0, 1.0, 1.0, 1.0, 1.0, 1.0, 1.0, 1.0, 1.0, 1.0, 1.0, 1.0, 1.0, 1.0, 1.0, 1.0, 1.0, 1.0, 1.0, 1.0, 1.0, 1.0, 1.0, 1.0, 1.0, 1.0, 1.0, 1.0, 1.0, 1.0, 1.0, 1.0, 1.0, 1.0, 1.0, 1.0, 1.0, 1.0, 1.0, 1.0, 1.0, 1.0, 1.0, 1.0, 1.0, 1.0, 1.0, 1.0, 1.0, 1.0, 1.0, 1.0, 1.0, 1.0, 1.0, 1.0, 1.0, 1.0, 1.0, 1.0, 1.0, 1.0, 1.0, 1.0, 1.0, 1.0, 1.0, 1.0, 1.0, 1.0, 1.0, 1.0, 1.0, 1.0, 1.0, 1.0, 1.0]
val step Accs: [0.9989718985606579, 0.9992581602373887, 0.9998372925479987, 1.0, 1.0, 1.0, 1.0, 1.0, 1.0, 1.0, 1.0, 1.0, 1.0, 0.9998165137614679, 0.9996558251591808, 1.0, 0.999820014398848, 1.0, 1.0, 1.0, 1.0, 1.0, 1.0, 1.0, 1.0, 1.0, 1.0]
Preds: [17, 17, 296, 17, 17, 17, 17, 363, 363, 363, 363, 363, 101, 149, 321, 321, 287, 287, 287, 284, 206, 167, 35, 320, 320, 29, 287, 287, 111, 111, 468, 468, 467, 146, 146, 443, 330, 330, 330, 348, 175, 65, 65, 106, 293, 293, 293, 293, 413, 348, 348, 466, 479, 479, 331, 331, 486, 486, 486, 460, 240, 173, 8, 280, 29, 106, 284, 284, 240, 285, 285, 467, 180, 180, 486, 486, 486, 486, 460, 240, 175, 175, 81, 431, 431, 85, 403, 403, 403, 207, 207, 207, 246, 246, 246, 246, 246, 19, 19, 454, 229, 259, 321, 247, 126, 126, 408, 408, 408, 408, 228, 321, 75, 66, 68, 172, 115, 115, 267, 444, 278, 378, 378, 345, 345, 100, 100, 497, 497, 186, 99, 338, 338, 400, 400, 400, 301, 301, 378, 345, 109, 499, 499, 151, 151, 253, 453, 342, 168, 168, 180, 151, 151, 460, 178, 178, 192, 192, 445, 451, 41, 41, 41, 41, 19, 19, 19, 454, 454, 13, 414, 170, 244, 244, 244, 392, 244, 392, 392, 321, 321, 321, 7, 479, 479, 331, 331, 331, 480, 319, 111, 460, 438, 416, 216, 192, 114, 180, 180, 443, 443, 443, 139, 139, 293, 274, 274, 35, 192, 445, 464, 464, 171, 171, 252, 416, 458, 192, 445, 180, 464, 264, 264, 264, 264, 315, 315, 113, 450, 450, 293, 169, 150, 150, 54, 54, 142, 397, 397, 196, 147, 147, 109, 288, 403, 171, 171, 252, 252, 24, 310, 310, 107, 395, 395, 286, 286, 120, 120, 120, 120, 37, 37, 385, 385, 197, 75, 164, 164, 196, 196, 116, 33, 33, 248, 394, 212, 75, 199, 275, 275, 275, 275, 303, 303, 17, 420, 420, 420, 420, 420, 420, 420, 420, 420, 420, 420, 420, 420, 420, 420, 420, 420, 420, 420, 420, 420, 420, 420, 420, 420, 420, 420, 420, 420, 420, 420, 420, 420, 420, 420, 420, 420, 420, 420, 420, 420, 420, 420, 420, 420, 420, 420, 420, 420, 420, 420, 420, 420, 420, 420, 420, 420, 420, 420, 420, 420, 420, 420, 420, 420, 420, 420, 420, 420, 420, 420, 420, 420, 420, 420, 420, 420, 420, 420, 420, 420, 420, 420, 420, 420, 420, 420, 420, 420, 420, 420, 420, 420, 420, 420, 420, 420, 420, 420, 420, 420, 420, 420, 420, 420, 420, 420, 420, 420, 420, 420, 420, 420, 420, 420, 420, 420, 420, 420, 420, 420, 420, 420, 420, 420, 420, 420, 420, 420, 420, 420, 420, 420, 420, 420, 420, 420, 420, 420, 420, 420, 420, 420, 420, 420, 420, 420, 420, 420, 420, 420, 420, 420, 420, 420, 420, 420, 420, 420, 420, 420, 420, 420, 420, 420, 420, 420, 420, 420, 420, 420, 420, 420, 420, 420, 420, 420, 420, 420, 420, 420, 420, 420, 420, 420, 420, 420, 420, 420, 420, 420, 420, 420, 420, 420, 420, 420, 420, 420, 420, 420, 420, 420, 420, 420, 420, 420, 420, 420, 420, 420, 420, 420, 420, 420, 420, 420, 420, 420, 420, 420, 420, 420, 420, 420, 420, 420, 420, 420, 420, 420, 420, 420, 420, 420, 420, 420, 420, 420, 420, 420, 420, 420, 420, 420, 420, 420, 420, 420, 420, 420, 420, 420, 420, 420, 420, 420, 420, 420, 420, 420, 420, 420, 420, 420, 420, 420, 420, 420, 420, 420, 420, 420, 420, 420, 420, 420, 420, 420, 420, 420, 420, 420, 420, 420, 420, 420, 420, 420, 420, 420, 420, 420, 420, 420, 420, 420, 420, 420, 420, 420, 420, 420, 420, 420, 420, 420, 420, 420, 420, 420, 420, 420, 420]

ep85
Train step Loss: [0.9474473595619202, 0.9473259449005127, 0.947341799736023, 0.9475862383842468, 0.9472510814666748, 0.9473543763160706, 0.9473081827163696, 0.9474640488624573, 0.9474642872810364, 0.9472628831863403, 0.9473231434822083, 0.9476118683815002, 0.9474921822547913, 0.9473389387130737, 0.9473524689674377, 0.9478487968444824, 0.9474049210548401, 0.9473481178283691, 0.9471879601478577, 0.9474198222160339, 0.9473233819007874, 0.9474748373031616, 0.9473840594291687, 0.9473196268081665, 0.9472817778587341, 0.9477261304855347, 0.947745680809021, 0.9473543167114258, 0.9474129676818848, 0.947340726852417, 0.9474238753318787, 0.9471531510353088, 0.9486839175224304, 0.9474132657051086, 0.9473511576652527, 0.9474297165870667, 0.9473203420639038, 0.9473538398742676, 0.9472686648368835, 0.9472748041152954, 0.9473254680633545, 0.9473167657852173, 0.9473739266395569, 0.947313666343689, 0.9474637508392334, 0.9472457766532898, 0.9472380876541138, 0.9473798871040344, 0.9473087787628174, 0.947288990020752, 0.9472876191139221, 0.9478169083595276, 0.9475775361061096, 0.947289764881134, 0.9477241039276123, 0.9473509788513184, 0.9472609758377075, 0.9473308324813843, 0.9472118020057678, 0.9474794268608093, 0.947381317615509, 0.9472367167472839, 0.9472901821136475, 0.9473997950553894, 0.9472537040710449, 0.9473450779914856, 0.9473441243171692, 0.9472265839576721, 0.9472914338111877, 0.9473451375961304, 0.9473457932472229, 0.9472396373748779, 0.9473738670349121, 0.9472794532775879, 0.9472800493240356, 0.9476144313812256, 0.947354793548584, 0.9474233984947205, 0.9473493695259094, 0.9475399851799011, 0.9473461508750916, 0.9473671317100525, 0.9477880597114563, 0.9471948742866516, 0.9473042488098145, 0.947302520275116, 0.9473974108695984, 0.9473007917404175, 0.9476354718208313, 0.9474484920501709, 0.9473694562911987, 0.9471657276153564, 0.9474573135375977, 0.9476120471954346, 0.9472068548202515, 0.9472491145133972, 0.9474088549613953, 0.9473116993904114, 0.9476456642150879, 0.9473505020141602, 0.9472975134849548, 0.9471401572227478, 0.947303056716919, 0.9472339153289795, 0.9475193619728088]
val step Loss: [0.950348436832428, 0.9489462375640869, 0.9492484927177429, 0.9544637203216553, 0.950003981590271, 0.9492695927619934, 0.9510565400123596, 0.9494232535362244, 0.9494044184684753, 0.9492261409759521, 0.9491091966629028, 0.9502626061439514, 0.9493726491928101, 0.9492589235305786, 0.9489632844924927, 0.9505383968353271, 0.9492197036743164, 0.9488654136657715, 0.9492587447166443, 0.952488124370575, 0.9493104219436646, 0.9491740465164185, 0.9491546750068665, 0.9501837491989136, 0.9491049647331238, 0.9493312835693359, 0.9496257305145264]
Train step Accs: [1.0, 1.0, 1.0, 1.0, 1.0, 1.0, 1.0, 1.0, 1.0, 1.0, 1.0, 1.0, 1.0, 1.0, 1.0, 1.0, 1.0, 1.0, 1.0, 1.0, 1.0, 1.0, 1.0, 1.0, 1.0, 1.0, 1.0, 1.0, 1.0, 1.0, 1.0, 1.0, 1.0, 1.0, 1.0, 1.0, 1.0, 1.0, 1.0, 1.0, 1.0, 1.0, 1.0, 1.0, 1.0, 1.0, 1.0, 1.0, 1.0, 1.0, 1.0, 1.0, 1.0, 1.0, 1.0, 1.0, 1.0, 1.0, 1.0, 1.0, 1.0, 1.0, 1.0, 1.0, 1.0, 1.0, 1.0, 1.0, 1.0, 1.0, 1.0, 1.0, 1.0, 1.0, 1.0, 1.0, 1.0, 1.0, 1.0, 1.0, 1.0, 1.0, 1.0, 1.0, 1.0, 1.0, 1.0, 1.0, 1.0, 1.0, 1.0, 1.0, 1.0, 1.0, 1.0, 1.0, 1.0, 1.0, 1.0, 1.0, 1.0, 1.0, 1.0, 1.0, 1.0]
val step Accs: [0.9998274374460742, 1.0, 1.0, 0.9989821882951654, 0.9998191354675349, 1.0, 0.9996372211137312, 1.0, 1.0, 1.0, 1.0, 0.9998376096135109, 1.0, 1.0, 1.0, 0.9998164127042408, 1.0, 1.0, 1.0, 0.9993567063364426, 1.0, 1.0, 1.0, 1.0, 1.0, 1.0, 1.0]
Preds: [17, 17, 296, 217, 217, 473, 65, 443, 443, 443, 443, 240, 169, 150, 77, 164, 164, 164, 164, 164, 164, 273, 106, 106, 375, 375, 375, 98, 98, 48, 13, 170, 20, 170, 20, 20, 187, 187, 187, 408, 408, 20, 391, 391, 20, 184, 20, 20, 7, 188, 152, 152, 422, 99, 54, 54, 224, 400, 400, 30, 324, 324, 464, 464, 139, 139, 355, 387, 355, 240, 388, 94, 94, 398, 324, 301, 416, 32, 239, 144, 27, 180, 180, 284, 486, 428, 206, 240, 240, 314, 8, 32, 354, 354, 100, 497, 43, 8, 8, 32, 354, 354, 100, 387, 255, 251, 251, 241, 431, 106, 498, 498, 406, 313, 313, 285, 337, 464, 464, 464, 145, 315, 315, 450, 450, 450, 43, 43, 276, 276, 345, 109, 109, 403, 207, 324, 3, 301, 42, 42, 147, 456, 337, 324, 422, 422, 349, 349, 234, 234, 261, 261, 25, 148, 153, 153, 413, 413, 10, 10, 309, 398, 398, 464, 139, 139, 481, 182, 182, 387, 387, 122, 122, 236, 129, 259, 108, 377, 123, 374, 153, 153, 387, 372, 406, 406, 406, 467, 182, 375, 375, 375, 98, 98, 13, 229, 229, 20, 312, 126, 126, 23, 326, 23, 23, 101, 149, 149, 228, 20, 412, 287, 287, 460, 460, 178, 215, 458, 465, 164, 164, 442, 225, 7, 7, 217, 217, 473, 65, 476, 171, 252, 416, 239, 239, 445, 445, 485, 324, 301, 314, 325, 34, 34, 191, 191, 116, 251, 251, 251, 241, 81, 431, 367, 496, 274, 43, 8, 129, 259, 208, 208, 441, 441, 153, 497, 497, 399, 70, 70, 70, 473, 65, 264, 264, 264, 264, 468, 468, 468, 406, 337, 337, 324, 252, 24, 239, 239, 384, 449, 324, 324, 301, 26, 251, 241, 431, 367, 496, 274, 43, 416, 458, 144, 208, 100, 100, 496, 274, 122, 143, 143, 17, 420, 420, 420, 420, 420, 420, 420, 420, 420, 420, 420, 420, 420, 420, 420, 420, 420, 420, 420, 420, 420, 420, 420, 420, 420, 420, 420, 420, 420, 420, 420, 420, 420, 420, 420, 420, 420, 420, 420, 420, 420, 420, 420, 420, 420, 420, 420, 420, 420, 420, 420, 420, 420, 420, 420, 420, 420, 420, 420, 420, 420, 420, 420, 420, 420, 420, 420, 420, 420, 420, 420, 420, 420, 420, 420, 420, 420, 420, 420, 420, 420, 420, 420, 420, 420, 420, 420, 420, 420, 420, 420, 420, 420, 420, 420, 420, 420, 420, 420, 420, 420, 420, 420, 420, 420, 420, 420, 420, 420, 420, 420, 420, 420, 420, 420, 420, 420, 420, 420, 420, 420, 420, 420, 420, 420, 420, 420, 420, 420, 420, 420, 420, 420, 420, 420, 420, 420, 420, 420, 420, 420, 420, 420, 420, 420, 420, 420, 420, 420, 420, 420, 420, 420, 420, 420, 420, 420, 420, 420, 420, 420, 420, 420, 420, 420, 420, 420, 420, 420, 420, 420, 420, 420, 420, 420, 420, 420, 420, 420, 420, 420, 420, 420, 420, 420, 420, 420, 420, 420, 420, 420, 420, 420, 420, 420, 420, 420, 420, 420, 420, 420, 420, 420, 420, 420, 420, 420, 420, 420, 420, 420, 420, 420, 420, 420, 420, 420, 420, 420, 420, 420, 420, 420, 420, 420, 420, 420, 420, 420, 420, 420, 420, 420, 420, 420, 420, 420, 420, 420, 420, 420, 420, 420, 420, 420, 420, 420, 420, 420, 420, 420, 420, 420, 420, 420, 420, 420, 420, 420, 420, 420, 420, 420, 420, 420, 420, 420, 420, 420, 420, 420, 420, 420, 420, 420, 420, 420, 420, 420, 420, 420, 420, 420, 420, 420, 420, 420]

ep86
Train step Loss: [0.9473211765289307, 0.9479830861091614, 0.9473450183868408, 0.9472266435623169, 0.9473520517349243, 0.9472909569740295, 0.9473949074745178, 0.9473511576652527, 0.9473800659179688, 0.9476919174194336, 0.9472637176513672, 0.9472618699073792, 0.9473610520362854, 0.948611855506897, 0.9477761387825012, 0.9473798274993896, 0.9472994208335876, 0.9473060369491577, 0.9472887516021729, 0.9472421407699585, 0.9474334120750427, 0.9474380016326904, 0.947486400604248, 0.9473859071731567, 0.947153627872467, 0.947123646736145, 0.9473690986633301, 0.9471600651741028, 0.947333574295044, 0.9473898410797119, 0.9473699927330017, 0.9472559690475464, 0.9473751187324524, 0.9472396373748779, 0.9472488164901733, 0.9473394751548767, 0.9473881721496582, 0.9472624063491821, 0.9471944570541382, 0.9473052620887756, 0.9472599029541016, 0.947380781173706, 0.9473640322685242, 0.9473185539245605, 0.9473016262054443, 0.9473798274993896, 0.9472997188568115, 0.9473270773887634, 0.947301983833313, 0.9472751617431641, 0.9476059079170227, 0.9475908875465393, 0.9473437070846558, 0.9472658038139343, 0.9472132921218872, 0.9475188255310059, 0.947327196598053, 0.9475706219673157, 0.9473084807395935, 0.9476571679115295, 0.9473092555999756, 0.9471708536148071, 0.9473634958267212, 0.9472376108169556, 0.9472846388816833, 0.9473354816436768, 0.9475120306015015, 0.9474313259124756, 0.9471803307533264, 0.947432279586792, 0.9472694396972656, 0.9473885893821716, 0.947222113609314, 0.9472706317901611, 0.9473510384559631, 0.9472508430480957, 0.947206974029541, 0.9472397565841675, 0.9474164247512817, 0.947360634803772, 0.9472833275794983, 0.9476163983345032, 0.9474626183509827, 0.9474021792411804, 0.9471158385276794, 0.9473310112953186, 0.9471269845962524, 0.9474440217018127, 0.9472976326942444, 0.9474979639053345, 0.9472005367279053, 0.9473431706428528, 0.947327196598053, 0.9473589658737183, 0.9474153518676758, 0.9473155736923218, 0.9473097324371338, 0.9478393793106079, 0.9474295973777771, 0.9473757743835449, 0.9472697973251343, 0.9474447965621948, 0.9472019672393799, 0.9472877979278564, 0.9471500515937805]
val step Loss: [0.9491092562675476, 0.9488723278045654, 0.9503186345100403, 0.9489814043045044, 0.9487635493278503, 0.9491308927536011, 0.9492491483688354, 0.9494073987007141, 0.9551758766174316, 0.9510942697525024, 0.9491361379623413, 0.9488823413848877, 0.9489606618881226, 0.949213981628418, 0.9497355222702026, 0.950815737247467, 0.952400803565979, 0.949878990650177, 0.949123740196228, 0.9489108324050903, 0.9489891529083252, 0.9488248229026794, 0.9489334225654602, 0.9492998719215393, 0.9490513205528259, 0.9492052793502808, 0.948930561542511]
Train step Accs: [1.0, 1.0, 1.0, 1.0, 1.0, 1.0, 1.0, 1.0, 1.0, 1.0, 1.0, 1.0, 1.0, 1.0, 1.0, 1.0, 1.0, 1.0, 1.0, 1.0, 1.0, 1.0, 1.0, 1.0, 1.0, 1.0, 1.0, 1.0, 1.0, 1.0, 1.0, 1.0, 1.0, 1.0, 1.0, 1.0, 1.0, 1.0, 1.0, 1.0, 1.0, 1.0, 1.0, 1.0, 1.0, 1.0, 1.0, 1.0, 1.0, 1.0, 1.0, 1.0, 1.0, 1.0, 1.0, 1.0, 1.0, 1.0, 1.0, 1.0, 1.0, 1.0, 1.0, 1.0, 1.0, 1.0, 1.0, 1.0, 1.0, 1.0, 1.0, 1.0, 1.0, 1.0, 1.0, 1.0, 1.0, 1.0, 1.0, 1.0, 1.0, 1.0, 1.0, 1.0, 1.0, 1.0, 1.0, 1.0, 1.0, 1.0, 1.0, 1.0, 1.0, 1.0, 1.0, 1.0, 1.0, 1.0, 1.0, 1.0, 1.0, 1.0, 1.0, 1.0, 1.0]
val step Accs: [1.0, 1.0, 0.9998086124401914, 1.0, 1.0, 1.0, 1.0, 1.0, 0.9989512323020451, 0.9996449494052903, 1.0, 1.0, 1.0, 1.0, 0.9998378991732858, 0.9998368412465328, 0.999336540056394, 0.9998325799430772, 1.0, 1.0, 1.0, 1.0, 1.0, 1.0, 1.0, 1.0, 1.0]
Preds: [17, 17, 441, 441, 153, 387, 387, 240, 348, 24, 24, 384, 371, 180, 180, 486, 376, 376, 282, 263, 263, 229, 229, 247, 312, 363, 363, 363, 408, 408, 149, 228, 228, 244, 320, 7, 479, 331, 278, 301, 378, 8, 129, 354, 109, 180, 486, 486, 460, 240, 240, 35, 36, 342, 224, 351, 196, 479, 331, 331, 315, 450, 450, 450, 88, 88, 88, 109, 337, 207, 301, 143, 129, 401, 244, 354, 354, 100, 389, 425, 425, 251, 331, 106, 302, 497, 43, 43, 43, 276, 276, 276, 346, 284, 284, 284, 450, 450, 293, 43, 43, 276, 345, 109, 109, 116, 116, 10, 398, 398, 398, 374, 374, 495, 406, 406, 380, 134, 387, 387, 109, 337, 324, 219, 246, 246, 301, 301, 8, 8, 354, 354, 180, 180, 486, 486, 206, 240, 240, 314, 129, 401, 401, 32, 354, 354, 100, 153, 153, 153, 153, 182, 182, 182, 132, 132, 132, 132, 303, 303, 303, 442, 442, 442, 229, 229, 170, 170, 244, 187, 1, 1, 408, 408, 408, 244, 228, 228, 412, 287, 287, 287, 284, 284, 460, 169, 215, 35, 35, 75, 208, 441, 148, 153, 153, 387, 387, 122, 348, 64, 466, 479, 331, 242, 242, 348, 466, 466, 479, 331, 307, 307, 319, 206, 240, 251, 251, 359, 34, 166, 278, 278, 278, 173, 8, 8, 70, 70, 65, 65, 46, 46, 46, 46, 206, 215, 215, 129, 401, 354, 354, 106, 106, 180, 284, 315, 315, 315, 315, 315, 450, 450, 450, 450, 203, 250, 364, 276, 276, 345, 109, 109, 207, 324, 324, 3, 301, 26, 251, 241, 241, 431, 486, 486, 282, 282, 330, 388, 94, 303, 199, 331, 375, 375, 98, 98, 13, 244, 170, 170, 392, 63, 63, 63, 63, 63, 63, 63, 244, 40, 40, 40, 63, 40, 244, 40, 63, 244, 63, 73, 244, 244, 289, 320, 188, 188, 213, 324, 422, 416, 32, 239, 354, 114, 180, 180, 486, 460, 460, 178, 215, 129, 401, 244, 321, 354, 276, 148, 148, 153, 387, 387, 387, 387, 167, 122, 35, 321, 75, 449, 273, 180, 486, 486, 460, 240, 215, 215, 129, 239, 354, 420, 420, 213, 213, 324, 464, 464, 464, 443, 240, 314, 314, 239, 239, 239, 384, 371, 371, 324, 324, 324, 324, 324, 464, 464, 464, 180, 145, 486, 460, 240, 240, 314, 35, 75, 131, 377, 87, 32, 32, 32, 354, 354, 100, 100, 153, 153, 153, 182, 43, 43, 8, 196, 303, 303, 303, 303, 303, 48, 48, 48, 170, 244, 392, 392, 392, 392, 392, 392, 392, 392, 392, 392, 73, 73, 73, 320, 320, 188, 188, 171, 213, 246, 246, 246, 246, 246, 246, 422, 143, 36, 478, 323, 482, 224, 224, 273, 485, 374, 139, 153, 387, 387, 387, 387, 413, 348, 348, 64, 394, 32, 32, 32, 32, 239, 384, 377, 371, 444, 213, 213, 246, 434, 434, 434, 3, 335, 14, 14, 287, 145, 287, 145, 460, 240, 215, 129, 32, 354, 354, 109, 499, 486, 486, 264, 240, 285, 467, 145, 145, 486, 85, 85, 85, 468, 468, 406, 406, 467, 337, 337, 277, 301, 143, 129, 401, 244, 75, 74, 190, 190, 487, 499, 151, 487, 442, 193, 17, 17, 420, 420, 420, 420, 420, 420, 420, 420, 420, 420, 420, 420, 420, 420, 420, 420, 420, 420, 420, 420, 420, 420, 420, 420, 420, 420, 420, 420, 420, 420, 420, 420, 420, 420, 420, 420, 420, 420, 420, 420, 420, 420, 420, 420, 420, 420, 420, 420, 420, 420, 420, 420, 420, 420, 420, 420, 420, 420, 420, 420]

ep87
Train step Loss: [0.9476057887077332, 0.9472881555557251, 0.9472864866256714, 0.9472849369049072, 0.9471971988677979, 0.9474071860313416, 0.9471964240074158, 0.947478175163269, 0.9474454522132874, 0.9472278952598572, 0.9473076462745667, 0.9472519159317017, 0.9473543763160706, 0.9473550319671631, 0.9472715854644775, 0.947249174118042, 0.947243869304657, 0.9473486542701721, 0.9473322629928589, 0.9472714066505432, 0.9473658800125122, 0.9472265243530273, 0.9472766518592834, 0.9472246170043945, 0.9471836090087891, 0.9472929239273071, 0.9472873210906982, 0.9474712610244751, 0.9474694132804871, 0.947278618812561, 0.9473614692687988, 0.9472057819366455, 0.9472609162330627, 0.9471001625061035, 0.947236955165863, 0.9472581148147583, 0.9472588896751404, 0.9472091197967529, 0.9472903609275818, 0.9473215341567993, 0.9474086761474609, 0.9473600387573242, 0.9473922252655029, 0.9473051428794861, 0.9472283124923706, 0.9473715424537659, 0.9472650289535522, 0.9472041130065918, 0.9473762512207031, 0.9473786950111389, 0.9471713304519653, 0.9472180604934692, 0.9473541975021362, 0.947367250919342, 0.9473132491111755, 0.9472142457962036, 0.9473681449890137, 0.947245717048645, 0.9472684860229492, 0.9471967816352844, 0.9476304054260254, 0.9477475881576538, 0.9472395181655884, 0.9471865892410278, 0.9471818208694458, 0.9471639394760132, 0.9472057819366455, 0.9473580718040466, 0.9477789402008057, 0.9471648931503296, 0.9476575255393982, 0.9473990201950073, 0.9472740292549133, 0.9470911622047424, 0.9471445083618164, 0.9472312927246094, 0.9472599625587463, 0.9471538066864014, 0.9473567605018616, 0.9475017786026001, 0.9482651948928833, 0.947221040725708, 0.9472363591194153, 0.9472998380661011, 0.9472472667694092, 0.9471886157989502, 0.9473639726638794, 0.9472179412841797, 0.9472494721412659, 0.9478424787521362, 0.9477411508560181, 0.9475357532501221, 0.9472488164901733, 0.9473771452903748, 0.9473670721054077, 0.9473358392715454, 0.9474701285362244, 0.9472727179527283, 0.9472575187683105, 0.9474259614944458, 0.9473411440849304, 0.9471390247344971, 0.9472277164459229, 0.9471510052680969, 0.9472411870956421]
val step Loss: [0.9531633853912354, 0.9494668841362, 0.9489221572875977, 0.9492214322090149, 0.9490987062454224, 0.9490652084350586, 0.9491086006164551, 0.948750376701355, 0.9487056732177734, 0.9514415860176086, 0.9507988691329956, 0.9497972130775452, 0.9494471549987793, 0.9489521384239197, 0.9488787651062012, 0.9492536783218384, 0.9541581869125366, 0.9488241076469421, 0.9488727450370789, 0.9488013982772827, 0.9488928914070129, 0.9488247632980347, 0.9487320184707642, 0.9488247632980347, 0.9498425722122192, 0.9488425850868225, 0.9488319754600525]
Train step Accs: [1.0, 1.0, 1.0, 1.0, 1.0, 1.0, 1.0, 1.0, 1.0, 1.0, 1.0, 1.0, 1.0, 1.0, 1.0, 1.0, 1.0, 1.0, 1.0, 1.0, 1.0, 1.0, 1.0, 1.0, 1.0, 1.0, 1.0, 1.0, 1.0, 1.0, 1.0, 1.0, 1.0, 1.0, 1.0, 1.0, 1.0, 1.0, 1.0, 1.0, 1.0, 1.0, 1.0, 1.0, 1.0, 1.0, 1.0, 1.0, 1.0, 1.0, 1.0, 1.0, 1.0, 1.0, 1.0, 1.0, 1.0, 1.0, 1.0, 1.0, 1.0, 1.0, 1.0, 1.0, 1.0, 1.0, 1.0, 1.0, 1.0, 1.0, 1.0, 1.0, 1.0, 1.0, 1.0, 1.0, 1.0, 1.0, 1.0, 1.0, 1.0, 1.0, 1.0, 1.0, 1.0, 1.0, 1.0, 1.0, 1.0, 1.0, 1.0, 1.0, 1.0, 1.0, 1.0, 1.0, 1.0, 1.0, 1.0, 1.0, 1.0, 1.0, 1.0, 1.0, 1.0]
val step Accs: [0.9992310649750096, 1.0, 1.0, 1.0, 1.0, 1.0, 1.0, 1.0, 1.0, 0.9996184662342618, 0.9998051821546854, 0.9998466963053809, 0.9998353367363741, 1.0, 1.0, 1.0, 0.9990202482037883, 1.0, 1.0, 1.0, 1.0, 1.0, 1.0, 1.0, 0.9998241603657464, 1.0, 1.0]
Preds: [17, 30, 340, 340, 116, 10, 479, 479, 65, 65, 284, 284, 481, 293, 293, 43, 43, 43, 364, 364, 276, 276, 346, 346, 284, 284, 284, 284, 284, 206, 206, 293, 43, 43, 364, 276, 276, 276, 346, 297, 497, 497, 43, 349, 129, 401, 205, 205, 208, 441, 441, 153, 153, 153, 387, 387, 387, 387, 29, 29, 337, 337, 337, 152, 178, 143, 129, 401, 208, 208, 208, 441, 441, 387, 387, 387, 274, 416, 8, 32, 32, 32, 354, 354, 180, 180, 376, 376, 376, 376, 460, 240, 385, 233, 36, 155, 155, 155, 25, 397, 494, 32, 32, 219, 219, 219, 464, 464, 93, 403, 403, 171, 171, 171, 246, 246, 246, 246, 246, 246, 246, 19, 48, 48, 48, 20, 170, 170, 170, 20, 187, 187, 187, 408, 408, 391, 20, 391, 73, 73, 20, 20, 320, 7, 251, 241, 331, 431, 486, 486, 460, 460, 215, 35, 35, 75, 77, 164, 342, 224, 183, 485, 485, 464, 139, 139, 387, 387, 387, 122, 8, 32, 239, 75, 354, 354, 441, 441, 276, 346, 346, 265, 265, 265, 85, 85, 167, 385, 32, 32, 239, 82, 108, 107, 395, 106, 106, 106, 153, 387, 387, 387, 85, 146, 207, 207, 207, 246, 246, 246, 246, 246, 19, 422, 129, 401, 401, 20, 445, 445, 351, 278, 403, 171, 171, 171, 219, 219, 219, 219, 477, 152, 422, 186, 349, 205, 205, 401, 20, 261, 261, 397, 441, 345, 374, 374, 213, 213, 213, 213, 422, 99, 338, 338, 338, 395, 395, 459, 459, 120, 385, 385, 233, 20, 75, 208, 27, 487, 441, 442, 219, 464, 464, 355, 355, 355, 355, 167, 167, 226, 80, 80, 80, 20, 80, 80, 7, 219, 219, 422, 422, 162, 232, 232, 68, 68, 68, 115, 267, 267, 444, 278, 26, 251, 241, 81, 403, 403, 403, 207, 19, 420, 420, 420, 420, 420, 420, 420, 420, 420, 420, 420, 420, 420, 420, 420, 420, 420, 420, 420, 420, 420, 420, 420, 420, 420, 420, 420, 420, 420, 420, 420, 420, 420, 420, 420, 420, 420, 420, 420, 420, 420, 420, 420, 420, 420, 420, 420, 420, 420, 420, 420, 420, 420, 420, 420, 420, 420, 420, 420, 420, 420, 420, 420, 420, 420, 420, 420, 420, 420, 420, 420, 420, 420, 420, 420, 420, 420, 420, 420, 420, 420, 420, 420, 420, 420, 420, 420, 420, 420, 420, 420, 420, 420, 420, 420, 420, 420, 420, 420, 420, 420, 420, 420, 420, 420, 420, 420, 420, 420, 420, 420, 420, 420, 420, 420, 420, 420, 420, 420, 420, 420, 420, 420, 420, 420, 420, 420, 420, 420, 420, 420, 420, 420, 420, 420, 420, 420, 420, 420, 420, 420, 420, 420, 420, 420, 420, 420, 420, 420, 420, 420, 420, 420, 420, 420, 420, 420, 420, 420, 420, 420, 420, 420, 420, 420, 420, 420, 420, 420, 420, 420, 420, 420, 420, 420, 420, 420, 420, 420, 420, 420, 420, 420, 420, 420, 420, 420, 420, 420, 420, 420, 420, 420, 420, 420, 420, 420, 420, 420, 420, 420, 420, 420, 420, 420, 420, 420, 420, 420, 420, 420, 420, 420, 420, 420, 420, 420, 420, 420, 420, 420, 420, 420, 420, 420, 420, 420, 420, 420, 420, 420, 420, 420, 420, 420, 420, 420, 420, 420, 420, 420, 420, 420, 420, 420, 420, 420, 420, 420, 420, 420, 420, 420, 420, 420, 420, 420, 420, 420, 420, 420, 420, 420, 420, 420, 420, 420, 420, 420, 420, 420, 420, 420, 420, 420, 420, 420, 420, 420, 420, 420, 420, 420, 420, 420, 420, 420, 420, 420]

ep88
Train step Loss: [0.94707190990448, 0.947171151638031, 0.9474965333938599, 0.9474233388900757, 0.947241485118866, 0.9473395943641663, 0.9473481178283691, 0.9472242593765259, 0.9475716352462769, 0.9472638368606567, 0.9474616050720215, 0.9472314119338989, 0.9475671052932739, 0.9473591446876526, 0.9472303986549377, 0.9473767280578613, 0.9473694562911987, 0.947361171245575, 0.9473707675933838, 0.9472302794456482, 0.9472957849502563, 0.9472475051879883, 0.9471089839935303, 0.947254478931427, 0.947745144367218, 0.9473097920417786, 0.9473056793212891, 0.9471662044525146, 0.9473366737365723, 0.9473861455917358, 0.9472225308418274, 0.9472249746322632, 0.9471386671066284, 0.9472594857215881, 0.9473247528076172, 0.9470744132995605, 0.9472643733024597, 0.9472764134407043, 0.9475554823875427, 0.9471613168716431, 0.9472554922103882, 0.9472469091415405, 0.9471352100372314, 0.9471948146820068, 0.947348952293396, 0.9473077058792114, 0.9471882581710815, 0.9472336769104004, 0.9472520351409912, 0.9473407864570618, 0.9472581148147583, 0.9472331404685974, 0.9477787613868713, 0.9472478628158569, 0.9473126530647278, 0.9470722675323486, 0.9471184015274048, 0.9472285509109497, 0.9472717046737671, 0.9473087787628174, 0.9472420811653137, 0.9471792578697205, 0.9473162293434143, 0.947535514831543, 0.9472942352294922, 0.9480093717575073, 0.9471568465232849, 0.9471794962882996, 0.9471895098686218, 0.9471687078475952, 0.9470887184143066, 0.9472891688346863, 0.9472244381904602, 0.9472429156303406, 0.9482005834579468, 0.9473413228988647, 0.9472178220748901, 0.947242021560669, 0.9472801685333252, 0.9471388459205627, 0.9471397399902344, 0.9472593665122986, 0.9472421407699585, 0.9473100900650024, 0.9471534490585327, 0.947208821773529, 0.9472820162773132, 0.9471033811569214, 0.9471645951271057, 0.9473572969436646, 0.9472160339355469, 0.9472581148147583, 0.9474863409996033, 0.947760283946991, 0.9472508430480957, 0.9472674131393433, 0.9472773671150208, 0.9472135305404663, 0.9472755193710327, 0.9473269581794739, 0.9472264051437378, 0.9473229646682739, 0.9472582340240479, 0.9471601843833923, 0.9472859501838684]
val step Loss: [0.9490998983383179, 0.9489853978157043, 0.9487563967704773, 0.9489837288856506, 0.9505864977836609, 0.9490162134170532, 0.9529955387115479, 0.9486416578292847, 0.9501528143882751, 0.9489321708679199, 0.9502590298652649, 0.9489802122116089, 0.9490981698036194, 0.9492642283439636, 0.9501045942306519, 0.94914311170578, 0.9496353268623352, 0.949018120765686, 0.9502797722816467, 0.9552638530731201, 0.9489827156066895, 0.9490134119987488, 0.9491108059883118, 0.9491895437240601, 0.9490559101104736, 0.9489243030548096, 0.9485747814178467]
Train step Accs: [1.0, 1.0, 1.0, 1.0, 1.0, 1.0, 1.0, 1.0, 1.0, 1.0, 1.0, 1.0, 1.0, 1.0, 1.0, 1.0, 1.0, 1.0, 1.0, 1.0, 1.0, 1.0, 1.0, 1.0, 1.0, 1.0, 1.0, 1.0, 1.0, 1.0, 1.0, 1.0, 1.0, 1.0, 1.0, 1.0, 1.0, 1.0, 1.0, 1.0, 1.0, 1.0, 1.0, 1.0, 1.0, 1.0, 1.0, 1.0, 1.0, 1.0, 1.0, 1.0, 1.0, 1.0, 1.0, 1.0, 1.0, 1.0, 1.0, 1.0, 1.0, 1.0, 1.0, 1.0, 1.0, 1.0, 1.0, 1.0, 1.0, 1.0, 1.0, 1.0, 1.0, 1.0, 1.0, 1.0, 1.0, 1.0, 1.0, 1.0, 1.0, 1.0, 1.0, 1.0, 1.0, 1.0, 1.0, 1.0, 1.0, 1.0, 1.0, 1.0, 1.0, 1.0, 1.0, 1.0, 1.0, 1.0, 1.0, 1.0, 1.0, 1.0, 1.0, 1.0, 1.0]
val step Accs: [1.0, 1.0, 1.0, 1.0, 0.9997001499250375, 1.0, 0.9992916592881176, 1.0, 0.9998160073597057, 1.0, 0.9998458455372283, 1.0, 1.0, 1.0, 0.9998409416255766, 1.0, 1.0, 1.0, 0.9998001998001999, 0.9988751406074241, 1.0, 1.0, 1.0, 1.0, 1.0, 1.0, 1.0]
Preds: [17, 17, 217, 217, 473, 473, 65, 443, 443, 443, 171, 171, 252, 24, 239, 239, 239, 107, 395, 180, 84, 84, 355, 355, 98, 98, 98, 263, 229, 229, 82, 247, 312, 126, 126, 326, 326, 326, 101, 101, 149, 228, 320, 82, 7, 473, 473, 65, 476, 171, 252, 143, 143, 36, 449, 449, 395, 324, 324, 252, 325, 325, 34, 324, 324, 324, 301, 301, 251, 251, 251, 331, 431, 84, 496, 274, 274, 43, 8, 8, 239, 354, 208, 441, 441, 98, 98, 98, 48, 48, 417, 170, 82, 244, 392, 392, 392, 244, 312, 312, 187, 23, 23, 260, 260, 260, 391, 391, 391, 435, 435, 435, 435, 73, 73, 73, 244, 287, 287, 287, 284, 284, 293, 43, 43, 276, 276, 276, 346, 387, 387, 387, 406, 406, 406, 467, 337, 337, 278, 258, 31, 342, 342, 342, 224, 224, 224, 494, 494, 494, 203, 399, 217, 10, 473, 473, 398, 398, 286, 286, 286, 468, 406, 406, 380, 380, 499, 284, 426, 375, 98, 98, 98, 98, 13, 13, 414, 170, 47, 392, 392, 102, 102, 244, 320, 7, 7, 7, 217, 217, 473, 473, 264, 264, 264, 264, 264, 468, 468, 406, 406, 337, 337, 337, 324, 301, 359, 251, 359, 81, 444, 324, 324, 324, 301, 301, 251, 251, 241, 241, 431, 106, 84, 293, 497, 416, 8, 239, 144, 27, 106, 387, 206, 240, 385, 36, 36, 342, 224, 224, 273, 355, 355, 355, 420, 420, 420, 420, 420, 420, 420, 420, 420, 420, 420, 420, 420, 420, 420, 420, 420, 420, 420, 420, 420, 420, 420, 420, 420, 420, 420, 420, 420, 420, 420, 420, 420, 420, 420, 420, 420, 420, 420, 420, 420, 420, 420, 420, 420, 420, 420, 420, 420, 420, 420, 420, 420, 420, 420, 420, 420, 420, 420, 420, 420, 420, 420, 420, 420, 420, 420, 420, 420, 420, 420, 420, 420, 420, 420, 420, 420, 420, 420, 420, 420, 420, 420, 420, 420, 420, 420, 420, 420, 420, 420, 420, 420, 420, 420, 420, 420, 420, 420, 420, 420, 420, 420, 420, 420, 420, 420, 420, 420, 420, 420, 420, 420, 420, 420, 420, 420, 420, 420, 420, 420, 420, 420, 420, 420, 420, 420, 420, 420, 420, 420, 420, 420, 420, 420, 420, 420, 420, 420, 420, 420, 420, 420, 420, 420, 420, 420, 420, 420, 420, 420, 420, 420, 420, 420, 420, 420, 420, 420, 420, 420, 420, 420, 420, 420, 420, 420, 420, 420, 420, 420, 420, 420, 420, 420, 420, 420, 420, 420, 420, 420, 420, 420, 420, 420, 420, 420, 420, 420, 420, 420, 420, 420, 420, 420, 420, 420, 420, 420, 420, 420, 420, 420, 420, 420, 420, 420, 420, 420, 420, 420, 420, 420, 420, 420, 420, 420, 420, 420, 420, 420, 420, 420, 420, 420, 420, 420, 420, 420, 420, 420, 420, 420, 420, 420, 420, 420, 420, 420, 420, 420, 420, 420, 420, 420, 420, 420, 420, 420, 420, 420, 420, 420, 420, 420, 420, 420, 420, 420, 420, 420, 420, 420, 420, 420, 420, 420, 420, 420, 420, 420, 420, 420, 420, 420, 420, 420, 420, 420, 420, 420, 420, 420, 420, 420, 420, 420, 420, 420, 420, 420, 420, 420, 420, 420, 420, 420, 420, 420, 420, 420, 420, 420, 420, 420, 420, 420, 420, 420, 420, 420, 420, 420, 420, 420, 420, 420, 420, 420, 420, 420, 420, 420, 420, 420, 420, 420, 420, 420, 420, 420, 420, 420, 420, 420, 420, 420, 420, 420, 420, 420, 420, 420, 420, 420, 420, 420, 420, 420, 420, 420, 420, 420, 420, 420, 420]

ep89
Train step Loss: [0.9475027918815613, 0.9472501277923584, 0.9472236037254333, 0.947288990020752, 0.9471667408943176, 0.947058916091919, 0.9471995234489441, 0.9472661018371582, 0.947117030620575, 0.9472689628601074, 0.947282075881958, 0.9472311735153198, 0.9471989870071411, 0.9472182989120483, 0.9473089575767517, 0.94701087474823, 0.9474864602088928, 0.9472431540489197, 0.947254478931427, 0.9471946358680725, 0.9473028182983398, 0.9472067356109619, 0.9472564458847046, 0.9472191333770752, 0.9472478628158569, 0.9472305178642273, 0.9472070336341858, 0.947292685508728, 0.9472166895866394, 0.9472522139549255, 0.9472252130508423, 0.9470308423042297, 0.9471882581710815, 0.9473331570625305, 0.9472492337226868, 0.9472915530204773, 0.9471399784088135, 0.9475555419921875, 0.9472822546958923, 0.9472097754478455, 0.9472790956497192, 0.9473161101341248, 0.9471522569656372, 0.9470146894454956, 0.9474472403526306, 0.9471728801727295, 0.9471503496170044, 0.947263777256012, 0.9471176862716675, 0.9470577836036682, 0.9471785426139832, 0.9478936195373535, 0.9472759962081909, 0.9472638368606567, 0.947350025177002, 0.9471428394317627, 0.9473720192909241, 0.9472272396087646, 0.947201132774353, 0.9471886157989502, 0.947310209274292, 0.9471291303634644, 0.9475398063659668, 0.9474222660064697, 0.9472057223320007, 0.9472219347953796, 0.9472018480300903, 0.9476455450057983, 0.9473458528518677, 0.9473273754119873, 0.9471381306648254, 0.9472362399101257, 0.9471255540847778, 0.9472817778587341, 0.9472150206565857, 0.9483259916305542, 0.9471401572227478, 0.9472444653511047, 0.9472957849502563, 0.9471377730369568, 0.9470504522323608, 0.9471702575683594, 0.9471614956855774, 0.9473155736923218, 0.9473291635513306, 0.9472435712814331, 0.9474539756774902, 0.9472667574882507, 0.9471663236618042, 0.9474137425422668, 0.947269856929779, 0.9471937417984009, 0.9473247528076172, 0.9473061561584473, 0.9473389983177185, 0.9473649859428406, 0.9474533200263977, 0.947147011756897, 0.9471918940544128, 0.9470474720001221, 0.9471622109413147, 0.9471205472946167, 0.9474128484725952, 0.9471554160118103, 0.9472939968109131]
val step Loss: [0.9493179321289062, 0.9491141438484192, 0.9487835764884949, 0.9489313960075378, 0.9489044547080994, 0.9491973519325256, 0.9490042924880981, 0.951346755027771, 0.9491576552391052, 0.9489928483963013, 0.9489409923553467, 0.9491472840309143, 0.948803186416626, 0.9491628408432007, 0.9490724802017212, 0.9502068758010864, 0.9505418539047241, 0.9490615129470825, 0.9491380453109741, 0.9489680528640747, 0.9492747783660889, 0.9489687085151672, 0.9590140581130981, 0.9499726295471191, 0.9488372206687927, 0.9489967226982117, 0.9484925866127014]
Train step Accs: [1.0, 1.0, 1.0, 1.0, 1.0, 1.0, 1.0, 1.0, 1.0, 1.0, 1.0, 1.0, 1.0, 1.0, 1.0, 1.0, 1.0, 1.0, 1.0, 1.0, 1.0, 1.0, 1.0, 1.0, 1.0, 1.0, 1.0, 1.0, 1.0, 1.0, 1.0, 1.0, 1.0, 1.0, 1.0, 1.0, 1.0, 1.0, 1.0, 1.0, 1.0, 1.0, 1.0, 1.0, 1.0, 1.0, 1.0, 1.0, 1.0, 1.0, 1.0, 1.0, 1.0, 1.0, 1.0, 1.0, 1.0, 1.0, 1.0, 1.0, 1.0, 1.0, 1.0, 1.0, 1.0, 1.0, 1.0, 1.0, 1.0, 1.0, 1.0, 1.0, 1.0, 1.0, 1.0, 1.0, 1.0, 1.0, 1.0, 1.0, 1.0, 1.0, 1.0, 1.0, 1.0, 1.0, 1.0, 1.0, 1.0, 1.0, 1.0, 1.0, 1.0, 1.0, 1.0, 1.0, 1.0, 1.0, 1.0, 1.0, 1.0, 1.0, 1.0, 1.0, 1.0]
val step Accs: [1.0, 1.0, 1.0, 1.0, 1.0, 1.0, 1.0, 0.9996294237539374, 1.0, 1.0, 1.0, 1.0, 1.0, 1.0, 1.0, 0.9998338042213728, 0.9996866186148543, 1.0, 1.0, 1.0, 1.0, 1.0, 0.9981283922889762, 0.9998435054773083, 1.0, 1.0, 1.0]
Preds: [17, 17, 17, 287, 284, 284, 284, 293, 43, 43, 364, 364, 276, 276, 346, 284, 284, 284, 284, 284, 206, 206, 169, 215, 35, 244, 205, 205, 205, 261, 25, 437, 284, 265, 265, 85, 388, 348, 64, 64, 212, 398, 324, 324, 324, 324, 324, 246, 246, 246, 252, 32, 239, 239, 82, 384, 371, 371, 213, 213, 213, 422, 236, 239, 259, 310, 107, 107, 395, 395, 286, 464, 464, 464, 315, 315, 315, 315, 450, 450, 450, 43, 43, 364, 276, 276, 138, 138, 182, 182, 182, 375, 98, 98, 197, 401, 80, 244, 244, 208, 441, 441, 153, 153, 153, 153, 497, 497, 387, 81, 81, 337, 41, 324, 324, 3, 143, 401, 244, 244, 192, 188, 188, 278, 278, 240, 143, 129, 239, 384, 34, 191, 191, 324, 178, 143, 458, 401, 244, 320, 354, 109, 41, 41, 171, 171, 19, 454, 229, 229, 170, 392, 392, 392, 392, 244, 244, 73, 244, 73, 244, 320, 287, 287, 287, 284, 481, 293, 43, 276, 276, 346, 284, 405, 405, 206, 169, 215, 35, 401, 244, 320, 354, 106, 106, 428, 428, 240, 388, 94, 64, 473, 398, 324, 324, 324, 213, 324, 422, 239, 239, 239, 384, 371, 371, 213, 213, 422, 143, 239, 239, 310, 310, 107, 395, 395, 278, 278, 385, 143, 233, 401, 401, 320, 29, 374, 374, 132, 185, 186, 186, 323, 323, 68, 68, 68, 160, 160, 112, 17, 17, 420, 420, 420, 420, 420, 420, 420, 420, 420, 420, 420, 420, 420, 420, 420, 420, 420, 420, 420, 420, 420, 420, 420, 420, 420, 420, 420, 420, 420, 420, 420, 420, 420, 420, 420, 420, 420, 420, 420, 420, 420, 420, 420, 420, 420, 420, 420, 420, 420, 420, 420, 420, 420, 420, 420, 420, 420, 420, 420, 420, 420, 420, 420, 420, 420, 420, 420, 420, 420, 420, 420, 420, 420, 420, 420, 420, 420, 420, 420, 420, 420, 420, 420, 420, 420, 420, 420, 420, 420, 420, 420, 420, 420, 420, 420, 420, 420, 420, 420, 420, 420, 420, 420, 420, 420, 420, 420, 420, 420, 420, 420, 420, 420, 420, 420, 420, 420, 420, 420, 420, 420, 420, 420, 420, 420, 420, 420, 420, 420, 420, 420, 420, 420, 420, 420, 420, 420, 420, 420, 420, 420, 420, 420, 420, 420, 420, 420, 420, 420, 420, 420, 420, 420, 420, 420, 420, 420, 420, 420, 420, 420, 420, 420, 420, 420, 420, 420, 420, 420, 420, 420, 420, 420, 420, 420, 420, 420, 420, 420, 420, 420, 420, 420, 420, 420, 420, 420, 420, 420, 420, 420, 420, 420, 420, 420, 420, 420, 420, 420, 420, 420, 420, 420, 420, 420, 420, 420, 420, 420, 420, 420, 420, 420, 420, 420, 420, 420, 420, 420, 420, 420, 420, 420, 420, 420, 420, 420, 420, 420, 420, 420, 420, 420, 420, 420, 420, 420, 420, 420, 420, 420, 420, 420, 420, 420, 420, 420, 420, 420, 420, 420, 420, 420, 420, 420, 420, 420, 420, 420, 420, 420, 420, 420, 420, 420, 420, 420, 420, 420, 420, 420, 420, 420, 420, 420, 420, 420, 420, 420, 420, 420, 420, 420, 420, 420, 420, 420, 420, 420, 420, 420, 420, 420, 420, 420, 420, 420, 420, 420, 420, 420, 420, 420, 420, 420, 420, 420, 420, 420, 420, 420, 420, 420, 420, 420, 420, 420, 420, 420, 420, 420, 420, 420, 420, 420, 420, 420, 420, 420, 420, 420, 420, 420, 420, 420, 420, 420, 420, 420, 420, 420, 420, 420, 420, 420, 420, 420, 420, 420, 420, 420, 420, 420, 420, 420, 420, 420, 420, 420]

ep90
Train step Loss: [0.9472100734710693, 0.9473376274108887, 0.9474638104438782, 0.9471621513366699, 0.9473071694374084, 0.947317898273468, 0.9472603797912598, 0.9472262859344482, 0.9474678635597229, 0.9474117755889893, 0.947248637676239, 0.9471579194068909, 0.9471042156219482, 0.9471890330314636, 0.9472362399101257, 0.9473665356636047, 0.9470649361610413, 0.9472352266311646, 0.9471638798713684, 0.9472227692604065, 0.9472041130065918, 0.9473074674606323, 0.9473519325256348, 0.9472733736038208, 0.9472170472145081, 0.9476848244667053, 0.9471271634101868, 0.9471707344055176, 0.9473190307617188, 0.9471942186355591, 0.9472812414169312, 0.9473643898963928, 0.9471189379692078, 0.9472402334213257, 0.946998655796051, 0.947136640548706, 0.9471871256828308, 0.9470973014831543, 0.9472838044166565, 0.9472139477729797, 0.9472364783287048, 0.9472782015800476, 0.9473374485969543, 0.9472864270210266, 0.9472165107727051, 0.947136640548706, 0.9471403956413269, 0.9473069310188293, 0.9471326470375061, 0.9473296403884888, 0.9469610452651978, 0.9474419355392456, 0.9470353126525879, 0.947189211845398, 0.947009265422821, 0.9470864534378052, 0.9474694728851318, 0.9470931887626648, 0.9472740888595581, 0.9471463561058044, 0.9470031261444092, 0.9474220275878906, 0.9471406936645508, 0.9472699761390686, 0.9471091032028198, 0.9471262693405151, 0.9471908211708069, 0.9472740888595581, 0.9471527934074402, 0.9472798109054565, 0.9471985697746277, 0.9471435546875, 0.9478513598442078, 0.9470875859260559, 0.947120726108551, 0.9470943808555603, 0.9472048282623291, 0.9484336376190186, 0.9471248388290405, 0.947216808795929, 0.9471926093101501, 0.9471185207366943, 0.9473571181297302, 0.9472860097885132, 0.947179913520813, 0.947235107421875, 0.9471701383590698, 0.9470582008361816, 0.9472717046737671, 0.9473859071731567, 0.9471064805984497, 0.9474167823791504, 0.9470545649528503, 0.9471310973167419, 0.9470018744468689, 0.9471133351325989, 0.9471977353096008, 0.9472600221633911, 0.9470517635345459, 0.9470980763435364, 0.9472573399543762, 0.9472282528877258, 0.9471893310546875, 0.9473576545715332, 0.9471091032028198]
val step Loss: [0.9487429857254028, 0.9489734172821045, 0.9488293528556824, 0.948828935623169, 0.9523771405220032, 0.9486950635910034, 0.9537684917449951, 0.9487535357475281, 0.9487901329994202, 0.9488484859466553, 0.9502975344657898, 0.9487906694412231, 0.949675440788269, 0.9503483176231384, 0.9491174221038818, 0.9490801095962524, 0.9487203359603882, 0.9485794305801392, 0.9493364691734314, 0.9486359357833862, 0.950403094291687, 0.9487068057060242, 0.9505406618118286, 0.9489856958389282, 0.9485027194023132, 0.9485812783241272, 0.9487320780754089]
Train step Accs: [1.0, 1.0, 1.0, 1.0, 1.0, 1.0, 1.0, 1.0, 1.0, 1.0, 1.0, 1.0, 1.0, 1.0, 1.0, 1.0, 1.0, 1.0, 1.0, 1.0, 1.0, 1.0, 1.0, 1.0, 1.0, 1.0, 1.0, 1.0, 1.0, 1.0, 1.0, 1.0, 1.0, 1.0, 1.0, 1.0, 1.0, 1.0, 1.0, 1.0, 1.0, 1.0, 1.0, 1.0, 1.0, 1.0, 1.0, 1.0, 1.0, 1.0, 1.0, 1.0, 1.0, 1.0, 1.0, 1.0, 1.0, 1.0, 1.0, 1.0, 1.0, 1.0, 1.0, 1.0, 1.0, 1.0, 1.0, 1.0, 1.0, 1.0, 1.0, 1.0, 1.0, 1.0, 1.0, 1.0, 1.0, 1.0, 1.0, 1.0, 1.0, 1.0, 1.0, 1.0, 1.0, 1.0, 1.0, 1.0, 1.0, 1.0, 1.0, 1.0, 1.0, 1.0, 1.0, 1.0, 1.0, 1.0, 1.0, 1.0, 1.0, 1.0, 1.0, 1.0, 1.0]
val step Accs: [1.0, 1.0, 1.0, 1.0, 0.9993287464339654, 1.0, 0.9990786240786241, 1.0, 1.0, 1.0, 0.9998126288176878, 1.0, 0.9998259961719158, 0.9998147462022972, 1.0, 1.0, 1.0, 1.0, 1.0, 1.0, 0.9996751137102015, 1.0, 0.9997977346278317, 1.0, 1.0, 1.0, 1.0]
Preds: [17, 17, 359, 371, 371, 278, 278, 330, 251, 251, 251, 479, 331, 331, 84, 16, 16, 274, 274, 438, 219, 219, 219, 219, 219, 219, 246, 246, 246, 246, 246, 19, 19, 454, 229, 414, 414, 392, 392, 392, 73, 73, 73, 73, 209, 287, 287, 145, 460, 460, 460, 178, 35, 75, 36, 108, 224, 494, 494, 191, 236, 239, 384, 371, 371, 420, 324, 236, 314, 239, 239, 384, 371, 180, 180, 315, 315, 315, 315, 450, 450, 450, 43, 43, 364, 276, 276, 276, 346, 346, 284, 284, 206, 206, 206, 240, 251, 251, 251, 241, 431, 486, 113, 206, 167, 215, 349, 321, 155, 155, 155, 441, 148, 387, 88, 337, 337, 324, 324, 324, 301, 203, 399, 217, 70, 70, 138, 138, 138, 138, 375, 98, 98, 13, 13, 170, 392, 392, 392, 392, 392, 392, 73, 73, 244, 287, 287, 111, 460, 460, 385, 35, 36, 164, 164, 224, 351, 420, 464, 180, 315, 113, 450, 293, 43, 88, 345, 109, 403, 171, 171, 171, 252, 252, 24, 239, 384, 34, 191, 340, 116, 116, 94, 479, 331, 84, 496, 496, 236, 32, 239, 321, 75, 445, 445, 213, 324, 422, 314, 239, 384, 371, 278, 258, 31, 31, 68, 68, 68, 224, 224, 444, 444, 324, 314, 325, 325, 34, 166, 324, 301, 236, 285, 285, 106, 106, 106, 499, 428, 428, 85, 146, 146, 37, 233, 36, 270, 66, 68, 68, 68, 97, 221, 219, 219, 219, 219, 464, 464, 120, 207, 207, 207, 37, 233, 170, 170, 392, 392, 392, 392, 244, 392, 63, 63, 63, 73, 73, 244, 289, 320, 7, 219, 219, 219, 152, 152, 139, 139, 139, 293, 293, 274, 122, 219, 239, 239, 310, 107, 395, 395, 459, 120, 154, 143, 129, 259, 75, 445, 445, 445, 445, 464, 180, 315, 315, 315, 450, 450, 293, 43, 43, 345, 109, 337, 41, 324, 301, 422, 143, 259, 321, 377, 397, 123, 43, 43, 43, 276, 345, 387, 387, 387, 146, 219, 219, 219, 324, 324, 422, 99, 338, 338, 338, 338, 338, 395, 400, 286, 286, 286, 171, 171, 3, 3, 219, 219, 464, 464, 464, 180, 355, 355, 240, 271, 35, 77, 342, 323, 224, 273, 302, 302, 375, 215, 233, 233, 401, 244, 321, 7, 48, 48, 170, 392, 73, 392, 244, 320, 354, 333, 374, 19, 19, 17, 17, 420, 420, 420, 420, 420, 420, 420, 420, 420, 420, 420, 420, 420, 420, 420, 420, 420, 420, 420, 420, 420, 420, 420, 420, 420, 420, 420, 420, 420, 420, 420, 420, 420, 420, 420, 420, 420, 420, 420, 420, 420, 420, 420, 420, 420, 420, 420, 420, 420, 420, 420, 420, 420, 420, 420, 420, 420, 420, 420, 420, 420, 420, 420, 420, 420, 420, 420, 420, 420, 420, 420, 420, 420, 420, 420, 420, 420, 420, 420, 420, 420, 420, 420, 420, 420, 420, 420, 420, 420, 420, 420, 420, 420, 420, 420, 420, 420, 420, 420, 420, 420, 420, 420, 420, 420, 420, 420, 420, 420, 420, 420, 420, 420, 420, 420, 420, 420, 420, 420, 420, 420, 420, 420, 420, 420, 420, 420, 420, 420, 420, 420, 420, 420, 420, 420, 420, 420, 420, 420, 420, 420, 420, 420, 420, 420, 420, 420, 420, 420, 420, 420, 420, 420, 420, 420, 420, 420, 420, 420, 420, 420, 420, 420, 420, 420, 420, 420, 420, 420, 420, 420, 420, 420, 420, 420, 420, 420, 420, 420, 420, 420, 420, 420, 420, 420, 420, 420, 420, 420, 420, 420, 420, 420, 420, 420, 420, 420, 420, 420, 420, 420, 420, 420, 420]

ep91
Train step Loss: [0.9471184015274048, 0.9472094178199768, 0.947085440158844, 0.9471176266670227, 0.9472203254699707, 0.9472177028656006, 0.9471597075462341, 0.947430431842804, 0.9471028447151184, 0.9471585154533386, 0.9469630718231201, 0.9471611976623535, 0.9471530914306641, 0.9470462799072266, 0.9471113085746765, 0.9473018646240234, 0.9472440481185913, 0.9471166133880615, 0.9472019076347351, 0.9479013085365295, 0.9473752379417419, 0.9470580220222473, 0.94722580909729, 0.9470920562744141, 0.9472217559814453, 0.9472904205322266, 0.9471210241317749, 0.9473289251327515, 0.9472399353981018, 0.9473499059677124, 0.9472039341926575, 0.9470892548561096, 0.9474411010742188, 0.9471033215522766, 0.9472270011901855, 0.9470527768135071, 0.947384238243103, 0.9471257925033569, 0.9471890330314636, 0.9471492171287537, 0.9471786618232727, 0.9472160339355469, 0.9470310211181641, 0.9470484256744385, 0.9471272230148315, 0.9470911622047424, 0.9471743702888489, 0.9471641778945923, 0.9471426606178284, 0.9472004771232605, 0.9476612210273743, 0.947273850440979, 0.9473244547843933, 0.9472339749336243, 0.9469719529151917, 0.9471726417541504, 0.947136640548706, 0.9471898078918457, 0.9471254348754883, 0.9471570253372192, 0.9470856785774231, 0.947134256362915, 0.9471163749694824, 0.9471886157989502, 0.9472016096115112, 0.9473000168800354, 0.9472223520278931, 0.9471327662467957, 0.9472362995147705, 0.9470309019088745, 0.9471018314361572, 0.9470658898353577, 0.947215735912323, 0.9472214579582214, 0.9471021890640259, 0.9473428726196289, 0.9472584128379822, 0.9471892714500427, 0.9471433758735657, 0.947141170501709, 0.9472417235374451, 0.9476088285446167, 0.947048008441925, 0.9472516179084778, 0.9471293687820435, 0.947715699672699, 0.9473278522491455, 0.9470378756523132, 0.9473268985748291, 0.9470701813697815, 0.9471790194511414, 0.9469556212425232, 0.9471567869186401, 0.9470618963241577, 0.947256326675415, 0.9471070170402527, 0.9471560716629028, 0.9477063417434692, 0.94720458984375, 0.9474077820777893, 0.9470778107643127, 0.9473070502281189, 0.9471504092216492, 0.9471049308776855, 0.9470458626747131]
val step Loss: [0.9484971761703491, 0.9487450122833252, 0.9497202038764954, 0.9489462375640869, 0.9487799406051636, 0.9542112946510315, 0.9488945007324219, 0.951424777507782, 0.9487359523773193, 0.9486794471740723, 0.9487671852111816, 0.9486751556396484, 0.9497734904289246, 0.9487143158912659, 0.9486434459686279, 0.9511879682540894, 0.9487190246582031, 0.9489006996154785, 0.9487259984016418, 0.9487993121147156, 0.9487764835357666, 0.9525054097175598, 0.9485036134719849, 0.9487307667732239, 0.9487417936325073, 0.9484933614730835, 0.9485127329826355]
Train step Accs: [1.0, 1.0, 1.0, 1.0, 1.0, 1.0, 1.0, 1.0, 1.0, 1.0, 1.0, 1.0, 1.0, 1.0, 1.0, 1.0, 1.0, 1.0, 1.0, 1.0, 1.0, 1.0, 1.0, 1.0, 1.0, 1.0, 1.0, 1.0, 1.0, 1.0, 1.0, 1.0, 1.0, 1.0, 1.0, 1.0, 1.0, 1.0, 1.0, 1.0, 1.0, 1.0, 1.0, 1.0, 1.0, 1.0, 1.0, 1.0, 1.0, 1.0, 1.0, 1.0, 1.0, 1.0, 1.0, 1.0, 1.0, 1.0, 1.0, 1.0, 1.0, 1.0, 1.0, 1.0, 1.0, 1.0, 1.0, 1.0, 1.0, 1.0, 1.0, 1.0, 1.0, 1.0, 1.0, 1.0, 1.0, 1.0, 1.0, 1.0, 1.0, 1.0, 1.0, 1.0, 1.0, 1.0, 1.0, 1.0, 1.0, 1.0, 1.0, 1.0, 1.0, 1.0, 1.0, 1.0, 1.0, 1.0, 1.0, 1.0, 1.0, 1.0, 1.0, 1.0, 1.0]
val step Accs: [1.0, 1.0, 0.9998473282442748, 1.0, 1.0, 0.9989557953358859, 1.0, 0.9996017522899243, 1.0, 1.0, 1.0, 1.0, 0.9998150887573964, 1.0, 1.0, 0.9996266567108456, 1.0, 1.0, 1.0, 1.0, 1.0, 0.9992895204262877, 1.0, 1.0, 1.0, 1.0, 1.0]
Preds: [17, 17, 30, 30, 213, 213, 324, 464, 464, 464, 464, 443, 443, 443, 282, 240, 388, 216, 465, 29, 29, 302, 496, 319, 242, 240, 337, 219, 219, 324, 324, 324, 324, 252, 301, 301, 183, 183, 183, 278, 278, 278, 258, 258, 271, 31, 162, 54, 54, 482, 482, 224, 224, 273, 273, 470, 180, 443, 443, 355, 450, 169, 173, 130, 402, 402, 183, 242, 360, 360, 324, 219, 219, 464, 464, 464, 106, 153, 88, 88, 346, 346, 346, 284, 284, 405, 206, 206, 206, 293, 293, 43, 276, 276, 276, 182, 182, 182, 182, 182, 182, 387, 387, 330, 330, 330, 379, 379, 77, 478, 323, 54, 172, 224, 224, 273, 273, 397, 153, 153, 100, 497, 497, 497, 122, 122, 205, 205, 261, 25, 351, 213, 213, 213, 252, 143, 99, 99, 436, 436, 60, 60, 298, 298, 116, 303, 303, 48, 229, 229, 321, 247, 312, 292, 292, 23, 408, 408, 408, 321, 321, 320, 188, 152, 152, 374, 374, 301, 301, 378, 378, 259, 354, 106, 106, 284, 284, 284, 284, 284, 376, 206, 206, 206, 169, 169, 150, 150, 323, 323, 323, 224, 273, 106, 106, 151, 443, 240, 240, 388, 175, 175, 241, 431, 431, 443, 443, 460, 240, 385, 35, 440, 440, 440, 207, 207, 207, 207, 19, 19, 219, 219, 219, 219, 219, 144, 144, 27, 27, 156, 499, 499, 468, 59, 59, 452, 452, 193, 17, 420, 420, 420, 420, 420, 420, 420, 420, 420, 420, 420, 420, 420, 420, 420, 420, 420, 420, 420, 420, 420, 420, 420, 420, 420, 420, 420, 420, 420, 420, 420, 420, 420, 420, 420, 420, 420, 420, 420, 420, 420, 420, 420, 420, 420, 420, 420, 420, 420, 420, 420, 420, 420, 420, 420, 420, 420, 420, 420, 420, 420, 420, 420, 420, 420, 420, 420, 420, 420, 420, 420, 420, 420, 420, 420, 420, 420, 420, 420, 420, 420, 420, 420, 420, 420, 420, 420, 420, 420, 420, 420, 420, 420, 420, 420, 420, 420, 420, 420, 420, 420, 420, 420, 420, 420, 420, 420, 420, 420, 420, 420, 420, 420, 420, 420, 420, 420, 420, 420, 420, 420, 420, 420, 420, 420, 420, 420, 420, 420, 420, 420, 420, 420, 420, 420, 420, 420, 420, 420, 420, 420, 420, 420, 420, 420, 420, 420, 420, 420, 420, 420, 420, 420, 420, 420, 420, 420, 420, 420, 420, 420, 420, 420, 420, 420, 420, 420, 420, 420, 420, 420, 420, 420, 420, 420, 420, 420, 420, 420, 420, 420, 420, 420, 420, 420, 420, 420, 420, 420, 420, 420, 420, 420, 420, 420, 420, 420, 420, 420, 420, 420, 420, 420, 420, 420, 420, 420, 420, 420, 420, 420, 420, 420, 420, 420, 420, 420, 420, 420, 420, 420, 420, 420, 420, 420, 420, 420, 420, 420, 420, 420, 420, 420, 420, 420, 420, 420, 420, 420, 420, 420, 420, 420, 420, 420, 420, 420, 420, 420, 420, 420, 420, 420, 420, 420, 420, 420, 420, 420, 420, 420, 420, 420, 420, 420, 420, 420, 420, 420, 420, 420, 420, 420, 420, 420, 420, 420, 420, 420, 420, 420, 420, 420, 420, 420, 420, 420, 420, 420, 420, 420, 420, 420, 420, 420, 420, 420, 420, 420, 420, 420, 420, 420, 420, 420, 420, 420, 420, 420, 420, 420, 420, 420, 420, 420, 420, 420, 420, 420, 420, 420, 420, 420, 420, 420, 420, 420, 420, 420, 420, 420, 420, 420, 420, 420, 420, 420, 420, 420, 420, 420, 420, 420, 420, 420, 420, 420, 420, 420, 420, 420, 420, 420, 420, 420, 420, 420, 420, 420, 420, 420]

ep92
Train step Loss: [0.9472844004631042, 0.9475594162940979, 0.947109043598175, 0.9471203088760376, 0.9472692012786865, 0.9471302628517151, 0.9470752477645874, 0.9472211003303528, 0.9474523663520813, 0.9470584988594055, 0.9472091794013977, 0.9475646615028381, 0.9474918842315674, 0.9472944736480713, 0.9472249746322632, 0.9472460746765137, 0.9471509456634521, 0.9470962882041931, 0.9471874833106995, 0.9472077488899231, 0.9470847249031067, 0.9471833109855652, 0.9472262859344482, 0.9471908211708069, 0.9471243023872375, 0.9471561312675476, 0.9472135305404663, 0.947089672088623, 0.9471169710159302, 0.9471980333328247, 0.947217583656311, 0.9473071098327637, 0.9472086429595947, 0.9470781087875366, 0.9471242427825928, 0.9470950961112976, 0.9470372200012207, 0.947080135345459, 0.9470152258872986, 0.9471006393432617, 0.946968674659729, 0.9471070170402527, 0.9470324516296387, 0.9473764896392822, 0.947194516658783, 0.9472070336341858, 0.9473250508308411, 0.9472874402999878, 0.9471085071563721, 0.9471407532691956, 0.9471471309661865, 0.9470953345298767, 0.9471033811569214, 0.9472206234931946, 0.9469788074493408, 0.9471524357795715, 0.9471340775489807, 0.9469740986824036, 0.9470374584197998, 0.9472631216049194, 0.947090208530426, 0.9473571181297302, 0.9470594525337219, 0.9471573233604431, 0.9473559260368347, 0.9470058679580688, 0.947081983089447, 0.9469874501228333, 0.9471661448478699, 0.9471829533576965, 0.9471139907836914, 0.9471175670623779, 0.9470129013061523, 0.947027862071991, 0.9472724199295044, 0.9471994042396545, 0.9469965696334839, 0.9471136331558228, 0.9470269083976746, 0.9471141695976257, 0.9471820592880249, 0.9472968578338623, 0.9469807147979736, 0.9473044872283936, 0.9471299052238464, 0.947285532951355, 0.9470449686050415, 0.9469841122627258, 0.9470815658569336, 0.9470771551132202, 0.9472383856773376, 0.9482834935188293, 0.9472380876541138, 0.9470031261444092, 0.9471675753593445, 0.9470434188842773, 0.9476209282875061, 0.9469538927078247, 0.9471278786659241, 0.9470241069793701, 0.9472423195838928, 0.9469363689422607, 0.947442889213562, 0.9471980333328247, 0.9471412897109985]
val step Loss: [0.9487212896347046, 0.9488903880119324, 0.9488543272018433, 0.9497065544128418, 0.9488377571105957, 0.9521742463111877, 0.9489738941192627, 0.9489834308624268, 0.9490224123001099, 0.9485555291175842, 0.9500391483306885, 0.9489033222198486, 0.9502319097518921, 0.9488884210586548, 0.9501008987426758, 0.9499440789222717, 0.9485588669776917, 0.9540114998817444, 0.9489625692367554, 0.9486925005912781, 0.9485119581222534, 0.9486743211746216, 0.9486537575721741, 0.9489770531654358, 0.9485164284706116, 0.9485602378845215, 0.9492518901824951]
Train step Accs: [1.0, 1.0, 1.0, 1.0, 1.0, 1.0, 1.0, 1.0, 1.0, 1.0, 1.0, 1.0, 1.0, 1.0, 1.0, 1.0, 1.0, 1.0, 1.0, 1.0, 1.0, 1.0, 1.0, 1.0, 1.0, 1.0, 1.0, 1.0, 1.0, 1.0, 1.0, 1.0, 1.0, 1.0, 1.0, 1.0, 1.0, 1.0, 1.0, 1.0, 1.0, 1.0, 1.0, 1.0, 1.0, 1.0, 1.0, 1.0, 1.0, 1.0, 1.0, 1.0, 1.0, 1.0, 1.0, 1.0, 1.0, 1.0, 1.0, 1.0, 1.0, 1.0, 1.0, 1.0, 1.0, 1.0, 1.0, 1.0, 1.0, 1.0, 1.0, 1.0, 1.0, 1.0, 1.0, 1.0, 1.0, 1.0, 1.0, 1.0, 1.0, 1.0, 1.0, 1.0, 1.0, 1.0, 1.0, 1.0, 1.0, 1.0, 1.0, 1.0, 1.0, 1.0, 1.0, 1.0, 1.0, 1.0, 1.0, 1.0, 1.0, 1.0, 1.0, 1.0, 1.0]
val step Accs: [1.0, 1.0, 1.0, 0.9998216833095578, 1.0, 0.9993641710379908, 1.0, 1.0, 1.0, 1.0, 0.9997835966241073, 1.0, 0.9996942363552973, 1.0, 0.9998456075343524, 0.9998393058010606, 1.0, 0.9990480723465016, 1.0, 1.0, 1.0, 1.0, 1.0, 1.0, 1.0, 1.0, 1.0]
Preds: [17, 17, 17, 70, 70, 70, 70, 65, 65, 284, 284, 315, 315, 315, 460, 406, 406, 406, 406, 406, 467, 134, 375, 98, 98, 98, 98, 13, 13, 229, 82, 82, 312, 126, 292, 292, 326, 408, 408, 408, 408, 228, 228, 244, 320, 7, 188, 152, 152, 374, 374, 406, 406, 467, 288, 456, 134, 378, 43, 43, 43, 276, 346, 346, 346, 284, 376, 460, 206, 240, 385, 35, 77, 342, 342, 86, 183, 219, 152, 152, 378, 88, 274, 497, 43, 416, 8, 239, 208, 208, 441, 153, 387, 387, 274, 122, 236, 239, 239, 310, 107, 107, 107, 395, 395, 180, 315, 315, 319, 450, 450, 43, 43, 276, 276, 109, 109, 403, 146, 324, 301, 301, 251, 251, 251, 241, 431, 403, 171, 171, 171, 171, 301, 378, 43, 364, 364, 364, 276, 345, 345, 141, 186, 31, 342, 342, 342, 224, 273, 483, 106, 284, 284, 206, 206, 175, 251, 241, 431, 486, 486, 460, 240, 240, 314, 239, 239, 384, 114, 180, 486, 486, 486, 282, 388, 94, 94, 94, 199, 41, 19, 19, 19, 454, 454, 229, 170, 392, 392, 392, 392, 392, 187, 187, 12, 12, 23, 23, 23, 23, 101, 391, 391, 228, 73, 73, 321, 287, 287, 287, 284, 284, 450, 43, 88, 276, 174, 109, 109, 438, 146, 324, 324, 301, 301, 251, 251, 251, 241, 431, 403, 403, 171, 171, 171, 171, 301, 301, 378, 43, 43, 364, 276, 276, 345, 387, 141, 186, 162, 232, 54, 172, 172, 172, 115, 273, 106, 375, 375, 98, 98, 98, 98, 98, 13, 13, 414, 229, 82, 247, 312, 126, 23, 23, 23, 408, 391, 391, 391, 73, 73, 73, 73, 244, 209, 287, 287, 284, 284, 450, 293, 43, 43, 276, 276, 174, 109, 109, 438, 146, 324, 324, 422, 186, 99, 338, 338, 338, 338, 338, 338, 395, 395, 470, 264, 264, 264, 264, 120, 120, 240, 240, 175, 175, 431, 431, 486, 486, 460, 240, 240, 314, 239, 239, 384, 371, 180, 180, 486, 486, 282, 282, 388, 94, 94, 10, 303, 199, 41, 19, 19, 19, 454, 229, 170, 170, 392, 392, 244, 392, 392, 392, 63, 63, 392, 392, 73, 73, 244, 320, 7, 473, 473, 476, 171, 171, 252, 24, 239, 310, 107, 395, 324, 324, 26, 26, 359, 81, 166, 191, 324, 301, 251, 251, 251, 241, 431, 106, 496, 274, 416, 8, 239, 144, 208, 106, 387, 387, 206, 240, 35, 36, 36, 108, 224, 273, 355, 355, 355, 452, 420, 420, 420, 420, 420, 420, 420, 420, 420, 420, 420, 420, 420, 420, 420, 420, 420, 420, 420, 420, 420, 420, 420, 420, 420, 420, 420, 420, 420, 420, 420, 420, 420, 420, 420, 420, 420, 420, 420, 420, 420, 420, 420, 420, 420, 420, 420, 420, 420, 420, 420, 420, 420, 420, 420, 420, 420, 420, 420, 420, 420, 420, 420, 420, 420, 420, 420, 420, 420, 420, 420, 420, 420, 420, 420, 420, 420, 420, 420, 420, 420, 420, 420, 420, 420, 420, 420, 420, 420, 420, 420, 420, 420, 420, 420, 420, 420, 420, 420, 420, 420, 420, 420, 420, 420, 420, 420, 420, 420, 420, 420, 420, 420, 420, 420, 420, 420, 420, 420, 420, 420, 420, 420, 420, 420, 420, 420, 420, 420, 420, 420, 420, 420, 420, 420, 420, 420, 420, 420, 420, 420, 420, 420, 420, 420, 420, 420, 420, 420, 420, 420, 420, 420, 420, 420, 420, 420, 420, 420, 420, 420, 420, 420, 420, 420, 420, 420, 420, 420, 420, 420, 420, 420, 420, 420, 420, 420, 420, 420, 420]

ep93
Train step Loss: [0.947048008441925, 0.9472072124481201, 0.9472386837005615, 0.9471371173858643, 0.9471244215965271, 0.9470455646514893, 0.9471032023429871, 0.9471986293792725, 0.9471235871315002, 0.9471557140350342, 0.9471420049667358, 0.9471372365951538, 0.9470318555831909, 0.9471981525421143, 0.9472105503082275, 0.9472085237503052, 0.9471838474273682, 0.9470182657241821, 0.9480130076408386, 0.9471829533576965, 0.9471095204353333, 0.9471189379692078, 0.9471814632415771, 0.9469755291938782, 0.9470546841621399, 0.947023868560791, 0.9471955299377441, 0.9471524357795715, 0.9472551941871643, 0.9470242261886597, 0.9471889734268188, 0.9471905827522278, 0.9470157027244568, 0.947087287902832, 0.9469906687736511, 0.9471477270126343, 0.947269856929779, 0.9471347332000732, 0.9470740556716919, 0.9469605088233948, 0.947210967540741, 0.9470838904380798, 0.9471721649169922, 0.9471110701560974, 0.9471463561058044, 0.947086751461029, 0.9469588994979858, 0.9472320079803467, 0.9476344585418701, 0.9470503330230713, 0.9471463561058044, 0.947281002998352, 0.9472606182098389, 0.9470464587211609, 0.9470903277397156, 0.947109580039978, 0.9470053911209106, 0.946992814540863, 0.9471385478973389, 0.9471500515937805, 0.9473124146461487, 0.9470752477645874, 0.9472561478614807, 0.9469088912010193, 0.9470584392547607, 0.9476203322410583, 0.947094202041626, 0.9471418857574463, 0.947166383266449, 0.9470255970954895, 0.9471174478530884, 0.9470335245132446, 0.947539746761322, 0.9471760988235474, 0.9471961259841919, 0.9472367167472839, 0.9470823407173157, 0.9473518133163452, 0.9471635222434998, 0.9471561908721924, 0.9472534656524658, 0.9470065236091614, 0.9470005035400391, 0.9470438957214355, 0.9471115469932556, 0.9471580982208252, 0.947021484375, 0.9474437832832336, 0.9470928311347961, 0.9470571875572205, 0.9471514225006104, 0.9470975995063782, 0.9475874304771423, 0.9470964670181274, 0.9471164345741272, 0.9471063017845154, 0.9471253156661987, 0.9470810294151306, 0.9469026327133179, 0.9471064805984497, 0.947110116481781, 0.9471139907836914, 0.9470952153205872, 0.9469872117042542, 0.9472351670265198]
val step Loss: [0.9487022757530212, 0.9487699270248413, 0.949724555015564, 0.9485362768173218, 0.9486809968948364, 0.9502126574516296, 0.9505590200424194, 0.9484306573867798, 0.9486050605773926, 0.9490800499916077, 0.9497423768043518, 0.9484648108482361, 0.9487320780754089, 0.9488012790679932, 0.9487569332122803, 0.9522885084152222, 0.948846697807312, 0.9496729969978333, 0.9485471248626709, 0.948543906211853, 0.9486152529716492, 0.948695719242096, 0.9486873149871826, 0.9487088918685913, 0.9486269354820251, 0.9542295336723328, 0.948657751083374]
Train step Accs: [1.0, 1.0, 1.0, 1.0, 1.0, 1.0, 1.0, 1.0, 1.0, 1.0, 1.0, 1.0, 1.0, 1.0, 1.0, 1.0, 1.0, 1.0, 1.0, 1.0, 1.0, 1.0, 1.0, 1.0, 1.0, 1.0, 1.0, 1.0, 1.0, 1.0, 1.0, 1.0, 1.0, 1.0, 1.0, 1.0, 1.0, 1.0, 1.0, 1.0, 1.0, 1.0, 1.0, 1.0, 1.0, 1.0, 1.0, 1.0, 1.0, 1.0, 1.0, 1.0, 1.0, 1.0, 1.0, 1.0, 1.0, 1.0, 1.0, 1.0, 1.0, 1.0, 1.0, 1.0, 1.0, 1.0, 1.0, 1.0, 1.0, 1.0, 1.0, 1.0, 1.0, 1.0, 1.0, 1.0, 1.0, 1.0, 1.0, 1.0, 1.0, 1.0, 1.0, 1.0, 1.0, 1.0, 1.0, 1.0, 1.0, 1.0, 1.0, 1.0, 1.0, 1.0, 1.0, 1.0, 1.0, 1.0, 1.0, 1.0, 1.0, 1.0, 1.0, 1.0, 1.0]
val step Accs: [1.0, 1.0, 0.9998276753403412, 1.0, 1.0, 0.999827258593885, 0.9996812749003984, 1.0, 1.0, 1.0, 0.9998281786941581, 1.0, 1.0, 1.0, 1.0, 0.9993227226549272, 1.0, 0.9998596688184115, 1.0, 1.0, 1.0, 1.0, 1.0, 1.0, 1.0, 0.9989438479140996, 1.0]
Preds: [17, 17, 217, 217, 473, 473, 65, 443, 443, 443, 171, 171, 416, 416, 32, 239, 239, 107, 395, 180, 84, 84, 355, 355, 98, 98, 98, 13, 13, 229, 229, 247, 312, 312, 126, 126, 326, 101, 101, 149, 149, 20, 289, 320, 7, 473, 473, 65, 476, 171, 252, 143, 36, 36, 449, 449, 400, 324, 324, 301, 325, 325, 34, 166, 324, 324, 324, 301, 251, 251, 251, 241, 431, 106, 496, 274, 274, 43, 8, 8, 32, 354, 208, 441, 441, 442, 98, 98, 48, 48, 170, 20, 170, 20, 20, 28, 20, 28, 312, 187, 187, 187, 2, 2, 2, 2, 163, 163, 20, 163, 163, 73, 20, 73, 289, 20, 209, 287, 287, 284, 284, 111, 450, 43, 43, 276, 276, 276, 276, 387, 387, 387, 406, 406, 406, 467, 337, 337, 278, 258, 31, 342, 54, 86, 224, 224, 224, 302, 302, 497, 413, 399, 217, 217, 473, 473, 398, 398, 398, 286, 286, 468, 406, 406, 380, 380, 499, 284, 426, 426, 98, 98, 98, 13, 414, 414, 170, 47, 47, 47, 47, 80, 80, 20, 80, 7, 7, 7, 217, 217, 473, 473, 65, 264, 264, 264, 264, 468, 468, 406, 406, 337, 337, 337, 324, 301, 359, 251, 251, 241, 166, 324, 324, 324, 301, 301, 251, 251, 241, 241, 431, 84, 84, 293, 497, 416, 8, 239, 208, 27, 106, 387, 206, 240, 385, 36, 108, 342, 224, 224, 273, 355, 355, 355, 453, 420, 420, 420, 420, 420, 420, 420, 420, 420, 420, 420, 420, 420, 420, 420, 420, 420, 420, 420, 420, 420, 420, 420, 420, 420, 420, 420, 420, 420, 420, 420, 420, 420, 420, 420, 420, 420, 420, 420, 420, 420, 420, 420, 420, 420, 420, 420, 420, 420, 420, 420, 420, 420, 420, 420, 420, 420, 420, 420, 420, 420, 420, 420, 420, 420, 420, 420, 420, 420, 420, 420, 420, 420, 420, 420, 420, 420, 420, 420, 420, 420, 420, 420, 420, 420, 420, 420, 420, 420, 420, 420, 420, 420, 420, 420, 420, 420, 420, 420, 420, 420, 420, 420, 420, 420, 420, 420, 420, 420, 420, 420, 420, 420, 420, 420, 420, 420, 420, 420, 420, 420, 420, 420, 420, 420, 420, 420, 420, 420, 420, 420, 420, 420, 420, 420, 420, 420, 420, 420, 420, 420, 420, 420, 420, 420, 420, 420, 420, 420, 420, 420, 420, 420, 420, 420, 420, 420, 420, 420, 420, 420, 420, 420, 420, 420, 420, 420, 420, 420, 420, 420, 420, 420, 420, 420, 420, 420, 420, 420, 420, 420, 420, 420, 420, 420, 420, 420, 420, 420, 420, 420, 420, 420, 420, 420, 420, 420, 420, 420, 420, 420, 420, 420, 420, 420, 420, 420, 420, 420, 420, 420, 420, 420, 420, 420, 420, 420, 420, 420, 420, 420, 420, 420, 420, 420, 420, 420, 420, 420, 420, 420, 420, 420, 420, 420, 420, 420, 420, 420, 420, 420, 420, 420, 420, 420, 420, 420, 420, 420, 420, 420, 420, 420, 420, 420, 420, 420, 420, 420, 420, 420, 420, 420, 420, 420, 420, 420, 420, 420, 420, 420, 420, 420, 420, 420, 420, 420, 420, 420, 420, 420, 420, 420, 420, 420, 420, 420, 420, 420, 420, 420, 420, 420, 420, 420, 420, 420, 420, 420, 420, 420, 420, 420, 420, 420, 420, 420, 420, 420, 420, 420, 420, 420, 420, 420, 420, 420, 420, 420, 420, 420, 420, 420, 420, 420, 420, 420, 420, 420, 420, 420, 420, 420, 420, 420, 420, 420, 420, 420, 420, 420, 420, 420, 420, 420, 420, 420, 420, 420, 420, 420, 420, 420, 420, 420]

ep94
Train step Loss: [0.947147786617279, 0.9479581117630005, 0.9471371173858643, 0.947128415107727, 0.9471619725227356, 0.9469740390777588, 0.9470190405845642, 0.947026789188385, 0.9469994306564331, 0.9469995498657227, 0.9469853639602661, 0.947231113910675, 0.9476140141487122, 0.9472058415412903, 0.9471139311790466, 0.9472143054008484, 0.9469383955001831, 0.9472299218177795, 0.9471397399902344, 0.9470559358596802, 0.9471011757850647, 0.947037398815155, 0.9469833970069885, 0.9469940066337585, 0.9470404386520386, 0.9469823241233826, 0.9471861124038696, 0.9470927715301514, 0.9473035931587219, 0.9469648003578186, 0.9474649429321289, 0.9471586346626282, 0.9475601315498352, 0.9472136497497559, 0.9470930099487305, 0.9471057653427124, 0.9470301866531372, 0.9470847845077515, 0.9471619129180908, 0.9473544359207153, 0.9471235275268555, 0.9471558332443237, 0.9469356536865234, 0.9470989108085632, 0.9470745921134949, 0.947033703327179, 0.9470653533935547, 0.9470420479774475, 0.9472178220748901, 0.9470747113227844, 0.947032630443573, 0.9469850659370422, 0.9470384120941162, 0.9471849799156189, 0.9470363259315491, 0.9470838904380798, 0.94693523645401, 0.947234034538269, 0.9470875263214111, 0.9470130205154419, 0.9471316337585449, 0.9470300674438477, 0.947108805179596, 0.947068452835083, 0.9470581412315369, 0.9470494985580444, 0.9470698833465576, 0.9471133947372437, 0.9470250606536865, 0.947027325630188, 0.947081446647644, 0.9470418095588684, 0.9471305012702942, 0.9470075368881226, 0.9472571015357971, 0.9471386075019836, 0.9470143914222717, 0.9470837712287903, 0.9469364285469055, 0.9472113847732544, 0.9472043514251709, 0.9475948810577393, 0.9472026824951172, 0.9470196962356567, 0.9471180438995361, 0.9470921754837036, 0.9470532536506653, 0.9470555782318115, 0.947323739528656, 0.9470518827438354, 0.9469099044799805, 0.9469308257102966, 0.9471805095672607, 0.9471143484115601, 0.9470781087875366, 0.9470404386520386, 0.9470899701118469, 0.9471437931060791, 0.9470934867858887, 0.9471269845962524, 0.9471855759620667, 0.947138249874115, 0.9469830393791199, 0.9471833109855652, 0.9469638466835022]
val step Loss: [0.9500926733016968, 0.9484772086143494, 0.9485688805580139, 0.9487677812576294, 0.9486297369003296, 0.9487147927284241, 0.9495935440063477, 0.9523987770080566, 0.9486532807350159, 0.9484784603118896, 0.9488537311553955, 0.9490038156509399, 0.948745608329773, 0.9487357139587402, 0.948401927947998, 0.9486250877380371, 0.9498826861381531, 0.9490541219711304, 0.9486241340637207, 0.9484778642654419, 0.9484930634498596, 0.9487414956092834, 0.9484504461288452, 0.9500996470451355, 0.9487165212631226, 0.9530796408653259, 0.9484211206436157]
Train step Accs: [1.0, 1.0, 1.0, 1.0, 1.0, 1.0, 1.0, 1.0, 1.0, 1.0, 1.0, 1.0, 1.0, 1.0, 1.0, 1.0, 1.0, 1.0, 1.0, 1.0, 1.0, 1.0, 1.0, 1.0, 1.0, 1.0, 1.0, 1.0, 1.0, 1.0, 1.0, 1.0, 1.0, 1.0, 1.0, 1.0, 1.0, 1.0, 1.0, 1.0, 1.0, 1.0, 1.0, 1.0, 1.0, 1.0, 1.0, 1.0, 1.0, 1.0, 1.0, 1.0, 1.0, 1.0, 1.0, 1.0, 1.0, 1.0, 1.0, 1.0, 1.0, 1.0, 1.0, 1.0, 1.0, 1.0, 1.0, 1.0, 1.0, 1.0, 1.0, 1.0, 1.0, 1.0, 1.0, 1.0, 1.0, 1.0, 1.0, 1.0, 1.0, 1.0, 1.0, 1.0, 1.0, 1.0, 1.0, 1.0, 1.0, 1.0, 1.0, 1.0, 1.0, 1.0, 1.0, 1.0, 1.0, 1.0, 1.0, 1.0, 1.0, 1.0, 1.0, 1.0, 1.0]
val step Accs: [0.999692733138731, 1.0, 1.0, 1.0, 1.0, 1.0, 0.9998268997749697, 0.9992831541218637, 1.0, 1.0, 1.0, 1.0, 1.0, 1.0, 1.0, 1.0, 0.999847607436757, 0.9998498723915328, 1.0, 1.0, 1.0, 1.0, 1.0, 0.9998180825905039, 1.0, 0.9991507430997877, 1.0]
Preds: [17, 17, 70, 70, 70, 70, 65, 65, 284, 486, 315, 315, 315, 315, 468, 406, 406, 406, 406, 406, 406, 467, 134, 302, 375, 375, 98, 98, 48, 48, 229, 229, 244, 247, 312, 312, 126, 326, 326, 101, 101, 149, 149, 228, 82, 83, 287, 287, 284, 450, 43, 43, 276, 276, 276, 276, 346, 387, 387, 387, 406, 42, 42, 147, 337, 337, 324, 278, 31, 162, 54, 54, 482, 482, 482, 224, 273, 494, 494, 203, 399, 217, 217, 217, 473, 398, 219, 219, 286, 286, 301, 406, 406, 380, 380, 499, 499, 284, 426, 98, 98, 98, 98, 13, 414, 414, 170, 244, 392, 392, 392, 244, 187, 187, 12, 201, 201, 392, 392, 392, 392, 392, 392, 73, 73, 244, 209, 188, 188, 264, 264, 264, 264, 468, 468, 406, 406, 147, 337, 337, 337, 324, 324, 301, 26, 251, 251, 251, 251, 241, 431, 486, 376, 376, 376, 376, 460, 169, 169, 263, 263, 225, 225, 237, 237, 249, 82, 237, 225, 225, 225, 197, 197, 82, 209, 411, 157, 153, 387, 387, 143, 143, 129, 129, 458, 82, 208, 208, 441, 437, 100, 153, 182, 375, 98, 98, 98, 17, 420, 420, 420, 420, 420, 420, 420, 420, 420, 420, 420, 420, 420, 420, 420, 420, 420, 420, 420, 420, 420, 420, 420, 420, 420, 420, 420, 420, 420, 420, 420, 420, 420, 420, 420, 420, 420, 420, 420, 420, 420, 420, 420, 420, 420, 420, 420, 420, 420, 420, 420, 420, 420, 420, 420, 420, 420, 420, 420, 420, 420, 420, 420, 420, 420, 420, 420, 420, 420, 420, 420, 420, 420, 420, 420, 420, 420, 420, 420, 420, 420, 420, 420, 420, 420, 420, 420, 420, 420, 420, 420, 420, 420, 420, 420, 420, 420, 420, 420, 420, 420, 420, 420, 420, 420, 420, 420, 420, 420, 420, 420, 420, 420, 420, 420, 420, 420, 420, 420, 420, 420, 420, 420, 420, 420, 420, 420, 420, 420, 420, 420, 420, 420, 420, 420, 420, 420, 420, 420, 420, 420, 420, 420, 420, 420, 420, 420, 420, 420, 420, 420, 420, 420, 420, 420, 420, 420, 420, 420, 420, 420, 420, 420, 420, 420, 420, 420, 420, 420, 420, 420, 420, 420, 420, 420, 420, 420, 420, 420, 420, 420, 420, 420, 420, 420, 420, 420, 420, 420, 420, 420, 420, 420, 420, 420, 420, 420, 420, 420, 420, 420, 420, 420, 420, 420, 420, 420, 420, 420, 420, 420, 420, 420, 420, 420, 420, 420, 420, 420, 420, 420, 420, 420, 420, 420, 420, 420, 420, 420, 420, 420, 420, 420, 420, 420, 420, 420, 420, 420, 420, 420, 420, 420, 420, 420, 420, 420, 420, 420, 420, 420, 420, 420, 420, 420, 420, 420, 420, 420, 420, 420, 420, 420, 420, 420, 420, 420, 420, 420, 420, 420, 420, 420, 420, 420, 420, 420, 420, 420, 420, 420, 420, 420, 420, 420, 420, 420, 420, 420, 420, 420, 420, 420, 420, 420, 420, 420, 420, 420, 420, 420, 420, 420, 420, 420, 420, 420, 420, 420, 420, 420, 420, 420, 420, 420, 420, 420, 420, 420, 420, 420, 420, 420, 420, 420, 420, 420, 420, 420, 420, 420, 420, 420, 420, 420, 420, 420, 420, 420, 420, 420, 420, 420, 420, 420, 420, 420, 420, 420, 420, 420, 420, 420, 420, 420, 420, 420, 420, 420, 420, 420, 420, 420, 420, 420, 420, 420, 420, 420, 420, 420, 420, 420, 420, 420, 420, 420, 420, 420, 420, 420, 420, 420, 420, 420, 420, 420, 420, 420, 420, 420, 420, 420, 420, 420, 420, 420, 420, 420, 420, 420, 420]

ep95
Train step Loss: [0.9472315311431885, 0.9471504092216492, 0.9469850659370422, 0.9470649361610413, 0.9470265507698059, 0.9471171498298645, 0.94688481092453, 0.9471426010131836, 0.947205662727356, 0.9479679465293884, 0.9471728801727295, 0.9472246766090393, 0.9471076726913452, 0.9471774101257324, 0.9471635222434998, 0.9470844864845276, 0.9469622373580933, 0.9470137357711792, 0.9470505118370056, 0.9470000267028809, 0.9470317363739014, 0.9469901919364929, 0.94704669713974, 0.9470043778419495, 0.9470870494842529, 0.9470762610435486, 0.947095513343811, 0.9471281170845032, 0.9470491409301758, 0.9472790956497192, 0.9470514059066772, 0.947140097618103, 0.9469906091690063, 0.9471410512924194, 0.9471220374107361, 0.947085440158844, 0.9470810294151306, 0.9470214247703552, 0.9471399784088135, 0.9469963312149048, 0.9470226764678955, 0.9469131231307983, 0.9471052289009094, 0.9469901323318481, 0.9470245838165283, 0.94710373878479, 0.9471638202667236, 0.9470874071121216, 0.9471735954284668, 0.9474585056304932, 0.946891188621521, 0.9476296305656433, 0.9470111727714539, 0.9470588564872742, 0.9470720887184143, 0.9470725059509277, 0.9471393823623657, 0.9471314549446106, 0.9473506808280945, 0.9470584988594055, 0.9470664262771606, 0.946973979473114, 0.9472604393959045, 0.9470406770706177, 0.947435736656189, 0.9470782279968262, 0.9469954967498779, 0.9470676183700562, 0.947053074836731, 0.9470759630203247, 0.9470471143722534, 0.9469984769821167, 0.9470371007919312, 0.9474658370018005, 0.9469518661499023, 0.9471009373664856, 0.9470445513725281, 0.9471558928489685, 0.9471094608306885, 0.9470924139022827, 0.947041392326355, 0.9468985795974731, 0.9470242857933044, 0.9470245838165283, 0.9469268918037415, 0.946953535079956, 0.9470988512039185, 0.9472106099128723, 0.9469097852706909, 0.9469268918037415, 0.9468518495559692, 0.9470908641815186, 0.9469847083091736, 0.9469735026359558, 0.9469051957130432, 0.9469977021217346, 0.9469001293182373, 0.9471509456634521, 0.9473060369491577, 0.9469062089920044, 0.9469960331916809, 0.9471162557601929, 0.9470542073249817, 0.9470850229263306, 0.947128176689148]
val step Loss: [0.9486862421035767, 0.9484844207763672, 0.9487144947052002, 0.9499009251594543, 0.9486417174339294, 0.9484524130821228, 0.948394775390625, 0.9528114795684814, 0.9485530257225037, 0.948758602142334, 0.9486679434776306, 0.9486053586006165, 0.9497206807136536, 0.9493882060050964, 0.9485186338424683, 0.948617696762085, 0.9504021406173706, 0.9494308233261108, 0.9540905356407166, 0.9487695693969727, 0.9489578008651733, 0.9485401511192322, 0.9487482905387878, 0.9485179781913757, 0.9486957788467407, 0.9488068222999573, 0.948339581489563]
Train step Accs: [1.0, 1.0, 1.0, 1.0, 1.0, 1.0, 1.0, 1.0, 1.0, 1.0, 1.0, 1.0, 1.0, 1.0, 1.0, 1.0, 1.0, 1.0, 1.0, 1.0, 1.0, 1.0, 1.0, 1.0, 1.0, 1.0, 1.0, 1.0, 1.0, 1.0, 1.0, 1.0, 1.0, 1.0, 1.0, 1.0, 1.0, 1.0, 1.0, 1.0, 1.0, 1.0, 1.0, 1.0, 1.0, 1.0, 1.0, 1.0, 1.0, 1.0, 1.0, 1.0, 1.0, 1.0, 1.0, 1.0, 1.0, 1.0, 1.0, 1.0, 1.0, 1.0, 1.0, 1.0, 1.0, 1.0, 1.0, 1.0, 1.0, 1.0, 1.0, 1.0, 1.0, 1.0, 1.0, 1.0, 1.0, 1.0, 1.0, 1.0, 1.0, 1.0, 1.0, 1.0, 1.0, 1.0, 1.0, 1.0, 1.0, 1.0, 1.0, 1.0, 1.0, 1.0, 1.0, 1.0, 1.0, 1.0, 1.0, 1.0, 1.0, 1.0, 1.0, 1.0, 1.0]
val step Accs: [1.0, 1.0, 1.0, 0.9998432601880878, 1.0, 1.0, 1.0, 0.9992458521870287, 1.0, 1.0, 1.0, 1.0, 0.999812874251497, 0.9998348745046235, 1.0, 1.0, 0.9996758508914101, 0.9998331108144193, 0.9989869998311667, 1.0, 1.0, 1.0, 1.0, 1.0, 1.0, 1.0, 1.0]
Preds: [17, 17, 17, 287, 284, 450, 450, 293, 293, 43, 43, 250, 276, 276, 346, 346, 284, 284, 284, 284, 206, 206, 169, 169, 150, 150, 342, 168, 219, 152, 152, 152, 374, 374, 374, 301, 314, 321, 259, 354, 114, 145, 443, 443, 330, 330, 348, 457, 43, 276, 276, 276, 174, 346, 346, 346, 284, 284, 284, 284, 284, 113, 450, 450, 293, 88, 88, 43, 276, 276, 297, 297, 297, 297, 297, 182, 182, 182, 182, 182, 182, 182, 375, 98, 98, 259, 441, 441, 441, 441, 153, 153, 153, 387, 387, 387, 387, 109, 109, 443, 443, 120, 403, 388, 325, 325, 41, 41, 41, 41, 41, 246, 19, 19, 19, 19, 19, 454, 229, 82, 229, 82, 126, 126, 292, 326, 408, 408, 244, 321, 321, 287, 287, 111, 111, 111, 111, 240, 240, 175, 175, 241, 431, 431, 431, 315, 284, 284, 113, 84, 293, 293, 293, 43, 43, 182, 182, 182, 182, 497, 497, 497, 497, 497, 122, 122, 122, 32, 239, 310, 310, 107, 107, 395, 395, 395, 470, 171, 171, 171, 171, 171, 171, 171, 246, 246, 246, 246, 19, 19, 17, 420, 420, 420, 420, 420, 420, 420, 420, 420, 420, 420, 420, 420, 420, 420, 420, 420, 420, 420, 420, 420, 420, 420, 420, 420, 420, 420, 420, 420, 420, 420, 420, 420, 420, 420, 420, 420, 420, 420, 420, 420, 420, 420, 420, 420, 420, 420, 420, 420, 420, 420, 420, 420, 420, 420, 420, 420, 420, 420, 420, 420, 420, 420, 420, 420, 420, 420, 420, 420, 420, 420, 420, 420, 420, 420, 420, 420, 420, 420, 420, 420, 420, 420, 420, 420, 420, 420, 420, 420, 420, 420, 420, 420, 420, 420, 420, 420, 420, 420, 420, 420, 420, 420, 420, 420, 420, 420, 420, 420, 420, 420, 420, 420, 420, 420, 420, 420, 420, 420, 420, 420, 420, 420, 420, 420, 420, 420, 420, 420, 420, 420, 420, 420, 420, 420, 420, 420, 420, 420, 420, 420, 420, 420, 420, 420, 420, 420, 420, 420, 420, 420, 420, 420, 420, 420, 420, 420, 420, 420, 420, 420, 420, 420, 420, 420, 420, 420, 420, 420, 420, 420, 420, 420, 420, 420, 420, 420, 420, 420, 420, 420, 420, 420, 420, 420, 420, 420, 420, 420, 420, 420, 420, 420, 420, 420, 420, 420, 420, 420, 420, 420, 420, 420, 420, 420, 420, 420, 420, 420, 420, 420, 420, 420, 420, 420, 420, 420, 420, 420, 420, 420, 420, 420, 420, 420, 420, 420, 420, 420, 420, 420, 420, 420, 420, 420, 420, 420, 420, 420, 420, 420, 420, 420, 420, 420, 420, 420, 420, 420, 420, 420, 420, 420, 420, 420, 420, 420, 420, 420, 420, 420, 420, 420, 420, 420, 420, 420, 420, 420, 420, 420, 420, 420, 420, 420, 420, 420, 420, 420, 420, 420, 420, 420, 420, 420, 420, 420, 420, 420, 420, 420, 420, 420, 420, 420, 420, 420, 420, 420, 420, 420, 420, 420, 420, 420, 420, 420, 420, 420, 420, 420, 420, 420, 420, 420, 420, 420, 420, 420, 420, 420, 420, 420, 420, 420, 420, 420, 420, 420, 420, 420, 420, 420, 420, 420, 420, 420, 420, 420, 420, 420, 420, 420, 420, 420, 420, 420, 420, 420, 420, 420, 420, 420, 420, 420, 420, 420, 420, 420, 420, 420, 420, 420, 420, 420, 420, 420, 420, 420, 420, 420, 420, 420, 420, 420, 420, 420, 420, 420, 420, 420, 420, 420, 420, 420, 420, 420, 420, 420, 420, 420, 420, 420, 420, 420, 420, 420, 420, 420, 420, 420, 420, 420, 420, 420, 420, 420, 420, 420]

ep96
Train step Loss: [0.9470287561416626, 0.9469660520553589, 0.9471246004104614, 0.9469500184059143, 0.9470195174217224, 0.9469183683395386, 0.9470041394233704, 0.9469733834266663, 0.9469142556190491, 0.9469969868659973, 0.9470605850219727, 0.947043240070343, 0.9469707012176514, 0.9470446705818176, 0.9471552968025208, 0.9470608830451965, 0.9470298886299133, 0.9469543099403381, 0.9470561146736145, 0.9469473958015442, 0.9469180107116699, 0.9468883872032166, 0.9469899535179138, 0.9470082521438599, 0.947178304195404, 0.946952760219574, 0.9468439817428589, 0.9470784664154053, 0.9469852447509766, 0.9470067024230957, 0.947196900844574, 0.9470049142837524, 0.9471122622489929, 0.9471071362495422, 0.9468817710876465, 0.9470855593681335, 0.9470009207725525, 0.9472588300704956, 0.9471622705459595, 0.9470281004905701, 0.9470384120941162, 0.946892499923706, 0.9470855593681335, 0.9469093680381775, 0.9471563100814819, 0.9470155835151672, 0.9472061395645142, 0.9470054507255554, 0.9470201730728149, 0.9469530582427979, 0.9474186897277832, 0.9470500946044922, 0.9474039673805237, 0.9470018744468689, 0.9469811916351318, 0.9469281435012817, 0.946964681148529, 0.9471902251243591, 0.9471453428268433, 0.9469018578529358, 0.9470090270042419, 0.9468969106674194, 0.9471186995506287, 0.9469818472862244, 0.9471261501312256, 0.9469719529151917, 0.9472712278366089, 0.9469922780990601, 0.947001039981842, 0.9470641613006592, 0.9471230506896973, 0.9471117258071899, 0.947046160697937, 0.9474438428878784, 0.947066605091095, 0.9469966888427734, 0.947166383266449, 0.9469296336174011, 0.9469953179359436, 0.947068452835083, 0.9470508098602295, 0.947147011756897, 0.9475863575935364, 0.9470226764678955, 0.9482194185256958, 0.9469538331031799, 0.9471451640129089, 0.9470240473747253, 0.9471592307090759, 0.9473209977149963, 0.9470815658569336, 0.9470062851905823, 0.9469730257987976, 0.9470852613449097, 0.9470199942588806, 0.9470054507255554, 0.9470932483673096, 0.9468705654144287, 0.9471421241760254, 0.9469037652015686, 0.9469835758209229, 0.9477081894874573, 0.9470244646072388, 0.9470683336257935, 0.9469402432441711]
val step Loss: [0.9486650228500366, 0.950347900390625, 0.9489719271659851, 0.9483751058578491, 0.9483786225318909, 0.9498304128646851, 0.9482849836349487, 0.9484801292419434, 0.949398398399353, 0.9487625360488892, 0.9488469958305359, 0.9534898400306702, 0.9546837210655212, 0.9484022855758667, 0.9485739469528198, 0.9483972191810608, 0.9484063386917114, 0.9484561085700989, 0.948997437953949, 0.9486397504806519, 0.9487252831459045, 0.949368953704834, 0.9494134783744812, 0.9484418630599976, 0.9484295845031738, 0.9485137462615967, 0.9484220147132874]
Train step Accs: [1.0, 1.0, 1.0, 1.0, 1.0, 1.0, 1.0, 1.0, 1.0, 1.0, 1.0, 1.0, 1.0, 1.0, 1.0, 1.0, 1.0, 1.0, 1.0, 1.0, 1.0, 1.0, 1.0, 1.0, 1.0, 1.0, 1.0, 1.0, 1.0, 1.0, 1.0, 1.0, 1.0, 1.0, 1.0, 1.0, 1.0, 1.0, 1.0, 1.0, 1.0, 1.0, 1.0, 1.0, 1.0, 1.0, 1.0, 1.0, 1.0, 1.0, 1.0, 1.0, 1.0, 1.0, 1.0, 1.0, 1.0, 1.0, 1.0, 1.0, 1.0, 1.0, 1.0, 1.0, 1.0, 1.0, 1.0, 1.0, 1.0, 1.0, 1.0, 1.0, 1.0, 1.0, 1.0, 1.0, 1.0, 1.0, 1.0, 1.0, 1.0, 1.0, 1.0, 1.0, 1.0, 1.0, 1.0, 1.0, 1.0, 1.0, 1.0, 1.0, 1.0, 1.0, 1.0, 1.0, 1.0, 1.0, 1.0, 1.0, 1.0, 1.0, 1.0, 1.0, 1.0]
val step Accs: [1.0, 0.9996781461216607, 1.0, 1.0, 1.0, 0.9998389953308646, 1.0, 1.0, 0.9998232903339813, 1.0, 1.0, 0.9991144564976755, 0.9988694177501414, 1.0, 1.0, 1.0, 1.0, 1.0, 1.0, 1.0, 1.0, 0.9998194293968942, 0.9998169838945827, 1.0, 1.0, 1.0, 1.0]
Preds: [17, 17, 287, 111, 111, 240, 167, 17, 17, 259, 75, 273, 106, 494, 293, 293, 215, 35, 458, 144, 27, 27, 437, 437, 284, 284, 284, 284, 284, 306, 206, 206, 387, 406, 406, 406, 467, 467, 467, 134, 134, 375, 98, 98, 98, 98, 98, 48, 13, 229, 229, 170, 170, 47, 47, 244, 47, 391, 244, 244, 321, 321, 321, 320, 441, 441, 441, 346, 346, 293, 293, 293, 58, 29, 29, 242, 242, 348, 216, 199, 34, 188, 188, 420, 120, 120, 330, 37, 422, 310, 183, 395, 351, 351, 443, 443, 443, 486, 460, 460, 169, 150, 323, 395, 395, 395, 382, 382, 313, 313, 313, 99, 219, 395, 395, 374, 374, 213, 171, 360, 252, 252, 143, 196, 70, 473, 398, 374, 374, 374, 374, 374, 374, 374, 152, 318, 257, 186, 31, 162, 482, 482, 482, 142, 397, 273, 153, 153, 276, 473, 473, 288, 290, 290, 213, 246, 246, 246, 246, 246, 301, 422, 143, 259, 259, 22, 283, 250, 153, 153, 153, 276, 153, 153, 182, 182, 182, 387, 387, 372, 250, 147, 147, 380, 380, 499, 499, 265, 265, 85, 85, 85, 169, 169, 368, 99, 107, 107, 395, 400, 41, 41, 324, 324, 19, 19, 19, 454, 229, 229, 82, 247, 126, 126, 292, 292, 292, 292, 326, 326, 101, 101, 149, 149, 320, 7, 219, 152, 152, 286, 464, 301, 301, 378, 399, 399, 473, 65, 65, 65, 284, 284, 486, 460, 460, 169, 169, 150, 99, 338, 338, 338, 400, 183, 451, 451, 171, 171, 171, 171, 301, 301, 173, 8, 280, 29, 109, 109, 355, 355, 443, 113, 206, 206, 206, 240, 240, 216, 8, 345, 345, 100, 153, 153, 497, 497, 43, 43, 364, 276, 276, 276, 346, 346, 346, 426, 426, 426, 426, 426, 426, 450, 182, 182, 250, 276, 276, 138, 138, 182, 182, 182, 375, 98, 98, 98, 229, 229, 247, 247, 312, 1, 1, 101, 101, 101, 321, 287, 287, 287, 287, 284, 206, 206, 169, 215, 35, 35, 29, 29, 287, 499, 499, 499, 206, 206, 460, 169, 150, 478, 342, 68, 68, 172, 115, 115, 267, 267, 267, 267, 213, 213, 246, 246, 246, 246, 464, 464, 114, 443, 443, 443, 443, 271, 271, 150, 150, 323, 323, 224, 273, 106, 153, 297, 297, 182, 182, 182, 387, 387, 42, 406, 147, 380, 380, 499, 499, 499, 265, 85, 85, 85, 85, 146, 240, 368, 368, 310, 107, 107, 395, 400, 41, 41, 19, 19, 17, 420, 420, 420, 420, 420, 420, 420, 420, 420, 420, 420, 420, 420, 420, 420, 420, 420, 420, 420, 420, 420, 420, 420, 420, 420, 420, 420, 420, 420, 420, 420, 420, 420, 420, 420, 420, 420, 420, 420, 420, 420, 420, 420, 420, 420, 420, 420, 420, 420, 420, 420, 420, 420, 420, 420, 420, 420, 420, 420, 420, 420, 420, 420, 420, 420, 420, 420, 420, 420, 420, 420, 420, 420, 420, 420, 420, 420, 420, 420, 420, 420, 420, 420, 420, 420, 420, 420, 420, 420, 420, 420, 420, 420, 420, 420, 420, 420, 420, 420, 420, 420, 420, 420, 420, 420, 420, 420, 420, 420, 420, 420, 420, 420, 420, 420, 420, 420, 420, 420, 420, 420, 420, 420, 420, 420, 420, 420, 420, 420, 420, 420, 420, 420, 420, 420, 420, 420, 420, 420, 420, 420, 420, 420, 420, 420, 420, 420, 420, 420, 420, 420, 420, 420, 420, 420, 420, 420, 420, 420, 420, 420, 420, 420, 420, 420, 420, 420, 420, 420, 420, 420, 420, 420, 420, 420, 420, 420, 420, 420, 420, 420, 420, 420]

ep97
Train step Loss: [0.9469926357269287, 0.9470018744468689, 0.9469687342643738, 0.9469291567802429, 0.947106659412384, 0.9469746351242065, 0.9471908211708069, 0.9468637704849243, 0.946996808052063, 0.9470607042312622, 0.947031557559967, 0.9468918442726135, 0.9469615817070007, 0.9470458626747131, 0.9469654560089111, 0.9470353722572327, 0.9470014572143555, 0.9469950795173645, 0.9469308257102966, 0.947069525718689, 0.9470937252044678, 0.9469246864318848, 0.9469583034515381, 0.946929931640625, 0.9470494389533997, 0.9469117522239685, 0.9470254182815552, 0.9470440149307251, 0.9469857215881348, 0.9470474720001221, 0.9469859600067139, 0.9470787644386292, 0.9470682144165039, 0.9469645023345947, 0.9471309185028076, 0.9471714496612549, 0.9469204545021057, 0.9470822215080261, 0.9471215009689331, 0.9469517469406128, 0.9469127058982849, 0.9469960331916809, 0.9468281865119934, 0.9470251798629761, 0.9469438791275024, 0.9470427632331848, 0.9474014043807983, 0.9470440149307251, 0.9470587968826294, 0.947457492351532, 0.9469577074050903, 0.9468986392021179, 0.9475020170211792, 0.9468603134155273, 0.947064220905304, 0.9468784332275391, 0.9470811486244202, 0.9470508098602295, 0.9479048252105713, 0.9471256732940674, 0.9469183087348938, 0.9472129344940186, 0.9469180107116699, 0.947007417678833, 0.9469085931777954, 0.9469059109687805, 0.9469941258430481, 0.9469207525253296, 0.9469760060310364, 0.9471630454063416, 0.9470187425613403, 0.9471168518066406, 0.9469475746154785, 0.9473853707313538, 0.94694983959198, 0.9470428824424744, 0.9470660090446472, 0.9471409320831299, 0.9470657110214233, 0.9471347332000732, 0.9471622109413147, 0.9469454884529114, 0.9471986293792725, 0.9470910429954529, 0.9470131993293762, 0.9470818638801575, 0.9469819664955139, 0.9470652341842651, 0.9474382996559143, 0.9471282958984375, 0.947023332118988, 0.9470966458320618, 0.9469170570373535, 0.9469599723815918, 0.9468786120414734, 0.9468862414360046, 0.947062611579895, 0.9470180869102478, 0.9472655057907104, 0.9469660520553589, 0.9470894932746887, 0.9470479488372803, 0.9470109939575195, 0.9470723867416382, 0.947030246257782]
val step Loss: [0.9484145045280457, 0.9483658075332642, 0.948387861251831, 0.9484430551528931, 0.9484464526176453, 0.9485777020454407, 0.949593722820282, 0.9483959674835205, 0.948415219783783, 0.9484642744064331, 0.9486945271492004, 0.9485570788383484, 0.9484766125679016, 0.9482276439666748, 0.9483292102813721, 0.954150915145874, 0.9483989477157593, 0.948000431060791, 0.9536693096160889, 0.9481427669525146, 0.9480946660041809, 0.9513894319534302, 0.9494333267211914, 0.9485509395599365, 0.9484980702400208, 0.9487112760543823, 0.9485344886779785]
Train step Accs: [1.0, 1.0, 1.0, 1.0, 1.0, 1.0, 1.0, 1.0, 1.0, 1.0, 1.0, 1.0, 1.0, 1.0, 1.0, 1.0, 1.0, 1.0, 1.0, 1.0, 1.0, 1.0, 1.0, 1.0, 1.0, 1.0, 1.0, 1.0, 1.0, 1.0, 1.0, 1.0, 1.0, 1.0, 1.0, 1.0, 1.0, 1.0, 1.0, 1.0, 1.0, 1.0, 1.0, 1.0, 1.0, 1.0, 1.0, 1.0, 1.0, 1.0, 1.0, 1.0, 1.0, 1.0, 1.0, 1.0, 1.0, 1.0, 1.0, 1.0, 1.0, 1.0, 1.0, 1.0, 1.0, 1.0, 1.0, 1.0, 1.0, 1.0, 1.0, 1.0, 1.0, 1.0, 1.0, 1.0, 1.0, 1.0, 1.0, 1.0, 1.0, 1.0, 1.0, 1.0, 1.0, 1.0, 1.0, 1.0, 1.0, 1.0, 1.0, 1.0, 1.0, 1.0, 1.0, 1.0, 1.0, 1.0, 1.0, 1.0, 1.0, 1.0, 1.0, 1.0, 1.0]
val step Accs: [1.0, 1.0, 1.0, 1.0, 1.0, 1.0, 0.9998206599713056, 1.0, 1.0, 1.0, 1.0, 1.0, 1.0, 1.0, 1.0, 0.998993288590604, 1.0, 1.0, 0.9991523987116461, 1.0, 1.0, 0.9994255074684029, 0.9998090509833875, 1.0, 1.0, 1.0, 1.0]
Preds: [17, 17, 17, 287, 287, 287, 284, 293, 293, 43, 43, 276, 276, 174, 174, 174, 206, 206, 438, 219, 219, 219, 219, 152, 152, 152, 374, 374, 378, 14, 88, 109, 62, 443, 240, 240, 216, 216, 114, 114, 180, 486, 376, 460, 460, 169, 58, 35, 441, 441, 100, 153, 153, 387, 387, 98, 458, 208, 441, 100, 100, 481, 481, 481, 481, 375, 375, 98, 98, 98, 13, 229, 229, 82, 244, 312, 312, 292, 23, 23, 101, 101, 149, 149, 321, 321, 287, 287, 287, 111, 111, 111, 146, 146, 438, 438, 339, 212, 465, 58, 110, 443, 486, 486, 460, 460, 460, 146, 335, 183, 188, 188, 340, 340, 340, 116, 466, 127, 22, 114, 382, 382, 382, 396, 406, 285, 335, 145, 145, 145, 315, 315, 315, 450, 450, 450, 406, 42, 42, 42, 147, 147, 147, 288, 337, 41, 41, 246, 246, 246, 246, 246, 19, 19, 19, 454, 454, 229, 414, 244, 244, 312, 292, 292, 408, 408, 408, 408, 408, 321, 320, 320, 127, 127, 114, 431, 443, 319, 240, 167, 167, 58, 219, 398, 331, 180, 486, 284, 284, 284, 450, 35, 29, 109, 109, 403, 171, 171, 324, 252, 301, 280, 152, 152, 286, 286, 468, 406, 406, 467, 467, 460, 460, 460, 35, 183, 183, 451, 451, 30, 301, 143, 354, 29, 467, 382, 313, 116, 10, 466, 479, 331, 84, 84, 496, 274, 274, 274, 219, 219, 485, 286, 286, 468, 406, 406, 467, 467, 139, 139, 175, 175, 81, 166, 171, 171, 171, 171, 324, 324, 99, 99, 338, 338, 338, 395, 395, 395, 470, 443, 443, 443, 443, 460, 169, 169, 402, 402, 402, 485, 152, 152, 477, 374, 132, 458, 208, 441, 441, 100, 153, 497, 413, 250, 117, 17, 420, 420, 420, 420, 420, 420, 420, 420, 420, 420, 420, 420, 420, 420, 420, 420, 420, 420, 420, 420, 420, 420, 420, 420, 420, 420, 420, 420, 420, 420, 420, 420, 420, 420, 420, 420, 420, 420, 420, 420, 420, 420, 420, 420, 420, 420, 420, 420, 420, 420, 420, 420, 420, 420, 420, 420, 420, 420, 420, 420, 420, 420, 420, 420, 420, 420, 420, 420, 420, 420, 420, 420, 420, 420, 420, 420, 420, 420, 420, 420, 420, 420, 420, 420, 420, 420, 420, 420, 420, 420, 420, 420, 420, 420, 420, 420, 420, 420, 420, 420, 420, 420, 420, 420, 420, 420, 420, 420, 420, 420, 420, 420, 420, 420, 420, 420, 420, 420, 420, 420, 420, 420, 420, 420, 420, 420, 420, 420, 420, 420, 420, 420, 420, 420, 420, 420, 420, 420, 420, 420, 420, 420, 420, 420, 420, 420, 420, 420, 420, 420, 420, 420, 420, 420, 420, 420, 420, 420, 420, 420, 420, 420, 420, 420, 420, 420, 420, 420, 420, 420, 420, 420, 420, 420, 420, 420, 420, 420, 420, 420, 420, 420, 420, 420, 420, 420, 420, 420, 420, 420, 420, 420, 420, 420, 420, 420, 420, 420, 420, 420, 420, 420, 420, 420, 420, 420, 420, 420, 420, 420, 420, 420, 420, 420, 420, 420, 420, 420, 420, 420, 420, 420, 420, 420, 420, 420, 420, 420, 420, 420, 420, 420, 420, 420, 420, 420, 420, 420, 420, 420, 420, 420, 420, 420, 420, 420, 420, 420, 420, 420, 420, 420, 420, 420, 420, 420, 420, 420, 420, 420, 420, 420, 420, 420, 420, 420, 420, 420, 420, 420, 420, 420, 420, 420, 420, 420, 420, 420, 420, 420, 420, 420, 420, 420, 420, 420, 420, 420, 420, 420, 420, 420, 420, 420, 420, 420, 420, 420, 420, 420, 420, 420, 420, 420]

ep98
Train step Loss: [0.947045087814331, 0.94686359167099, 0.9470693469047546, 0.9469031095504761, 0.9469794034957886, 0.946963369846344, 0.9470614790916443, 0.9470576047897339, 0.9470176696777344, 0.9470185041427612, 0.9470615983009338, 0.9471883177757263, 0.9470158815383911, 0.9470877647399902, 0.9472218751907349, 0.9469336867332458, 0.9469364285469055, 0.9469917416572571, 0.9470744729042053, 0.9469918012619019, 0.9470133185386658, 0.9470281600952148, 0.9470517635345459, 0.9468234181404114, 0.9469680190086365, 0.9469910264015198, 0.9475833773612976, 0.9470188617706299, 0.9470041990280151, 0.9470717310905457, 0.9470823407173157, 0.9470642805099487, 0.9474183917045593, 0.9469388723373413, 0.9469962120056152, 0.9469595551490784, 0.9471501111984253, 0.9469499588012695, 0.9468958973884583, 0.946902871131897, 0.9472751021385193, 0.946938157081604, 0.9469069242477417, 0.9469009041786194, 0.9470454454421997, 0.9470512866973877, 0.9471933841705322, 0.9470468163490295, 0.9471017122268677, 0.9470602869987488, 0.9470388293266296, 0.9469811320304871, 0.9469552040100098, 0.9470984935760498, 0.9469037652015686, 0.9469435214996338, 0.9470955729484558, 0.9470475912094116, 0.9471614360809326, 0.9469912052154541, 0.9469828009605408, 0.9470722079277039, 0.9470521807670593, 0.9469234347343445, 0.9468828439712524, 0.9470869302749634, 0.9470837116241455, 0.946967601776123, 0.9470678567886353, 0.9468953609466553, 0.9473356604576111, 0.9469727873802185, 0.9469041228294373, 0.9469892382621765, 0.9469451904296875, 0.946946918964386, 0.9471865892410278, 0.9470427632331848, 0.9470746517181396, 0.9474087953567505, 0.94703209400177, 0.9471073746681213, 0.9469214081764221, 0.9469591975212097, 0.9470173120498657, 0.9469440579414368, 0.9469847083091736, 0.9470859169960022, 0.9469212889671326, 0.947115421295166, 0.9469813108444214, 0.9478630423545837, 0.9471820592880249, 0.9470400810241699, 0.9471439123153687, 0.9470843076705933, 0.9470095634460449, 0.9468744993209839, 0.9469191431999207, 0.9469313025474548, 0.9469811320304871, 0.9470285177230835, 0.9469661116600037, 0.9471079707145691, 0.9470691680908203]
val step Loss: [0.9484405517578125, 0.9497999548912048, 0.9487050175666809, 0.9486904144287109, 0.952978253364563, 0.9484773874282837, 0.9486811757087708, 0.9522256255149841, 0.9489519596099854, 0.9486517310142517, 0.9482166767120361, 0.9496217370033264, 0.9487996697425842, 0.9483894109725952, 0.9494220614433289, 0.9503003358840942, 0.948617160320282, 0.9483040571212769, 0.9486937522888184, 0.9485993385314941, 0.9484261870384216, 0.9484497308731079, 0.9488084316253662, 0.9484385251998901, 0.9491173028945923, 0.9487340450286865, 0.9483118653297424]
Train step Accs: [1.0, 1.0, 1.0, 1.0, 1.0, 1.0, 1.0, 1.0, 1.0, 1.0, 1.0, 1.0, 1.0, 1.0, 1.0, 1.0, 1.0, 1.0, 1.0, 1.0, 1.0, 1.0, 1.0, 1.0, 1.0, 1.0, 1.0, 1.0, 1.0, 1.0, 1.0, 1.0, 1.0, 1.0, 1.0, 1.0, 1.0, 1.0, 1.0, 1.0, 1.0, 1.0, 1.0, 1.0, 1.0, 1.0, 1.0, 1.0, 1.0, 1.0, 1.0, 1.0, 1.0, 1.0, 1.0, 1.0, 1.0, 1.0, 1.0, 1.0, 1.0, 1.0, 1.0, 1.0, 1.0, 1.0, 1.0, 1.0, 1.0, 1.0, 1.0, 1.0, 1.0, 1.0, 1.0, 1.0, 1.0, 1.0, 1.0, 1.0, 1.0, 1.0, 1.0, 1.0, 1.0, 1.0, 1.0, 1.0, 1.0, 1.0, 1.0, 1.0, 1.0, 1.0, 1.0, 1.0, 1.0, 1.0, 1.0, 1.0, 1.0, 1.0, 1.0, 1.0, 1.0]
val step Accs: [1.0, 0.9998262984193156, 1.0, 1.0, 0.9991015274034142, 1.0, 1.0, 0.9993795563828137, 1.0, 1.0, 1.0, 0.999805900621118, 1.0, 1.0, 0.999809885931559, 0.9996424740793708, 1.0, 1.0, 1.0, 1.0, 1.0, 1.0, 1.0, 1.0, 0.9998324396782842, 1.0, 1.0]
Preds: [17, 152, 152, 378, 378, 43, 276, 276, 174, 174, 174, 319, 319, 330, 167, 7, 219, 34, 114, 420, 443, 443, 330, 313, 313, 368, 186, 453, 168, 114, 420, 420, 420, 464, 301, 378, 378, 43, 345, 109, 346, 428, 428, 428, 146, 240, 240, 36, 449, 377, 123, 382, 313, 337, 219, 324, 464, 464, 464, 464, 330, 330, 240, 143, 465, 75, 272, 377, 441, 441, 84, 274, 274, 274, 413, 348, 199, 331, 331, 84, 284, 481, 481, 293, 293, 43, 276, 276, 346, 284, 284, 284, 284, 481, 450, 413, 413, 42, 42, 42, 406, 406, 406, 406, 406, 134, 497, 497, 58, 183, 183, 451, 213, 213, 213, 301, 301, 173, 53, 29, 29, 275, 275, 98, 98, 98, 229, 229, 321, 244, 312, 292, 23, 23, 101, 149, 320, 320, 479, 331, 331, 486, 486, 460, 460, 169, 169, 77, 449, 494, 30, 422, 99, 338, 54, 54, 395, 273, 443, 443, 151, 460, 169, 215, 35, 465, 75, 75, 420, 420, 324, 324, 464, 464, 464, 180, 315, 284, 284, 450, 450, 293, 43, 43, 276, 346, 346, 346, 428, 146, 146, 219, 219, 219, 219, 464, 464, 464, 301, 173, 8, 354, 29, 499, 499, 151, 240, 240, 240, 216, 114, 114, 114, 443, 443, 403, 403, 403, 207, 207, 358, 19, 454, 458, 259, 354, 81, 431, 431, 443, 376, 376, 460, 240, 271, 271, 77, 449, 183, 183, 451, 30, 213, 286, 278, 120, 120, 120, 120, 385, 454, 414, 229, 321, 321, 247, 126, 126, 326, 101, 408, 149, 320, 7, 7, 219, 398, 152, 374, 374, 330, 378, 399, 70, 65, 284, 480, 480, 480, 85, 146, 146, 146, 219, 219, 378, 345, 109, 346, 346, 428, 428, 85, 146, 146, 146, 358, 143, 143, 259, 75, 371, 448, 324, 324, 324, 301, 301, 301, 251, 81, 81, 81, 403, 403, 171, 171, 246, 246, 301, 301, 173, 280, 109, 109, 355, 355, 355, 355, 452, 452, 263, 229, 229, 312, 23, 23, 101, 149, 320, 320, 7, 219, 219, 152, 464, 374, 315, 284, 319, 319, 348, 348, 285, 199, 84, 302, 293, 497, 281, 269, 9, 9, 168, 485, 477, 374, 139, 497, 497, 122, 216, 81, 431, 284, 284, 486, 486, 85, 85, 85, 85, 85, 85, 85, 282, 37, 271, 24, 310, 107, 395, 395, 477, 374, 374, 132, 17, 420, 420, 420, 420, 420, 420, 420, 420, 420, 420, 420, 420, 420, 420, 420, 420, 420, 420, 420, 420, 420, 420, 420, 420, 420, 420, 420, 420, 420, 420, 420, 420, 420, 420, 420, 420, 420, 420, 420, 420, 420, 420, 420, 420, 420, 420, 420, 420, 420, 420, 420, 420, 420, 420, 420, 420, 420, 420, 420, 420, 420, 420, 420, 420, 420, 420, 420, 420, 420, 420, 420, 420, 420, 420, 420, 420, 420, 420, 420, 420, 420, 420, 420, 420, 420, 420, 420, 420, 420, 420, 420, 420, 420, 420, 420, 420, 420, 420, 420, 420, 420, 420, 420, 420, 420, 420, 420, 420, 420, 420, 420, 420, 420, 420, 420, 420, 420, 420, 420, 420, 420, 420, 420, 420, 420, 420, 420, 420, 420, 420, 420, 420, 420, 420, 420, 420, 420, 420, 420, 420, 420, 420, 420, 420, 420, 420, 420, 420, 420, 420, 420, 420, 420, 420, 420, 420, 420, 420, 420, 420, 420, 420, 420, 420, 420, 420, 420, 420, 420, 420, 420, 420, 420, 420, 420, 420, 420, 420, 420, 420, 420, 420, 420, 420, 420, 420, 420, 420, 420, 420, 420, 420, 420, 420, 420, 420, 420, 420, 420, 420, 420, 420]

ep99
Train step Loss: [0.9471185207366943, 0.9469859600067139, 0.9469475150108337, 0.946983814239502, 0.9469865560531616, 0.9472025036811829, 0.9470906257629395, 0.9468704462051392, 0.947076141834259, 0.9471616744995117, 0.9471641778945923, 0.9469413757324219, 0.9470022916793823, 0.9470041394233704, 0.9470653533935547, 0.9470347166061401, 0.9470675587654114, 0.9470677375793457, 0.9470005035400391, 0.9470044374465942, 0.947490930557251, 0.9469574689865112, 0.9475018978118896, 0.9469656944274902, 0.9470094442367554, 0.9469906091690063, 0.9469326734542847, 0.9469305276870728, 0.9469559192657471, 0.9470170736312866, 0.9470236301422119, 0.947063148021698, 0.947212815284729, 0.9469798803329468, 0.9469683766365051, 0.9470966458320618, 0.9469014406204224, 0.9469005465507507, 0.9469931125640869, 0.9469192028045654, 0.9469314813613892, 0.9470455646514893, 0.9472811818122864, 0.9469533562660217, 0.9469902515411377, 0.9469519853591919, 0.9469313025474548, 0.9471149444580078, 0.947050154209137, 0.9469268321990967, 0.9470794796943665, 0.9469932317733765, 0.9470198750495911, 0.9470349550247192, 0.9471149444580078, 0.9470475912094116, 0.9469082355499268, 0.9470809698104858, 0.9468787908554077, 0.9469546675682068, 0.9468547105789185, 0.9470118284225464, 0.9470010995864868, 0.9470405578613281, 0.9468948841094971, 0.9469671249389648, 0.9469027519226074, 0.947053849697113, 0.9473819732666016, 0.9469891786575317, 0.9470021724700928, 0.9469946622848511, 0.9473404884338379, 0.9469847679138184, 0.9470012784004211, 0.9470143914222717, 0.9471323490142822, 0.9471628665924072, 0.9469841718673706, 0.9469184279441833, 0.9471229314804077, 0.9468909502029419, 0.9469462633132935, 0.9469090104103088, 0.9470746517181396, 0.9469398260116577, 0.946986198425293, 0.9476034045219421, 0.9470143914222717, 0.9469364285469055, 0.9470534324645996, 0.9470242261886597, 0.9470651745796204, 0.9470418095588684, 0.9469395279884338, 0.947021484375, 0.9468882083892822, 0.9469708204269409, 0.9469277858734131, 0.9470800757408142, 0.9468908309936523, 0.9470808506011963, 0.9471393823623657, 0.947002112865448, 0.9474135637283325]
val step Loss: [0.9486805200576782, 0.9511443376541138, 0.9487631916999817, 0.949222207069397, 0.9485917091369629, 0.9486624598503113, 0.9519893527030945, 0.9485480189323425, 0.948459804058075, 0.9484389424324036, 0.9485159516334534, 0.9483202695846558, 0.9498358368873596, 0.9484785795211792, 0.9482470750808716, 0.9534082412719727, 0.9496325254440308, 0.9486152529716492, 0.9502254128456116, 0.9483623504638672, 0.9480814933776855, 0.9488933682441711, 0.9485373497009277, 0.9484540224075317, 0.9485388994216919, 0.9483628273010254, 0.9485498666763306]
Train step Accs: [1.0, 1.0, 1.0, 1.0, 1.0, 1.0, 1.0, 1.0, 1.0, 1.0, 1.0, 1.0, 1.0, 1.0, 1.0, 1.0, 1.0, 1.0, 1.0, 1.0, 1.0, 1.0, 1.0, 1.0, 1.0, 1.0, 1.0, 1.0, 1.0, 1.0, 1.0, 1.0, 1.0, 1.0, 1.0, 1.0, 1.0, 1.0, 1.0, 1.0, 1.0, 1.0, 1.0, 1.0, 1.0, 1.0, 1.0, 1.0, 1.0, 1.0, 1.0, 1.0, 1.0, 1.0, 1.0, 1.0, 1.0, 1.0, 1.0, 1.0, 1.0, 1.0, 1.0, 1.0, 1.0, 1.0, 1.0, 1.0, 1.0, 1.0, 1.0, 1.0, 1.0, 1.0, 1.0, 1.0, 1.0, 1.0, 1.0, 1.0, 1.0, 1.0, 1.0, 1.0, 1.0, 1.0, 1.0, 1.0, 1.0, 1.0, 1.0, 1.0, 1.0, 1.0, 1.0, 1.0, 1.0, 1.0, 1.0, 1.0, 1.0, 1.0, 1.0, 1.0, 1.0]
val step Accs: [1.0, 0.9995268511947007, 1.0, 0.9998527896363903, 1.0, 1.0, 0.9993398250536392, 1.0, 1.0, 1.0, 1.0, 1.0, 0.9998272884283247, 1.0, 1.0, 0.9990509332489719, 0.9998307952622674, 1.0, 0.9997770345596433, 1.0, 1.0, 1.0, 1.0, 1.0, 1.0, 1.0, 1.0]
Preds: [17, 17, 17, 287, 284, 284, 284, 293, 88, 88, 276, 276, 174, 174, 387, 428, 146, 299, 434, 324, 324, 301, 24, 24, 239, 239, 227, 397, 397, 441, 43, 129, 401, 244, 244, 354, 354, 109, 443, 120, 120, 207, 207, 454, 263, 417, 414, 414, 414, 170, 244, 244, 305, 305, 244, 244, 187, 187, 12, 23, 23, 23, 101, 149, 149, 228, 244, 244, 209, 287, 287, 111, 240, 285, 285, 131, 34, 134, 43, 129, 129, 259, 354, 109, 109, 443, 240, 175, 251, 241, 431, 84, 84, 16, 88, 88, 88, 346, 106, 230, 293, 122, 416, 129, 458, 208, 79, 487, 337, 422, 31, 31, 164, 164, 6, 272, 114, 180, 486, 486, 206, 215, 215, 8, 239, 354, 354, 470, 264, 120, 139, 175, 251, 241, 106, 302, 100, 387, 497, 122, 8, 8, 32, 354, 354, 441, 148, 153, 182, 182, 182, 497, 442, 349, 349, 234, 234, 234, 234, 234, 261, 261, 25, 148, 148, 148, 153, 153, 387, 387, 387, 335, 457, 457, 188, 188, 152, 222, 406, 406, 406, 467, 467, 481, 481, 293, 251, 251, 251, 241, 431, 106, 496, 274, 43, 43, 364, 441, 276, 276, 153, 387, 387, 387, 387, 406, 42, 406, 467, 467, 288, 207, 207, 388, 116, 10, 10, 479, 398, 324, 324, 301, 314, 32, 239, 354, 354, 180, 443, 443, 403, 146, 146, 464, 378, 43, 43, 276, 276, 109, 109, 486, 486, 206, 240, 240, 24, 239, 384, 371, 324, 324, 422, 422, 239, 239, 384, 371, 371, 278, 278, 278, 236, 143, 36, 36, 342, 172, 224, 273, 273, 355, 355, 355, 355, 452, 263, 263, 229, 244, 82, 312, 126, 326, 326, 101, 101, 391, 391, 244, 73, 244, 82, 66, 66, 68, 172, 172, 115, 267, 267, 267, 213, 213, 246, 246, 3, 3, 14, 188, 188, 152, 378, 43, 43, 43, 276, 109, 109, 284, 486, 460, 206, 240, 314, 239, 239, 239, 384, 371, 444, 213, 213, 213, 213, 246, 246, 246, 246, 246, 246, 246, 246, 246, 246, 246, 246, 19, 19, 17, 420, 420, 420, 420, 420, 420, 420, 420, 420, 420, 420, 420, 420, 420, 420, 420, 420, 420, 420, 420, 420, 420, 420, 420, 420, 420, 420, 420, 420, 420, 420, 420, 420, 420, 420, 420, 420, 420, 420, 420, 420, 420, 420, 420, 420, 420, 420, 420, 420, 420, 420, 420, 420, 420, 420, 420, 420, 420, 420, 420, 420, 420, 420, 420, 420, 420, 420, 420, 420, 420, 420, 420, 420, 420, 420, 420, 420, 420, 420, 420, 420, 420, 420, 420, 420, 420, 420, 420, 420, 420, 420, 420, 420, 420, 420, 420, 420, 420, 420, 420, 420, 420, 420, 420, 420, 420, 420, 420, 420, 420, 420, 420, 420, 420, 420, 420, 420, 420, 420, 420, 420, 420, 420, 420, 420, 420, 420, 420, 420, 420, 420, 420, 420, 420, 420, 420, 420, 420, 420, 420, 420, 420, 420, 420, 420, 420, 420, 420, 420, 420, 420, 420, 420, 420, 420, 420, 420, 420, 420, 420, 420, 420, 420, 420, 420, 420, 420, 420, 420, 420, 420, 420, 420, 420, 420, 420, 420, 420, 420, 420, 420, 420, 420, 420, 420, 420, 420, 420, 420, 420, 420, 420, 420, 420, 420, 420, 420, 420, 420, 420, 420, 420, 420, 420, 420, 420, 420, 420, 420, 420, 420, 420, 420, 420, 420, 420, 420, 420, 420, 420, 420, 420, 420, 420, 420, 420, 420, 420, 420, 420, 420, 420, 420, 420, 420, 420, 420, 420, 420, 420, 420, 420, 420, 420, 420, 420, 420, 420, 420, 420]

ep100
Train step Loss: [0.9468458890914917, 0.9470237493515015, 0.9467924237251282, 0.9470793008804321, 0.9469037055969238, 0.947019636631012, 0.9470475316047668, 0.9468948245048523, 0.9468407034873962, 0.9475937485694885, 0.947127640247345, 0.9468988180160522, 0.9469709992408752, 0.9469084143638611, 0.9468163251876831, 0.9470432996749878, 0.946910560131073, 0.9468315839767456, 0.9469342231750488, 0.9468953609466553, 0.9469824433326721, 0.9469068646430969, 0.9469517469406128, 0.9469516277313232, 0.947012722492218, 0.9468817710876465, 0.9468221068382263, 0.9468942284584045, 0.9468565583229065, 0.9469064474105835, 0.9470259547233582, 0.9468839168548584, 0.9469186067581177, 0.9469276666641235, 0.9470329284667969, 0.9471176862716675, 0.9470076560974121, 0.9469541311264038, 0.9468687176704407, 0.946774423122406, 0.9469925165176392, 0.9469906091690063, 0.9474959373474121, 0.9468982219696045, 0.94684898853302, 0.9469732642173767, 0.9470739364624023, 0.9469534754753113, 0.9470030069351196, 0.9470098614692688, 0.9469202160835266, 0.9469633102416992, 0.9468512535095215, 0.9470265507698059, 0.9473455548286438, 0.9469060897827148, 0.9468901753425598, 0.9470339417457581, 0.9470241069793701, 0.9470060467720032, 0.9469552636146545, 0.9474315047264099, 0.9468599557876587, 0.9468952417373657, 0.9469193816184998, 0.9468806982040405, 0.9469925165176392, 0.9469137787818909, 0.9469631910324097, 0.9469140768051147, 0.9468435049057007, 0.9469719529151917, 0.9469852447509766, 0.9470318555831909, 0.9467654228210449, 0.9470260739326477, 0.9468964338302612, 0.9469742774963379, 0.9469718933105469, 0.9473108649253845, 0.9469227194786072, 0.9468214511871338, 0.9469940066337585, 0.9469615817070007, 0.94696044921875, 0.9468535780906677, 0.9468414187431335, 0.947106122970581, 0.946837306022644, 0.9469125866889954, 0.9468278884887695, 0.9470234513282776, 0.9468459486961365, 0.9469283223152161, 0.9468749165534973, 0.9470716714859009, 0.9468690156936646, 0.9468861222267151, 0.9469105005264282, 0.9468319416046143, 0.9469764828681946, 0.9467578530311584, 0.9467268586158752, 0.9468781352043152, 0.9469748139381409]
val step Loss: [0.9508230686187744, 0.9500770568847656, 0.9480568170547485, 0.9542673826217651, 0.9484944939613342, 0.9482325911521912, 0.9483604431152344, 0.9484280943870544, 0.9489390850067139, 0.9488297700881958, 0.948296308517456, 0.948095440864563, 0.9484169483184814, 0.9484801888465881, 0.9486390948295593, 0.9483663439750671, 0.9494065642356873, 0.948479950428009, 0.9483967423439026, 0.9484067559242249, 0.9492136240005493, 0.9486234188079834, 0.9524476528167725, 0.9486070871353149, 0.9484095573425293, 0.948843240737915, 0.9484507441520691]
Train step Accs: [1.0, 1.0, 1.0, 1.0, 1.0, 1.0, 1.0, 1.0, 1.0, 1.0, 1.0, 1.0, 1.0, 1.0, 1.0, 1.0, 1.0, 1.0, 1.0, 1.0, 1.0, 1.0, 1.0, 1.0, 1.0, 1.0, 1.0, 1.0, 1.0, 1.0, 1.0, 1.0, 1.0, 1.0, 1.0, 1.0, 1.0, 1.0, 1.0, 1.0, 1.0, 1.0, 1.0, 1.0, 1.0, 1.0, 1.0, 1.0, 1.0, 1.0, 1.0, 1.0, 1.0, 1.0, 1.0, 1.0, 1.0, 1.0, 1.0, 1.0, 1.0, 1.0, 1.0, 1.0, 1.0, 1.0, 1.0, 1.0, 1.0, 1.0, 1.0, 1.0, 1.0, 1.0, 1.0, 1.0, 1.0, 1.0, 1.0, 1.0, 1.0, 1.0, 1.0, 1.0, 1.0, 1.0, 1.0, 1.0, 1.0, 1.0, 1.0, 1.0, 1.0, 1.0, 1.0, 1.0, 1.0, 1.0, 1.0, 1.0, 1.0, 1.0, 1.0, 1.0, 1.0]
val step Accs: [0.9996630727762803, 0.9997021593447506, 1.0, 0.9989165763813651, 1.0, 1.0, 1.0, 1.0, 1.0, 1.0, 1.0, 1.0, 1.0, 1.0, 1.0, 1.0, 0.9998456551937027, 1.0, 1.0, 1.0, 0.9998104624715694, 1.0, 0.9993044687880369, 1.0, 1.0, 1.0, 1.0]
Preds: [17, 17, 152, 152, 152, 378, 378, 43, 276, 345, 345, 109, 174, 284, 319, 240, 240, 240, 314, 239, 82, 82, 449, 371, 444, 213, 324, 324, 324, 286, 301, 132, 42, 42, 147, 380, 380, 288, 443, 432, 330, 330, 388, 33, 33, 64, 394, 398, 219, 464, 464, 464, 180, 315, 315, 450, 450, 293, 43, 43, 43, 364, 276, 276, 276, 276, 346, 346, 284, 284, 284, 284, 376, 376, 206, 206, 85, 85, 240, 388, 251, 251, 251, 251, 251, 251, 241, 431, 355, 355, 452, 263, 263, 263, 420, 420, 420, 420, 420, 420, 420, 420, 420, 420, 420, 420, 420, 420, 420, 420, 420, 420, 420, 420, 420, 420, 420, 420, 420, 420, 420, 420, 420, 420, 420, 420, 420, 420, 420, 420, 420, 420, 420, 420, 420, 420, 420, 420, 420, 420, 420, 420, 420, 420, 420, 420, 420, 420, 420, 420, 420, 420, 420, 420, 420, 420, 420, 420, 420, 420, 420, 420, 420, 420, 420, 420, 420, 420, 420, 420, 420, 420, 420, 420, 420, 420, 420, 420, 420, 420, 420, 420, 420, 420, 420, 420, 420, 420, 420, 420, 420, 420, 420, 420, 420, 420, 420, 420, 420, 420, 420, 420, 420, 420, 420, 420, 420, 420, 420, 420, 420, 420, 420, 420, 420, 420, 420, 420, 420, 420, 420, 420, 420, 420, 420, 420, 420, 420, 420, 420, 420, 420, 420, 420, 420, 420, 420, 420, 420, 420, 420, 420, 420, 420, 420, 420, 420, 420, 420, 420, 420, 420, 420, 420, 420, 420, 420, 420, 420, 420, 420, 420, 420, 420, 420, 420, 420, 420, 420, 420, 420, 420, 420, 420, 420, 420, 420, 420, 420, 420, 420, 420, 420, 420, 420, 420, 420, 420, 420, 420, 420, 420, 420, 420, 420, 420, 420, 420, 420, 420, 420, 420, 420, 420, 420, 420, 420, 420, 420, 420, 420, 420, 420, 420, 420, 420, 420, 420, 420, 420, 420, 420, 420, 420, 420, 420, 420, 420, 420, 420, 420, 420, 420, 420, 420, 420, 420, 420, 420, 420, 420, 420, 420, 420, 420, 420, 420, 420, 420, 420, 420, 420, 420, 420, 420, 420, 420, 420, 420, 420, 420, 420, 420, 420, 420, 420, 420, 420, 420, 420, 420, 420, 420, 420, 420, 420, 420, 420, 420, 420, 420, 420, 420, 420, 420, 420, 420, 420, 420, 420, 420, 420, 420, 420, 420, 420, 420, 420, 420, 420, 420, 420, 420, 420, 420, 420, 420, 420, 420, 420, 420, 420, 420, 420, 420, 420, 420, 420, 420, 420, 420, 420, 420, 420, 420, 420, 420, 420, 420, 420, 420, 420, 420, 420, 420, 420, 420, 420, 420, 420, 420, 420, 420, 420, 420, 420, 420, 420, 420, 420, 420, 420, 420, 420, 420, 420, 420, 420, 420, 420, 420, 420, 420, 420, 420, 420, 420, 420, 420, 420, 420, 420, 420, 420, 420, 420, 420, 420, 420, 420, 420, 420, 420, 420, 420, 420, 420, 420, 420, 420, 420, 420, 420, 420, 420, 420, 420, 420, 420, 420, 420, 420, 420, 420, 420, 420, 420, 420, 420, 420, 420, 420, 420, 420, 420, 420, 420, 420, 420, 420, 420, 420, 420, 420, 420, 420, 420, 420, 420, 420, 420, 420, 420, 420, 420, 420, 420, 420, 420, 420, 420, 420, 420, 420, 420, 420, 420, 420, 420, 420, 420, 420, 420, 420, 420, 420, 420, 420, 420, 420, 420, 420, 420, 420, 420, 420, 420, 420, 420, 420, 420, 420, 420, 420, 420, 420, 420, 420, 420, 420, 420, 420, 420, 420, 420, 420, 420, 420, 420, 420, 420, 420, 420, 420, 420, 420, 420, 420, 420, 420]

ep101
Train step Loss: [0.9468223452568054, 0.9470674395561218, 0.9468367695808411, 0.9473907351493835, 0.9473303556442261, 0.9468114972114563, 0.9470157027244568, 0.9469079375267029, 0.946769654750824, 0.9468473196029663, 0.9470385909080505, 0.9470874071121216, 0.9468544125556946, 0.9470279216766357, 0.9468243718147278, 0.946885883808136, 0.9474396705627441, 0.9469720125198364, 0.9468538761138916, 0.9470322728157043, 0.9469619989395142, 0.9469900727272034, 0.94703209400177, 0.9468643069267273, 0.9468804001808167, 0.9468572735786438, 0.9470388293266296, 0.9468919634819031, 0.9469248056411743, 0.9470510482788086, 0.9469923377037048, 0.9468715190887451, 0.9470335245132446, 0.9468544125556946, 0.9471067190170288, 0.9468609094619751, 0.9468973875045776, 0.9468227028846741, 0.9469447731971741, 0.9469324946403503, 0.9468671083450317, 0.9469361901283264, 0.9470064640045166, 0.9468820691108704, 0.9468986988067627, 0.9469727873802185, 0.9469133615493774, 0.9468454122543335, 0.9468932747840881, 0.9468485116958618, 0.9468298554420471, 0.9470034837722778, 0.9470567107200623, 0.9468330144882202, 0.9469650983810425, 0.9469958543777466, 0.9469572305679321, 0.946743905544281, 0.9467563629150391, 0.946891188621521, 0.9467772841453552, 0.9468848705291748, 0.9469183683395386, 0.9467898011207581, 0.9469702839851379, 0.9467970728874207, 0.9470125436782837, 0.9470208287239075, 0.9468729496002197, 0.9467276334762573, 0.9469481706619263, 0.9469495415687561, 0.9469535946846008, 0.9468739032745361, 0.9469126462936401, 0.9468164443969727, 0.9469057321548462, 0.9468519687652588, 0.9469855427742004, 0.9469450116157532, 0.9468941688537598, 0.9468131065368652, 0.9468914270401001, 0.9469096660614014, 0.946947455406189, 0.946905255317688, 0.9469444751739502, 0.9469578862190247, 0.9468903541564941, 0.9469226598739624, 0.947425127029419, 0.9469122290611267, 0.9467988610267639, 0.9468532800674438, 0.9469259977340698, 0.9469194412231445, 0.9469926357269287, 0.946882426738739, 0.9472917914390564, 0.9471454620361328, 0.9469554424285889, 0.9469071626663208, 0.9468095898628235, 0.9470349550247192, 0.9468351602554321]
val step Loss: [0.9486639499664307, 0.9482804536819458, 0.9483163356781006, 0.9482778310775757, 0.9484864473342896, 0.9492945671081543, 0.9493070840835571, 0.9488586187362671, 0.9483571648597717, 0.9483682513237, 0.9483168721199036, 0.9597715139389038, 0.9484182000160217, 0.9482771158218384, 0.9496410489082336, 0.948311984539032, 0.94814133644104, 0.9484812021255493, 0.948621928691864, 0.9484656453132629, 0.9491121768951416, 0.9481669068336487, 0.9483256340026855, 0.9482650756835938, 0.9484508633613586, 0.9483368396759033, 0.9483221769332886]
Train step Accs: [1.0, 1.0, 1.0, 1.0, 1.0, 1.0, 1.0, 1.0, 1.0, 1.0, 1.0, 1.0, 1.0, 1.0, 1.0, 1.0, 1.0, 1.0, 1.0, 1.0, 1.0, 1.0, 1.0, 1.0, 1.0, 1.0, 1.0, 1.0, 1.0, 1.0, 1.0, 1.0, 1.0, 1.0, 1.0, 1.0, 1.0, 1.0, 1.0, 1.0, 1.0, 1.0, 1.0, 1.0, 1.0, 1.0, 1.0, 1.0, 1.0, 1.0, 1.0, 1.0, 1.0, 1.0, 1.0, 1.0, 1.0, 1.0, 1.0, 1.0, 1.0, 1.0, 1.0, 1.0, 1.0, 1.0, 1.0, 1.0, 1.0, 1.0, 1.0, 1.0, 1.0, 1.0, 1.0, 1.0, 1.0, 1.0, 1.0, 1.0, 1.0, 1.0, 1.0, 1.0, 1.0, 1.0, 1.0, 1.0, 1.0, 1.0, 1.0, 1.0, 1.0, 1.0, 1.0, 1.0, 1.0, 1.0, 1.0, 1.0, 1.0, 1.0, 1.0, 1.0, 1.0]
val step Accs: [1.0, 1.0, 1.0, 1.0, 1.0, 0.99981556621173, 0.9998213009292352, 1.0, 1.0, 1.0, 1.0, 0.9979256698357822, 1.0, 1.0, 0.9998423707440101, 1.0, 1.0, 1.0, 1.0, 1.0, 0.9998325238653492, 1.0, 1.0, 1.0, 1.0, 1.0, 1.0]
Preds: [17, 17, 441, 153, 153, 153, 424, 387, 497, 497, 122, 122, 35, 35, 259, 384, 371, 180, 180, 84, 84, 139, 16, 16, 375, 375, 375, 375, 98, 98, 98, 13, 13, 414, 414, 249, 249, 20, 47, 312, 187, 187, 101, 101, 101, 101, 149, 149, 149, 321, 287, 287, 287, 287, 297, 297, 297, 293, 293, 293, 122, 216, 22, 106, 106, 106, 284, 284, 284, 284, 306, 306, 372, 245, 406, 406, 284, 65, 284, 284, 284, 376, 376, 282, 282, 169, 271, 150, 77, 342, 342, 168, 97, 483, 196, 196, 479, 199, 199, 199, 360, 360, 330, 252, 368, 310, 310, 395, 395, 213, 278, 278, 278, 252, 368, 77, 453, 453, 168, 485, 301, 301, 374, 199, 106, 84, 84, 84, 84, 496, 293, 215, 215, 8, 251, 241, 241, 106, 106, 106, 284, 426, 405, 387, 387, 406, 406, 467, 467, 337, 207, 207, 19, 358, 233, 414, 417, 417, 417, 417, 442, 442, 414, 170, 102, 491, 312, 292, 292, 292, 292, 326, 326, 408, 408, 408, 228, 321, 320, 451, 30, 30, 422, 99, 338, 338, 338, 338, 400, 400, 400, 400, 171, 171, 301, 301, 378, 43, 364, 345, 345, 109, 109, 476, 476, 171, 324, 324, 301, 301, 8, 259, 354, 354, 420, 420, 420, 324, 324, 301, 251, 251, 241, 241, 331, 443, 443, 443, 443, 120, 120, 120, 120, 207, 207, 207, 207, 37, 203, 399, 217, 217, 473, 473, 476, 476, 171, 171, 171, 171, 252, 252, 310, 453, 107, 395, 444, 213, 213, 360, 252, 252, 368, 77, 54, 54, 224, 168, 494, 278, 301, 116, 251, 251, 241, 431, 431, 486, 376, 376, 376, 376, 376, 460, 460, 460, 240, 240, 35, 198, 384, 371, 114, 180, 84, 84, 84, 387, 372, 467, 467, 467, 467, 467, 207, 207, 207, 19, 19, 17, 420, 420, 420, 420, 420, 420, 420, 420, 420, 420, 420, 420, 420, 420, 420, 420, 420, 420, 420, 420, 420, 420, 420, 420, 420, 420, 420, 420, 420, 420, 420, 420, 420, 420, 420, 420, 420, 420, 420, 420, 420, 420, 420, 420, 420, 420, 420, 420, 420, 420, 420, 420, 420, 420, 420, 420, 420, 420, 420, 420, 420, 420, 420, 420, 420, 420, 420, 420, 420, 420, 420, 420, 420, 420, 420, 420, 420, 420, 420, 420, 420, 420, 420, 420, 420, 420, 420, 420, 420, 420, 420, 420, 420, 420, 420, 420, 420, 420, 420, 420, 420, 420, 420, 420, 420, 420, 420, 420, 420, 420, 420, 420, 420, 420, 420, 420, 420, 420, 420, 420, 420, 420, 420, 420, 420, 420, 420, 420, 420, 420, 420, 420, 420, 420, 420, 420, 420, 420, 420, 420, 420, 420, 420, 420, 420, 420, 420, 420, 420, 420, 420, 420, 420, 420, 420, 420, 420, 420, 420, 420, 420, 420, 420, 420, 420, 420, 420, 420, 420, 420, 420, 420, 420, 420, 420, 420, 420, 420, 420, 420, 420, 420, 420, 420, 420, 420, 420, 420, 420, 420, 420, 420, 420, 420, 420, 420, 420, 420, 420, 420, 420, 420, 420, 420, 420, 420, 420, 420, 420, 420, 420, 420, 420, 420, 420, 420, 420, 420, 420, 420, 420, 420, 420, 420, 420, 420, 420, 420, 420, 420, 420, 420, 420, 420, 420, 420, 420, 420, 420, 420, 420, 420, 420, 420, 420, 420, 420, 420, 420, 420, 420, 420, 420, 420, 420, 420, 420, 420, 420, 420, 420, 420, 420, 420, 420, 420, 420, 420, 420, 420, 420, 420, 420, 420, 420, 420, 420, 420, 420, 420, 420, 420, 420, 420, 420, 420, 420, 420, 420, 420]

ep102
Train step Loss: [0.9467867612838745, 0.946810781955719, 0.9468852281570435, 0.9469050168991089, 0.9469740390777588, 0.9468598961830139, 0.9469233155250549, 0.9475803971290588, 0.9468646049499512, 0.9468257427215576, 0.9469090104103088, 0.9468892216682434, 0.9467729926109314, 0.946719229221344, 0.9469432830810547, 0.9469161629676819, 0.946895182132721, 0.9468863606452942, 0.946986198425293, 0.9469383358955383, 0.9468778967857361, 0.9468348622322083, 0.9469854831695557, 0.9469287395477295, 0.9469284415245056, 0.9468864798545837, 0.9469453692436218, 0.9469497203826904, 0.9468669891357422, 0.9468512535095215, 0.9469128847122192, 0.9469540119171143, 0.9469171166419983, 0.9468836188316345, 0.9468933939933777, 0.9470551609992981, 0.9468375444412231, 0.947070300579071, 0.9470563530921936, 0.947338879108429, 0.9470728635787964, 0.9470473527908325, 0.9469596147537231, 0.9469406008720398, 0.9467936754226685, 0.9468744397163391, 0.9470653533935547, 0.9468622207641602, 0.9473699927330017, 0.9468684196472168, 0.9469662308692932, 0.9467835426330566, 0.9469181895256042, 0.9469312429428101, 0.9469054937362671, 0.9468657374382019, 0.9469703435897827, 0.9469029903411865, 0.9469045996665955, 0.9469393491744995, 0.946960985660553, 0.9469283223152161, 0.9467357397079468, 0.94683438539505, 0.9469678401947021, 0.9468412399291992, 0.9469418525695801, 0.9467662572860718, 0.9473118782043457, 0.9470269680023193, 0.9468352794647217, 0.9468397498130798, 0.9469403028488159, 0.9469228386878967, 0.9467845559120178, 0.9468420147895813, 0.9468568563461304, 0.9467906951904297, 0.9469947218894958, 0.9468187093734741, 0.9469034671783447, 0.9469318389892578, 0.9468398690223694, 0.9467836022377014, 0.946892261505127, 0.9468013048171997, 0.9468135833740234, 0.9469610452651978, 0.9468647837638855, 0.9469510316848755, 0.9467570781707764, 0.9469711780548096, 0.9469250440597534, 0.947398841381073, 0.9469956755638123, 0.946975827217102, 0.9469486474990845, 0.9469196796417236, 0.9468860030174255, 0.9469037652015686, 0.9470542669296265, 0.9468681812286377, 0.9468849897384644, 0.9467794895172119, 0.9468193054199219]
val step Loss: [0.9481467604637146, 0.9481004476547241, 0.9481842517852783, 0.9482917189598083, 0.9483698010444641, 0.9482962489128113, 0.9482201933860779, 0.9482459425926208, 0.9485748410224915, 0.9492916464805603, 0.948366105556488, 0.9483712911605835, 0.9481688737869263, 0.948513388633728, 0.948376476764679, 0.9488276243209839, 0.9535682797431946, 0.9517906308174133, 0.9492297172546387, 0.9499801993370056, 0.9484391808509827, 0.9481669664382935, 0.9483512043952942, 0.9491176009178162, 0.9499590992927551, 0.948307991027832, 0.9484601020812988]
Train step Accs: [1.0, 1.0, 1.0, 1.0, 1.0, 1.0, 1.0, 1.0, 1.0, 1.0, 1.0, 1.0, 1.0, 1.0, 1.0, 1.0, 1.0, 1.0, 1.0, 1.0, 1.0, 1.0, 1.0, 1.0, 1.0, 1.0, 1.0, 1.0, 1.0, 1.0, 1.0, 1.0, 1.0, 1.0, 1.0, 1.0, 1.0, 1.0, 1.0, 1.0, 1.0, 1.0, 1.0, 1.0, 1.0, 1.0, 1.0, 1.0, 1.0, 1.0, 1.0, 1.0, 1.0, 1.0, 1.0, 1.0, 1.0, 1.0, 1.0, 1.0, 1.0, 1.0, 1.0, 1.0, 1.0, 1.0, 1.0, 1.0, 1.0, 1.0, 1.0, 1.0, 1.0, 1.0, 1.0, 1.0, 1.0, 1.0, 1.0, 1.0, 1.0, 1.0, 1.0, 1.0, 1.0, 1.0, 1.0, 1.0, 1.0, 1.0, 1.0, 1.0, 1.0, 1.0, 1.0, 1.0, 1.0, 1.0, 1.0, 1.0, 1.0, 1.0, 1.0, 1.0, 1.0]
val step Accs: [1.0, 1.0, 1.0, 1.0, 1.0, 1.0, 1.0, 1.0, 1.0, 0.99982341515098, 1.0, 1.0, 1.0, 1.0, 1.0, 1.0, 0.9990495802312688, 0.9993951308029638, 0.9998344370860928, 0.9997679275934092, 1.0, 1.0, 1.0, 0.999857020303117, 0.9996805622105095, 1.0, 1.0]
Preds: [17, 17, 17, 345, 442, 487, 152, 152, 152, 301, 378, 43, 276, 345, 109, 109, 284, 486, 460, 240, 240, 385, 314, 32, 239, 75, 384, 371, 191, 191, 240, 385, 143, 401, 244, 75, 127, 273, 180, 486, 486, 486, 460, 282, 167, 385, 457, 196, 196, 219, 398, 464, 464, 486, 486, 460, 460, 215, 215, 401, 401, 244, 321, 354, 420, 420, 324, 422, 77, 478, 68, 68, 68, 224, 273, 444, 444, 324, 301, 314, 217, 473, 398, 398, 324, 301, 10, 10, 309, 479, 380, 374, 213, 213, 213, 213, 246, 301, 301, 378, 29, 134, 134, 134, 203, 280, 337, 324, 324, 324, 324, 3, 464, 464, 145, 113, 206, 169, 349, 349, 205, 261, 261, 25, 100, 153, 153, 43, 43, 276, 276, 182, 387, 387, 387, 178, 129, 401, 244, 244, 208, 441, 100, 100, 100, 182, 182, 375, 98, 98, 229, 244, 244, 247, 126, 126, 326, 101, 101, 391, 228, 244, 244, 320, 287, 287, 287, 206, 240, 35, 36, 449, 449, 224, 168, 278, 464, 331, 315, 319, 450, 293, 43, 276, 182, 497, 497, 497, 122, 186, 349, 234, 234, 261, 25, 25, 106, 428, 428, 146, 146, 146, 171, 324, 324, 324, 324, 464, 464, 464, 464, 486, 486, 85, 85, 240, 251, 251, 251, 241, 431, 428, 428, 146, 146, 219, 219, 219, 219, 219, 464, 464, 443, 486, 486, 460, 460, 169, 169, 349, 352, 261, 25, 485, 152, 152, 422, 143, 458, 458, 75, 208, 441, 100, 100, 100, 98, 98, 48, 48, 17, 17, 420, 420, 420, 420, 420, 420, 420, 420, 420, 420, 420, 420, 420, 420, 420, 420, 420, 420, 420, 420, 420, 420, 420, 420, 420, 420, 420, 420, 420, 420, 420, 420, 420, 420, 420, 420, 420, 420, 420, 420, 420, 420, 420, 420, 420, 420, 420, 420, 420, 420, 420, 420, 420, 420, 420, 420, 420, 420, 420, 420, 420, 420, 420, 420, 420, 420, 420, 420, 420, 420, 420, 420, 420, 420, 420, 420, 420, 420, 420, 420, 420, 420, 420, 420, 420, 420, 420, 420, 420, 420, 420, 420, 420, 420, 420, 420, 420, 420, 420, 420, 420, 420, 420, 420, 420, 420, 420, 420, 420, 420, 420, 420, 420, 420, 420, 420, 420, 420, 420, 420, 420, 420, 420, 420, 420, 420, 420, 420, 420, 420, 420, 420, 420, 420, 420, 420, 420, 420, 420, 420, 420, 420, 420, 420, 420, 420, 420, 420, 420, 420, 420, 420, 420, 420, 420, 420, 420, 420, 420, 420, 420, 420, 420, 420, 420, 420, 420, 420, 420, 420, 420, 420, 420, 420, 420, 420, 420, 420, 420, 420, 420, 420, 420, 420, 420, 420, 420, 420, 420, 420, 420, 420, 420, 420, 420, 420, 420, 420, 420, 420, 420, 420, 420, 420, 420, 420, 420, 420, 420, 420, 420, 420, 420, 420, 420, 420, 420, 420, 420, 420, 420, 420, 420, 420, 420, 420, 420, 420, 420, 420, 420, 420, 420, 420, 420, 420, 420, 420, 420, 420, 420, 420, 420, 420, 420, 420, 420, 420, 420, 420, 420, 420, 420, 420, 420, 420, 420, 420, 420, 420, 420, 420, 420, 420, 420, 420, 420, 420, 420, 420, 420, 420, 420, 420, 420, 420, 420, 420, 420, 420, 420, 420, 420, 420, 420, 420, 420, 420, 420, 420, 420, 420, 420, 420, 420, 420, 420, 420, 420, 420, 420, 420, 420, 420, 420, 420, 420, 420, 420, 420, 420, 420, 420, 420, 420, 420, 420, 420, 420, 420, 420, 420, 420, 420, 420, 420, 420, 420, 420, 420, 420, 420, 420, 420, 420, 420, 420, 420]

ep103
Train step Loss: [0.9470919370651245, 0.9469301104545593, 0.9466841220855713, 0.946807861328125, 0.9470565319061279, 0.9470041990280151, 0.9469406008720398, 0.9467593431472778, 0.9469096660614014, 0.9469854831695557, 0.9468425512313843, 0.9468410611152649, 0.9468470811843872, 0.9467674493789673, 0.9467593431472778, 0.9469462037086487, 0.9469175338745117, 0.9474060535430908, 0.9468984603881836, 0.9468331933021545, 0.9469566345214844, 0.9468660950660706, 0.9468063712120056, 0.9467158317565918, 0.9469246864318848, 0.9467339515686035, 0.9468545317649841, 0.946813702583313, 0.9469189047813416, 0.9469971656799316, 0.9468784928321838, 0.9468894004821777, 0.9469168186187744, 0.9469765424728394, 0.9469397068023682, 0.9468356966972351, 0.946919858455658, 0.9469882845878601, 0.9468173980712891, 0.9468799233436584, 0.9466949701309204, 0.9468075037002563, 0.9469722509384155, 0.9468512535095215, 0.9473999738693237, 0.9468762874603271, 0.9468811750411987, 0.9469503164291382, 0.9469495415687561, 0.9468361139297485, 0.9468300342559814, 0.9468813538551331, 0.9473986029624939, 0.9470826983451843, 0.9469920992851257, 0.946898877620697, 0.9468949437141418, 0.946915328502655, 0.9468083381652832, 0.9468638300895691, 0.947717547416687, 0.9469163417816162, 0.9468486905097961, 0.9468696713447571, 0.9468672275543213, 0.946861982345581, 0.9469689130783081, 0.9469699859619141, 0.9468823671340942, 0.9467660188674927, 0.9469983577728271, 0.9467405080795288, 0.9468511343002319, 0.9472807049751282, 0.9468261003494263, 0.9468240737915039, 0.9468742609024048, 0.9469780921936035, 0.946958601474762, 0.9468127489089966, 0.9468421339988708, 0.9469096660614014, 0.9468628764152527, 0.9469080567359924, 0.9467958211898804, 0.9469236731529236, 0.9467093348503113, 0.9469909071922302, 0.9468686580657959, 0.9467689394950867, 0.9467766284942627, 0.9470902681350708, 0.9468477964401245, 0.9468660950660706, 0.9468202590942383, 0.9468046426773071, 0.9469121098518372, 0.9468888640403748, 0.9467796087265015, 0.9467642903327942, 0.9467540979385376, 0.9469757676124573, 0.946796178817749, 0.9469258189201355, 0.9469161629676819]
val step Loss: [0.9487592577934265, 0.9480392932891846, 0.9483395218849182, 0.9481437802314758, 0.9483702182769775, 0.948205828666687, 0.9482206106185913, 0.9482566118240356, 0.9483851194381714, 0.9488174915313721, 0.9484872817993164, 0.948098361492157, 0.9480213522911072, 0.9503788948059082, 0.953334629535675, 0.9497190713882446, 0.9490616917610168, 0.9482858777046204, 0.9492326378822327, 0.9485272169113159, 0.948157012462616, 0.9481831192970276, 0.9483296275138855, 0.948669970035553, 0.9495736360549927, 0.9521797299385071, 0.9480522274971008]
Train step Accs: [1.0, 1.0, 1.0, 1.0, 1.0, 1.0, 1.0, 1.0, 1.0, 1.0, 1.0, 1.0, 1.0, 1.0, 1.0, 1.0, 1.0, 1.0, 1.0, 1.0, 1.0, 1.0, 1.0, 1.0, 1.0, 1.0, 1.0, 1.0, 1.0, 1.0, 1.0, 1.0, 1.0, 1.0, 1.0, 1.0, 1.0, 1.0, 1.0, 1.0, 1.0, 1.0, 1.0, 1.0, 1.0, 1.0, 1.0, 1.0, 1.0, 1.0, 1.0, 1.0, 1.0, 1.0, 1.0, 1.0, 1.0, 1.0, 1.0, 1.0, 1.0, 1.0, 1.0, 1.0, 1.0, 1.0, 1.0, 1.0, 1.0, 1.0, 1.0, 1.0, 1.0, 1.0, 1.0, 1.0, 1.0, 1.0, 1.0, 1.0, 1.0, 1.0, 1.0, 1.0, 1.0, 1.0, 1.0, 1.0, 1.0, 1.0, 1.0, 1.0, 1.0, 1.0, 1.0, 1.0, 1.0, 1.0, 1.0, 1.0, 1.0, 1.0, 1.0, 1.0, 1.0]
val step Accs: [1.0, 1.0, 1.0, 1.0, 1.0, 1.0, 1.0, 1.0, 1.0, 1.0, 1.0, 1.0, 1.0, 0.9996405463695184, 0.999057936881771, 0.9998422712933754, 0.9998445998445998, 1.0, 0.9998052959501558, 1.0, 1.0, 1.0, 1.0, 1.0, 0.9998014691284495, 0.9993117687543015, 1.0]
Preds: [17, 17, 32, 239, 384, 377, 371, 374, 374, 374, 132, 8, 8, 259, 354, 354, 180, 180, 443, 120, 120, 120, 120, 120, 240, 240, 240, 216, 285, 84, 84, 302, 302, 100, 375, 375, 375, 98, 98, 98, 229, 229, 247, 312, 312, 187, 1, 101, 101, 101, 321, 321, 287, 287, 287, 287, 284, 284, 284, 206, 167, 348, 379, 77, 77, 478, 66, 323, 323, 172, 115, 273, 273, 273, 151, 240, 240, 285, 199, 111, 111, 111, 111, 438, 438, 438, 219, 324, 324, 464, 464, 464, 464, 301, 301, 143, 35, 74, 437, 437, 437, 284, 284, 285, 285, 106, 284, 284, 284, 284, 426, 426, 293, 293, 293, 182, 346, 346, 284, 284, 284, 284, 426, 481, 293, 293, 43, 43, 276, 276, 276, 174, 387, 348, 10, 398, 398, 398, 398, 374, 378, 406, 406, 406, 88, 88, 81, 81, 337, 337, 146, 324, 219, 219, 219, 152, 152, 58, 58, 27, 351, 486, 486, 486, 486, 486, 460, 460, 460, 167, 35, 35, 219, 219, 219, 485, 485, 477, 374, 374, 374, 374, 374, 304, 304, 337, 41, 19, 19, 454, 454, 229, 229, 229, 312, 312, 187, 187, 23, 23, 23, 260, 391, 391, 321, 321, 320, 320, 345, 100, 100, 497, 497, 497, 122, 216, 453, 168, 5, 258, 38, 99, 99, 338, 338, 338, 338, 338, 400, 400, 444, 171, 171, 171, 171, 171, 464, 464, 335, 14, 14, 287, 145, 145, 111, 111, 240, 240, 146, 219, 219, 219, 464, 464, 464, 222, 84, 245, 245, 245, 43, 43, 43, 364, 276, 276, 276, 276, 276, 346, 346, 346, 284, 284, 206, 206, 206, 167, 167, 35, 14, 411, 411, 411, 424, 424, 424, 153, 182, 182, 182, 182, 182, 182, 182, 122, 122, 250, 303, 195, 195, 195, 303, 117, 98, 117, 117, 48, 48, 48, 414, 170, 244, 244, 392, 244, 392, 392, 392, 244, 73, 7, 7, 321, 7, 7, 127, 451, 30, 30, 324, 301, 301, 378, 325, 114, 114, 114, 180, 486, 486, 486, 315, 460, 285, 285, 285, 467, 85, 111, 403, 146, 207, 299, 299, 434, 434, 250, 250, 413, 271, 186, 186, 99, 99, 338, 338, 395, 395, 273, 273, 432, 432, 330, 240, 240, 385, 35, 77, 164, 164, 115, 273, 273, 180, 151, 151, 151, 206, 130, 130, 402, 183, 219, 219, 219, 213, 213, 213, 246, 246, 246, 246, 301, 301, 378, 43, 43, 276, 276, 153, 153, 387, 413, 413, 360, 219, 246, 246, 246, 246, 246, 246, 246, 19, 17, 420, 420, 420, 420, 420, 420, 420, 420, 420, 420, 420, 420, 420, 420, 420, 420, 420, 420, 420, 420, 420, 420, 420, 420, 420, 420, 420, 420, 420, 420, 420, 420, 420, 420, 420, 420, 420, 420, 420, 420, 420, 420, 420, 420, 420, 420, 420, 420, 420, 420, 420, 420, 420, 420, 420, 420, 420, 420, 420, 420, 420, 420, 420, 420, 420, 420, 420, 420, 420, 420, 420, 420, 420, 420, 420, 420, 420, 420, 420, 420, 420, 420, 420, 420, 420, 420, 420, 420, 420, 420, 420, 420, 420, 420, 420, 420, 420, 420, 420, 420, 420, 420, 420, 420, 420, 420, 420, 420, 420, 420, 420, 420, 420, 420, 420, 420, 420, 420, 420, 420, 420, 420, 420, 420, 420, 420, 420, 420, 420, 420, 420, 420, 420, 420, 420, 420, 420, 420, 420, 420, 420, 420, 420, 420, 420, 420, 420, 420, 420, 420, 420, 420, 420, 420, 420, 420, 420, 420, 420, 420, 420, 420, 420, 420, 420, 420, 420, 420, 420, 420, 420, 420, 420, 420]

ep104
Train step Loss: [0.9468849301338196, 0.9469971656799316, 0.9468703269958496, 0.9468279480934143, 0.9468319416046143, 0.9468848705291748, 0.9467772245407104, 0.9468348026275635, 0.9469215273857117, 0.9473401308059692, 0.9468133449554443, 0.9467422962188721, 0.9470254182815552, 0.9468694925308228, 0.9468838572502136, 0.9471206665039062, 0.9467051029205322, 0.9468209743499756, 0.9467470645904541, 0.9468107223510742, 0.9468516707420349, 0.9467559456825256, 0.946761965751648, 0.9468801021575928, 0.9469107985496521, 0.946919322013855, 0.9468914270401001, 0.9469224810600281, 0.9468238949775696, 0.946713924407959, 0.947303831577301, 0.9469348192214966, 0.9468095898628235, 0.9468859434127808, 0.9467475414276123, 0.9467443227767944, 0.9468697905540466, 0.9469156861305237, 0.9467245936393738, 0.9469401836395264, 0.9467875361442566, 0.9469292163848877, 0.9467586278915405, 0.9468008279800415, 0.9471130967140198, 0.9467944502830505, 0.9468600749969482, 0.9469309449195862, 0.9468206763267517, 0.9468257427215576, 0.946867823600769, 0.9468209147453308, 0.9470993876457214, 0.9469035863876343, 0.9469175934791565, 0.946858823299408, 0.9466871023178101, 0.9468715190887451, 0.9468671083450317, 0.9477226138114929, 0.946807324886322, 0.9468135237693787, 0.9468228816986084, 0.9469349980354309, 0.9468823671340942, 0.9467564225196838, 0.9468940496444702, 0.9468008279800415, 0.9469766020774841, 0.9468556642532349, 0.946880578994751, 0.9468516111373901, 0.9468262791633606, 0.9467689394950867, 0.9467862844467163, 0.946783721446991, 0.9469612836837769, 0.94677734375, 0.946791410446167, 0.9468637704849243, 0.9470715522766113, 0.947019100189209, 0.9471802115440369, 0.9469527006149292, 0.9470175504684448, 0.9467235207557678, 0.9469646215438843, 0.9468942880630493, 0.9468508958816528, 0.9469138979911804, 0.9469263553619385, 0.9467689990997314, 0.9467501044273376, 0.9471970796585083, 0.947151243686676, 0.9468683004379272, 0.9468608498573303, 0.9468464851379395, 0.9468347430229187, 0.9467119574546814, 0.9468618035316467, 0.9470135569572449, 0.9469401836395264, 0.9470095634460449, 0.9468578100204468]
val step Loss: [0.948974072933197, 0.9484452605247498, 0.9480316042900085, 0.9480798244476318, 0.9492703676223755, 0.9481529593467712, 0.9480702877044678, 0.9482384324073792, 0.948167085647583, 0.9480173587799072, 0.9482346177101135, 0.9493379592895508, 0.9484617114067078, 0.9487611651420593, 0.9481421113014221, 0.9482701420783997, 0.9482966065406799, 0.9522795081138611, 0.9483082890510559, 0.9484665989875793, 0.9492323994636536, 0.9483993649482727, 0.9482867121696472, 0.9499037861824036, 0.9531031250953674, 0.9483205080032349, 0.948546290397644]
Train step Accs: [1.0, 1.0, 1.0, 1.0, 1.0, 1.0, 1.0, 1.0, 1.0, 1.0, 1.0, 1.0, 1.0, 1.0, 1.0, 1.0, 1.0, 1.0, 1.0, 1.0, 1.0, 1.0, 1.0, 1.0, 1.0, 1.0, 1.0, 1.0, 1.0, 1.0, 1.0, 1.0, 1.0, 1.0, 1.0, 1.0, 1.0, 1.0, 1.0, 1.0, 1.0, 1.0, 1.0, 1.0, 1.0, 1.0, 1.0, 1.0, 1.0, 1.0, 1.0, 1.0, 1.0, 1.0, 1.0, 1.0, 1.0, 1.0, 1.0, 1.0, 1.0, 1.0, 1.0, 1.0, 1.0, 1.0, 1.0, 1.0, 1.0, 1.0, 1.0, 1.0, 1.0, 1.0, 1.0, 1.0, 1.0, 1.0, 1.0, 1.0, 1.0, 1.0, 1.0, 1.0, 1.0, 1.0, 1.0, 1.0, 1.0, 1.0, 1.0, 1.0, 1.0, 1.0, 1.0, 1.0, 1.0, 1.0, 1.0, 1.0, 1.0, 1.0, 1.0, 1.0, 1.0]
val step Accs: [0.9998643516006511, 1.0, 1.0, 1.0, 0.9998321866084914, 1.0, 1.0, 1.0, 1.0, 1.0, 1.0, 0.9998530708198649, 1.0, 1.0, 1.0, 1.0, 1.0, 0.9992343032159265, 1.0, 1.0, 0.999817050859861, 1.0, 1.0, 0.9996948428440647, 0.9990838295923041, 1.0, 1.0]
Preds: [17, 17, 445, 464, 171, 171, 171, 171, 252, 252, 314, 32, 239, 36, 107, 107, 395, 213, 213, 213, 213, 246, 19, 454, 229, 229, 247, 126, 126, 126, 126, 326, 326, 408, 408, 408, 391, 228, 244, 320, 7, 7, 32, 32, 239, 108, 371, 371, 278, 278, 422, 236, 239, 239, 384, 449, 371, 470, 180, 443, 443, 443, 443, 403, 403, 171, 438, 203, 399, 217, 250, 250, 250, 138, 153, 88, 132, 374, 219, 219, 219, 219, 219, 464, 464, 171, 171, 171, 171, 246, 246, 246, 246, 24, 24, 239, 239, 384, 384, 420, 324, 324, 340, 116, 10, 10, 309, 479, 479, 331, 106, 153, 426, 426, 293, 293, 293, 98, 98, 335, 335, 226, 226, 209, 188, 188, 213, 324, 301, 8, 8, 239, 354, 354, 106, 355, 355, 376, 376, 460, 452, 263, 263, 263, 13, 229, 229, 82, 312, 23, 23, 23, 408, 149, 228, 244, 320, 479, 479, 398, 324, 422, 143, 465, 465, 354, 354, 346, 284, 486, 206, 169, 150, 342, 342, 164, 164, 224, 273, 470, 403, 403, 464, 464, 464, 355, 178, 143, 129, 458, 208, 208, 441, 100, 387, 387, 313, 236, 239, 239, 310, 107, 107, 395, 278, 443, 443, 240, 215, 215, 129, 259, 354, 284, 206, 460, 240, 35, 36, 164, 342, 351, 180, 486, 460, 460, 178, 178, 233, 458, 192, 192, 41, 41, 41, 41, 19, 19, 19, 454, 454, 229, 229, 82, 126, 126, 292, 326, 408, 408, 149, 244, 244, 373, 338, 338, 338, 395, 494, 374, 416, 8, 32, 239, 354, 65, 65, 481, 481, 481, 293, 143, 35, 458, 208, 100, 100, 387, 387, 122, 236, 129, 259, 310, 108, 323, 224, 397, 106, 88, 88, 387, 203, 399, 217, 473, 473, 398, 324, 464, 422, 416, 143, 458, 144, 208, 27, 441, 125, 125, 387, 206, 175, 251, 251, 241, 431, 486, 460, 460, 167, 178, 35, 77, 342, 342, 342, 224, 267, 267, 444, 324, 246, 246, 477, 301, 313, 325, 325, 34, 324, 324, 301, 422, 24, 239, 384, 371, 180, 486, 486, 460, 240, 240, 24, 239, 310, 107, 395, 255, 416, 143, 129, 401, 259, 320, 354, 354, 109, 337, 41, 324, 19, 19, 454, 454, 229, 229, 247, 312, 187, 187, 187, 408, 408, 391, 391, 73, 244, 320, 7, 7, 371, 398, 324, 301, 116, 251, 251, 331, 106, 88, 88, 88, 106, 284, 405, 206, 206, 178, 35, 35, 401, 259, 354, 106, 284, 405, 405, 206, 178, 178, 35, 233, 401, 401, 320, 7, 276, 100, 375, 98, 98, 98, 249, 305, 305, 170, 244, 28, 28, 392, 392, 392, 63, 63, 392, 63, 63, 63, 392, 63, 63, 63, 63, 63, 244, 195, 305, 211, 211, 17, 420, 420, 420, 420, 420, 420, 420, 420, 420, 420, 420, 420, 420, 420, 420, 420, 420, 420, 420, 420, 420, 420, 420, 420, 420, 420, 420, 420, 420, 420, 420, 420, 420, 420, 420, 420, 420, 420, 420, 420, 420, 420, 420, 420, 420, 420, 420, 420, 420, 420, 420, 420, 420, 420, 420, 420, 420, 420, 420, 420, 420, 420, 420, 420, 420, 420, 420, 420, 420, 420, 420, 420, 420, 420, 420, 420, 420, 420, 420, 420, 420, 420, 420, 420, 420, 420, 420, 420, 420, 420, 420, 420, 420, 420, 420, 420, 420, 420, 420, 420, 420, 420, 420, 420, 420, 420, 420, 420, 420, 420, 420, 420, 420, 420, 420, 420, 420, 420, 420, 420, 420, 420, 420, 420, 420, 420, 420, 420, 420, 420, 420, 420, 420, 420, 420, 420, 420, 420]

ep105
Train step Loss: [0.946844220161438, 0.9468415379524231, 0.9468401074409485, 0.9472955465316772, 0.9469422101974487, 0.9467735886573792, 0.9469194412231445, 0.9468063116073608, 0.9467201828956604, 0.946855902671814, 0.9470058679580688, 0.9469110369682312, 0.9467577338218689, 0.9468368887901306, 0.9467045068740845, 0.9469513297080994, 0.9468073844909668, 0.9468402862548828, 0.9468565583229065, 0.9469053745269775, 0.9468435645103455, 0.9471955299377441, 0.9468303918838501, 0.9468806982040405, 0.946830153465271, 0.9468494057655334, 0.9469050168991089, 0.946807861328125, 0.9469205141067505, 0.9469841122627258, 0.946814775466919, 0.9469497203826904, 0.9468649625778198, 0.9468361735343933, 0.9468231797218323, 0.9468904137611389, 0.9468309283256531, 0.9469032287597656, 0.9468282461166382, 0.9468402862548828, 0.9468826055526733, 0.9468997716903687, 0.9469205141067505, 0.9468799233436584, 0.9468517899513245, 0.9467579126358032, 0.9466511011123657, 0.946863055229187, 0.9467294812202454, 0.9468978643417358, 0.9468451142311096, 0.9468434453010559, 0.9468604922294617, 0.9468855261802673, 0.9467481970787048, 0.9475781917572021, 0.9468165636062622, 0.9467652440071106, 0.9468783140182495, 0.9468875527381897, 0.9467839598655701, 0.9469513893127441, 0.946884036064148, 0.9468305706977844, 0.9469494819641113, 0.946921706199646, 0.9467801451683044, 0.9468497037887573, 0.9469041228294373, 0.946834146976471, 0.946992039680481, 0.9468032717704773, 0.9467822909355164, 0.9468919038772583, 0.9470314979553223, 0.9468160271644592, 0.9467964172363281, 0.9467639923095703, 0.9469250440597534, 0.9468702077865601, 0.9468057751655579, 0.9468792676925659, 0.9469939470291138, 0.9468069076538086, 0.9468391537666321, 0.9470422267913818, 0.9467852115631104, 0.9468035101890564, 0.946977972984314, 0.9468255639076233, 0.9468616247177124, 0.9468679428100586, 0.94732666015625, 0.946882963180542, 0.9468089938163757, 0.9468944072723389, 0.9468099474906921, 0.946742057800293, 0.9468317031860352, 0.9468987584114075, 0.9469045996665955, 0.9470443725585938, 0.9472329020500183, 0.9467734694480896, 0.9467556476593018]
val step Loss: [0.948538601398468, 0.9481658935546875, 0.9534174203872681, 0.9481966495513916, 0.9481792449951172, 0.9483140110969543, 0.9479071497917175, 0.9537526369094849, 0.9481037259101868, 0.948334813117981, 0.9481619000434875, 0.9482381939888, 0.9482259750366211, 0.9485349655151367, 0.9482977986335754, 0.948259174823761, 0.9482012987136841, 0.9496937990188599, 0.9481486082077026, 0.9480975866317749, 0.9513722062110901, 0.9490667581558228, 0.9479461312294006, 0.9481995105743408, 0.9482254981994629, 0.9482195973396301, 0.9480674266815186]
Train step Accs: [1.0, 1.0, 1.0, 1.0, 1.0, 1.0, 1.0, 1.0, 1.0, 1.0, 1.0, 1.0, 1.0, 1.0, 1.0, 1.0, 1.0, 1.0, 1.0, 1.0, 1.0, 1.0, 1.0, 1.0, 1.0, 1.0, 1.0, 1.0, 1.0, 1.0, 1.0, 1.0, 1.0, 1.0, 1.0, 1.0, 1.0, 1.0, 1.0, 1.0, 1.0, 1.0, 1.0, 1.0, 1.0, 1.0, 1.0, 1.0, 1.0, 1.0, 1.0, 1.0, 1.0, 1.0, 1.0, 1.0, 1.0, 1.0, 1.0, 1.0, 1.0, 1.0, 1.0, 1.0, 1.0, 1.0, 1.0, 1.0, 1.0, 1.0, 1.0, 1.0, 1.0, 1.0, 1.0, 1.0, 1.0, 1.0, 1.0, 1.0, 1.0, 1.0, 1.0, 1.0, 1.0, 1.0, 1.0, 1.0, 1.0, 1.0, 1.0, 1.0, 1.0, 1.0, 1.0, 1.0, 1.0, 1.0, 1.0, 1.0, 1.0, 1.0, 1.0, 1.0, 1.0]
val step Accs: [1.0, 1.0, 0.9990766389658357, 1.0, 1.0, 1.0, 1.0, 0.9990444338270426, 1.0, 1.0, 1.0, 1.0, 1.0, 1.0, 1.0, 1.0, 1.0, 0.9997970367363507, 1.0, 1.0, 0.9994667614646285, 0.9998385794995964, 1.0, 1.0, 1.0, 1.0, 1.0]
Preds: [17, 17, 32, 239, 384, 377, 371, 374, 374, 374, 132, 8, 8, 259, 354, 354, 180, 180, 443, 120, 120, 120, 120, 120, 240, 240, 240, 216, 285, 84, 84, 302, 302, 100, 375, 375, 375, 98, 98, 98, 229, 229, 247, 312, 312, 187, 1, 101, 101, 101, 321, 321, 287, 287, 287, 287, 284, 284, 284, 206, 167, 348, 379, 77, 77, 478, 66, 323, 323, 172, 115, 273, 273, 273, 151, 240, 240, 285, 199, 111, 111, 111, 111, 438, 438, 438, 219, 324, 324, 464, 464, 464, 464, 301, 301, 143, 35, 74, 437, 437, 437, 284, 284, 285, 285, 106, 284, 284, 284, 284, 426, 426, 293, 293, 293, 182, 346, 346, 284, 284, 284, 284, 426, 481, 293, 293, 43, 43, 276, 276, 276, 174, 387, 348, 10, 398, 398, 398, 398, 374, 378, 406, 406, 406, 88, 88, 81, 81, 337, 337, 146, 324, 219, 219, 219, 152, 152, 58, 58, 27, 351, 486, 486, 486, 486, 486, 460, 460, 460, 167, 35, 35, 219, 219, 219, 485, 485, 477, 374, 374, 374, 374, 374, 304, 304, 337, 41, 19, 19, 454, 454, 229, 229, 229, 312, 312, 187, 187, 23, 23, 23, 260, 391, 391, 321, 321, 320, 320, 345, 100, 100, 497, 497, 497, 122, 216, 453, 168, 5, 258, 38, 99, 99, 338, 338, 338, 338, 338, 400, 400, 444, 171, 171, 171, 171, 171, 464, 464, 335, 14, 14, 287, 145, 145, 111, 111, 240, 240, 146, 219, 219, 219, 464, 464, 464, 222, 84, 245, 245, 245, 43, 43, 43, 364, 276, 276, 276, 276, 276, 346, 346, 346, 284, 284, 206, 206, 206, 167, 167, 35, 14, 411, 411, 411, 424, 424, 424, 153, 182, 182, 182, 182, 182, 182, 182, 122, 122, 250, 303, 195, 195, 195, 303, 117, 98, 117, 117, 48, 48, 48, 414, 170, 244, 244, 392, 244, 392, 392, 392, 244, 73, 7, 7, 321, 7, 7, 127, 451, 30, 30, 324, 301, 301, 378, 325, 114, 114, 114, 180, 486, 486, 486, 315, 460, 285, 285, 285, 467, 85, 111, 403, 146, 207, 299, 299, 434, 434, 250, 250, 413, 271, 186, 186, 99, 99, 338, 338, 395, 395, 273, 273, 432, 432, 330, 240, 240, 385, 35, 77, 164, 164, 115, 273, 273, 180, 151, 151, 151, 206, 130, 130, 402, 183, 219, 219, 219, 213, 213, 213, 246, 246, 246, 246, 301, 301, 378, 43, 43, 276, 276, 153, 153, 387, 413, 413, 360, 219, 246, 246, 246, 246, 246, 246, 246, 19, 17, 420, 420, 420, 420, 420, 420, 420, 420, 420, 420, 420, 420, 420, 420, 420, 420, 420, 420, 420, 420, 420, 420, 420, 420, 420, 420, 420, 420, 420, 420, 420, 420, 420, 420, 420, 420, 420, 420, 420, 420, 420, 420, 420, 420, 420, 420, 420, 420, 420, 420, 420, 420, 420, 420, 420, 420, 420, 420, 420, 420, 420, 420, 420, 420, 420, 420, 420, 420, 420, 420, 420, 420, 420, 420, 420, 420, 420, 420, 420, 420, 420, 420, 420, 420, 420, 420, 420, 420, 420, 420, 420, 420, 420, 420, 420, 420, 420, 420, 420, 420, 420, 420, 420, 420, 420, 420, 420, 420, 420, 420, 420, 420, 420, 420, 420, 420, 420, 420, 420, 420, 420, 420, 420, 420, 420, 420, 420, 420, 420, 420, 420, 420, 420, 420, 420, 420, 420, 420, 420, 420, 420, 420, 420, 420, 420, 420, 420, 420, 420, 420, 420, 420, 420, 420, 420, 420, 420, 420, 420, 420, 420, 420, 420, 420, 420, 420, 420, 420, 420, 420, 420, 420, 420, 420]

ep106
Train step Loss: [0.9469078779220581, 0.9468206167221069, 0.9467004537582397, 0.9468398094177246, 0.9468215703964233, 0.9469059705734253, 0.9468574523925781, 0.9467811584472656, 0.9469259977340698, 0.946928858757019, 0.9467958807945251, 0.9468512535095215, 0.946812629699707, 0.9468494057655334, 0.9469077587127686, 0.9469252228736877, 0.9468845725059509, 0.9468929171562195, 0.9468866586685181, 0.9470093846321106, 0.9468894600868225, 0.9469363689422607, 0.9467816352844238, 0.9468998908996582, 0.9467986822128296, 0.946892499923706, 0.946925699710846, 0.9468339681625366, 0.9471542239189148, 0.9468097686767578, 0.9468660950660706, 0.9468889236450195, 0.9468787312507629, 0.9467881917953491, 0.9468124508857727, 0.9468575716018677, 0.946906566619873, 0.9467833638191223, 0.9469109177589417, 0.9469298720359802, 0.946826159954071, 0.9467569589614868, 0.9468487501144409, 0.94692063331604, 0.9468894004821777, 0.9467108845710754, 0.9467110633850098, 0.946753978729248, 0.9467722177505493, 0.9469009041786194, 0.9468718767166138, 0.9468737244606018, 0.9467372894287109, 0.9467921853065491, 0.946868360042572, 0.9466964602470398, 0.9472143650054932, 0.9469637274742126, 0.9468172788619995, 0.946779727935791, 0.9468665719032288, 0.9468733668327332, 0.9467138051986694, 0.9468628168106079, 0.9467154145240784, 0.9468317031860352, 0.9468367695808411, 0.9468162655830383, 0.9472408294677734, 0.9467894434928894, 0.9467347860336304, 0.9468119144439697, 0.9474680423736572, 0.9467284083366394, 0.9467648863792419, 0.946851372718811, 0.9468820095062256, 0.9469005465507507, 0.9469245672225952, 0.9472125768661499, 0.9468362331390381, 0.946685254573822, 0.9466908574104309, 0.9468472599983215, 0.9467827081680298, 0.9467737078666687, 0.9468084573745728, 0.9467682242393494, 0.9468169212341309, 0.9472706317901611, 0.9469130039215088, 0.9468867182731628, 0.9468608498573303, 0.9467805624008179, 0.9468401670455933, 0.9468027353286743, 0.9468563199043274, 0.9468739032745361, 0.9468485713005066, 0.9468572735786438, 0.946831464767456, 0.9466962218284607, 0.9471312761306763, 0.9467393159866333, 0.9470531344413757]
val step Loss: [0.948009192943573, 0.949753999710083, 0.9482593536376953, 0.9527087211608887, 0.9478922486305237, 0.9482495188713074, 0.9496243000030518, 0.9541420936584473, 0.948215663433075, 0.9480360746383667, 0.9484902620315552, 0.9481923580169678, 0.9481847882270813, 0.9481436610221863, 0.9481505751609802, 0.9484355449676514, 0.9479549527168274, 0.948311448097229, 0.9501281380653381, 0.9481928944587708, 0.9484454393386841, 0.9481939077377319, 0.9479051828384399, 0.9480938911437988, 0.9485567808151245, 0.9482293128967285, 0.9484328031539917]
Train step Accs: [1.0, 1.0, 1.0, 1.0, 1.0, 1.0, 1.0, 1.0, 1.0, 1.0, 1.0, 1.0, 1.0, 1.0, 1.0, 1.0, 1.0, 1.0, 1.0, 1.0, 1.0, 1.0, 1.0, 1.0, 1.0, 1.0, 1.0, 1.0, 1.0, 1.0, 1.0, 1.0, 1.0, 1.0, 1.0, 1.0, 1.0, 1.0, 1.0, 1.0, 1.0, 1.0, 1.0, 1.0, 1.0, 1.0, 1.0, 1.0, 1.0, 1.0, 1.0, 1.0, 1.0, 1.0, 1.0, 1.0, 1.0, 1.0, 1.0, 1.0, 1.0, 1.0, 1.0, 1.0, 1.0, 1.0, 1.0, 1.0, 1.0, 1.0, 1.0, 1.0, 1.0, 1.0, 1.0, 1.0, 1.0, 1.0, 1.0, 1.0, 1.0, 1.0, 1.0, 1.0, 1.0, 1.0, 1.0, 1.0, 1.0, 1.0, 1.0, 1.0, 1.0, 1.0, 1.0, 1.0, 1.0, 1.0, 1.0, 1.0, 1.0, 1.0, 1.0, 1.0, 1.0]
val step Accs: [1.0, 0.9997117740308402, 1.0, 0.9992240844196152, 1.0, 1.0, 0.999822883457315, 0.9988884772137829, 1.0, 1.0, 1.0, 1.0, 1.0, 1.0, 1.0, 1.0, 1.0, 1.0, 0.9996577686516085, 1.0, 1.0, 1.0, 1.0, 1.0, 1.0, 1.0, 1.0]
Preds: [17, 17, 296, 479, 479, 278, 278, 252, 143, 143, 129, 259, 144, 445, 445, 180, 403, 403, 403, 290, 290, 290, 434, 246, 246, 246, 246, 246, 246, 19, 19, 19, 454, 414, 442, 414, 170, 244, 244, 187, 408, 392, 244, 244, 244, 244, 244, 7, 152, 152, 152, 422, 349, 234, 234, 261, 25, 106, 106, 499, 284, 306, 306, 406, 406, 467, 284, 284, 287, 284, 284, 284, 450, 450, 450, 293, 413, 413, 251, 251, 251, 241, 431, 431, 428, 428, 428, 428, 146, 146, 146, 358, 465, 164, 352, 164, 352, 25, 34, 324, 324, 301, 301, 8, 205, 261, 25, 106, 100, 153, 43, 43, 182, 182, 387, 387, 169, 169, 349, 352, 352, 397, 397, 133, 43, 43, 276, 276, 346, 346, 387, 387, 215, 35, 401, 259, 345, 345, 387, 240, 236, 129, 75, 164, 27, 351, 355, 355, 355, 240, 215, 8, 239, 354, 354, 420, 324, 324, 416, 143, 401, 82, 244, 354, 420, 278, 154, 178, 143, 458, 82, 192, 27, 351, 443, 443, 240, 240, 325, 34, 34, 324, 324, 339, 339, 94, 398, 398, 340, 116, 10, 10, 479, 398, 398, 374, 374, 330, 468, 406, 406, 467, 88, 387, 387, 169, 186, 99, 338, 338, 338, 338, 395, 395, 432, 330, 330, 388, 348, 10, 10, 479, 331, 331, 84, 350, 387, 387, 240, 251, 251, 251, 114, 114, 278, 278, 278, 31, 99, 338, 338, 338, 338, 338, 395, 395, 464, 464, 120, 355, 355, 355, 169, 215, 349, 205, 261, 25, 420, 324, 422, 143, 458, 244, 208, 208, 441, 441, 141, 141, 38, 162, 232, 232, 232, 68, 68, 68, 115, 115, 267, 267, 267, 213, 246, 246, 19, 454, 229, 247, 126, 126, 326, 326, 326, 101, 101, 101, 149, 149, 228, 321, 83, 287, 111, 55, 438, 299, 299, 434, 339, 10, 10, 10, 309, 479, 398, 213, 213, 213, 246, 246, 246, 301, 143, 129, 129, 401, 259, 354, 354, 106, 486, 486, 460, 215, 215, 401, 244, 75, 354, 346, 284, 206, 240, 236, 36, 36, 342, 115, 273, 180, 499, 486, 460, 178, 178, 233, 82, 192, 192, 445, 445, 213, 41, 41, 19, 19, 17, 420, 420, 420, 420, 420, 420, 420, 420, 420, 420, 420, 420, 420, 420, 420, 420, 420, 420, 420, 420, 420, 420, 420, 420, 420, 420, 420, 420, 420, 420, 420, 420, 420, 420, 420, 420, 420, 420, 420, 420, 420, 420, 420, 420, 420, 420, 420, 420, 420, 420, 420, 420, 420, 420, 420, 420, 420, 420, 420, 420, 420, 420, 420, 420, 420, 420, 420, 420, 420, 420, 420, 420, 420, 420, 420, 420, 420, 420, 420, 420, 420, 420, 420, 420, 420, 420, 420, 420, 420, 420, 420, 420, 420, 420, 420, 420, 420, 420, 420, 420, 420, 420, 420, 420, 420, 420, 420, 420, 420, 420, 420, 420, 420, 420, 420, 420, 420, 420, 420, 420, 420, 420, 420, 420, 420, 420, 420, 420, 420, 420, 420, 420, 420, 420, 420, 420, 420, 420, 420, 420, 420, 420, 420, 420, 420, 420, 420, 420, 420, 420, 420, 420, 420, 420, 420, 420, 420, 420, 420, 420, 420, 420, 420, 420, 420, 420, 420, 420, 420, 420, 420, 420, 420, 420, 420, 420, 420, 420, 420, 420, 420, 420, 420, 420, 420, 420, 420, 420, 420, 420, 420, 420, 420, 420, 420, 420, 420, 420, 420, 420, 420, 420, 420, 420, 420, 420, 420, 420, 420, 420, 420, 420, 420, 420, 420, 420, 420, 420, 420, 420, 420, 420, 420, 420, 420, 420, 420, 420, 420, 420, 420]

ep107
Train step Loss: [0.9469023942947388, 0.946815013885498, 0.9468927383422852, 0.9467563033103943, 0.9469550251960754, 0.9467906355857849, 0.9468189477920532, 0.9468440413475037, 0.946763277053833, 0.946868896484375, 0.9467813968658447, 0.9468938708305359, 0.9468289613723755, 0.9467741250991821, 0.9469578266143799, 0.9468104243278503, 0.9467623829841614, 0.9467005133628845, 0.946763813495636, 0.9469229578971863, 0.946884274482727, 0.9468401074409485, 0.9467688202857971, 0.9470179080963135, 0.9467260837554932, 0.946800708770752, 0.9468219876289368, 0.946691632270813, 0.946745753288269, 0.9468224048614502, 0.9468713402748108, 0.9467839598655701, 0.9467566609382629, 0.9471851587295532, 0.9468634128570557, 0.9468015432357788, 0.9469221830368042, 0.946677029132843, 0.9469861388206482, 0.9467816352844238, 0.9467949867248535, 0.9474896192550659, 0.9467025995254517, 0.9467486143112183, 0.9467362761497498, 0.9473259449005127, 0.946910560131073, 0.9469190835952759, 0.9467297196388245, 0.9470176696777344, 0.9468410015106201, 0.9468296766281128, 0.9468706846237183, 0.9468573331832886, 0.9472498297691345, 0.9468693733215332, 0.9468479156494141, 0.9473511576652527, 0.9468775391578674, 0.9466437101364136, 0.9467955827713013, 0.9469401240348816, 0.9468420743942261, 0.9466650485992432, 0.9468380212783813, 0.9467695951461792, 0.9468461871147156, 0.9468463659286499, 0.9467605352401733, 0.9467006325721741, 0.9469380378723145, 0.9468977451324463, 0.9468817710876465, 0.9467668533325195, 0.9468560814857483, 0.9467540979385376, 0.946847140789032, 0.9469925761222839, 0.9467653036117554, 0.9467747807502747, 0.9469417333602905, 0.9467549920082092, 0.9468153715133667, 0.9468698501586914, 0.9467486143112183, 0.9466795325279236, 0.9467064142227173, 0.9467988610267639, 0.9467724561691284, 0.946810245513916, 0.9467360377311707, 0.946705162525177, 0.9469296932220459, 0.9466463327407837, 0.9466527700424194, 0.9468306303024292, 0.9468308687210083, 0.9470369815826416, 0.9469090104103088, 0.9467786550521851, 0.9469200968742371, 0.9466148018836975, 0.9467809200286865, 0.9470123052597046, 0.9468026161193848]
val step Loss: [0.9522339701652527, 0.9481486082077026, 0.948593258857727, 0.947961151599884, 0.9476488828659058, 0.9478685855865479, 0.9483806490898132, 0.9479916095733643, 0.9480386972427368, 0.9483171701431274, 0.9482235312461853, 0.9481252431869507, 0.9492390751838684, 0.9498295783996582, 0.9531881809234619, 0.9483300447463989, 0.9483298063278198, 0.9481247067451477, 0.9480305314064026, 0.9481895565986633, 0.9479998350143433, 0.9507334232330322, 0.9479270577430725, 0.948299765586853, 0.9482511281967163, 0.9477216601371765, 0.9480018615722656]
Train step Accs: [1.0, 1.0, 1.0, 1.0, 1.0, 1.0, 1.0, 1.0, 1.0, 1.0, 1.0, 1.0, 1.0, 1.0, 1.0, 1.0, 1.0, 1.0, 1.0, 1.0, 1.0, 1.0, 1.0, 1.0, 1.0, 1.0, 1.0, 1.0, 1.0, 1.0, 1.0, 1.0, 1.0, 1.0, 1.0, 1.0, 1.0, 1.0, 1.0, 1.0, 1.0, 1.0, 1.0, 1.0, 1.0, 1.0, 1.0, 1.0, 1.0, 1.0, 1.0, 1.0, 1.0, 1.0, 1.0, 1.0, 1.0, 1.0, 1.0, 1.0, 1.0, 1.0, 1.0, 1.0, 1.0, 1.0, 1.0, 1.0, 1.0, 1.0, 1.0, 1.0, 1.0, 1.0, 1.0, 1.0, 1.0, 1.0, 1.0, 1.0, 1.0, 1.0, 1.0, 1.0, 1.0, 1.0, 1.0, 1.0, 1.0, 1.0, 1.0, 1.0, 1.0, 1.0, 1.0, 1.0, 1.0, 1.0, 1.0, 1.0, 1.0, 1.0, 1.0, 1.0, 1.0]
val step Accs: [0.9992225461613217, 1.0, 1.0, 1.0, 1.0, 1.0, 1.0, 1.0, 1.0, 1.0, 1.0, 1.0, 0.999844840961986, 0.9997143673236218, 0.9990339719851876, 1.0, 1.0, 1.0, 1.0, 1.0, 1.0, 0.9994934143870314, 1.0, 1.0, 1.0, 1.0, 1.0]
Preds: [17, 17, 17, 451, 152, 152, 374, 378, 42, 406, 406, 499, 387, 387, 387, 387, 337, 219, 219, 219, 324, 324, 434, 339, 10, 10, 309, 479, 398, 324, 278, 301, 143, 129, 401, 244, 321, 354, 354, 265, 428, 428, 146, 146, 146, 324, 324, 301, 215, 32, 32, 102, 354, 354, 106, 106, 284, 265, 206, 282, 282, 388, 303, 212, 219, 324, 324, 301, 116, 10, 94, 479, 331, 331, 428, 428, 428, 146, 146, 252, 252, 239, 239, 310, 310, 107, 107, 395, 374, 374, 132, 132, 219, 286, 464, 464, 464, 355, 355, 355, 460, 452, 263, 263, 263, 78, 170, 170, 244, 392, 392, 392, 392, 392, 392, 392, 392, 244, 73, 244, 209, 83, 55, 443, 240, 314, 314, 32, 32, 354, 354, 180, 264, 264, 84, 84, 406, 406, 406, 406, 413, 413, 413, 399, 217, 217, 473, 65, 464, 464, 171, 252, 143, 143, 239, 82, 310, 107, 395, 400, 324, 286, 464, 464, 464, 443, 355, 355, 460, 240, 169, 35, 224, 224, 494, 494, 8, 196, 217, 479, 473, 283, 278, 422, 143, 36, 75, 310, 107, 395, 485, 324, 301, 251, 251, 219, 398, 374, 374, 374, 26, 251, 251, 241, 431, 367, 496, 497, 43, 233, 233, 401, 244, 208, 100, 100, 100, 98, 98, 98, 17, 17, 420, 420, 420, 420, 420, 420, 420, 420, 420, 420, 420, 420, 420, 420, 420, 420, 420, 420, 420, 420, 420, 420, 420, 420, 420, 420, 420, 420, 420, 420, 420, 420, 420, 420, 420, 420, 420, 420, 420, 420, 420, 420, 420, 420, 420, 420, 420, 420, 420, 420, 420, 420, 420, 420, 420, 420, 420, 420, 420, 420, 420, 420, 420, 420, 420, 420, 420, 420, 420, 420, 420, 420, 420, 420, 420, 420, 420, 420, 420, 420, 420, 420, 420, 420, 420, 420, 420, 420, 420, 420, 420, 420, 420, 420, 420, 420, 420, 420, 420, 420, 420, 420, 420, 420, 420, 420, 420, 420, 420, 420, 420, 420, 420, 420, 420, 420, 420, 420, 420, 420, 420, 420, 420, 420, 420, 420, 420, 420, 420, 420, 420, 420, 420, 420, 420, 420, 420, 420, 420, 420, 420, 420, 420, 420, 420, 420, 420, 420, 420, 420, 420, 420, 420, 420, 420, 420, 420, 420, 420, 420, 420, 420, 420, 420, 420, 420, 420, 420, 420, 420, 420, 420, 420, 420, 420, 420, 420, 420, 420, 420, 420, 420, 420, 420, 420, 420, 420, 420, 420, 420, 420, 420, 420, 420, 420, 420, 420, 420, 420, 420, 420, 420, 420, 420, 420, 420, 420, 420, 420, 420, 420, 420, 420, 420, 420, 420, 420, 420, 420, 420, 420, 420, 420, 420, 420, 420, 420, 420, 420, 420, 420, 420, 420, 420, 420, 420, 420, 420, 420, 420, 420, 420, 420, 420, 420, 420, 420, 420, 420, 420, 420, 420, 420, 420, 420, 420, 420, 420, 420, 420, 420, 420, 420, 420, 420, 420, 420, 420, 420, 420, 420, 420, 420, 420, 420, 420, 420, 420, 420, 420, 420, 420, 420, 420, 420, 420, 420, 420, 420, 420, 420, 420, 420, 420, 420, 420, 420, 420, 420, 420, 420, 420, 420, 420, 420, 420, 420, 420, 420, 420, 420, 420, 420, 420, 420, 420, 420, 420, 420, 420, 420, 420, 420, 420, 420, 420, 420, 420, 420, 420, 420, 420, 420, 420, 420, 420, 420, 420, 420, 420, 420, 420, 420, 420, 420, 420, 420, 420, 420, 420, 420, 420, 420, 420, 420, 420, 420, 420, 420, 420, 420, 420, 420, 420, 420, 420, 420, 420, 420, 420, 420, 420, 420, 420, 420, 420, 420, 420]

ep108
Train step Loss: [0.9467237591743469, 0.9468019604682922, 0.9468806982040405, 0.9472699165344238, 0.946967601776123, 0.9469205141067505, 0.9468032717704773, 0.9469520449638367, 0.9468996524810791, 0.9467648863792419, 0.9467615485191345, 0.9467944502830505, 0.946753203868866, 0.9468526840209961, 0.9468062520027161, 0.9468100070953369, 0.9471752643585205, 0.9468690156936646, 0.946685254573822, 0.9466823935508728, 0.9466341733932495, 0.9467700719833374, 0.9467665553092957, 0.9468938112258911, 0.9468322396278381, 0.9467407464981079, 0.9468555450439453, 0.9468504190444946, 0.9470812082290649, 0.9467965364456177, 0.9467203617095947, 0.9467599391937256, 0.9468044638633728, 0.9467677474021912, 0.9469501972198486, 0.9469791054725647, 0.9467790126800537, 0.9469291567802429, 0.946753978729248, 0.9468663930892944, 0.9469721913337708, 0.9468661546707153, 0.9468796849250793, 0.9468103051185608, 0.9467672109603882, 0.9467369318008423, 0.9467026591300964, 0.946908712387085, 0.9468095898628235, 0.9469310641288757, 0.9468358159065247, 0.946770191192627, 0.9467294812202454, 0.9468706846237183, 0.9468357563018799, 0.9473608732223511, 0.9466469287872314, 0.9467179179191589, 0.9467959403991699, 0.9467158913612366, 0.9468003511428833, 0.9467554688453674, 0.9471943974494934, 0.9467678666114807, 0.9468465447425842, 0.9469322562217712, 0.9467105269432068, 0.9469455480575562, 0.9469176530838013, 0.9467286467552185, 0.946732759475708, 0.9467552900314331, 0.9467178583145142, 0.9468467235565186, 0.9466274380683899, 0.9468121528625488, 0.946887731552124, 0.9467777013778687, 0.9466030597686768, 0.9467326402664185, 0.9468279480934143, 0.9466285705566406, 0.9468480944633484, 0.9466939568519592, 0.9467584490776062, 0.9467328190803528, 0.9468059539794922, 0.9467635750770569, 0.9467527866363525, 0.9469668865203857, 0.9467384815216064, 0.9468263983726501, 0.9467731714248657, 0.9468878507614136, 0.9468623399734497, 0.9467319250106812, 0.9467841386795044, 0.9467921853065491, 0.9468384981155396, 0.9468191862106323, 0.9467825293540955, 0.9466503262519836, 0.9467927813529968, 0.9468547701835632, 0.9468525648117065]
val step Loss: [0.9536221027374268, 0.9521614909172058, 0.9492113590240479, 0.9481474757194519, 0.9484126567840576, 0.9482021331787109, 0.9479784369468689, 0.948484480381012, 0.9480727910995483, 0.9484649896621704, 0.9480945467948914, 0.9482580423355103, 0.9480964541435242, 0.9495596885681152, 0.9501780867576599, 0.948155403137207, 0.9490355253219604, 0.9483158588409424, 0.9480134844779968, 0.948496401309967, 0.9481884241104126, 0.9479920268058777, 0.9480265378952026, 0.9483357667922974, 0.9480945467948914, 0.9483293294906616, 0.9481557607650757]
Train step Accs: [1.0, 1.0, 1.0, 1.0, 1.0, 1.0, 1.0, 1.0, 1.0, 1.0, 1.0, 1.0, 1.0, 1.0, 1.0, 1.0, 1.0, 1.0, 1.0, 1.0, 1.0, 1.0, 1.0, 1.0, 1.0, 1.0, 1.0, 1.0, 1.0, 1.0, 1.0, 1.0, 1.0, 1.0, 1.0, 1.0, 1.0, 1.0, 1.0, 1.0, 1.0, 1.0, 1.0, 1.0, 1.0, 1.0, 1.0, 1.0, 1.0, 1.0, 1.0, 1.0, 1.0, 1.0, 1.0, 1.0, 1.0, 1.0, 1.0, 1.0, 1.0, 1.0, 1.0, 1.0, 1.0, 1.0, 1.0, 1.0, 1.0, 1.0, 1.0, 1.0, 1.0, 1.0, 1.0, 1.0, 1.0, 1.0, 1.0, 1.0, 1.0, 1.0, 1.0, 1.0, 1.0, 1.0, 1.0, 1.0, 1.0, 1.0, 1.0, 1.0, 1.0, 1.0, 1.0, 1.0, 1.0, 1.0, 1.0, 1.0, 1.0, 1.0, 1.0, 1.0, 1.0]
val step Accs: [0.9989718985606579, 0.9992581602373887, 0.9998372925479987, 1.0, 1.0, 1.0, 1.0, 1.0, 1.0, 1.0, 1.0, 1.0, 1.0, 0.9998165137614679, 0.9996558251591808, 1.0, 0.999820014398848, 1.0, 1.0, 1.0, 1.0, 1.0, 1.0, 1.0, 1.0, 1.0, 1.0]
Preds: [17, 17, 296, 17, 17, 17, 17, 363, 363, 363, 363, 363, 101, 149, 321, 321, 287, 287, 287, 284, 206, 167, 35, 320, 320, 29, 287, 287, 111, 111, 468, 468, 467, 146, 146, 443, 330, 330, 330, 348, 175, 65, 65, 106, 293, 293, 293, 293, 413, 348, 348, 466, 479, 479, 331, 331, 486, 486, 486, 460, 240, 173, 8, 280, 29, 106, 284, 284, 240, 285, 285, 467, 180, 180, 486, 486, 486, 486, 460, 240, 175, 175, 81, 431, 431, 85, 403, 403, 403, 207, 207, 207, 246, 246, 246, 246, 246, 19, 19, 454, 229, 259, 321, 247, 126, 126, 408, 408, 408, 408, 228, 321, 75, 66, 68, 172, 115, 115, 267, 444, 278, 378, 378, 345, 345, 100, 100, 497, 497, 186, 99, 338, 338, 400, 400, 400, 301, 301, 378, 345, 109, 499, 499, 151, 151, 253, 453, 342, 168, 168, 180, 151, 151, 460, 178, 178, 192, 192, 445, 451, 41, 41, 41, 41, 19, 19, 19, 454, 454, 13, 414, 170, 244, 244, 244, 392, 244, 392, 392, 321, 321, 321, 7, 479, 479, 331, 331, 331, 480, 319, 111, 460, 438, 416, 216, 192, 114, 180, 180, 443, 443, 443, 139, 139, 293, 274, 274, 35, 192, 445, 464, 464, 171, 171, 252, 416, 458, 192, 445, 180, 464, 264, 264, 264, 264, 315, 315, 113, 450, 450, 293, 169, 150, 150, 54, 54, 142, 397, 397, 196, 147, 147, 109, 288, 403, 171, 171, 252, 252, 24, 310, 310, 107, 395, 395, 286, 286, 120, 120, 120, 120, 37, 37, 385, 385, 197, 75, 164, 164, 196, 196, 116, 33, 33, 248, 394, 212, 75, 199, 275, 275, 275, 275, 303, 303, 17, 420, 374, 420, 374, 374, 374, 374, 374, 374, 374, 374, 374, 374, 374, 374, 374, 374, 374, 374, 374, 374, 374, 374, 374, 374, 374, 374, 374, 374, 374, 374, 374, 374, 374, 374, 374, 374, 374, 374, 374, 374, 374, 374, 374, 374, 374, 374, 374, 374, 374, 374, 374, 374, 374, 374, 374, 374, 374, 374, 374, 374, 374, 374, 374, 374, 374, 374, 374, 374, 374, 374, 374, 374, 374, 374, 374, 374, 374, 374, 374, 374, 374, 374, 374, 374, 374, 374, 374, 374, 374, 374, 374, 374, 374, 374, 374, 374, 374, 374, 374, 374, 374, 374, 374, 374, 374, 374, 374, 374, 374, 374, 374, 374, 374, 374, 374, 374, 374, 374, 374, 374, 374, 374, 374, 374, 374, 374, 374, 374, 374, 374, 374, 374, 374, 374, 374, 374, 374, 374, 374, 374, 374, 374, 374, 374, 374, 374, 374, 374, 374, 374, 374, 374, 374, 374, 374, 374, 374, 374, 374, 374, 374, 374, 374, 374, 374, 374, 374, 374, 374, 374, 374, 374, 374, 374, 374, 374, 374, 374, 374, 374, 374, 374, 374, 374, 374, 374, 374, 374, 374, 374, 374, 374, 374, 374, 374, 374, 374, 374, 374, 374, 374, 374, 374, 374, 374, 374, 374, 374, 374, 374, 374, 374, 374, 374, 374, 374, 374, 374, 374, 374, 374, 374, 374, 374, 374, 374, 374, 374, 374, 374, 374, 374, 374, 374, 374, 374, 374, 374, 374, 374, 374, 374, 374, 374, 374, 374, 374, 374, 374, 374, 374, 374, 374, 374, 374, 374, 374, 374, 374, 374, 374, 374, 374, 374, 374, 374, 374, 374, 374, 374, 374, 374, 374, 374, 374, 374, 374, 374, 374, 374, 374, 374, 374, 374, 374, 374, 374, 374, 374, 374, 374, 374, 374, 374, 374, 374, 374, 374, 374, 374, 374, 374, 374, 374, 374, 374, 374, 374, 374, 374, 374, 374, 374]

ep109
Train step Loss: [0.9468560218811035, 0.9467672109603882, 0.9467785358428955, 0.9469754695892334, 0.9466979503631592, 0.9467898607254028, 0.9467458724975586, 0.9468695521354675, 0.9468730092048645, 0.9467213153839111, 0.9467711448669434, 0.9470128417015076, 0.9469069242477417, 0.9467756152153015, 0.9467771053314209, 0.9471995234489441, 0.946823000907898, 0.9467872381210327, 0.9466525912284851, 0.9468359351158142, 0.9467558860778809, 0.9468522667884827, 0.946810245513916, 0.946763813495636, 0.9467336535453796, 0.9470261931419373, 0.9470332860946655, 0.9467766284942627, 0.9468406438827515, 0.9467814564704895, 0.9468450546264648, 0.9466283321380615, 0.9473735094070435, 0.9468340873718262, 0.9467904567718506, 0.9468559622764587, 0.9467806816101074, 0.9467733502388, 0.9467288851737976, 0.9467234015464783, 0.9467678070068359, 0.9467600584030151, 0.9468022584915161, 0.9467557072639465, 0.94682377576828, 0.9466976523399353, 0.9466919898986816, 0.946803867816925, 0.9467626810073853, 0.946744441986084, 0.9467406868934631, 0.9471436738967896, 0.946919858455658, 0.9467325210571289, 0.9471057057380676, 0.9467817544937134, 0.9467000961303711, 0.9467645287513733, 0.9466729164123535, 0.9469009041786194, 0.9468253254890442, 0.9467010498046875, 0.94675213098526, 0.9467485547065735, 0.9467106461524963, 0.9467902779579163, 0.9467974305152893, 0.9466829895973206, 0.9467456340789795, 0.9467777609825134, 0.9467824697494507, 0.94669508934021, 0.9468134641647339, 0.9467295408248901, 0.9467476606369019, 0.9469379186630249, 0.9467964768409729, 0.9468638896942139, 0.946803867816925, 0.9468252658843994, 0.9467804431915283, 0.9468199014663696, 0.9471465349197388, 0.9466559290885925, 0.9467429518699646, 0.9467472434043884, 0.9468379616737366, 0.9467526078224182, 0.9469688534736633, 0.9468923807144165, 0.9468145966529846, 0.9466439485549927, 0.9468438029289246, 0.9469791650772095, 0.9466638565063477, 0.9467137455940247, 0.9468448162078857, 0.9467722177505493, 0.9469708800315857, 0.9467703104019165, 0.9467511177062988, 0.946619987487793, 0.9467433094978333, 0.9467016458511353, 0.9469329118728638]
val step Loss: [0.9492969512939453, 0.9479519724845886, 0.9481993913650513, 0.9534700512886047, 0.9489951133728027, 0.9482339024543762, 0.950036883354187, 0.9483498334884644, 0.9483399391174316, 0.9481703639030457, 0.9481039643287659, 0.9492090940475464, 0.9483188986778259, 0.9482218623161316, 0.9479631185531616, 0.9494370222091675, 0.9480838179588318, 0.947888195514679, 0.9482043981552124, 0.9514954686164856, 0.9482817649841309, 0.9481607675552368, 0.9481263160705566, 0.9488214254379272, 0.9481032490730286, 0.948285698890686, 0.9485399723052979]
Train step Accs: [1.0, 1.0, 1.0, 1.0, 1.0, 1.0, 1.0, 1.0, 1.0, 1.0, 1.0, 1.0, 1.0, 1.0, 1.0, 1.0, 1.0, 1.0, 1.0, 1.0, 1.0, 1.0, 1.0, 1.0, 1.0, 1.0, 1.0, 1.0, 1.0, 1.0, 1.0, 1.0, 1.0, 1.0, 1.0, 1.0, 1.0, 1.0, 1.0, 1.0, 1.0, 1.0, 1.0, 1.0, 1.0, 1.0, 1.0, 1.0, 1.0, 1.0, 1.0, 1.0, 1.0, 1.0, 1.0, 1.0, 1.0, 1.0, 1.0, 1.0, 1.0, 1.0, 1.0, 1.0, 1.0, 1.0, 1.0, 1.0, 1.0, 1.0, 1.0, 1.0, 1.0, 1.0, 1.0, 1.0, 1.0, 1.0, 1.0, 1.0, 1.0, 1.0, 1.0, 1.0, 1.0, 1.0, 1.0, 1.0, 1.0, 1.0, 1.0, 1.0, 1.0, 1.0, 1.0, 1.0, 1.0, 1.0, 1.0, 1.0, 1.0, 1.0, 1.0, 1.0, 1.0]
val step Accs: [0.9998274374460742, 1.0, 1.0, 0.9989821882951654, 0.9998191354675349, 1.0, 0.9996372211137312, 1.0, 1.0, 1.0, 1.0, 0.9998376096135109, 1.0, 1.0, 1.0, 0.9998164127042408, 1.0, 1.0, 1.0, 0.9993567063364426, 1.0, 1.0, 1.0, 1.0, 1.0, 1.0, 1.0]
Preds: [17, 17, 296, 217, 217, 473, 65, 443, 443, 443, 443, 240, 169, 150, 77, 164, 164, 164, 164, 164, 164, 273, 106, 106, 375, 375, 375, 98, 98, 48, 13, 170, 20, 170, 20, 20, 187, 187, 187, 408, 408, 20, 391, 391, 20, 184, 20, 20, 7, 188, 152, 152, 422, 99, 54, 54, 224, 400, 400, 30, 324, 324, 464, 464, 139, 139, 355, 387, 355, 240, 388, 94, 94, 398, 324, 301, 416, 32, 239, 144, 27, 180, 180, 284, 486, 428, 206, 240, 240, 314, 8, 32, 354, 354, 100, 497, 43, 8, 8, 32, 354, 354, 100, 387, 255, 251, 251, 241, 431, 106, 498, 498, 406, 313, 313, 285, 337, 464, 464, 464, 145, 315, 315, 450, 450, 450, 43, 43, 276, 276, 345, 109, 109, 403, 207, 324, 3, 301, 42, 42, 147, 456, 337, 324, 422, 422, 349, 349, 234, 234, 261, 261, 25, 148, 153, 153, 413, 413, 10, 10, 309, 398, 398, 464, 139, 139, 481, 182, 182, 387, 387, 122, 122, 236, 129, 259, 108, 377, 123, 374, 153, 153, 387, 372, 406, 406, 406, 467, 182, 375, 375, 375, 98, 98, 13, 229, 229, 20, 312, 126, 126, 23, 326, 23, 23, 101, 149, 149, 228, 20, 412, 287, 287, 460, 460, 178, 215, 458, 465, 164, 164, 442, 225, 7, 7, 217, 217, 473, 65, 476, 171, 252, 416, 239, 239, 445, 445, 485, 324, 301, 314, 325, 34, 34, 191, 191, 116, 251, 251, 251, 241, 81, 431, 367, 496, 274, 43, 8, 129, 259, 208, 208, 441, 441, 153, 497, 497, 399, 70, 70, 70, 473, 65, 264, 264, 264, 264, 468, 468, 468, 406, 337, 337, 324, 252, 24, 239, 239, 384, 449, 324, 324, 301, 26, 251, 241, 431, 367, 496, 274, 43, 416, 458, 144, 208, 100, 100, 496, 274, 122, 143, 143, 17, 420, 374, 420, 420, 420, 420, 420, 420, 420, 420, 420, 420, 420, 420, 420, 420, 420, 420, 420, 420, 420, 420, 420, 420, 420, 420, 420, 420, 420, 420, 420, 420, 420, 420, 420, 420, 420, 420, 420, 420, 420, 420, 420, 420, 420, 420, 420, 420, 420, 420, 420, 420, 420, 420, 420, 420, 420, 420, 420, 420, 420, 420, 420, 420, 420, 420, 420, 420, 420, 420, 420, 420, 420, 420, 420, 420, 420, 420, 420, 420, 420, 420, 420, 420, 420, 420, 420, 420, 420, 420, 420, 420, 420, 420, 420, 420, 420, 420, 420, 420, 420, 420, 420, 420, 420, 420, 420, 420, 420, 420, 420, 420, 420, 420, 420, 420, 420, 420, 420, 420, 420, 420, 420, 420, 420, 420, 420, 420, 420, 420, 420, 420, 420, 420, 420, 420, 420, 420, 420, 420, 420, 420, 420, 420, 420, 420, 420, 420, 420, 420, 420, 420, 420, 420, 420, 420, 420, 420, 420, 420, 420, 420, 420, 420, 420, 420, 420, 420, 420, 420, 420, 420, 420, 420, 420, 420, 420, 420, 420, 420, 420, 420, 420, 420, 420, 420, 420, 420, 420, 420, 420, 420, 420, 420, 420, 420, 420, 420, 420, 420, 420, 420, 420, 420, 420, 420, 420, 420, 420, 420, 420, 420, 420, 420, 420, 420, 420, 420, 420, 420, 420, 420, 420, 420, 420, 420, 420, 420, 420, 420, 420, 420, 420, 420, 420, 420, 420, 420, 420, 420, 420, 420, 420, 420, 420, 420, 420, 420, 420, 420, 420, 420, 420, 420, 420, 420, 420, 420, 420, 420, 420, 420, 420, 420, 420, 420, 420, 420, 420, 420, 420, 420, 420, 420, 420, 420, 420, 420, 420, 420, 420, 420, 420, 420, 420, 420, 420]

ep110
Train step Loss: [0.9467700719833374, 0.9471652507781982, 0.94679194688797, 0.9466968178749084, 0.9467938542366028, 0.9467446804046631, 0.9468437433242798, 0.9467862844467163, 0.9468024969100952, 0.9470818042755127, 0.9467235803604126, 0.946712851524353, 0.9468151330947876, 0.9473354816436768, 0.9471588134765625, 0.9468190670013428, 0.9467616081237793, 0.9467705488204956, 0.9467473030090332, 0.9467039108276367, 0.9468637704849243, 0.9468371272087097, 0.946898341178894, 0.9468189477920532, 0.9466359615325928, 0.9466036558151245, 0.9468201994895935, 0.9466295838356018, 0.946782648563385, 0.9468262791633606, 0.9468125104904175, 0.9467184543609619, 0.9468029737472534, 0.9467124342918396, 0.9467125535011292, 0.9467805027961731, 0.9468478560447693, 0.946721613407135, 0.9466633200645447, 0.9467495083808899, 0.9467238187789917, 0.946829617023468, 0.9468218088150024, 0.9467343688011169, 0.9467573165893555, 0.9468196034431458, 0.9467662572860718, 0.9467779397964478, 0.9467480778694153, 0.9467251896858215, 0.9469574689865112, 0.9469493627548218, 0.9467936754226685, 0.9467252492904663, 0.9466803073883057, 0.946923017501831, 0.9467906951904297, 0.9469782114028931, 0.9467189908027649, 0.946972131729126, 0.9467543363571167, 0.9466493129730225, 0.946803092956543, 0.9466933012008667, 0.9467432498931885, 0.9467868804931641, 0.9468683004379272, 0.9468483328819275, 0.9466614723205566, 0.9468594789505005, 0.9467373490333557, 0.9468003511428833, 0.9466834664344788, 0.9467266798019409, 0.9468170404434204, 0.946711540222168, 0.9466851949691772, 0.9467124342918396, 0.9468550682067871, 0.9468030333518982, 0.9467399716377258, 0.9469048976898193, 0.9468309879302979, 0.9468353390693665, 0.9466040134429932, 0.9467911720275879, 0.9466266632080078, 0.946892499923706, 0.9467601180076599, 0.9468705654144287, 0.9466737508773804, 0.9467905759811401, 0.9467867016792297, 0.9468062520027161, 0.9468489289283752, 0.9467759132385254, 0.9467830657958984, 0.9471989870071411, 0.9468827247619629, 0.9468284249305725, 0.9467496275901794, 0.9468641877174377, 0.9466750025749207, 0.9467580318450928, 0.9466391205787659]
val step Loss: [0.9481450319290161, 0.9479271769523621, 0.9493539333343506, 0.9480353593826294, 0.9478470087051392, 0.9481382966041565, 0.948251485824585, 0.9484054446220398, 0.9541205167770386, 0.9500338435173035, 0.9481773972511292, 0.9479440450668335, 0.9480181336402893, 0.9482707977294922, 0.9487684965133667, 0.9495364427566528, 0.9514688849449158, 0.9489207863807678, 0.9481719732284546, 0.9479929804801941, 0.9480566382408142, 0.9479122161865234, 0.9480149149894714, 0.9483234286308289, 0.9481019377708435, 0.9482016563415527, 0.9479790925979614]
Train step Accs: [1.0, 1.0, 1.0, 1.0, 1.0, 1.0, 1.0, 1.0, 1.0, 1.0, 1.0, 1.0, 1.0, 1.0, 1.0, 1.0, 1.0, 1.0, 1.0, 1.0, 1.0, 1.0, 1.0, 1.0, 1.0, 1.0, 1.0, 1.0, 1.0, 1.0, 1.0, 1.0, 1.0, 1.0, 1.0, 1.0, 1.0, 1.0, 1.0, 1.0, 1.0, 1.0, 1.0, 1.0, 1.0, 1.0, 1.0, 1.0, 1.0, 1.0, 1.0, 1.0, 1.0, 1.0, 1.0, 1.0, 1.0, 1.0, 1.0, 1.0, 1.0, 1.0, 1.0, 1.0, 1.0, 1.0, 1.0, 1.0, 1.0, 1.0, 1.0, 1.0, 1.0, 1.0, 1.0, 1.0, 1.0, 1.0, 1.0, 1.0, 1.0, 1.0, 1.0, 1.0, 1.0, 1.0, 1.0, 1.0, 1.0, 1.0, 1.0, 1.0, 1.0, 1.0, 1.0, 1.0, 1.0, 1.0, 1.0, 1.0, 1.0, 1.0, 1.0, 1.0, 1.0]
val step Accs: [1.0, 1.0, 0.9998086124401914, 1.0, 1.0, 1.0, 1.0, 1.0, 0.9989512323020451, 0.9996449494052903, 1.0, 1.0, 1.0, 1.0, 0.9998378991732858, 0.9998368412465328, 0.999336540056394, 0.9998325799430772, 1.0, 1.0, 1.0, 1.0, 1.0, 1.0, 1.0, 1.0, 1.0]
Preds: [17, 17, 441, 441, 153, 387, 387, 240, 348, 24, 24, 384, 371, 180, 180, 486, 376, 376, 282, 263, 263, 229, 229, 247, 312, 363, 363, 363, 408, 408, 149, 228, 228, 244, 320, 7, 479, 331, 278, 301, 378, 8, 129, 354, 109, 180, 486, 486, 460, 240, 240, 35, 36, 342, 224, 351, 196, 479, 331, 331, 315, 450, 450, 450, 88, 88, 88, 109, 337, 207, 301, 143, 129, 401, 244, 354, 354, 100, 389, 425, 425, 251, 331, 106, 302, 497, 43, 43, 43, 276, 276, 276, 346, 284, 284, 284, 450, 450, 293, 43, 43, 276, 345, 109, 109, 116, 116, 10, 398, 398, 398, 374, 374, 495, 406, 406, 380, 134, 387, 387, 109, 337, 324, 219, 246, 246, 301, 301, 8, 8, 354, 354, 180, 180, 486, 486, 206, 240, 240, 314, 129, 401, 401, 32, 354, 354, 100, 153, 153, 153, 153, 182, 182, 182, 132, 132, 132, 132, 303, 303, 303, 442, 442, 442, 229, 229, 170, 170, 244, 187, 1, 1, 408, 408, 408, 244, 228, 228, 412, 287, 287, 287, 284, 284, 460, 169, 215, 35, 35, 75, 208, 441, 148, 153, 153, 387, 387, 122, 348, 64, 466, 479, 331, 242, 242, 348, 466, 466, 479, 331, 307, 307, 319, 206, 240, 251, 251, 359, 34, 166, 278, 278, 278, 173, 8, 8, 70, 70, 65, 65, 46, 46, 46, 46, 206, 215, 215, 129, 401, 354, 354, 106, 106, 180, 284, 315, 315, 315, 315, 315, 450, 450, 450, 450, 203, 250, 364, 276, 276, 345, 109, 109, 207, 324, 324, 3, 301, 26, 251, 241, 241, 431, 486, 486, 282, 282, 330, 388, 94, 303, 199, 331, 375, 375, 98, 98, 13, 244, 170, 170, 392, 63, 63, 63, 63, 63, 63, 63, 244, 40, 40, 40, 63, 40, 244, 40, 63, 244, 63, 73, 244, 244, 289, 320, 188, 188, 213, 324, 422, 416, 32, 239, 354, 114, 180, 180, 486, 460, 460, 178, 215, 129, 401, 244, 321, 354, 276, 148, 148, 153, 387, 387, 387, 387, 167, 122, 35, 321, 75, 449, 273, 180, 486, 486, 460, 240, 215, 215, 129, 239, 354, 420, 420, 213, 213, 324, 464, 464, 464, 443, 240, 314, 314, 239, 239, 239, 384, 371, 371, 324, 324, 324, 324, 324, 464, 464, 464, 180, 145, 486, 460, 240, 240, 314, 35, 75, 131, 377, 87, 32, 32, 32, 354, 354, 100, 100, 153, 153, 153, 182, 43, 43, 8, 196, 303, 303, 303, 303, 303, 48, 48, 48, 170, 244, 392, 392, 392, 392, 392, 392, 392, 392, 392, 392, 73, 73, 73, 320, 320, 188, 188, 171, 213, 246, 246, 246, 246, 246, 246, 422, 143, 36, 478, 323, 482, 224, 224, 273, 485, 374, 139, 153, 387, 387, 387, 387, 413, 348, 348, 64, 394, 32, 32, 32, 32, 239, 384, 377, 371, 444, 213, 213, 246, 434, 434, 434, 3, 335, 14, 14, 287, 145, 287, 145, 460, 240, 215, 129, 32, 354, 354, 109, 499, 486, 486, 264, 240, 285, 467, 145, 145, 486, 85, 85, 85, 468, 468, 406, 406, 467, 337, 337, 277, 301, 143, 129, 401, 244, 75, 74, 190, 190, 487, 499, 151, 487, 442, 193, 17, 17, 420, 420, 420, 420, 420, 420, 420, 420, 420, 420, 420, 420, 420, 420, 420, 420, 420, 420, 420, 420, 420, 420, 420, 420, 420, 420, 420, 420, 420, 420, 420, 420, 420, 420, 420, 420, 420, 420, 420, 420, 420, 420, 420, 420, 420, 420, 420, 420, 420, 420, 420, 420, 420, 420, 420, 420, 420, 420, 420, 420]

ep111
Train step Loss: [0.9469411373138428, 0.9467236995697021, 0.9467486143112183, 0.9467527866363525, 0.9466708302497864, 0.9468531608581543, 0.9466730356216431, 0.9468694925308228, 0.9468886852264404, 0.9467114210128784, 0.9467577934265137, 0.9467243552207947, 0.9468126893043518, 0.9468057751655579, 0.9467362761497498, 0.946723222732544, 0.9467131495475769, 0.9467281699180603, 0.9467906355857849, 0.9467301368713379, 0.9468269348144531, 0.9466869831085205, 0.9467490911483765, 0.9467027187347412, 0.9466730356216431, 0.9467460513114929, 0.9467449188232422, 0.9468462467193604, 0.9469224214553833, 0.9467114210128784, 0.9467965364456177, 0.9466992616653442, 0.9467378258705139, 0.9465939402580261, 0.9467053413391113, 0.946732223033905, 0.9467192888259888, 0.9466855525970459, 0.9467467069625854, 0.9467421770095825, 0.9468648433685303, 0.9468099474906921, 0.9468467831611633, 0.9467785358428955, 0.946698009967804, 0.9468004703521729, 0.946744978427887, 0.946683406829834, 0.9468236565589905, 0.9468207955360413, 0.9466679096221924, 0.9467076659202576, 0.9467986822128296, 0.9468287229537964, 0.9467718005180359, 0.9466988444328308, 0.9468351006507874, 0.9467207193374634, 0.9467394351959229, 0.9466801285743713, 0.9469183683395386, 0.9471479058265686, 0.9467303156852722, 0.9466695189476013, 0.9466567039489746, 0.9466525912284851, 0.9466902017593384, 0.9467914700508118, 0.9471580982208252, 0.9466567039489746, 0.9469971060752869, 0.9468320608139038, 0.9467434883117676, 0.9465909600257874, 0.946637749671936, 0.9467104077339172, 0.946735143661499, 0.9466533660888672, 0.9468156099319458, 0.9468721747398376, 0.9471372365951538, 0.946696937084198, 0.9467260837554932, 0.9467605948448181, 0.946722149848938, 0.9466747641563416, 0.946819543838501, 0.9466963410377502, 0.9467283487319946, 0.9472101926803589, 0.9471412897109985, 0.9469217658042908, 0.9467347860336304, 0.9467734098434448, 0.9467995762825012, 0.9467948079109192, 0.946833074092865, 0.9467546939849854, 0.9467276334762573, 0.9468750357627869, 0.9468071460723877, 0.9466284513473511, 0.9467050433158875, 0.94664067029953, 0.946713387966156]
val step Loss: [0.9522454738616943, 0.9483144283294678, 0.9480243921279907, 0.9482057094573975, 0.9481534361839294, 0.948114812374115, 0.9481592774391174, 0.9478609561920166, 0.9478210210800171, 0.9504387974739075, 0.9497253894805908, 0.9488900899887085, 0.9485709071159363, 0.948043167591095, 0.9479306936264038, 0.948296308517456, 0.9532697796821594, 0.9479139447212219, 0.9479694366455078, 0.9479166865348816, 0.9479572176933289, 0.9479306936264038, 0.9478605389595032, 0.9479175209999084, 0.9489201903343201, 0.947968602180481, 0.9479780793190002]
Train step Accs: [1.0, 1.0, 1.0, 1.0, 1.0, 1.0, 1.0, 1.0, 1.0, 1.0, 1.0, 1.0, 1.0, 1.0, 1.0, 1.0, 1.0, 1.0, 1.0, 1.0, 1.0, 1.0, 1.0, 1.0, 1.0, 1.0, 1.0, 1.0, 1.0, 1.0, 1.0, 1.0, 1.0, 1.0, 1.0, 1.0, 1.0, 1.0, 1.0, 1.0, 1.0, 1.0, 1.0, 1.0, 1.0, 1.0, 1.0, 1.0, 1.0, 1.0, 1.0, 1.0, 1.0, 1.0, 1.0, 1.0, 1.0, 1.0, 1.0, 1.0, 1.0, 1.0, 1.0, 1.0, 1.0, 1.0, 1.0, 1.0, 1.0, 1.0, 1.0, 1.0, 1.0, 1.0, 1.0, 1.0, 1.0, 1.0, 1.0, 1.0, 1.0, 1.0, 1.0, 1.0, 1.0, 1.0, 1.0, 1.0, 1.0, 1.0, 1.0, 1.0, 1.0, 1.0, 1.0, 1.0, 1.0, 1.0, 1.0, 1.0, 1.0, 1.0, 1.0, 1.0, 1.0]
val step Accs: [0.9992310649750096, 1.0, 1.0, 1.0, 1.0, 1.0, 1.0, 1.0, 1.0, 0.9996184662342618, 0.9998051821546854, 0.9998466963053809, 0.9998353367363741, 1.0, 1.0, 1.0, 0.9990202482037883, 1.0, 1.0, 1.0, 1.0, 1.0, 1.0, 1.0, 0.9998241603657464, 1.0, 1.0]
Preds: [17, 30, 340, 340, 116, 10, 479, 479, 65, 65, 284, 284, 481, 293, 293, 43, 43, 43, 364, 364, 276, 276, 346, 346, 284, 284, 284, 284, 284, 206, 206, 293, 43, 43, 364, 276, 276, 276, 346, 297, 497, 497, 43, 349, 129, 401, 205, 205, 208, 441, 441, 153, 153, 153, 387, 387, 387, 387, 29, 29, 337, 337, 337, 152, 178, 143, 129, 401, 208, 208, 208, 441, 441, 387, 387, 387, 274, 416, 8, 32, 32, 32, 354, 354, 180, 180, 376, 376, 376, 376, 460, 240, 385, 233, 36, 155, 155, 155, 25, 397, 494, 32, 32, 219, 219, 219, 464, 464, 93, 403, 403, 171, 171, 171, 246, 246, 246, 246, 246, 246, 246, 19, 48, 48, 48, 20, 170, 170, 170, 20, 187, 187, 187, 408, 408, 391, 20, 391, 73, 73, 20, 20, 320, 7, 251, 241, 331, 431, 486, 486, 460, 460, 215, 35, 35, 75, 77, 164, 342, 224, 183, 485, 485, 464, 139, 139, 387, 387, 387, 122, 8, 32, 239, 75, 354, 354, 441, 441, 276, 346, 346, 265, 265, 265, 85, 85, 167, 385, 32, 32, 239, 82, 108, 107, 395, 106, 106, 106, 153, 387, 387, 387, 85, 146, 207, 207, 207, 246, 246, 246, 246, 246, 19, 422, 129, 401, 401, 20, 445, 445, 351, 278, 403, 171, 171, 171, 219, 219, 219, 219, 477, 152, 422, 186, 349, 205, 205, 401, 20, 261, 261, 397, 441, 345, 374, 374, 213, 213, 213, 213, 422, 99, 338, 338, 338, 395, 395, 459, 459, 120, 385, 385, 233, 20, 75, 208, 27, 487, 441, 442, 219, 464, 464, 355, 355, 355, 355, 167, 167, 226, 80, 80, 80, 20, 80, 80, 7, 219, 219, 422, 422, 162, 232, 232, 68, 68, 68, 115, 267, 267, 444, 278, 26, 251, 241, 81, 403, 403, 403, 207, 19, 420, 420, 420, 420, 420, 420, 420, 420, 420, 420, 420, 420, 420, 420, 420, 420, 420, 420, 420, 420, 420, 420, 420, 420, 420, 420, 420, 420, 420, 420, 420, 420, 420, 420, 420, 420, 420, 420, 420, 420, 420, 420, 420, 420, 420, 420, 420, 420, 420, 420, 420, 420, 420, 420, 420, 420, 420, 420, 420, 420, 420, 420, 420, 420, 420, 420, 420, 420, 420, 420, 420, 420, 420, 420, 420, 420, 420, 420, 420, 420, 420, 420, 420, 420, 420, 420, 420, 420, 420, 420, 420, 420, 420, 420, 420, 420, 420, 420, 420, 420, 420, 420, 420, 420, 420, 420, 420, 420, 420, 420, 420, 420, 420, 420, 420, 420, 420, 420, 420, 420, 420, 420, 420, 420, 420, 420, 420, 420, 420, 420, 420, 420, 420, 420, 420, 420, 420, 420, 420, 420, 420, 420, 420, 420, 420, 420, 420, 420, 420, 420, 420, 420, 420, 420, 420, 420, 420, 420, 420, 420, 420, 420, 420, 420, 420, 420, 420, 420, 420, 420, 420, 420, 420, 420, 420, 420, 420, 420, 420, 420, 420, 420, 420, 420, 420, 420, 420, 420, 420, 420, 420, 420, 420, 420, 420, 420, 420, 420, 420, 420, 420, 420, 420, 420, 420, 420, 420, 420, 420, 420, 420, 420, 420, 420, 420, 420, 420, 420, 420, 420, 420, 420, 420, 420, 420, 420, 420, 420, 420, 420, 420, 420, 420, 420, 420, 420, 420, 420, 420, 420, 420, 420, 420, 420, 420, 420, 420, 420, 420, 420, 420, 420, 420, 420, 420, 420, 420, 420, 420, 420, 420, 420, 420, 420, 420, 420, 420, 420, 420, 420, 420, 420, 420, 420, 420, 420, 420, 420, 420, 420, 420, 420, 420, 420, 420, 420, 420, 420, 420]

