ep157
Train step Loss: [0.9461371302604675, 0.9462565779685974, 0.9461139440536499, 0.9463174343109131, 0.946190595626831, 0.9462746977806091, 0.9462850093841553, 0.9461921453475952, 0.9461546540260315, 0.9462993741035461, 0.9462751150131226, 0.9461812973022461, 0.9462249279022217, 0.9461925029754639, 0.946126401424408, 0.9463023543357849, 0.9461854696273804, 0.9461399912834167, 0.946189820766449, 0.9461863040924072, 0.9462487697601318, 0.9462050199508667, 0.9462254047393799, 0.9462123513221741, 0.9461953639984131, 0.9461894035339355, 0.9461318254470825, 0.9461818933486938, 0.9461526870727539, 0.946201741695404, 0.946265697479248, 0.9461835622787476, 0.9462146759033203, 0.9461968541145325, 0.9462963938713074, 0.9463622570037842, 0.9462847709655762, 0.9462336897850037, 0.946088433265686, 0.9460952281951904, 0.946241557598114, 0.9462562799453735, 0.9465720653533936, 0.9461857676506042, 0.9461339712142944, 0.9462475180625916, 0.9462268948554993, 0.9462328553199768, 0.9462733864784241, 0.9462536573410034, 0.9462025761604309, 0.9462265968322754, 0.9461642503738403, 0.9461974501609802, 0.9464862942695618, 0.9462029337882996, 0.9461802840232849, 0.9462901949882507, 0.9462987780570984, 0.9462724328041077, 0.9462406039237976, 0.9465125203132629, 0.9461544156074524, 0.9462038278579712, 0.9462111592292786, 0.9461877942085266, 0.9462655186653137, 0.9462072253227234, 0.9462481737136841, 0.946212649345398, 0.9461528658866882, 0.946243941783905, 0.9462577104568481, 0.9463061690330505, 0.9460902810096741, 0.9462963938713074, 0.9461909532546997, 0.9462711811065674, 0.94624263048172, 0.9464447498321533, 0.9462135434150696, 0.9461372494697571, 0.9462761878967285, 0.9462494254112244, 0.946225643157959, 0.9461727142333984, 0.9461471438407898, 0.946266770362854, 0.9461394548416138, 0.9462065696716309, 0.9461581707000732, 0.9462840557098389, 0.9461575150489807, 0.9462094306945801, 0.9461711645126343, 0.9462644457817078, 0.9461609721183777, 0.9461759328842163, 0.9461955428123474, 0.9461534023284912, 0.9462367296218872, 0.9460940361022949, 0.9460667371749878, 0.9461948871612549, 0.946253776550293]
val step Loss: [0.9492210745811462, 0.9486896991729736, 0.9467583894729614, 0.952897846698761, 0.9470821022987366, 0.9467968344688416, 0.946986198425293, 0.9470307230949402, 0.9473140239715576, 0.9474061727523804, 0.9469299912452698, 0.9467810988426208, 0.9470311999320984, 0.9470527172088623, 0.9471606612205505, 0.946953296661377, 0.9479455351829529, 0.9471006393432617, 0.9470425248146057, 0.9469914436340332, 0.9478731155395508, 0.9470234513282776, 0.9509849548339844, 0.947176992893219, 0.9470224380493164, 0.9473307728767395, 0.9469858407974243]
Train step Accs: [1.0, 1.0, 1.0, 1.0, 1.0, 1.0, 1.0, 1.0, 1.0, 1.0, 1.0, 1.0, 1.0, 1.0, 1.0, 1.0, 1.0, 1.0, 1.0, 1.0, 1.0, 1.0, 1.0, 1.0, 1.0, 1.0, 1.0, 1.0, 1.0, 1.0, 1.0, 1.0, 1.0, 1.0, 1.0, 1.0, 1.0, 1.0, 1.0, 1.0, 1.0, 1.0, 1.0, 1.0, 1.0, 1.0, 1.0, 1.0, 1.0, 1.0, 1.0, 1.0, 1.0, 1.0, 1.0, 1.0, 1.0, 1.0, 1.0, 1.0, 1.0, 1.0, 1.0, 1.0, 1.0, 1.0, 1.0, 1.0, 1.0, 1.0, 1.0, 1.0, 1.0, 1.0, 1.0, 1.0, 1.0, 1.0, 1.0, 1.0, 1.0, 1.0, 1.0, 1.0, 1.0, 1.0, 1.0, 1.0, 1.0, 1.0, 1.0, 1.0, 1.0, 1.0, 1.0, 1.0, 1.0, 1.0, 1.0, 1.0, 1.0, 1.0, 1.0, 1.0, 1.0]
val step Accs: [0.9996630727762803, 0.9997021593447506, 1.0, 0.9989165763813651, 1.0, 1.0, 1.0, 1.0, 1.0, 1.0, 1.0, 1.0, 1.0, 1.0, 1.0, 1.0, 0.9998456551937027, 1.0, 1.0, 1.0, 0.9998104624715694, 1.0, 0.9993044687880369, 1.0, 1.0, 1.0, 1.0]
Preds: [17, 17, 152, 152, 152, 378, 378, 43, 276, 345, 345, 109, 174, 284, 319, 240, 240, 240, 314, 239, 82, 82, 449, 371, 444, 213, 324, 324, 324, 286, 301, 132, 42, 42, 147, 380, 380, 288, 443, 432, 330, 330, 388, 33, 33, 64, 394, 398, 219, 464, 464, 464, 180, 315, 315, 450, 450, 293, 43, 43, 43, 364, 276, 276, 276, 276, 346, 346, 284, 284, 284, 284, 376, 376, 206, 206, 85, 85, 240, 388, 251, 251, 251, 251, 251, 251, 241, 431, 355, 355, 452, 263, 263, 263, 420, 374, 374, 374, 374, 374, 374, 374, 374, 374, 374, 374, 374, 374, 374, 374, 374, 374, 374, 374, 374, 374, 374, 374, 374, 374, 374, 374, 374, 374, 374, 374, 374, 374, 374, 374, 374, 374, 374, 374, 374, 374, 374, 374, 374, 374, 374, 374, 374, 374, 374, 374, 374, 374, 374, 374, 374, 374, 374, 374, 374, 374, 374, 374, 374, 374, 374, 374, 374, 374, 374, 374, 374, 374, 374, 374, 374, 374, 374, 374, 374, 374, 374, 374, 374, 374, 374, 374, 374, 374, 374, 374, 374, 374, 374, 374, 374, 374, 374, 374, 374, 374, 374, 374, 374, 374, 374, 374, 374, 374, 374, 374, 374, 374, 374, 374, 374, 374, 374, 374, 374, 374, 374, 374, 374, 374, 374, 374, 374, 374, 374, 374, 374, 374, 374, 374, 374, 374, 374, 374, 374, 374, 374, 374, 374, 374, 374, 374, 374, 374, 374, 374, 374, 374, 374, 374, 374, 374, 374, 374, 374, 374, 374, 374, 374, 374, 374, 374, 374, 374, 374, 374, 374, 374, 374, 374, 374, 374, 374, 374, 374, 374, 374, 374, 374, 374, 374, 374, 374, 374, 374, 374, 374, 374, 374, 374, 374, 374, 374, 374, 374, 374, 374, 374, 374, 374, 374, 374, 374, 374, 374, 374, 374, 374, 374, 374, 374, 374, 374, 374, 374, 374, 374, 374, 374, 374, 374, 374, 374, 374, 374, 374, 374, 374, 374, 374, 374, 374, 374, 374, 374, 374, 374, 374, 374, 374, 374, 374, 374, 374, 374, 374, 374, 374, 374, 374, 374, 374, 374, 374, 374, 374, 374, 374, 374, 374, 374, 374, 374, 374, 374, 374, 374, 374, 374, 374, 374, 374, 374, 374, 374, 374, 374, 374, 374, 374, 374, 374, 374, 374, 374, 374, 374, 374, 374, 374, 374, 374, 374, 374, 374, 374, 374, 374, 374, 374, 374, 374, 374, 374, 374, 374, 374, 374, 374, 374, 374, 374, 374, 374, 374, 374, 374, 374, 374, 374, 374, 374, 374, 374, 374, 374, 374, 374, 374, 374, 374, 374, 374, 374, 374, 374, 374, 374, 374, 374, 374, 374, 374, 374, 374, 374, 374, 374, 374, 374, 374, 374, 374, 374, 374, 374, 374, 374, 374, 374, 374, 374, 374, 374, 374, 374, 374, 374, 374, 374, 374, 374, 374, 374, 374, 374, 374, 374, 374, 374, 374, 374, 374, 374, 374, 374, 374, 374, 374, 374, 374, 374, 374, 374, 374, 374, 374, 374, 374, 374, 374, 374, 374, 374, 374, 374, 374, 374, 374, 374, 374, 374, 374, 374, 374, 374, 374, 374, 374, 374, 374, 374, 374, 374, 374, 374, 374, 374, 374, 374, 374, 374, 374, 374, 374, 374, 374, 374, 374, 374, 374, 374, 374, 374, 374, 374, 374, 374, 374, 374, 374, 374, 374, 374, 374, 374, 374, 374, 374, 374, 374, 374, 374, 374, 374, 374, 374, 374, 374, 374, 374, 374, 374, 374, 374, 374, 374, 374, 374, 374, 374, 374, 374, 374, 374, 374, 374, 374, 374, 374, 374, 374, 374, 374, 374, 374, 374, 374, 374, 374]

ep158
Train step Loss: [0.946138858795166, 0.9463088512420654, 0.9461486339569092, 0.946480393409729, 0.9464356303215027, 0.9461320638656616, 0.9462752342224121, 0.9461968541145325, 0.9461002945899963, 0.9461618661880493, 0.94620680809021, 0.9462769031524658, 0.9461512565612793, 0.9462943077087402, 0.9461266398429871, 0.9462002515792847, 0.9465373754501343, 0.9462565779685974, 0.9461621642112732, 0.9462993741035461, 0.9462405443191528, 0.9462559223175049, 0.9462918043136597, 0.9461637735366821, 0.9461784362792969, 0.9461796283721924, 0.9462176561355591, 0.9461840391159058, 0.9462254047393799, 0.9463015794754028, 0.9462690949440002, 0.9461851119995117, 0.9462925791740417, 0.9461501240730286, 0.9462663531303406, 0.9461789131164551, 0.9462011456489563, 0.9461389780044556, 0.9462386965751648, 0.9462103843688965, 0.946174681186676, 0.9462354183197021, 0.946270227432251, 0.9461963176727295, 0.9462065696716309, 0.9462563991546631, 0.9461984634399414, 0.9461801052093506, 0.9461974501609802, 0.9461579322814941, 0.946156919002533, 0.9462753534317017, 0.9463301301002502, 0.9461468458175659, 0.9462631344795227, 0.946210503578186, 0.946247398853302, 0.9460943937301636, 0.946101725101471, 0.9461854696273804, 0.946107804775238, 0.9461787343025208, 0.946212112903595, 0.946123480796814, 0.9462233781814575, 0.9461172819137573, 0.946289598941803, 0.9463077783584595, 0.9461844563484192, 0.9460759162902832, 0.9461939334869385, 0.946236252784729, 0.9462454915046692, 0.9461811184883118, 0.9462201595306396, 0.9461268186569214, 0.9462108016014099, 0.9461666345596313, 0.9462785124778748, 0.9462323188781738, 0.9462013840675354, 0.9461299777030945, 0.9462122321128845, 0.9461824893951416, 0.9462318420410156, 0.9462108612060547, 0.9462525248527527, 0.9462384581565857, 0.9461946487426758, 0.9462364912033081, 0.9462217092514038, 0.9462121725082397, 0.9461237192153931, 0.9461711645126343, 0.9462010860443115, 0.9462251663208008, 0.9462820291519165, 0.9461951851844788, 0.9464302659034729, 0.9462763667106628, 0.9462394714355469, 0.9461483359336853, 0.9461398720741272, 0.9462887048721313, 0.9461507201194763]
val step Loss: [0.9471900463104248, 0.9469622373580933, 0.947004497051239, 0.9469853043556213, 0.947104811668396, 0.9479855298995972, 0.9480117559432983, 0.9473579525947571, 0.9470311403274536, 0.9470397233963013, 0.9469917416572571, 0.9582681059837341, 0.947100043296814, 0.946980357170105, 0.9481073021888733, 0.9470357298851013, 0.9469017386436462, 0.9471201300621033, 0.9472588896751404, 0.9471427202224731, 0.9478021860122681, 0.9469512104988098, 0.9470409154891968, 0.9469563961029053, 0.9470974206924438, 0.9470246434211731, 0.9469411969184875]
Train step Accs: [1.0, 1.0, 1.0, 1.0, 1.0, 1.0, 1.0, 1.0, 1.0, 1.0, 1.0, 1.0, 1.0, 1.0, 1.0, 1.0, 1.0, 1.0, 1.0, 1.0, 1.0, 1.0, 1.0, 1.0, 1.0, 1.0, 1.0, 1.0, 1.0, 1.0, 1.0, 1.0, 1.0, 1.0, 1.0, 1.0, 1.0, 1.0, 1.0, 1.0, 1.0, 1.0, 1.0, 1.0, 1.0, 1.0, 1.0, 1.0, 1.0, 1.0, 1.0, 1.0, 1.0, 1.0, 1.0, 1.0, 1.0, 1.0, 1.0, 1.0, 1.0, 1.0, 1.0, 1.0, 1.0, 1.0, 1.0, 1.0, 1.0, 1.0, 1.0, 1.0, 1.0, 1.0, 1.0, 1.0, 1.0, 1.0, 1.0, 1.0, 1.0, 1.0, 1.0, 1.0, 1.0, 1.0, 1.0, 1.0, 1.0, 1.0, 1.0, 1.0, 1.0, 1.0, 1.0, 1.0, 1.0, 1.0, 1.0, 1.0, 1.0, 1.0, 1.0, 1.0, 1.0]
val step Accs: [1.0, 1.0, 1.0, 1.0, 1.0, 0.99981556621173, 0.9998213009292352, 1.0, 1.0, 1.0, 1.0, 0.9979256698357822, 1.0, 1.0, 0.9998423707440101, 1.0, 1.0, 1.0, 1.0, 1.0, 0.9998325238653492, 1.0, 1.0, 1.0, 1.0, 1.0, 1.0]
Preds: [17, 17, 441, 153, 153, 153, 424, 387, 497, 497, 122, 122, 35, 35, 259, 384, 371, 180, 180, 84, 84, 139, 16, 16, 375, 375, 375, 375, 98, 98, 98, 13, 13, 414, 414, 249, 249, 20, 47, 312, 187, 187, 101, 101, 101, 101, 149, 149, 149, 321, 287, 287, 287, 287, 297, 297, 297, 293, 293, 293, 122, 216, 22, 106, 106, 106, 284, 284, 284, 284, 306, 306, 372, 245, 406, 406, 284, 65, 284, 284, 284, 376, 376, 282, 282, 169, 271, 150, 77, 342, 342, 168, 97, 483, 196, 196, 479, 199, 199, 199, 360, 360, 330, 252, 368, 310, 310, 395, 395, 213, 278, 278, 278, 252, 368, 77, 453, 453, 168, 485, 301, 301, 374, 199, 106, 84, 84, 84, 84, 496, 293, 215, 215, 8, 251, 241, 241, 106, 106, 106, 284, 426, 405, 387, 387, 406, 406, 467, 467, 337, 207, 207, 19, 358, 233, 414, 417, 417, 417, 417, 442, 442, 414, 170, 102, 491, 312, 292, 292, 292, 292, 326, 326, 408, 408, 408, 228, 321, 320, 451, 30, 30, 422, 99, 338, 338, 338, 338, 400, 400, 400, 400, 171, 171, 301, 301, 378, 43, 364, 345, 345, 109, 109, 476, 476, 171, 324, 324, 301, 301, 8, 259, 354, 354, 420, 420, 420, 324, 324, 301, 251, 251, 241, 241, 331, 443, 443, 443, 443, 120, 120, 120, 120, 207, 207, 207, 207, 37, 203, 399, 217, 217, 473, 473, 476, 476, 171, 171, 171, 171, 252, 252, 310, 453, 107, 395, 444, 213, 213, 360, 252, 252, 368, 77, 54, 54, 224, 168, 494, 278, 301, 116, 251, 251, 241, 431, 431, 486, 376, 376, 376, 376, 376, 460, 460, 460, 240, 240, 35, 198, 384, 371, 114, 180, 84, 84, 84, 387, 372, 467, 467, 467, 467, 467, 207, 207, 207, 19, 19, 17, 420, 374, 374, 374, 374, 374, 374, 374, 374, 374, 374, 374, 374, 374, 374, 374, 374, 374, 374, 374, 374, 374, 374, 374, 374, 374, 374, 374, 374, 374, 374, 374, 374, 374, 374, 374, 374, 374, 374, 374, 374, 374, 374, 374, 374, 374, 374, 374, 374, 374, 374, 374, 374, 374, 374, 374, 374, 374, 374, 374, 374, 374, 374, 374, 374, 374, 374, 374, 374, 374, 374, 374, 374, 374, 374, 374, 374, 374, 374, 374, 374, 374, 374, 374, 374, 374, 374, 374, 374, 374, 374, 374, 374, 374, 374, 374, 374, 374, 374, 374, 374, 374, 374, 374, 374, 374, 374, 374, 374, 374, 374, 374, 374, 374, 374, 374, 374, 374, 374, 374, 374, 374, 374, 374, 374, 374, 374, 374, 374, 374, 374, 374, 374, 374, 374, 374, 374, 374, 374, 374, 374, 374, 374, 374, 374, 374, 374, 374, 374, 374, 374, 374, 374, 374, 374, 374, 374, 374, 374, 374, 374, 374, 374, 374, 374, 374, 374, 374, 374, 374, 374, 374, 374, 374, 374, 374, 374, 374, 374, 374, 374, 374, 374, 374, 374, 374, 374, 374, 374, 374, 374, 374, 374, 374, 374, 374, 374, 374, 374, 374, 374, 374, 374, 374, 374, 374, 374, 374, 374, 374, 374, 374, 374, 374, 374, 374, 374, 374, 374, 374, 374, 374, 374, 374, 374, 374, 374, 374, 374, 374, 374, 374, 374, 374, 374, 374, 374, 374, 374, 374, 374, 374, 374, 374, 374, 374, 374, 374, 374, 374, 374, 374, 374, 374, 374, 374, 374, 374, 374, 374, 374, 374, 374, 374, 374, 374, 374, 374, 374, 374, 374, 374, 374, 374, 374, 374, 374, 374, 374, 374, 374, 374, 374, 374, 374, 374, 374, 374, 374, 374]

ep159
Train step Loss: [0.9461105465888977, 0.9461545944213867, 0.9461857080459595, 0.9462230205535889, 0.9462456703186035, 0.946162223815918, 0.9462199807167053, 0.9462966918945312, 0.9461674690246582, 0.946138322353363, 0.946212112903595, 0.9461885094642639, 0.9461069107055664, 0.9460666179656982, 0.9461982250213623, 0.9462307691574097, 0.9461856484413147, 0.9462063908576965, 0.9462321400642395, 0.9462444186210632, 0.9461876153945923, 0.9461703896522522, 0.9462209343910217, 0.9462327361106873, 0.9462262392044067, 0.9461925029754639, 0.9462270736694336, 0.9462435245513916, 0.9461688995361328, 0.9461770057678223, 0.946200966835022, 0.9462356567382812, 0.9462167024612427, 0.9461904764175415, 0.9461771845817566, 0.9462670087814331, 0.9461705088615417, 0.9463303089141846, 0.9463294148445129, 0.9464654922485352, 0.9462619423866272, 0.9462984800338745, 0.9461771249771118, 0.9462329745292664, 0.9461207985877991, 0.9462077617645264, 0.946320116519928, 0.9461691975593567, 0.9464255571365356, 0.9461857080459595, 0.9462488889694214, 0.9461274743080139, 0.9462274312973022, 0.9462199807167053, 0.9462235569953918, 0.946186900138855, 0.9462694525718689, 0.9462020993232727, 0.9462193846702576, 0.9462383985519409, 0.9462593793869019, 0.9462367296218872, 0.9460840225219727, 0.9461534023284912, 0.9462600350379944, 0.9461573362350464, 0.9462188482284546, 0.9461017847061157, 0.9464154243469238, 0.9462592005729675, 0.9461513757705688, 0.9461577534675598, 0.9462360739707947, 0.9462192058563232, 0.9461116790771484, 0.9461503028869629, 0.9461755752563477, 0.9461289048194885, 0.946282684803009, 0.9461661577224731, 0.9462046027183533, 0.9462373852729797, 0.946151852607727, 0.9461274147033691, 0.9462091326713562, 0.9461345076560974, 0.9461187124252319, 0.9462414979934692, 0.9461804032325745, 0.9462292194366455, 0.9460980296134949, 0.9462534189224243, 0.9462221264839172, 0.9465151429176331, 0.9462734460830688, 0.9462644457817078, 0.9462350010871887, 0.9462234973907471, 0.9461885094642639, 0.9461924433708191, 0.946232795715332, 0.9461776614189148, 0.9461979269981384, 0.9461174607276917, 0.9461610317230225]
val step Loss: [0.9469125866889954, 0.9469062089920044, 0.9469526410102844, 0.947006344795227, 0.947096586227417, 0.9468936324119568, 0.9469763040542603, 0.9469759464263916, 0.9472458958625793, 0.9480231404304504, 0.9470861554145813, 0.9470595121383667, 0.9469371438026428, 0.9471749067306519, 0.9471218585968018, 0.9472982883453369, 0.9522766470909119, 0.9504342079162598, 0.9479110240936279, 0.9484960436820984, 0.9471384286880493, 0.9469586610794067, 0.947052001953125, 0.9478127360343933, 0.9487212300300598, 0.9470412731170654, 0.946872353553772]
Train step Accs: [1.0, 1.0, 1.0, 1.0, 1.0, 1.0, 1.0, 1.0, 1.0, 1.0, 1.0, 1.0, 1.0, 1.0, 1.0, 1.0, 1.0, 1.0, 1.0, 1.0, 1.0, 1.0, 1.0, 1.0, 1.0, 1.0, 1.0, 1.0, 1.0, 1.0, 1.0, 1.0, 1.0, 1.0, 1.0, 1.0, 1.0, 1.0, 1.0, 1.0, 1.0, 1.0, 1.0, 1.0, 1.0, 1.0, 1.0, 1.0, 1.0, 1.0, 1.0, 1.0, 1.0, 1.0, 1.0, 1.0, 1.0, 1.0, 1.0, 1.0, 1.0, 1.0, 1.0, 1.0, 1.0, 1.0, 1.0, 1.0, 1.0, 1.0, 1.0, 1.0, 1.0, 1.0, 1.0, 1.0, 1.0, 1.0, 1.0, 1.0, 1.0, 1.0, 1.0, 1.0, 1.0, 1.0, 1.0, 1.0, 1.0, 1.0, 1.0, 1.0, 1.0, 1.0, 1.0, 1.0, 1.0, 1.0, 1.0, 1.0, 1.0, 1.0, 1.0, 1.0, 1.0]
val step Accs: [1.0, 1.0, 1.0, 1.0, 1.0, 1.0, 1.0, 1.0, 1.0, 0.99982341515098, 1.0, 1.0, 1.0, 1.0, 1.0, 1.0, 0.9990495802312688, 0.9993951308029638, 0.9998344370860928, 0.9997679275934092, 1.0, 1.0, 1.0, 0.999857020303117, 0.9996805622105095, 1.0, 1.0]
Preds: [17, 17, 17, 345, 442, 487, 152, 152, 152, 301, 378, 43, 276, 345, 109, 109, 284, 486, 460, 240, 240, 385, 314, 32, 239, 75, 384, 371, 191, 191, 240, 385, 143, 401, 244, 75, 127, 273, 180, 486, 486, 486, 460, 282, 167, 385, 457, 196, 196, 219, 398, 464, 464, 486, 486, 460, 460, 215, 215, 401, 401, 244, 321, 354, 420, 420, 324, 422, 77, 478, 68, 68, 68, 224, 273, 444, 444, 324, 301, 314, 217, 473, 398, 398, 324, 301, 10, 10, 309, 479, 380, 374, 213, 213, 213, 213, 246, 301, 301, 378, 29, 134, 134, 134, 203, 280, 337, 324, 324, 324, 324, 3, 464, 464, 145, 113, 206, 169, 349, 349, 205, 261, 261, 25, 100, 153, 153, 43, 43, 276, 276, 182, 387, 387, 387, 178, 129, 401, 244, 244, 208, 441, 100, 100, 100, 182, 182, 375, 98, 98, 229, 244, 244, 247, 126, 126, 326, 101, 101, 391, 228, 244, 244, 320, 287, 287, 287, 206, 240, 35, 36, 449, 449, 224, 168, 278, 464, 331, 315, 319, 450, 293, 43, 276, 182, 497, 497, 497, 122, 186, 349, 234, 234, 261, 25, 25, 106, 428, 428, 146, 146, 146, 171, 324, 324, 324, 324, 464, 464, 464, 464, 486, 486, 85, 85, 240, 251, 251, 251, 241, 431, 428, 428, 146, 146, 219, 219, 219, 219, 219, 464, 464, 443, 486, 486, 460, 460, 169, 169, 349, 352, 261, 25, 485, 152, 152, 422, 143, 458, 458, 75, 208, 441, 100, 100, 100, 98, 98, 48, 48, 17, 17, 420, 374, 374, 374, 374, 374, 374, 374, 374, 374, 374, 374, 374, 374, 374, 374, 374, 374, 374, 374, 374, 374, 374, 374, 374, 374, 374, 374, 374, 374, 374, 374, 374, 374, 374, 374, 374, 374, 374, 374, 374, 374, 374, 374, 374, 374, 374, 374, 374, 374, 374, 374, 374, 374, 374, 374, 374, 374, 374, 374, 374, 374, 374, 374, 374, 374, 374, 374, 374, 374, 374, 374, 374, 374, 374, 374, 374, 374, 374, 374, 374, 374, 374, 374, 374, 374, 374, 374, 374, 374, 374, 374, 374, 374, 374, 374, 374, 374, 374, 374, 374, 374, 374, 374, 374, 374, 374, 374, 374, 374, 374, 374, 374, 374, 374, 374, 374, 374, 374, 374, 374, 374, 374, 374, 374, 374, 374, 374, 374, 374, 374, 374, 374, 374, 374, 374, 374, 374, 374, 374, 374, 374, 374, 374, 374, 374, 374, 374, 374, 374, 374, 374, 374, 374, 374, 374, 374, 374, 374, 374, 374, 374, 374, 374, 374, 374, 374, 374, 374, 374, 374, 374, 374, 374, 374, 374, 374, 374, 374, 374, 374, 374, 374, 374, 374, 374, 374, 374, 374, 374, 374, 374, 374, 374, 374, 374, 374, 374, 374, 374, 374, 374, 374, 374, 374, 374, 374, 374, 374, 374, 374, 374, 374, 374, 374, 374, 374, 374, 374, 374, 374, 374, 374, 374, 374, 374, 374, 374, 374, 374, 374, 374, 374, 374, 374, 374, 374, 374, 374, 374, 374, 374, 374, 374, 374, 374, 374, 374, 374, 374, 374, 374, 374, 374, 374, 374, 374, 374, 374, 374, 374, 374, 374, 374, 374, 374, 374, 374, 374, 374, 374, 374, 374, 374, 374, 374, 374, 374, 374, 374, 374, 374, 374, 374, 374, 374, 374, 374, 374, 374, 374, 374, 374, 374, 374, 374, 374, 374, 374, 374, 374, 374, 374, 374, 374, 374, 374, 374, 374, 374, 374, 374, 374, 374, 374, 374, 374, 374, 374, 374, 374, 374, 374, 374, 374, 374, 374, 374, 374, 374, 374, 374, 374, 374, 374, 374, 374, 374]

ep160
Train step Loss: [0.946317732334137, 0.9462271928787231, 0.9460549354553223, 0.9461434483528137, 0.9463222622871399, 0.9462764263153076, 0.9462407827377319, 0.9461116790771484, 0.9461909532546997, 0.9462608098983765, 0.9461697340011597, 0.9461724162101746, 0.9461710453033447, 0.9461149573326111, 0.9460625648498535, 0.9462361931800842, 0.9462361931800842, 0.9465205073356628, 0.9462121725082397, 0.9461560249328613, 0.946229100227356, 0.9461891055107117, 0.9461514949798584, 0.9460852146148682, 0.9462302327156067, 0.946094810962677, 0.9461745023727417, 0.9461520910263062, 0.9462263584136963, 0.9462977647781372, 0.9461745023727417, 0.9462118148803711, 0.9462141990661621, 0.9461976289749146, 0.946258008480072, 0.9461658000946045, 0.9462286829948425, 0.9462702870368958, 0.9461576342582703, 0.9461852312088013, 0.9460545778274536, 0.9461446404457092, 0.9462579488754272, 0.9461689591407776, 0.9463982582092285, 0.9462054371833801, 0.9461876153945923, 0.946251630783081, 0.9462647438049316, 0.946169912815094, 0.9461672306060791, 0.946193516254425, 0.9465125799179077, 0.9463348984718323, 0.9462183713912964, 0.946190357208252, 0.9462186694145203, 0.9462289810180664, 0.9461519122123718, 0.9461913704872131, 0.9464069604873657, 0.9462265372276306, 0.9461861848831177, 0.9461997747421265, 0.9461889266967773, 0.9461888670921326, 0.9462606906890869, 0.9462006688117981, 0.9462076425552368, 0.9461174607276917, 0.9462175965309143, 0.946112871170044, 0.9461873769760132, 0.9464403986930847, 0.9461504220962524, 0.9461557269096375, 0.9461915493011475, 0.9462785720825195, 0.946266233921051, 0.9461438059806824, 0.946169912815094, 0.9462246894836426, 0.9461831450462341, 0.946219265460968, 0.9461376667022705, 0.9462312459945679, 0.9460757970809937, 0.9462834596633911, 0.9461913704872131, 0.9461219906806946, 0.946144163608551, 0.9463157057762146, 0.9461581110954285, 0.94620680809021, 0.9461510181427002, 0.9461402297019958, 0.9462274312973022, 0.9462023377418518, 0.9461207985877991, 0.9461033344268799, 0.9461086988449097, 0.9462538957595825, 0.9461374282836914, 0.9462299942970276, 0.9462372064590454]
val step Loss: [0.947410523891449, 0.9468604326248169, 0.9471012353897095, 0.9470080733299255, 0.94712895154953, 0.946964681148529, 0.9469061493873596, 0.9470609426498413, 0.9471375346183777, 0.9473782777786255, 0.9471082091331482, 0.9469088315963745, 0.9468262195587158, 0.9490679502487183, 0.9520911574363708, 0.9482763409614563, 0.9478648900985718, 0.9470741748809814, 0.9480580687522888, 0.9472164511680603, 0.9469482898712158, 0.9469694495201111, 0.947089672088623, 0.9473140835762024, 0.948294997215271, 0.9509251117706299, 0.9468407034873962]
Train step Accs: [1.0, 1.0, 1.0, 1.0, 1.0, 1.0, 1.0, 1.0, 1.0, 1.0, 1.0, 1.0, 1.0, 1.0, 1.0, 1.0, 1.0, 1.0, 1.0, 1.0, 1.0, 1.0, 1.0, 1.0, 1.0, 1.0, 1.0, 1.0, 1.0, 1.0, 1.0, 1.0, 1.0, 1.0, 1.0, 1.0, 1.0, 1.0, 1.0, 1.0, 1.0, 1.0, 1.0, 1.0, 1.0, 1.0, 1.0, 1.0, 1.0, 1.0, 1.0, 1.0, 1.0, 1.0, 1.0, 1.0, 1.0, 1.0, 1.0, 1.0, 1.0, 1.0, 1.0, 1.0, 1.0, 1.0, 1.0, 1.0, 1.0, 1.0, 1.0, 1.0, 1.0, 1.0, 1.0, 1.0, 1.0, 1.0, 1.0, 1.0, 1.0, 1.0, 1.0, 1.0, 1.0, 1.0, 1.0, 1.0, 1.0, 1.0, 1.0, 1.0, 1.0, 1.0, 1.0, 1.0, 1.0, 1.0, 1.0, 1.0, 1.0, 1.0, 1.0, 1.0, 1.0]
val step Accs: [1.0, 1.0, 1.0, 1.0, 1.0, 1.0, 1.0, 1.0, 1.0, 1.0, 1.0, 1.0, 1.0, 0.9996405463695184, 0.999057936881771, 0.9998422712933754, 0.9998445998445998, 1.0, 0.9998052959501558, 1.0, 1.0, 1.0, 1.0, 1.0, 0.9998014691284495, 0.9993117687543015, 1.0]
Preds: [17, 17, 32, 239, 384, 377, 371, 374, 374, 374, 132, 8, 8, 259, 354, 354, 180, 180, 443, 120, 120, 120, 120, 120, 240, 240, 240, 216, 285, 84, 84, 302, 302, 100, 375, 375, 375, 98, 98, 98, 229, 229, 247, 312, 312, 187, 1, 101, 101, 101, 321, 321, 287, 287, 287, 287, 284, 284, 284, 206, 167, 348, 379, 77, 77, 478, 66, 323, 323, 172, 115, 273, 273, 273, 151, 240, 240, 285, 199, 111, 111, 111, 111, 438, 438, 438, 219, 324, 324, 464, 464, 464, 464, 301, 301, 143, 35, 74, 437, 437, 437, 284, 284, 285, 285, 106, 284, 284, 284, 284, 426, 426, 293, 293, 293, 182, 346, 346, 284, 284, 284, 284, 426, 481, 293, 293, 43, 43, 276, 276, 276, 174, 387, 348, 10, 398, 398, 398, 398, 374, 378, 406, 406, 406, 88, 88, 81, 81, 337, 337, 146, 324, 219, 219, 219, 152, 152, 58, 58, 27, 351, 486, 486, 486, 486, 486, 460, 460, 460, 167, 35, 35, 219, 219, 219, 485, 485, 477, 374, 374, 374, 374, 374, 304, 304, 337, 41, 19, 19, 454, 454, 229, 229, 229, 312, 312, 187, 187, 23, 23, 23, 260, 391, 391, 321, 321, 320, 320, 345, 100, 100, 497, 497, 497, 122, 216, 453, 168, 5, 258, 38, 99, 99, 338, 338, 338, 338, 338, 400, 400, 444, 171, 171, 171, 171, 171, 464, 464, 335, 14, 14, 287, 145, 145, 111, 111, 240, 240, 146, 219, 219, 219, 464, 464, 464, 222, 84, 245, 245, 245, 43, 43, 43, 364, 276, 276, 276, 276, 276, 346, 346, 346, 284, 284, 206, 206, 206, 167, 167, 35, 14, 411, 411, 411, 424, 424, 424, 153, 182, 182, 182, 182, 182, 182, 182, 122, 122, 250, 303, 195, 195, 195, 303, 117, 98, 117, 117, 48, 48, 48, 414, 170, 244, 244, 392, 244, 392, 392, 392, 244, 73, 7, 7, 321, 7, 7, 127, 451, 30, 30, 324, 301, 301, 378, 325, 114, 114, 114, 180, 486, 486, 486, 315, 460, 285, 285, 285, 467, 85, 111, 403, 146, 207, 299, 299, 434, 434, 250, 250, 413, 271, 186, 186, 99, 99, 338, 338, 395, 395, 273, 273, 432, 432, 330, 240, 240, 385, 35, 77, 164, 164, 115, 273, 273, 180, 151, 151, 151, 206, 130, 130, 402, 183, 219, 219, 219, 213, 213, 213, 246, 246, 246, 246, 301, 301, 378, 43, 43, 276, 276, 153, 153, 387, 413, 413, 360, 219, 246, 246, 246, 246, 246, 246, 246, 19, 17, 420, 374, 374, 374, 374, 374, 374, 374, 374, 374, 374, 374, 374, 374, 374, 374, 374, 374, 374, 374, 374, 374, 374, 374, 374, 374, 374, 374, 374, 374, 374, 374, 374, 374, 374, 374, 374, 374, 374, 374, 374, 374, 374, 374, 374, 374, 374, 374, 374, 374, 374, 374, 374, 374, 374, 374, 374, 374, 374, 374, 374, 374, 374, 374, 374, 374, 374, 374, 374, 374, 374, 374, 374, 374, 374, 374, 374, 374, 374, 374, 374, 374, 374, 374, 374, 374, 374, 374, 374, 374, 374, 374, 374, 374, 374, 374, 374, 374, 374, 374, 374, 374, 374, 374, 374, 374, 374, 374, 374, 374, 374, 374, 374, 374, 374, 374, 374, 374, 374, 374, 374, 374, 374, 374, 374, 374, 374, 374, 374, 374, 374, 374, 374, 374, 374, 374, 374, 374, 374, 374, 374, 374, 374, 374, 374, 374, 374, 374, 374, 374, 374, 374, 374, 374, 374, 374, 374, 374, 374, 374, 374, 374, 374, 374, 374, 374, 374, 374, 374, 374, 374, 374, 374, 374]

ep161
Train step Loss: [0.946201741695404, 0.9462783932685852, 0.946201503276825, 0.9461549520492554, 0.9461520910263062, 0.9461863040924072, 0.9461228251457214, 0.9461670517921448, 0.9462218284606934, 0.9464811086654663, 0.9461485743522644, 0.9461052417755127, 0.9463144540786743, 0.9461925029754639, 0.9462062120437622, 0.9462839365005493, 0.9460808634757996, 0.9460964798927307, 0.9461040496826172, 0.946165144443512, 0.9461680054664612, 0.9461085796356201, 0.9461143612861633, 0.9461984634399414, 0.9462151527404785, 0.9462420344352722, 0.9462135434150696, 0.9462238550186157, 0.9461503624916077, 0.9460737109184265, 0.9464362859725952, 0.9462344646453857, 0.9461307525634766, 0.9462141394615173, 0.946112871170044, 0.9460967779159546, 0.9461942911148071, 0.9462347030639648, 0.9460810422897339, 0.946252703666687, 0.9461348056793213, 0.946250319480896, 0.9461233019828796, 0.9461475610733032, 0.9462799429893494, 0.9461427330970764, 0.9461904168128967, 0.9462411403656006, 0.9461609125137329, 0.9461616277694702, 0.946183979511261, 0.9461733102798462, 0.9462642669677734, 0.946229100227356, 0.9462621212005615, 0.9461726546287537, 0.9460539817810059, 0.946189284324646, 0.9461966156959534, 0.9464625716209412, 0.9461471438407898, 0.9461532831192017, 0.9461699724197388, 0.946214497089386, 0.9462088346481323, 0.9460985660552979, 0.9462074041366577, 0.9461493492126465, 0.9462569355964661, 0.9461768269538879, 0.9462092518806458, 0.9461816549301147, 0.9461732506752014, 0.9461148381233215, 0.9461350440979004, 0.9461294412612915, 0.9462743997573853, 0.9461259245872498, 0.9461462497711182, 0.9461996555328369, 0.9462804794311523, 0.9463104009628296, 0.9463425278663635, 0.9462648034095764, 0.9463119506835938, 0.9461076259613037, 0.9462535977363586, 0.9462252259254456, 0.9461709260940552, 0.9462356567382812, 0.9462383389472961, 0.9461286664009094, 0.9461064338684082, 0.9463407397270203, 0.9463152885437012, 0.9461797475814819, 0.9461976885795593, 0.9461826682090759, 0.9461921453475952, 0.9460758566856384, 0.9461899399757385, 0.9463092088699341, 0.9462549090385437, 0.9462305903434753, 0.9461902976036072]
val step Loss: [0.9477723240852356, 0.9471774697303772, 0.9468711018562317, 0.9468927383422852, 0.9480366706848145, 0.9469398856163025, 0.9468864798545837, 0.9470067024230957, 0.9469759464263916, 0.9468571543693542, 0.9469518065452576, 0.9479753971099854, 0.9472209811210632, 0.9473616480827332, 0.9469480514526367, 0.9470399618148804, 0.9470710158348083, 0.9511078596115112, 0.9470764994621277, 0.9470771551132202, 0.9480288028717041, 0.9471350312232971, 0.9470731616020203, 0.9487015604972839, 0.951937198638916, 0.9471091032028198, 0.9472965598106384]
Train step Accs: [1.0, 1.0, 1.0, 1.0, 1.0, 1.0, 1.0, 1.0, 1.0, 1.0, 1.0, 1.0, 1.0, 1.0, 1.0, 1.0, 1.0, 1.0, 1.0, 1.0, 1.0, 1.0, 1.0, 1.0, 1.0, 1.0, 1.0, 1.0, 1.0, 1.0, 1.0, 1.0, 1.0, 1.0, 1.0, 1.0, 1.0, 1.0, 1.0, 1.0, 1.0, 1.0, 1.0, 1.0, 1.0, 1.0, 1.0, 1.0, 1.0, 1.0, 1.0, 1.0, 1.0, 1.0, 1.0, 1.0, 1.0, 1.0, 1.0, 1.0, 1.0, 1.0, 1.0, 1.0, 1.0, 1.0, 1.0, 1.0, 1.0, 1.0, 1.0, 1.0, 1.0, 1.0, 1.0, 1.0, 1.0, 1.0, 1.0, 1.0, 1.0, 1.0, 1.0, 1.0, 1.0, 1.0, 1.0, 1.0, 1.0, 1.0, 1.0, 1.0, 1.0, 1.0, 1.0, 1.0, 1.0, 1.0, 1.0, 1.0, 1.0, 1.0, 1.0, 1.0, 1.0]
val step Accs: [0.9998643516006511, 1.0, 1.0, 1.0, 0.9998321866084914, 1.0, 1.0, 1.0, 1.0, 1.0, 1.0, 0.9998530708198649, 1.0, 1.0, 1.0, 1.0, 1.0, 0.9992343032159265, 1.0, 1.0, 0.999817050859861, 1.0, 1.0, 0.9996948428440647, 0.9990838295923041, 1.0, 1.0]
Preds: [17, 17, 445, 464, 171, 171, 171, 171, 252, 252, 314, 32, 239, 36, 107, 107, 395, 213, 213, 213, 213, 246, 19, 454, 229, 229, 247, 126, 126, 126, 126, 326, 326, 408, 408, 408, 391, 228, 244, 320, 7, 7, 32, 32, 239, 108, 371, 371, 278, 278, 422, 236, 239, 239, 384, 449, 371, 470, 180, 443, 443, 443, 443, 403, 403, 171, 438, 203, 399, 217, 250, 250, 250, 138, 153, 88, 132, 374, 219, 219, 219, 219, 219, 464, 464, 171, 171, 171, 171, 246, 246, 246, 246, 24, 24, 239, 239, 384, 384, 420, 324, 324, 340, 116, 10, 10, 309, 479, 479, 331, 106, 153, 426, 426, 293, 293, 293, 98, 98, 335, 335, 226, 226, 209, 188, 188, 213, 324, 301, 8, 8, 239, 354, 354, 106, 355, 355, 376, 376, 460, 452, 263, 263, 263, 13, 229, 229, 82, 312, 23, 23, 23, 408, 149, 228, 244, 320, 479, 479, 398, 324, 422, 143, 465, 465, 354, 354, 346, 284, 486, 206, 169, 150, 342, 342, 164, 164, 224, 273, 470, 403, 403, 464, 464, 464, 355, 178, 143, 129, 458, 208, 208, 441, 100, 387, 387, 313, 236, 239, 239, 310, 107, 107, 395, 278, 443, 443, 240, 215, 215, 129, 259, 354, 284, 206, 460, 240, 35, 36, 164, 342, 351, 180, 486, 460, 460, 178, 178, 233, 458, 192, 192, 41, 41, 41, 41, 19, 19, 19, 454, 454, 229, 229, 82, 126, 126, 292, 326, 408, 408, 149, 244, 244, 373, 338, 338, 338, 395, 494, 374, 416, 8, 32, 239, 354, 65, 65, 481, 481, 481, 293, 143, 35, 458, 208, 100, 100, 387, 387, 122, 236, 129, 259, 310, 108, 323, 224, 397, 106, 88, 88, 387, 203, 399, 217, 473, 473, 398, 324, 464, 422, 416, 143, 458, 144, 208, 27, 441, 125, 125, 387, 206, 175, 251, 251, 241, 431, 486, 460, 460, 167, 178, 35, 77, 342, 342, 342, 224, 267, 267, 444, 324, 246, 246, 477, 301, 313, 325, 325, 34, 324, 324, 301, 422, 24, 239, 384, 371, 180, 486, 486, 460, 240, 240, 24, 239, 310, 107, 395, 255, 416, 143, 129, 401, 259, 320, 354, 354, 109, 337, 41, 324, 19, 19, 454, 454, 229, 229, 247, 312, 187, 187, 187, 408, 408, 391, 391, 73, 244, 320, 7, 7, 371, 398, 324, 301, 116, 251, 251, 331, 106, 88, 88, 88, 106, 284, 405, 206, 206, 178, 35, 35, 401, 259, 354, 106, 284, 405, 405, 206, 178, 178, 35, 233, 401, 401, 320, 7, 276, 100, 375, 98, 98, 98, 249, 305, 305, 170, 244, 28, 28, 392, 392, 392, 63, 63, 392, 63, 63, 63, 392, 63, 63, 63, 63, 63, 244, 195, 305, 211, 211, 17, 420, 374, 374, 374, 374, 374, 374, 374, 374, 374, 374, 374, 374, 374, 374, 374, 374, 374, 374, 374, 374, 374, 374, 374, 374, 374, 374, 374, 374, 374, 374, 374, 374, 374, 374, 374, 374, 374, 374, 374, 374, 374, 374, 374, 374, 374, 374, 374, 374, 374, 374, 374, 374, 374, 374, 374, 374, 374, 374, 374, 374, 374, 374, 374, 374, 374, 374, 374, 374, 374, 374, 374, 374, 374, 374, 374, 374, 374, 374, 374, 374, 374, 374, 374, 374, 374, 374, 374, 374, 374, 374, 374, 374, 374, 374, 374, 374, 374, 374, 374, 374, 374, 374, 374, 374, 374, 374, 374, 374, 374, 374, 374, 374, 374, 374, 374, 374, 374, 374, 374, 374, 374, 374, 374, 374, 374, 374, 374, 374, 374, 374, 374, 374, 374, 374, 374, 374, 374]

ep162
Train step Loss: [0.9461756348609924, 0.9461665153503418, 0.9461856484413147, 0.9464417695999146, 0.9462403059005737, 0.9461117386817932, 0.9462274312973022, 0.9460747241973877, 0.946097731590271, 0.9461917281150818, 0.9463046193122864, 0.9462207555770874, 0.9461218118667603, 0.9461784958839417, 0.9460810422897339, 0.9462500214576721, 0.9461548924446106, 0.9461783766746521, 0.9461779594421387, 0.9462169408798218, 0.9461759924888611, 0.9463856220245361, 0.9461676478385925, 0.9461997747421265, 0.9461778998374939, 0.9461849927902222, 0.9462277293205261, 0.9461359977722168, 0.9462356567382812, 0.9462524652481079, 0.9461447596549988, 0.946252703666687, 0.9461807608604431, 0.9461674690246582, 0.946150541305542, 0.9461659789085388, 0.9461540579795837, 0.9462090134620667, 0.946165919303894, 0.9461898803710938, 0.9462196230888367, 0.9462320804595947, 0.946237325668335, 0.9462007284164429, 0.9461195468902588, 0.9461132884025574, 0.9460449814796448, 0.9462013840675354, 0.9460849165916443, 0.9462171196937561, 0.9461691379547119, 0.9461691975593567, 0.9461691379547119, 0.9462141394615173, 0.9461039304733276, 0.9463188052177429, 0.94614577293396, 0.9461164474487305, 0.9461837410926819, 0.9461909532546997, 0.9461447596549988, 0.9462661147117615, 0.946208119392395, 0.9461759924888611, 0.9462440013885498, 0.9462112784385681, 0.946134090423584, 0.9461725950241089, 0.9462230801582336, 0.9461241960525513, 0.9462609887123108, 0.9461377263069153, 0.9461167454719543, 0.946132481098175, 0.9462303519248962, 0.9461565613746643, 0.9461387395858765, 0.9461134076118469, 0.946236789226532, 0.946196436882019, 0.9461638331413269, 0.9461868405342102, 0.946296215057373, 0.9461430311203003, 0.946173906326294, 0.9463306665420532, 0.9461120367050171, 0.9461373090744019, 0.9462761878967285, 0.9461572766304016, 0.9461880326271057, 0.946200430393219, 0.9464668035507202, 0.9462093710899353, 0.9461554288864136, 0.9462239742279053, 0.9461467862129211, 0.9461070895195007, 0.9461719393730164, 0.9461535811424255, 0.9462252259254456, 0.9462645649909973, 0.9463819265365601, 0.9461431503295898, 0.9461169242858887]
val step Loss: [0.9472051858901978, 0.9469761252403259, 0.9521594643592834, 0.9469916820526123, 0.9469637274742126, 0.9470609426498413, 0.9467804431915283, 0.9523699283599854, 0.946925163269043, 0.9470965266227722, 0.946988582611084, 0.9470279216766357, 0.9470234513282776, 0.9472944140434265, 0.9470574855804443, 0.9470276236534119, 0.9469891786575317, 0.948412299156189, 0.9469548463821411, 0.9469082951545715, 0.9500186443328857, 0.9478569626808167, 0.9467889666557312, 0.947001576423645, 0.9470247626304626, 0.9468900561332703, 0.9469647407531738]
Train step Accs: [1.0, 1.0, 1.0, 1.0, 1.0, 1.0, 1.0, 1.0, 1.0, 1.0, 1.0, 1.0, 1.0, 1.0, 1.0, 1.0, 1.0, 1.0, 1.0, 1.0, 1.0, 1.0, 1.0, 1.0, 1.0, 1.0, 1.0, 1.0, 1.0, 1.0, 1.0, 1.0, 1.0, 1.0, 1.0, 1.0, 1.0, 1.0, 1.0, 1.0, 1.0, 1.0, 1.0, 1.0, 1.0, 1.0, 1.0, 1.0, 1.0, 1.0, 1.0, 1.0, 1.0, 1.0, 1.0, 1.0, 1.0, 1.0, 1.0, 1.0, 1.0, 1.0, 1.0, 1.0, 1.0, 1.0, 1.0, 1.0, 1.0, 1.0, 1.0, 1.0, 1.0, 1.0, 1.0, 1.0, 1.0, 1.0, 1.0, 1.0, 1.0, 1.0, 1.0, 1.0, 1.0, 1.0, 1.0, 1.0, 1.0, 1.0, 1.0, 1.0, 1.0, 1.0, 1.0, 1.0, 1.0, 1.0, 1.0, 1.0, 1.0, 1.0, 1.0, 1.0, 1.0]
val step Accs: [1.0, 1.0, 0.9990766389658357, 1.0, 1.0, 1.0, 1.0, 0.9990444338270426, 1.0, 1.0, 1.0, 1.0, 1.0, 1.0, 1.0, 1.0, 1.0, 0.9997970367363507, 1.0, 1.0, 0.9994667614646285, 0.9998385794995964, 1.0, 1.0, 1.0, 1.0, 1.0]
Preds: [17, 17, 32, 239, 384, 377, 371, 374, 374, 374, 132, 8, 8, 259, 354, 354, 180, 180, 443, 120, 120, 120, 120, 120, 240, 240, 240, 216, 285, 84, 84, 302, 302, 100, 375, 375, 375, 98, 98, 98, 229, 229, 247, 312, 312, 187, 1, 101, 101, 101, 321, 321, 287, 287, 287, 287, 284, 284, 284, 206, 167, 348, 379, 77, 77, 478, 66, 323, 323, 172, 115, 273, 273, 273, 151, 240, 240, 285, 199, 111, 111, 111, 111, 438, 438, 438, 219, 324, 324, 464, 464, 464, 464, 301, 301, 143, 35, 74, 437, 437, 437, 284, 284, 285, 285, 106, 284, 284, 284, 284, 426, 426, 293, 293, 293, 182, 346, 346, 284, 284, 284, 284, 426, 481, 293, 293, 43, 43, 276, 276, 276, 174, 387, 348, 10, 398, 398, 398, 398, 374, 378, 406, 406, 406, 88, 88, 81, 81, 337, 337, 146, 324, 219, 219, 219, 152, 152, 58, 58, 27, 351, 486, 486, 486, 486, 486, 460, 460, 460, 167, 35, 35, 219, 219, 219, 485, 485, 477, 374, 374, 374, 374, 374, 304, 304, 337, 41, 19, 19, 454, 454, 229, 229, 229, 312, 312, 187, 187, 23, 23, 23, 260, 391, 391, 321, 321, 320, 320, 345, 100, 100, 497, 497, 497, 122, 216, 453, 168, 5, 258, 38, 99, 99, 338, 338, 338, 338, 338, 400, 400, 444, 171, 171, 171, 171, 171, 464, 464, 335, 14, 14, 287, 145, 145, 111, 111, 240, 240, 146, 219, 219, 219, 464, 464, 464, 222, 84, 245, 245, 245, 43, 43, 43, 364, 276, 276, 276, 276, 276, 346, 346, 346, 284, 284, 206, 206, 206, 167, 167, 35, 14, 411, 411, 411, 424, 424, 424, 153, 182, 182, 182, 182, 182, 182, 182, 122, 122, 250, 303, 195, 195, 195, 303, 117, 98, 117, 117, 48, 48, 48, 414, 170, 244, 244, 392, 244, 392, 392, 392, 244, 73, 7, 7, 321, 7, 7, 127, 451, 30, 30, 324, 301, 301, 378, 325, 114, 114, 114, 180, 486, 486, 486, 315, 460, 285, 285, 285, 467, 85, 111, 403, 146, 207, 299, 299, 434, 434, 250, 250, 413, 271, 186, 186, 99, 99, 338, 338, 395, 395, 273, 273, 432, 432, 330, 240, 240, 385, 35, 77, 164, 164, 115, 273, 273, 180, 151, 151, 151, 206, 130, 130, 402, 183, 219, 219, 219, 213, 213, 213, 246, 246, 246, 246, 301, 301, 378, 43, 43, 276, 276, 153, 153, 387, 413, 413, 360, 219, 246, 246, 246, 246, 246, 246, 246, 19, 17, 420, 374, 374, 374, 374, 374, 374, 374, 374, 374, 374, 374, 374, 374, 374, 374, 374, 374, 374, 374, 374, 374, 374, 374, 374, 374, 374, 374, 374, 374, 374, 374, 374, 374, 374, 374, 374, 374, 374, 374, 374, 374, 374, 374, 374, 374, 374, 374, 374, 374, 374, 374, 374, 374, 374, 374, 374, 374, 374, 374, 374, 374, 374, 374, 374, 374, 374, 374, 374, 374, 374, 374, 374, 374, 374, 374, 374, 374, 374, 374, 374, 374, 374, 374, 374, 374, 374, 374, 374, 374, 374, 374, 374, 374, 374, 374, 374, 374, 374, 374, 374, 374, 374, 374, 374, 374, 374, 374, 374, 374, 374, 374, 374, 374, 374, 374, 374, 374, 374, 374, 374, 374, 374, 374, 374, 374, 374, 374, 374, 374, 374, 374, 374, 374, 374, 374, 374, 374, 374, 374, 374, 374, 374, 374, 374, 374, 374, 374, 374, 374, 374, 374, 374, 374, 374, 374, 374, 374, 374, 374, 374, 374, 374, 374, 374, 374, 374, 374, 374, 374, 374, 374, 374, 374]

ep163
Train step Loss: [0.9462400674819946, 0.9461552500724792, 0.9460873603820801, 0.9461424350738525, 0.9461681842803955, 0.9462135434150696, 0.9461959004402161, 0.9461336135864258, 0.9462416172027588, 0.9462363719940186, 0.9461472034454346, 0.946179986000061, 0.9461557269096375, 0.9461838006973267, 0.9462030529975891, 0.9462305307388306, 0.9462015628814697, 0.9462069272994995, 0.9461997747421265, 0.9463256597518921, 0.9462122321128845, 0.9462360739707947, 0.9461324214935303, 0.9461891055107117, 0.9461534023284912, 0.9462230205535889, 0.9462417960166931, 0.9461798667907715, 0.9463328719139099, 0.946161150932312, 0.9461859464645386, 0.9461939930915833, 0.946205198764801, 0.946143388748169, 0.9461586475372314, 0.9461729526519775, 0.9462399482727051, 0.9461424350738525, 0.9461727142333984, 0.9462456703186035, 0.946166455745697, 0.9461125731468201, 0.9461809396743774, 0.9462275505065918, 0.9462146759033203, 0.9460902214050293, 0.9460872411727905, 0.9461126923561096, 0.9461348056793213, 0.9462249279022217, 0.9462024569511414, 0.9462099075317383, 0.9461157321929932, 0.9461528658866882, 0.9462133646011353, 0.9460779428482056, 0.946293294429779, 0.9462345242500305, 0.9461269378662109, 0.946123480796814, 0.9461967945098877, 0.9462026953697205, 0.9460874199867249, 0.9461987614631653, 0.9460888504981995, 0.9461749792098999, 0.9461881518363953, 0.9461573362350464, 0.9464048147201538, 0.9461478590965271, 0.9461005330085754, 0.9461618661880493, 0.9462811946868896, 0.9461024403572083, 0.9461228847503662, 0.9461959600448608, 0.9462058544158936, 0.9462103843688965, 0.9462252855300903, 0.9463946223258972, 0.9462034106254578, 0.9460819363594055, 0.9460688233375549, 0.9461872577667236, 0.9461364150047302, 0.9461371302604675, 0.9461588859558105, 0.9461038112640381, 0.9461564421653748, 0.9464429020881653, 0.946215033531189, 0.9462242722511292, 0.9462171196937561, 0.946141242980957, 0.9461880922317505, 0.9461461305618286, 0.9461936354637146, 0.9462026357650757, 0.9461833238601685, 0.9461907148361206, 0.9461567997932434, 0.9460692405700684, 0.9463127255439758, 0.9461178779602051, 0.9462221264839172]
val step Loss: [0.9468747973442078, 0.9485806822776794, 0.9470842480659485, 0.9513430595397949, 0.9467633962631226, 0.9470765590667725, 0.9482736587524414, 0.9529514312744141, 0.9470358490943909, 0.9468868970870972, 0.9471197724342346, 0.94701087474823, 0.946965754032135, 0.9469606876373291, 0.9469606280326843, 0.9470642805099487, 0.9467887878417969, 0.9470555186271667, 0.948921263217926, 0.9470070600509644, 0.9471819996833801, 0.9470050930976868, 0.9467667937278748, 0.946938693523407, 0.9472728967666626, 0.9470434784889221, 0.9472855925559998]
Train step Accs: [1.0, 1.0, 1.0, 1.0, 1.0, 1.0, 1.0, 1.0, 1.0, 1.0, 1.0, 1.0, 1.0, 1.0, 1.0, 1.0, 1.0, 1.0, 1.0, 1.0, 1.0, 1.0, 1.0, 1.0, 1.0, 1.0, 1.0, 1.0, 1.0, 1.0, 1.0, 1.0, 1.0, 1.0, 1.0, 1.0, 1.0, 1.0, 1.0, 1.0, 1.0, 1.0, 1.0, 1.0, 1.0, 1.0, 1.0, 1.0, 1.0, 1.0, 1.0, 1.0, 1.0, 1.0, 1.0, 1.0, 1.0, 1.0, 1.0, 1.0, 1.0, 1.0, 1.0, 1.0, 1.0, 1.0, 1.0, 1.0, 1.0, 1.0, 1.0, 1.0, 1.0, 1.0, 1.0, 1.0, 1.0, 1.0, 1.0, 1.0, 1.0, 1.0, 1.0, 1.0, 1.0, 1.0, 1.0, 1.0, 1.0, 1.0, 1.0, 1.0, 1.0, 1.0, 1.0, 1.0, 1.0, 1.0, 1.0, 1.0, 1.0, 1.0, 1.0, 1.0, 1.0]
val step Accs: [1.0, 0.9997117740308402, 1.0, 0.9992240844196152, 1.0, 1.0, 0.999822883457315, 0.9988884772137829, 1.0, 1.0, 1.0, 1.0, 1.0, 1.0, 1.0, 1.0, 1.0, 1.0, 0.9996577686516085, 1.0, 1.0, 1.0, 1.0, 1.0, 1.0, 1.0, 1.0]
Preds: [17, 17, 296, 479, 479, 278, 278, 252, 143, 143, 129, 259, 144, 445, 445, 180, 403, 403, 403, 290, 290, 290, 434, 246, 246, 246, 246, 246, 246, 19, 19, 19, 454, 414, 442, 414, 170, 244, 244, 187, 408, 392, 244, 244, 244, 244, 244, 7, 152, 152, 152, 422, 349, 234, 234, 261, 25, 106, 106, 499, 284, 306, 306, 406, 406, 467, 284, 284, 287, 284, 284, 284, 450, 450, 450, 293, 413, 413, 251, 251, 251, 241, 431, 431, 428, 428, 428, 428, 146, 146, 146, 358, 465, 164, 352, 164, 352, 25, 34, 324, 324, 301, 301, 8, 205, 261, 25, 106, 100, 153, 43, 43, 182, 182, 387, 387, 169, 169, 349, 352, 352, 397, 397, 133, 43, 43, 276, 276, 346, 346, 387, 387, 215, 35, 401, 259, 345, 345, 387, 240, 236, 129, 75, 164, 27, 351, 355, 355, 355, 240, 215, 8, 239, 354, 354, 420, 324, 324, 416, 143, 401, 82, 244, 354, 420, 278, 154, 178, 143, 458, 82, 192, 27, 351, 443, 443, 240, 240, 325, 34, 34, 324, 324, 339, 339, 94, 398, 398, 340, 116, 10, 10, 479, 398, 398, 374, 374, 330, 468, 406, 406, 467, 88, 387, 387, 169, 186, 99, 338, 338, 338, 338, 395, 395, 432, 330, 330, 388, 348, 10, 10, 479, 331, 331, 84, 350, 387, 387, 240, 251, 251, 251, 114, 114, 278, 278, 278, 31, 99, 338, 338, 338, 338, 338, 395, 395, 464, 464, 120, 355, 355, 355, 169, 215, 349, 205, 261, 25, 420, 324, 422, 143, 458, 244, 208, 208, 441, 441, 141, 141, 38, 162, 232, 232, 232, 68, 68, 68, 115, 115, 267, 267, 267, 213, 246, 246, 19, 454, 229, 247, 126, 126, 326, 326, 326, 101, 101, 101, 149, 149, 228, 321, 83, 287, 111, 55, 438, 299, 299, 434, 339, 10, 10, 10, 309, 479, 398, 213, 213, 213, 246, 246, 246, 301, 143, 129, 129, 401, 259, 354, 354, 106, 486, 486, 460, 215, 215, 401, 244, 75, 354, 346, 284, 206, 240, 236, 36, 36, 342, 115, 273, 180, 499, 486, 460, 178, 178, 233, 82, 192, 192, 445, 445, 213, 41, 41, 19, 19, 17, 420, 374, 374, 374, 374, 374, 374, 374, 374, 374, 374, 374, 374, 374, 374, 374, 374, 374, 374, 374, 374, 374, 374, 374, 374, 374, 374, 374, 374, 374, 374, 374, 374, 374, 374, 374, 374, 374, 374, 374, 374, 374, 374, 374, 374, 374, 374, 374, 374, 374, 374, 374, 374, 374, 374, 374, 374, 374, 374, 374, 374, 374, 374, 374, 374, 374, 374, 374, 374, 374, 374, 374, 374, 374, 374, 374, 374, 374, 374, 374, 374, 374, 374, 374, 374, 374, 374, 374, 374, 374, 374, 374, 374, 374, 374, 374, 374, 374, 374, 374, 374, 374, 374, 374, 374, 374, 374, 374, 374, 374, 374, 374, 374, 374, 374, 374, 374, 374, 374, 374, 374, 374, 374, 374, 374, 374, 374, 374, 374, 374, 374, 374, 374, 374, 374, 374, 374, 374, 374, 374, 374, 374, 374, 374, 374, 374, 374, 374, 374, 374, 374, 374, 374, 374, 374, 374, 374, 374, 374, 374, 374, 374, 374, 374, 374, 374, 374, 374, 374, 374, 374, 374, 374, 374, 374, 374, 374, 374, 374, 374, 374, 374, 374, 374, 374, 374, 374, 374, 374, 374, 374, 374, 374, 374, 374, 374, 374, 374, 374, 374, 374, 374, 374, 374, 374, 374, 374, 374, 374, 374, 374, 374, 374, 374, 374, 374, 374, 374, 374, 374, 374, 374, 374, 374, 374, 374, 374, 374, 374, 374, 374]

ep164
Train step Loss: [0.9462257623672485, 0.9461555480957031, 0.9461917877197266, 0.9461169242858887, 0.946256160736084, 0.9461455345153809, 0.9461615085601807, 0.9461865425109863, 0.9461283683776855, 0.9462158679962158, 0.9461452960968018, 0.9462200403213501, 0.9461574554443359, 0.9461440443992615, 0.9462683796882629, 0.9461488723754883, 0.9461308121681213, 0.9460681676864624, 0.9461373090744019, 0.9462521076202393, 0.9462215304374695, 0.9461838603019714, 0.9461231231689453, 0.9462532997131348, 0.946111798286438, 0.946141242980957, 0.9461694359779358, 0.9460521936416626, 0.9461140632629395, 0.9461620450019836, 0.9462215304374695, 0.9461396932601929, 0.946118175983429, 0.9463512301445007, 0.9461994767189026, 0.9461297988891602, 0.9462319612503052, 0.9460750818252563, 0.9462752938270569, 0.9460649490356445, 0.9461356401443481, 0.9463497400283813, 0.9460859298706055, 0.9460631608963013, 0.9461104869842529, 0.9464748501777649, 0.9462361335754395, 0.946243405342102, 0.9460960030555725, 0.946251630783081, 0.9461781978607178, 0.9461756944656372, 0.9462141990661621, 0.9461895227432251, 0.9464201331138611, 0.9462069272994995, 0.9461999535560608, 0.9465007781982422, 0.9461943507194519, 0.9460506439208984, 0.9461336135864258, 0.9462260603904724, 0.9461816549301147, 0.9460430145263672, 0.9461840987205505, 0.9461480975151062, 0.946205198764801, 0.9461785554885864, 0.9461208581924438, 0.946087658405304, 0.9462719559669495, 0.9462281465530396, 0.9462242126464844, 0.9461314678192139, 0.9462005496025085, 0.9461185336112976, 0.9461793303489685, 0.9462394714355469, 0.9461445212364197, 0.9461389183998108, 0.9462061524391174, 0.9461036920547485, 0.9461763501167297, 0.9462103247642517, 0.9460998773574829, 0.9460769891738892, 0.9460852742195129, 0.9461533427238464, 0.9461276531219482, 0.9461725354194641, 0.9461132287979126, 0.9460862874984741, 0.946267306804657, 0.9460375308990479, 0.9460472464561462, 0.9461721181869507, 0.9461788535118103, 0.9462568163871765, 0.9462435245513916, 0.9461579918861389, 0.9462454319000244, 0.9460083842277527, 0.9461584687232971, 0.9463058114051819, 0.9461627006530762]
val step Loss: [0.9510615468025208, 0.9469690322875977, 0.9472143650054932, 0.9467876553535461, 0.9465779066085815, 0.9467650651931763, 0.9470517039299011, 0.9468433856964111, 0.9468514919281006, 0.9470715522766113, 0.9469373822212219, 0.9469472169876099, 0.9479259252548218, 0.9486318826675415, 0.9520351886749268, 0.9471114873886108, 0.9470915198326111, 0.9469570517539978, 0.9468793272972107, 0.9469841718673706, 0.946883499622345, 0.9495653510093689, 0.9467657804489136, 0.9470717310905457, 0.9470397233963013, 0.9466490149497986, 0.9468169808387756]
Train step Accs: [1.0, 1.0, 1.0, 1.0, 1.0, 1.0, 1.0, 1.0, 1.0, 1.0, 1.0, 1.0, 1.0, 1.0, 1.0, 1.0, 1.0, 1.0, 1.0, 1.0, 1.0, 1.0, 1.0, 1.0, 1.0, 1.0, 1.0, 1.0, 1.0, 1.0, 1.0, 1.0, 1.0, 1.0, 1.0, 1.0, 1.0, 1.0, 1.0, 1.0, 1.0, 1.0, 1.0, 1.0, 1.0, 1.0, 1.0, 1.0, 1.0, 1.0, 1.0, 1.0, 1.0, 1.0, 1.0, 1.0, 1.0, 1.0, 1.0, 1.0, 1.0, 1.0, 1.0, 1.0, 1.0, 1.0, 1.0, 1.0, 1.0, 1.0, 1.0, 1.0, 1.0, 1.0, 1.0, 1.0, 1.0, 1.0, 1.0, 1.0, 1.0, 1.0, 1.0, 1.0, 1.0, 1.0, 1.0, 1.0, 1.0, 1.0, 1.0, 1.0, 1.0, 1.0, 1.0, 1.0, 1.0, 1.0, 1.0, 1.0, 1.0, 1.0, 1.0, 1.0, 1.0]
val step Accs: [0.9992225461613217, 1.0, 1.0, 1.0, 1.0, 1.0, 1.0, 1.0, 1.0, 1.0, 1.0, 1.0, 0.999844840961986, 0.9997143673236218, 0.9990339719851876, 1.0, 1.0, 1.0, 1.0, 1.0, 1.0, 0.9994934143870314, 1.0, 1.0, 1.0, 1.0, 1.0]
Preds: [17, 17, 17, 451, 152, 152, 374, 378, 42, 406, 406, 499, 387, 387, 387, 387, 337, 219, 219, 219, 324, 324, 434, 339, 10, 10, 309, 479, 398, 324, 278, 301, 143, 129, 401, 244, 321, 354, 354, 265, 428, 428, 146, 146, 146, 324, 324, 301, 215, 32, 32, 102, 354, 354, 106, 106, 284, 265, 206, 282, 282, 388, 303, 212, 219, 324, 324, 301, 116, 10, 94, 479, 331, 331, 428, 428, 428, 146, 146, 252, 252, 239, 239, 310, 310, 107, 107, 395, 374, 374, 132, 132, 219, 286, 464, 464, 464, 355, 355, 355, 460, 452, 263, 263, 263, 78, 170, 170, 244, 392, 392, 392, 392, 392, 392, 392, 392, 244, 73, 244, 209, 83, 55, 443, 240, 314, 314, 32, 32, 354, 354, 180, 264, 264, 84, 84, 406, 406, 406, 406, 413, 413, 413, 399, 217, 217, 473, 65, 464, 464, 171, 252, 143, 143, 239, 82, 310, 107, 395, 400, 324, 286, 464, 464, 464, 443, 355, 355, 460, 240, 169, 35, 224, 224, 494, 494, 8, 196, 217, 479, 473, 283, 278, 422, 143, 36, 75, 310, 107, 395, 485, 324, 301, 251, 251, 219, 398, 374, 374, 374, 26, 251, 251, 241, 431, 367, 496, 497, 43, 233, 233, 401, 244, 208, 100, 100, 100, 98, 98, 98, 17, 17, 420, 374, 374, 374, 374, 374, 374, 374, 374, 374, 374, 374, 374, 374, 374, 374, 374, 374, 374, 374, 374, 374, 374, 374, 374, 374, 374, 374, 374, 374, 374, 374, 374, 374, 374, 374, 374, 374, 374, 374, 374, 374, 374, 374, 374, 374, 374, 374, 374, 374, 374, 374, 374, 374, 374, 374, 374, 374, 374, 374, 374, 374, 374, 374, 374, 374, 374, 374, 374, 374, 374, 374, 374, 374, 374, 374, 374, 374, 374, 374, 374, 374, 374, 374, 374, 374, 374, 374, 374, 374, 374, 374, 374, 374, 374, 374, 374, 374, 374, 374, 374, 374, 374, 374, 374, 374, 374, 374, 374, 374, 374, 374, 374, 374, 374, 374, 374, 374, 374, 374, 374, 374, 374, 374, 374, 374, 374, 374, 374, 374, 374, 374, 374, 374, 374, 374, 374, 374, 374, 374, 374, 374, 374, 374, 374, 374, 374, 374, 374, 374, 374, 374, 374, 374, 374, 374, 374, 374, 374, 374, 374, 374, 374, 374, 374, 374, 374, 374, 374, 374, 374, 374, 374, 374, 374, 374, 374, 374, 374, 374, 374, 374, 374, 374, 374, 374, 374, 374, 374, 374, 374, 374, 374, 374, 374, 374, 374, 374, 374, 374, 374, 374, 374, 374, 374, 374, 374, 374, 374, 374, 374, 374, 374, 374, 374, 374, 374, 374, 374, 374, 374, 374, 374, 374, 374, 374, 374, 374, 374, 374, 374, 374, 374, 374, 374, 374, 374, 374, 374, 374, 374, 374, 374, 374, 374, 374, 374, 374, 374, 374, 374, 374, 374, 374, 374, 374, 374, 374, 374, 374, 374, 374, 374, 374, 374, 374, 374, 374, 374, 374, 374, 374, 374, 374, 374, 374, 374, 374, 374, 374, 374, 374, 374, 374, 374, 374, 374, 374, 374, 374, 374, 374, 374, 374, 374, 374, 374, 374, 374, 374, 374, 374, 374, 374, 374, 374, 374, 374, 374, 374, 374, 374, 374, 374, 374, 374, 374, 374, 374, 374, 374, 374, 374, 374, 374, 374, 374, 374, 374, 374, 374, 374, 374, 374, 374, 374, 374, 374, 374, 374, 374, 374, 374, 374, 374, 374, 374, 374, 374, 374, 374, 374, 374, 374, 374, 374, 374, 374, 374, 374, 374, 374, 374, 374, 374, 374, 374, 374, 374, 374, 374, 374, 374, 374, 374, 374, 374, 374]

ep165
Train step Loss: [0.9461027383804321, 0.9461637139320374, 0.94622802734375, 0.9464057683944702, 0.9462948441505432, 0.9462530016899109, 0.9461493492126465, 0.9462770223617554, 0.9462143778800964, 0.9461137652397156, 0.9461308121681213, 0.9461572170257568, 0.9461309313774109, 0.9461410045623779, 0.9461738467216492, 0.946157693862915, 0.9463619589805603, 0.9462114572525024, 0.9460918307304382, 0.9460719227790833, 0.946038007736206, 0.9461336731910706, 0.9461279511451721, 0.9462020397186279, 0.9461296200752258, 0.9461081027984619, 0.9461997151374817, 0.9461858868598938, 0.9462783932685852, 0.946158230304718, 0.9460828304290771, 0.9461133480072021, 0.946157693862915, 0.9461306929588318, 0.9462572336196899, 0.9462540149688721, 0.9461411237716675, 0.9462569355964661, 0.9461296796798706, 0.9462112188339233, 0.946243405342102, 0.9462171792984009, 0.9462214112281799, 0.9461688995361328, 0.9461376667022705, 0.9461310505867004, 0.9460758566856384, 0.94622403383255, 0.9461653232574463, 0.9462665319442749, 0.9461836218833923, 0.9461407661437988, 0.946111261844635, 0.9461740851402283, 0.9461767673492432, 0.9463054537773132, 0.9460582733154297, 0.9461093544960022, 0.9461735486984253, 0.9461240768432617, 0.9461621642112732, 0.9461272358894348, 0.9464395046234131, 0.9461319446563721, 0.9461601972579956, 0.9461939930915833, 0.9461021423339844, 0.9462699890136719, 0.9462488889694214, 0.9461169242858887, 0.9460974335670471, 0.9461366534233093, 0.946104884147644, 0.9462052583694458, 0.946047842502594, 0.9461615681648254, 0.946243405342102, 0.9460908770561218, 0.9460083842277527, 0.946110725402832, 0.9461936354637146, 0.9460420608520508, 0.9461885690689087, 0.9460659623146057, 0.9461107850074768, 0.9461185932159424, 0.9461492896080017, 0.9461321234703064, 0.9461376070976257, 0.9462924003601074, 0.9461138248443604, 0.9461737275123596, 0.9461380243301392, 0.9462376236915588, 0.9462193846702576, 0.9461201429367065, 0.9461556077003479, 0.946159839630127, 0.9461826682090759, 0.9461886882781982, 0.9461397528648376, 0.9460625052452087, 0.9461466670036316, 0.9462105631828308, 0.946223258972168]
val step Loss: [0.9524604678153992, 0.9509392976760864, 0.9480000138282776, 0.9469453692436218, 0.9471727609634399, 0.9470037221908569, 0.9468194246292114, 0.9471336007118225, 0.9468985795974731, 0.9470897912979126, 0.946931779384613, 0.9470995664596558, 0.9469251036643982, 0.9481800198554993, 0.9489772319793701, 0.9470155835151672, 0.9478551149368286, 0.9471149444580078, 0.9468449950218201, 0.9472168684005737, 0.947027325630188, 0.9468066692352295, 0.9468821287155151, 0.9471173882484436, 0.9469161033630371, 0.9470975995063782, 0.9469804763793945]
Train step Accs: [1.0, 1.0, 1.0, 1.0, 1.0, 1.0, 1.0, 1.0, 1.0, 1.0, 1.0, 1.0, 1.0, 1.0, 1.0, 1.0, 1.0, 1.0, 1.0, 1.0, 1.0, 1.0, 1.0, 1.0, 1.0, 1.0, 1.0, 1.0, 1.0, 1.0, 1.0, 1.0, 1.0, 1.0, 1.0, 1.0, 1.0, 1.0, 1.0, 1.0, 1.0, 1.0, 1.0, 1.0, 1.0, 1.0, 1.0, 1.0, 1.0, 1.0, 1.0, 1.0, 1.0, 1.0, 1.0, 1.0, 1.0, 1.0, 1.0, 1.0, 1.0, 1.0, 1.0, 1.0, 1.0, 1.0, 1.0, 1.0, 1.0, 1.0, 1.0, 1.0, 1.0, 1.0, 1.0, 1.0, 1.0, 1.0, 1.0, 1.0, 1.0, 1.0, 1.0, 1.0, 1.0, 1.0, 1.0, 1.0, 1.0, 1.0, 1.0, 1.0, 1.0, 1.0, 1.0, 1.0, 1.0, 1.0, 1.0, 1.0, 1.0, 1.0, 1.0, 1.0, 1.0]
val step Accs: [0.9989718985606579, 0.9992581602373887, 0.9998372925479987, 1.0, 1.0, 1.0, 1.0, 1.0, 1.0, 1.0, 1.0, 1.0, 1.0, 0.9998165137614679, 0.9996558251591808, 1.0, 0.999820014398848, 1.0, 1.0, 1.0, 1.0, 1.0, 1.0, 1.0, 1.0, 1.0, 1.0]
Preds: [17, 17, 296, 17, 17, 17, 17, 363, 363, 363, 363, 363, 101, 149, 321, 321, 287, 287, 287, 284, 206, 167, 35, 320, 320, 29, 287, 287, 111, 111, 468, 468, 467, 146, 146, 443, 330, 330, 330, 348, 175, 65, 65, 106, 293, 293, 293, 293, 413, 348, 348, 466, 479, 479, 331, 331, 486, 486, 486, 460, 240, 173, 8, 280, 29, 106, 284, 284, 240, 285, 285, 467, 180, 180, 486, 486, 486, 486, 460, 240, 175, 175, 81, 431, 431, 85, 403, 403, 403, 207, 207, 207, 246, 246, 246, 246, 246, 19, 19, 454, 229, 259, 321, 247, 126, 126, 408, 408, 408, 408, 228, 321, 75, 66, 68, 172, 115, 115, 267, 444, 278, 378, 378, 345, 345, 100, 100, 497, 497, 186, 99, 338, 338, 400, 400, 400, 301, 301, 378, 345, 109, 499, 499, 151, 151, 253, 453, 342, 168, 168, 180, 151, 151, 460, 178, 178, 192, 192, 445, 451, 41, 41, 41, 41, 19, 19, 19, 454, 454, 13, 414, 170, 244, 244, 244, 392, 244, 392, 392, 321, 321, 321, 7, 479, 479, 331, 331, 331, 480, 319, 111, 460, 438, 416, 216, 192, 114, 180, 180, 443, 443, 443, 139, 139, 293, 274, 274, 35, 192, 445, 464, 464, 171, 171, 252, 416, 458, 192, 445, 180, 464, 264, 264, 264, 264, 315, 315, 113, 450, 450, 293, 169, 150, 150, 54, 54, 142, 397, 397, 196, 147, 147, 109, 288, 403, 171, 171, 252, 252, 24, 310, 310, 107, 395, 395, 286, 286, 120, 120, 120, 120, 37, 37, 385, 385, 197, 75, 164, 164, 196, 196, 116, 33, 33, 248, 394, 212, 75, 199, 275, 275, 275, 275, 303, 303, 17, 420, 374, 374, 374, 374, 374, 374, 374, 374, 374, 374, 374, 374, 374, 374, 374, 374, 374, 374, 374, 374, 374, 374, 374, 374, 374, 374, 374, 374, 374, 374, 374, 374, 374, 374, 374, 374, 374, 374, 374, 374, 374, 374, 374, 374, 374, 374, 374, 374, 374, 374, 374, 374, 374, 374, 374, 374, 374, 374, 374, 374, 374, 374, 374, 374, 374, 374, 374, 374, 374, 374, 374, 374, 374, 374, 374, 374, 374, 374, 374, 374, 374, 374, 374, 374, 374, 374, 374, 374, 374, 374, 374, 374, 374, 374, 374, 374, 374, 374, 374, 374, 374, 374, 374, 374, 374, 374, 374, 374, 374, 374, 374, 374, 374, 374, 374, 374, 374, 374, 374, 374, 374, 374, 374, 374, 374, 374, 374, 374, 374, 374, 374, 374, 374, 374, 374, 374, 374, 374, 374, 374, 374, 374, 374, 374, 374, 374, 374, 374, 374, 374, 374, 374, 374, 374, 374, 374, 374, 374, 374, 374, 374, 374, 374, 374, 374, 374, 374, 374, 374, 374, 374, 374, 374, 374, 374, 374, 374, 374, 374, 374, 374, 374, 374, 374, 374, 374, 374, 374, 374, 374, 374, 374, 374, 374, 374, 374, 374, 374, 374, 374, 374, 374, 374, 374, 374, 374, 374, 374, 374, 374, 374, 374, 374, 374, 374, 374, 374, 374, 374, 374, 374, 374, 374, 374, 374, 374, 374, 374, 374, 374, 374, 374, 374, 374, 374, 374, 374, 374, 374, 374, 374, 374, 374, 374, 374, 374, 374, 374, 374, 374, 374, 374, 374, 374, 374, 374, 374, 374, 374, 374, 374, 374, 374, 374, 374, 374, 374, 374, 374, 374, 374, 374, 374, 374, 374, 374, 374, 374, 374, 374, 374, 374, 374, 374, 374, 374, 374, 374, 374, 374, 374, 374, 374, 374, 374, 374, 374, 374, 374, 374, 374, 374, 374, 374, 374, 374, 374, 374, 374, 374, 374, 374, 374]

ep166
Train step Loss: [0.9462074041366577, 0.9461414813995361, 0.9461567401885986, 0.9462830424308777, 0.9460877776145935, 0.9461591243743896, 0.9461289644241333, 0.9462136626243591, 0.9462145566940308, 0.9461093544960022, 0.9461479187011719, 0.9463265538215637, 0.9462341070175171, 0.946151614189148, 0.9461365938186646, 0.9463927745819092, 0.9461707472801208, 0.9461513161659241, 0.9460591673851013, 0.9461875557899475, 0.9461231231689453, 0.9461736083030701, 0.9461753964424133, 0.9461477994918823, 0.946116030216217, 0.9462892413139343, 0.9462800025939941, 0.946136474609375, 0.9461926817893982, 0.9461555480957031, 0.9462076425552368, 0.9460464119911194, 0.9463390707969666, 0.9461851119995117, 0.9461548924446106, 0.9462025761604309, 0.9461497664451599, 0.9461270570755005, 0.9461171627044678, 0.9461095929145813, 0.9461373686790466, 0.9461357593536377, 0.9461700916290283, 0.9461382031440735, 0.9461404085159302, 0.94609135389328, 0.9460819959640503, 0.9461622834205627, 0.9461451172828674, 0.9461392164230347, 0.9461271166801453, 0.9463434219360352, 0.946219801902771, 0.9461151957511902, 0.9463405013084412, 0.9461377859115601, 0.9460842609405518, 0.9461445808410645, 0.9460655450820923, 0.9462392926216125, 0.9462018013000488, 0.9460944533348083, 0.946151614189148, 0.9460707902908325, 0.9460983872413635, 0.9461675882339478, 0.9461780786514282, 0.9460777044296265, 0.9461314678192139, 0.9461543560028076, 0.9461470246315002, 0.946085512638092, 0.946173369884491, 0.9461215138435364, 0.9461367130279541, 0.9462200403213501, 0.9461715221405029, 0.9462304711341858, 0.9461796879768372, 0.9461305737495422, 0.946132481098175, 0.9461851119995117, 0.9463446140289307, 0.9460630416870117, 0.946133553981781, 0.9461267590522766, 0.9462016820907593, 0.9461446404457092, 0.9462711811065674, 0.9462380409240723, 0.9461873769760132, 0.9460634589195251, 0.9461845755577087, 0.946291983127594, 0.9460609555244446, 0.9461050629615784, 0.9461944699287415, 0.9461556673049927, 0.9462430477142334, 0.9461308717727661, 0.9461246728897095, 0.9460463523864746, 0.9461220502853394, 0.9460979700088501, 0.9462628364562988]
val step Loss: [0.9481136798858643, 0.9468333125114441, 0.9470087885856628, 0.9523701667785645, 0.9478605389595032, 0.9470550417900085, 0.9488871693611145, 0.947114884853363, 0.9471403956413269, 0.9469720125198364, 0.946956217288971, 0.9480018019676208, 0.9471160769462585, 0.9470112919807434, 0.9468197822570801, 0.9481111764907837, 0.9468646049499512, 0.9467817544937134, 0.9470161199569702, 0.9503716230392456, 0.9471150040626526, 0.9470049142837524, 0.9469543695449829, 0.9473156929016113, 0.9469771981239319, 0.9470922946929932, 0.9472489356994629]
Train step Accs: [1.0, 1.0, 1.0, 1.0, 1.0, 1.0, 1.0, 1.0, 1.0, 1.0, 1.0, 1.0, 1.0, 1.0, 1.0, 1.0, 1.0, 1.0, 1.0, 1.0, 1.0, 1.0, 1.0, 1.0, 1.0, 1.0, 1.0, 1.0, 1.0, 1.0, 1.0, 1.0, 1.0, 1.0, 1.0, 1.0, 1.0, 1.0, 1.0, 1.0, 1.0, 1.0, 1.0, 1.0, 1.0, 1.0, 1.0, 1.0, 1.0, 1.0, 1.0, 1.0, 1.0, 1.0, 1.0, 1.0, 1.0, 1.0, 1.0, 1.0, 1.0, 1.0, 1.0, 1.0, 1.0, 1.0, 1.0, 1.0, 1.0, 1.0, 1.0, 1.0, 1.0, 1.0, 1.0, 1.0, 1.0, 1.0, 1.0, 1.0, 1.0, 1.0, 1.0, 1.0, 1.0, 1.0, 1.0, 1.0, 1.0, 1.0, 1.0, 1.0, 1.0, 1.0, 1.0, 1.0, 1.0, 1.0, 1.0, 1.0, 1.0, 1.0, 1.0, 1.0, 1.0]
val step Accs: [0.9998274374460742, 1.0, 1.0, 0.9989821882951654, 0.9998191354675349, 1.0, 0.9996372211137312, 1.0, 1.0, 1.0, 1.0, 0.9998376096135109, 1.0, 1.0, 1.0, 0.9998164127042408, 1.0, 1.0, 1.0, 0.9993567063364426, 1.0, 1.0, 1.0, 1.0, 1.0, 1.0, 1.0]
Preds: [17, 17, 296, 217, 217, 473, 65, 443, 443, 443, 443, 240, 169, 150, 77, 164, 164, 164, 164, 164, 164, 273, 106, 106, 375, 375, 375, 98, 98, 48, 13, 170, 20, 170, 20, 20, 187, 187, 187, 408, 408, 20, 391, 391, 20, 184, 20, 20, 7, 188, 152, 152, 422, 99, 54, 54, 224, 400, 400, 30, 324, 324, 464, 464, 139, 139, 355, 387, 355, 240, 388, 94, 94, 398, 324, 301, 416, 32, 239, 144, 27, 180, 180, 284, 486, 428, 206, 240, 240, 314, 8, 32, 354, 354, 100, 497, 43, 8, 8, 32, 354, 354, 100, 387, 255, 251, 251, 241, 431, 106, 498, 498, 406, 313, 313, 285, 337, 464, 464, 464, 145, 315, 315, 450, 450, 450, 43, 43, 276, 276, 345, 109, 109, 403, 207, 324, 3, 301, 42, 42, 147, 456, 337, 324, 422, 422, 349, 349, 234, 234, 261, 261, 25, 148, 153, 153, 413, 413, 10, 10, 309, 398, 398, 464, 139, 139, 481, 182, 182, 387, 387, 122, 122, 236, 129, 259, 108, 377, 123, 374, 153, 153, 387, 372, 406, 406, 406, 467, 182, 375, 375, 375, 98, 98, 13, 229, 229, 20, 312, 126, 126, 23, 326, 23, 23, 101, 149, 149, 228, 20, 412, 287, 287, 460, 460, 178, 215, 458, 465, 164, 164, 442, 225, 7, 7, 217, 217, 473, 65, 476, 171, 252, 416, 239, 239, 445, 445, 485, 324, 301, 314, 325, 34, 34, 191, 191, 116, 251, 251, 251, 241, 81, 431, 367, 496, 274, 43, 8, 129, 259, 208, 208, 441, 441, 153, 497, 497, 399, 70, 70, 70, 473, 65, 264, 264, 264, 264, 468, 468, 468, 406, 337, 337, 324, 252, 24, 239, 239, 384, 449, 324, 324, 301, 26, 251, 241, 431, 367, 496, 274, 43, 416, 458, 144, 208, 100, 100, 496, 274, 122, 143, 143, 17, 420, 374, 374, 374, 374, 374, 374, 374, 374, 374, 374, 374, 374, 374, 374, 374, 374, 374, 374, 374, 374, 374, 374, 374, 374, 374, 374, 374, 374, 374, 374, 374, 374, 374, 374, 374, 374, 374, 374, 374, 374, 374, 374, 374, 374, 374, 374, 374, 374, 374, 374, 374, 374, 374, 374, 374, 374, 374, 374, 374, 374, 374, 374, 374, 374, 374, 374, 374, 374, 374, 374, 374, 374, 374, 374, 374, 374, 374, 374, 374, 374, 374, 374, 374, 374, 374, 374, 374, 374, 374, 374, 374, 374, 374, 374, 374, 374, 374, 374, 374, 374, 374, 374, 374, 374, 374, 374, 374, 374, 374, 374, 374, 374, 374, 374, 374, 374, 374, 374, 374, 374, 374, 374, 374, 374, 374, 374, 374, 374, 374, 374, 374, 374, 374, 374, 374, 374, 374, 374, 374, 374, 374, 374, 374, 374, 374, 374, 374, 374, 374, 374, 374, 374, 374, 374, 374, 374, 374, 374, 374, 374, 374, 374, 374, 374, 374, 374, 374, 374, 374, 374, 374, 374, 374, 374, 374, 374, 374, 374, 374, 374, 374, 374, 374, 374, 374, 374, 374, 374, 374, 374, 374, 374, 374, 374, 374, 374, 374, 374, 374, 374, 374, 374, 374, 374, 374, 374, 374, 374, 374, 374, 374, 374, 374, 374, 374, 374, 374, 374, 374, 374, 374, 374, 374, 374, 374, 374, 374, 374, 374, 374, 374, 374, 374, 374, 374, 374, 374, 374, 374, 374, 374, 374, 374, 374, 374, 374, 374, 374, 374, 374, 374, 374, 374, 374, 374, 374, 374, 374, 374, 374, 374, 374, 374, 374, 374, 374, 374, 374, 374, 374, 374, 374, 374, 374, 374, 374, 374, 374, 374, 374, 374, 374, 374, 374, 374, 374]

ep167
Train step Loss: [0.946147620677948, 0.9463180899620056, 0.9461596012115479, 0.9460890293121338, 0.9461580514907837, 0.9461224675178528, 0.9462177753448486, 0.9461515545845032, 0.9461650252342224, 0.9463244676589966, 0.9461053609848022, 0.9460970163345337, 0.9461871981620789, 0.9463229179382324, 0.946368396282196, 0.946195125579834, 0.9461521506309509, 0.9461644887924194, 0.9461348056793213, 0.9461039304733276, 0.9462138414382935, 0.9461876749992371, 0.9462385177612305, 0.9461724162101746, 0.9460495710372925, 0.9460232257843018, 0.946186363697052, 0.9460375308990479, 0.9461648464202881, 0.9461920857429504, 0.9461760520935059, 0.9461089372634888, 0.946161150932312, 0.946108877658844, 0.9461039304733276, 0.9461512565612793, 0.9462157487869263, 0.9461190104484558, 0.9460687637329102, 0.9461291432380676, 0.9461157321929932, 0.9461995959281921, 0.9461913704872131, 0.9461010098457336, 0.9461345672607422, 0.9461846351623535, 0.9461554884910583, 0.9461545944213867, 0.9461396336555481, 0.9461188912391663, 0.9462454319000244, 0.946250319480896, 0.9461644887924194, 0.9461054801940918, 0.9460768699645996, 0.9462528228759766, 0.9461860656738281, 0.9462308883666992, 0.9460917115211487, 0.9462534189224243, 0.9461348056793213, 0.9460620880126953, 0.946158766746521, 0.9460882544517517, 0.9461203813552856, 0.9461511373519897, 0.9461803436279297, 0.9461999535560608, 0.9460866451263428, 0.9462077617645264, 0.9461177587509155, 0.9461603164672852, 0.946074903011322, 0.9461141228675842, 0.9462055563926697, 0.9461039304733276, 0.9460769891738892, 0.9461187124252319, 0.9462136030197144, 0.9461740255355835, 0.9461233615875244, 0.946204423904419, 0.9461703896522522, 0.9462024569511414, 0.9460330605506897, 0.946174144744873, 0.9460552930831909, 0.9462512731552124, 0.9461579918861389, 0.9461936354637146, 0.9460899829864502, 0.9461552500724792, 0.9461532831192017, 0.9461740255355835, 0.9462045431137085, 0.9461678266525269, 0.9461751580238342, 0.9463712573051453, 0.9462523460388184, 0.9461921453475952, 0.9461449980735779, 0.9462039470672607, 0.9460734724998474, 0.9461607933044434, 0.9460563659667969]
val step Loss: [0.9469745755195618, 0.9467819929122925, 0.9481967091560364, 0.9469015598297119, 0.9467498660087585, 0.9469362497329712, 0.9470453858375549, 0.9471824169158936, 0.9528301358222961, 0.9488282799720764, 0.9470180869102478, 0.9468074440956116, 0.9468744397163391, 0.9471164345741272, 0.947624146938324, 0.9480727314949036, 0.9503668546676636, 0.947793185710907, 0.9470215439796448, 0.946885883808136, 0.9469255208969116, 0.9468247890472412, 0.9469027519226074, 0.9471234083175659, 0.9469475746154785, 0.946993350982666, 0.946820080280304]
Train step Accs: [1.0, 1.0, 1.0, 1.0, 1.0, 1.0, 1.0, 1.0, 1.0, 1.0, 1.0, 1.0, 1.0, 1.0, 1.0, 1.0, 1.0, 1.0, 1.0, 1.0, 1.0, 1.0, 1.0, 1.0, 1.0, 1.0, 1.0, 1.0, 1.0, 1.0, 1.0, 1.0, 1.0, 1.0, 1.0, 1.0, 1.0, 1.0, 1.0, 1.0, 1.0, 1.0, 1.0, 1.0, 1.0, 1.0, 1.0, 1.0, 1.0, 1.0, 1.0, 1.0, 1.0, 1.0, 1.0, 1.0, 1.0, 1.0, 1.0, 1.0, 1.0, 1.0, 1.0, 1.0, 1.0, 1.0, 1.0, 1.0, 1.0, 1.0, 1.0, 1.0, 1.0, 1.0, 1.0, 1.0, 1.0, 1.0, 1.0, 1.0, 1.0, 1.0, 1.0, 1.0, 1.0, 1.0, 1.0, 1.0, 1.0, 1.0, 1.0, 1.0, 1.0, 1.0, 1.0, 1.0, 1.0, 1.0, 1.0, 1.0, 1.0, 1.0, 1.0, 1.0, 1.0]
val step Accs: [1.0, 1.0, 0.9998086124401914, 1.0, 1.0, 1.0, 1.0, 1.0, 0.9989512323020451, 0.9996449494052903, 1.0, 1.0, 1.0, 1.0, 0.9998378991732858, 0.9998368412465328, 0.999336540056394, 0.9998325799430772, 1.0, 1.0, 1.0, 1.0, 1.0, 1.0, 1.0, 1.0, 1.0]
Preds: [17, 17, 441, 441, 153, 387, 387, 240, 348, 24, 24, 384, 371, 180, 180, 486, 376, 376, 282, 263, 263, 229, 229, 247, 312, 363, 363, 363, 408, 408, 149, 228, 228, 244, 320, 7, 479, 331, 278, 301, 378, 8, 129, 354, 109, 180, 486, 486, 460, 240, 240, 35, 36, 342, 224, 351, 196, 479, 331, 331, 315, 450, 450, 450, 88, 88, 88, 109, 337, 207, 301, 143, 129, 401, 244, 354, 354, 100, 389, 425, 425, 251, 331, 106, 302, 497, 43, 43, 43, 276, 276, 276, 346, 284, 284, 284, 450, 450, 293, 43, 43, 276, 345, 109, 109, 116, 116, 10, 398, 398, 398, 374, 374, 495, 406, 406, 380, 134, 387, 387, 109, 337, 324, 219, 246, 246, 301, 301, 8, 8, 354, 354, 180, 180, 486, 486, 206, 240, 240, 314, 129, 401, 401, 32, 354, 354, 100, 153, 153, 153, 153, 182, 182, 182, 132, 132, 132, 132, 303, 303, 303, 442, 442, 442, 229, 229, 170, 170, 244, 187, 1, 1, 408, 408, 408, 244, 228, 228, 412, 287, 287, 287, 284, 284, 460, 169, 215, 35, 35, 75, 208, 441, 148, 153, 153, 387, 387, 122, 348, 64, 466, 479, 331, 242, 242, 348, 466, 466, 479, 331, 307, 307, 319, 206, 240, 251, 251, 359, 34, 166, 278, 278, 278, 173, 8, 8, 70, 70, 65, 65, 46, 46, 46, 46, 206, 215, 215, 129, 401, 354, 354, 106, 106, 180, 284, 315, 315, 315, 315, 315, 450, 450, 450, 450, 203, 250, 364, 276, 276, 345, 109, 109, 207, 324, 324, 3, 301, 26, 251, 241, 241, 431, 486, 486, 282, 282, 330, 388, 94, 303, 199, 331, 375, 375, 98, 98, 13, 244, 170, 170, 392, 63, 63, 63, 63, 63, 63, 63, 244, 40, 40, 40, 63, 40, 244, 40, 63, 244, 63, 73, 244, 244, 289, 320, 188, 188, 213, 324, 422, 416, 32, 239, 354, 114, 180, 180, 486, 460, 460, 178, 215, 129, 401, 244, 321, 354, 276, 148, 148, 153, 387, 387, 387, 387, 167, 122, 35, 321, 75, 449, 273, 180, 486, 486, 460, 240, 215, 215, 129, 239, 354, 420, 420, 213, 213, 324, 464, 464, 464, 443, 240, 314, 314, 239, 239, 239, 384, 371, 371, 324, 324, 324, 324, 324, 464, 464, 464, 180, 145, 486, 460, 240, 240, 314, 35, 75, 131, 377, 87, 32, 32, 32, 354, 354, 100, 100, 153, 153, 153, 182, 43, 43, 8, 196, 303, 303, 303, 303, 303, 48, 48, 48, 170, 244, 392, 392, 392, 392, 392, 392, 392, 392, 392, 392, 73, 73, 73, 320, 320, 188, 188, 171, 213, 246, 246, 246, 246, 246, 246, 422, 143, 36, 478, 323, 482, 224, 224, 273, 485, 374, 139, 153, 387, 387, 387, 387, 413, 348, 348, 64, 394, 32, 32, 32, 32, 239, 384, 377, 371, 444, 213, 213, 246, 434, 434, 434, 3, 335, 14, 14, 287, 145, 287, 145, 460, 240, 215, 129, 32, 354, 354, 109, 499, 486, 486, 264, 240, 285, 467, 145, 145, 486, 85, 85, 85, 468, 468, 406, 406, 467, 337, 337, 277, 301, 143, 129, 401, 244, 75, 74, 190, 190, 487, 499, 151, 487, 442, 193, 17, 17, 420, 374, 374, 374, 374, 374, 374, 374, 374, 374, 374, 374, 374, 374, 374, 374, 374, 374, 374, 374, 374, 374, 374, 374, 374, 374, 374, 374, 374, 374, 374, 374, 374, 374, 374, 374, 374, 374, 374, 374, 374, 374, 374, 374, 374, 374, 374, 374, 374, 374, 374, 374, 374, 374, 374, 374, 374, 374, 374, 374]

ep168
Train step Loss: [0.9460568428039551, 0.9461727142333984, 0.9460394978523254, 0.946219265460968, 0.9461003541946411, 0.9461807608604431, 0.9461954832077026, 0.9460974931716919, 0.9460685849189758, 0.946199893951416, 0.9461779594421387, 0.9460848569869995, 0.9461271166801453, 0.9461033344268799, 0.9460230469703674, 0.9462047815322876, 0.946092426776886, 0.9460618495941162, 0.9460948705673218, 0.9460891485214233, 0.9461458325386047, 0.9461049437522888, 0.9461251497268677, 0.9461066126823425, 0.9460875391960144, 0.9460958242416382, 0.9460355043411255, 0.9460811018943787, 0.9460597634315491, 0.9461095929145813, 0.9461628794670105, 0.946086049079895, 0.9461206793785095, 0.9460994005203247, 0.9461855292320251, 0.9462535977363586, 0.9461777806282043, 0.9461287260055542, 0.945987343788147, 0.9460054039955139, 0.9461366534233093, 0.9461489915847778, 0.9464216232299805, 0.9460902214050293, 0.946031391620636, 0.9461482763290405, 0.9461276531219482, 0.946124792098999, 0.9461658000946045, 0.9461531043052673, 0.9461014270782471, 0.9461279511451721, 0.9460687637329102, 0.9460916519165039, 0.9463486671447754, 0.9461004734039307, 0.9460792541503906, 0.9461867809295654, 0.946193277835846, 0.946169376373291, 0.9461390376091003, 0.9463706612586975, 0.9460597038269043, 0.9461050629615784, 0.9461082816123962, 0.9460854530334473, 0.9461625814437866, 0.9461044669151306, 0.9461475014686584, 0.9461159706115723, 0.9460561871528625, 0.946141242980957, 0.9461514353752136, 0.9462010860443115, 0.9459888339042664, 0.9461921453475952, 0.9460932612419128, 0.9461709856987, 0.9461435079574585, 0.9462996125221252, 0.9461158514022827, 0.9460410475730896, 0.9461753368377686, 0.9461477398872375, 0.9461210370063782, 0.9460727572441101, 0.946049690246582, 0.9461610317230225, 0.946044385433197, 0.9461085200309753, 0.9460623860359192, 0.9461783170700073, 0.9460607171058655, 0.9461058974266052, 0.9460703730583191, 0.946158230304718, 0.9460625052452087, 0.9460742473602295, 0.946091890335083, 0.9460576772689819, 0.9461309909820557, 0.9460009932518005, 0.9459764361381531, 0.9460965394973755, 0.9461491703987122]
val step Loss: [0.9489979147911072, 0.9485010504722595, 0.9465890526771545, 0.9527242183685303, 0.9468955993652344, 0.9466215968132019, 0.9468015432357788, 0.9468441009521484, 0.9470914006233215, 0.9472129344940186, 0.9467460513114929, 0.9466032981872559, 0.9468463659286499, 0.9468641877174377, 0.9469680786132812, 0.9467655420303345, 0.9477539658546448, 0.9469096660614014, 0.9468615055084229, 0.9468116760253906, 0.947698175907135, 0.9468262791633606, 0.9507973194122314, 0.9469873905181885, 0.9468371868133545, 0.9471257925033569, 0.9468033909797668]
Train step Accs: [1.0, 1.0, 1.0, 1.0, 1.0, 1.0, 1.0, 1.0, 1.0, 1.0, 1.0, 1.0, 1.0, 1.0, 1.0, 1.0, 1.0, 1.0, 1.0, 1.0, 1.0, 1.0, 1.0, 1.0, 1.0, 1.0, 1.0, 1.0, 1.0, 1.0, 1.0, 1.0, 1.0, 1.0, 1.0, 1.0, 1.0, 1.0, 1.0, 1.0, 1.0, 1.0, 1.0, 1.0, 1.0, 1.0, 1.0, 1.0, 1.0, 1.0, 1.0, 1.0, 1.0, 1.0, 1.0, 1.0, 1.0, 1.0, 1.0, 1.0, 1.0, 1.0, 1.0, 1.0, 1.0, 1.0, 1.0, 1.0, 1.0, 1.0, 1.0, 1.0, 1.0, 1.0, 1.0, 1.0, 1.0, 1.0, 1.0, 1.0, 1.0, 1.0, 1.0, 1.0, 1.0, 1.0, 1.0, 1.0, 1.0, 1.0, 1.0, 1.0, 1.0, 1.0, 1.0, 1.0, 1.0, 1.0, 1.0, 1.0, 1.0, 1.0, 1.0, 1.0, 1.0]
val step Accs: [0.9996630727762803, 0.9997021593447506, 1.0, 0.9989165763813651, 1.0, 1.0, 1.0, 1.0, 1.0, 1.0, 1.0, 1.0, 1.0, 1.0, 1.0, 1.0, 0.9998456551937027, 1.0, 1.0, 1.0, 0.9998104624715694, 1.0, 0.9993044687880369, 1.0, 1.0, 1.0, 1.0]
Preds: [17, 17, 152, 152, 152, 378, 378, 43, 276, 345, 345, 109, 174, 284, 319, 240, 240, 240, 314, 239, 82, 82, 449, 371, 444, 213, 324, 324, 324, 286, 301, 132, 42, 42, 147, 380, 380, 288, 443, 432, 330, 330, 388, 33, 33, 64, 394, 398, 219, 464, 464, 464, 180, 315, 315, 450, 450, 293, 43, 43, 43, 364, 276, 276, 276, 276, 346, 346, 284, 284, 284, 284, 376, 376, 206, 206, 85, 85, 240, 388, 251, 251, 251, 251, 251, 251, 241, 431, 355, 355, 452, 263, 263, 263, 420, 374, 374, 374, 374, 374, 374, 374, 374, 374, 374, 374, 374, 374, 374, 374, 374, 374, 374, 374, 374, 374, 374, 374, 374, 374, 374, 374, 374, 374, 374, 374, 374, 374, 374, 374, 374, 374, 374, 374, 374, 374, 374, 374, 374, 374, 374, 374, 374, 374, 374, 374, 374, 374, 374, 374, 374, 374, 374, 374, 374, 374, 374, 374, 374, 374, 374, 374, 374, 374, 374, 374, 374, 374, 374, 374, 374, 374, 374, 374, 374, 374, 374, 374, 374, 374, 374, 374, 374, 374, 374, 374, 374, 374, 374, 374, 374, 374, 374, 374, 374, 374, 374, 374, 374, 374, 374, 374, 374, 374, 374, 374, 374, 374, 374, 374, 374, 374, 374, 374, 374, 374, 374, 374, 374, 374, 374, 374, 374, 374, 374, 374, 374, 374, 374, 374, 374, 374, 374, 374, 374, 374, 374, 374, 374, 374, 374, 374, 374, 374, 374, 374, 374, 374, 374, 374, 374, 374, 374, 374, 374, 374, 374, 374, 374, 374, 374, 374, 374, 374, 374, 374, 374, 374, 374, 374, 374, 374, 374, 374, 374, 374, 374, 374, 374, 374, 374, 374, 374, 374, 374, 374, 374, 374, 374, 374, 374, 374, 374, 374, 374, 374, 374, 374, 374, 374, 374, 374, 374, 374, 374, 374, 374, 374, 374, 374, 374, 374, 374, 374, 374, 374, 374, 374, 374, 374, 374, 374, 374, 374, 374, 374, 374, 374, 374, 374, 374, 374, 374, 374, 374, 374, 374, 374, 374, 374, 374, 374, 374, 374, 374, 374, 374, 374, 374, 374, 374, 374, 374, 374, 374, 374, 374, 374, 374, 374, 374, 374, 374, 374, 374, 374, 374, 374, 374, 374, 374, 374, 374, 374, 374, 374, 374, 374, 374, 374, 374, 374, 374, 374, 374, 374, 374, 374, 374, 374, 374, 374, 374, 374, 374, 374, 374, 374, 374, 374, 374, 374, 374, 374, 374, 374, 374, 374, 374, 374, 374, 374, 374, 374, 374, 374, 374, 374, 374, 374, 374, 374, 374, 374, 374, 374, 374, 374, 374, 374, 374, 374, 374, 374, 374, 374, 374, 374, 374, 374, 374, 374, 374, 374, 374, 374, 374, 374, 374, 374, 374, 374, 374, 374, 374, 374, 374, 374, 374, 374, 374, 374, 374, 374, 374, 374, 374, 374, 374, 374, 374, 374, 374, 374, 374, 374, 374, 374, 374, 374, 374, 374, 374, 374, 374, 374, 374, 374, 374, 374, 374, 374, 374, 374, 374, 374, 374, 374, 374, 374, 374, 374, 374, 374, 374, 374, 374, 374, 374, 374, 374, 374, 374, 374, 374, 374, 374, 374, 374, 374, 374, 374, 374, 374, 374, 374, 374, 374, 374, 374, 374, 374, 374, 374, 374, 374, 374, 374, 374, 374, 374, 374, 374, 374, 374, 374, 374, 374, 374, 374, 374, 374, 374, 374, 374, 374, 374, 374, 374, 374, 374, 374, 374, 374, 374, 374, 374, 374, 374, 374, 374, 374, 374, 374, 374, 374, 374, 374, 374, 374, 374, 374, 374, 374, 374, 374, 374, 374, 374, 374, 374, 374, 374, 374, 374, 374, 374, 374, 374, 374]

ep169
Train step Loss: [0.9460134506225586, 0.9461248517036438, 0.9459941387176514, 0.9461760520935059, 0.946060299873352, 0.9461383819580078, 0.946142852306366, 0.9460506439208984, 0.9460251927375793, 0.9461535215377808, 0.9461323022842407, 0.9460405111312866, 0.9460843801498413, 0.9460567831993103, 0.9459841251373291, 0.9461637139320374, 0.9460484385490417, 0.946014404296875, 0.946057140827179, 0.9460430145263672, 0.9461073875427246, 0.946068286895752, 0.9460840225219727, 0.946057915687561, 0.946040689945221, 0.9460511207580566, 0.9459949731826782, 0.946042537689209, 0.9460235834121704, 0.9460656046867371, 0.9461193084716797, 0.9460439085960388, 0.9460757970809937, 0.9460544586181641, 0.9461426138877869, 0.9462093710899353, 0.9461306929588318, 0.9460879564285278, 0.9459521174430847, 0.9459661245346069, 0.9460868835449219, 0.9461109638214111, 0.9463732838630676, 0.946050763130188, 0.945992112159729, 0.9461045861244202, 0.9460797309875488, 0.9460791945457458, 0.9461241364479065, 0.9461081027984619, 0.9460593461990356, 0.9460910558700562, 0.9460306763648987, 0.9460445642471313, 0.9462891221046448, 0.9460543394088745, 0.9460394382476807, 0.9461426138877869, 0.9461526870727539, 0.9461262226104736, 0.9460960030555725, 0.9463146328926086, 0.9460170269012451, 0.9460633993148804, 0.9460660219192505, 0.9460421800613403, 0.946117639541626, 0.9460659623146057, 0.9461042284965515, 0.946073591709137, 0.9460190534591675, 0.9460983276367188, 0.9461133480072021, 0.9461585283279419, 0.9459494948387146, 0.9461461305618286, 0.9460474848747253, 0.9461223483085632, 0.9460980296134949, 0.9462393522262573, 0.946078896522522, 0.9460006356239319, 0.9461312294006348, 0.9461062550544739, 0.9460817575454712, 0.9460334777832031, 0.9460115432739258, 0.9461146593093872, 0.9460088610649109, 0.9460628628730774, 0.9460205435752869, 0.9461379647254944, 0.9460237622261047, 0.9460659027099609, 0.9460309147834778, 0.9461125135421753, 0.9460238814353943, 0.946032702922821, 0.9460522532463074, 0.9460180997848511, 0.9460922479629517, 0.9459630250930786, 0.9459376335144043, 0.9460557699203491, 0.9461042284965515]
val step Loss: [0.9489818811416626, 0.9484884738922119, 0.9465776681900024, 0.9527084827423096, 0.9468813538551331, 0.9466102123260498, 0.9467878341674805, 0.9468328952789307, 0.9470749497413635, 0.9471966028213501, 0.9467356204986572, 0.9465922117233276, 0.9468286037445068, 0.9468509554862976, 0.9469526410102844, 0.9467517733573914, 0.9477408528327942, 0.9468942880630493, 0.9468470215797424, 0.9467981457710266, 0.9476873278617859, 0.9468165040016174, 0.9507828950881958, 0.9469712972640991, 0.9468233585357666, 0.9471100568771362, 0.9467885494232178]
Train step Accs: [1.0, 1.0, 1.0, 1.0, 1.0, 1.0, 1.0, 1.0, 1.0, 1.0, 1.0, 1.0, 1.0, 1.0, 1.0, 1.0, 1.0, 1.0, 1.0, 1.0, 1.0, 1.0, 1.0, 1.0, 1.0, 1.0, 1.0, 1.0, 1.0, 1.0, 1.0, 1.0, 1.0, 1.0, 1.0, 1.0, 1.0, 1.0, 1.0, 1.0, 1.0, 1.0, 1.0, 1.0, 1.0, 1.0, 1.0, 1.0, 1.0, 1.0, 1.0, 1.0, 1.0, 1.0, 1.0, 1.0, 1.0, 1.0, 1.0, 1.0, 1.0, 1.0, 1.0, 1.0, 1.0, 1.0, 1.0, 1.0, 1.0, 1.0, 1.0, 1.0, 1.0, 1.0, 1.0, 1.0, 1.0, 1.0, 1.0, 1.0, 1.0, 1.0, 1.0, 1.0, 1.0, 1.0, 1.0, 1.0, 1.0, 1.0, 1.0, 1.0, 1.0, 1.0, 1.0, 1.0, 1.0, 1.0, 1.0, 1.0, 1.0, 1.0, 1.0, 1.0, 1.0]
val step Accs: [0.9996630727762803, 0.9997021593447506, 1.0, 0.9989165763813651, 1.0, 1.0, 1.0, 1.0, 1.0, 1.0, 1.0, 1.0, 1.0, 1.0, 1.0, 1.0, 0.9998456551937027, 1.0, 1.0, 1.0, 0.9998104624715694, 1.0, 0.9993044687880369, 1.0, 1.0, 1.0, 1.0]
Preds: [17, 17, 152, 152, 152, 378, 378, 43, 276, 345, 345, 109, 174, 284, 319, 240, 240, 240, 314, 239, 82, 82, 449, 371, 444, 213, 324, 324, 324, 286, 301, 132, 42, 42, 147, 380, 380, 288, 443, 432, 330, 330, 388, 33, 33, 64, 394, 398, 219, 464, 464, 464, 180, 315, 315, 450, 450, 293, 43, 43, 43, 364, 276, 276, 276, 276, 346, 346, 284, 284, 284, 284, 376, 376, 206, 206, 85, 85, 240, 388, 251, 251, 251, 251, 251, 251, 241, 431, 355, 355, 452, 263, 263, 263, 420, 374, 374, 374, 374, 374, 374, 374, 374, 374, 374, 374, 374, 374, 374, 374, 374, 374, 374, 374, 374, 374, 374, 374, 374, 374, 374, 374, 374, 374, 374, 374, 374, 374, 374, 374, 374, 374, 374, 374, 374, 374, 374, 374, 374, 374, 374, 374, 374, 374, 374, 374, 374, 374, 374, 374, 374, 374, 374, 374, 374, 374, 374, 374, 374, 374, 374, 374, 374, 374, 374, 374, 374, 374, 374, 374, 374, 374, 374, 374, 374, 374, 374, 374, 374, 374, 374, 374, 374, 374, 374, 374, 374, 374, 374, 374, 374, 374, 374, 374, 374, 374, 374, 374, 374, 374, 374, 374, 374, 374, 374, 374, 374, 374, 374, 374, 374, 374, 374, 374, 374, 374, 374, 374, 374, 374, 374, 374, 374, 374, 374, 374, 374, 374, 374, 374, 374, 374, 374, 374, 374, 374, 374, 374, 374, 374, 374, 374, 374, 374, 374, 374, 374, 374, 374, 374, 374, 374, 374, 374, 374, 374, 374, 374, 374, 374, 374, 374, 374, 374, 374, 374, 374, 374, 374, 374, 374, 374, 374, 374, 374, 374, 374, 374, 374, 374, 374, 374, 374, 374, 374, 374, 374, 374, 374, 374, 374, 374, 374, 374, 374, 374, 374, 374, 374, 374, 374, 374, 374, 374, 374, 374, 374, 374, 374, 374, 374, 374, 374, 374, 374, 374, 374, 374, 374, 374, 374, 374, 374, 374, 374, 374, 374, 374, 374, 374, 374, 374, 374, 374, 374, 374, 374, 374, 374, 374, 374, 374, 374, 374, 374, 374, 374, 374, 374, 374, 374, 374, 374, 374, 374, 374, 374, 374, 374, 374, 374, 374, 374, 374, 374, 374, 374, 374, 374, 374, 374, 374, 374, 374, 374, 374, 374, 374, 374, 374, 374, 374, 374, 374, 374, 374, 374, 374, 374, 374, 374, 374, 374, 374, 374, 374, 374, 374, 374, 374, 374, 374, 374, 374, 374, 374, 374, 374, 374, 374, 374, 374, 374, 374, 374, 374, 374, 374, 374, 374, 374, 374, 374, 374, 374, 374, 374, 374, 374, 374, 374, 374, 374, 374, 374, 374, 374, 374, 374, 374, 374, 374, 374, 374, 374, 374, 374, 374, 374, 374, 374, 374, 374, 374, 374, 374, 374, 374, 374, 374, 374, 374, 374, 374, 374, 374, 374, 374, 374, 374, 374, 374, 374, 374, 374, 374, 374, 374, 374, 374, 374, 374, 374, 374, 374, 374, 374, 374, 374, 374, 374, 374, 374, 374, 374, 374, 374, 374, 374, 374, 374, 374, 374, 374, 374, 374, 374, 374, 374, 374, 374, 374, 374, 374, 374, 374, 374, 374, 374, 374, 374, 374, 374, 374, 374, 374, 374, 374, 374, 374, 374, 374, 374, 374, 374, 374, 374, 374, 374, 374, 374, 374, 374, 374, 374, 374, 374, 374, 374, 374, 374, 374, 374, 374, 374, 374, 374, 374, 374, 374, 374, 374, 374, 374, 374, 374, 374, 374, 374, 374, 374, 374, 374, 374, 374, 374, 374, 374, 374, 374, 374, 374, 374, 374, 374, 374, 374, 374, 374, 374, 374, 374, 374, 374, 374, 374, 374, 374, 374, 374]

ep170
Train step Loss: [0.9460407495498657, 0.9461954832077026, 0.9460477232933044, 0.946340024471283, 0.9462878704071045, 0.9460394382476807, 0.9461669921875, 0.9460901021957397, 0.9459996819496155, 0.946063220500946, 0.9461016654968262, 0.9461688995361328, 0.9460446238517761, 0.9461861848831177, 0.946025550365448, 0.9461027383804321, 0.9463955760002136, 0.9461551308631897, 0.946060836315155, 0.9461898803710938, 0.9461386203765869, 0.9461532831192017, 0.9461851716041565, 0.9460591077804565, 0.9460729360580444, 0.9460803270339966, 0.9461146593093872, 0.9460803866386414, 0.9461215734481812, 0.9461918473243713, 0.946161150932312, 0.9460868835449219, 0.9461864233016968, 0.9460493326187134, 0.9461561441421509, 0.9460781216621399, 0.9460997581481934, 0.946043848991394, 0.9461323618888855, 0.94610595703125, 0.9460744261741638, 0.9461315274238586, 0.9461662769317627, 0.9460971355438232, 0.9461054801940918, 0.9461559653282166, 0.9460982084274292, 0.9460806250572205, 0.9460939764976501, 0.9460554718971252, 0.9460566639900208, 0.9461700320243835, 0.9462254643440247, 0.9460464119911194, 0.9461562037467957, 0.9461026787757874, 0.946140468120575, 0.9459996819496155, 0.9460058212280273, 0.9460864067077637, 0.9460127949714661, 0.9460753798484802, 0.9461100101470947, 0.9460271596908569, 0.9461151361465454, 0.9460209012031555, 0.9461849927902222, 0.9462031126022339, 0.94608074426651, 0.9459787011146545, 0.9460899233818054, 0.9461310505867004, 0.9461384415626526, 0.9460819959640503, 0.9461190104484558, 0.9460229277610779, 0.9461091160774231, 0.946064829826355, 0.9461750388145447, 0.9461252689361572, 0.9460998177528381, 0.9460321664810181, 0.9461053609848022, 0.9460799694061279, 0.9461231231689453, 0.9461061954498291, 0.946144163608551, 0.9461369514465332, 0.9460916519165039, 0.9461347460746765, 0.9461115598678589, 0.94610995054245, 0.9460251331329346, 0.9460709691047668, 0.9460968375205994, 0.9461172223091125, 0.9461759924888611, 0.9460939168930054, 0.9462828636169434, 0.9461626410484314, 0.9461327195167542, 0.9460434317588806, 0.9460445642471313, 0.9461801052093506, 0.9460474848747253]
val step Loss: [0.9469911456108093, 0.9467982053756714, 0.9468414783477783, 0.946818470954895, 0.9469289183616638, 0.9478248357772827, 0.9478536248207092, 0.9471811652183533, 0.9468607902526855, 0.9468684196472168, 0.9468224048614502, 0.9581122994422913, 0.9469312429428101, 0.9468081593513489, 0.9478962421417236, 0.9468705058097839, 0.9467403292655945, 0.9469508528709412, 0.9470882415771484, 0.946976363658905, 0.9476393461227417, 0.9467959403991699, 0.9468792676925659, 0.9467822909355164, 0.9469208121299744, 0.9468600749969482, 0.9467725157737732]
Train step Accs: [1.0, 1.0, 1.0, 1.0, 1.0, 1.0, 1.0, 1.0, 1.0, 1.0, 1.0, 1.0, 1.0, 1.0, 1.0, 1.0, 1.0, 1.0, 1.0, 1.0, 1.0, 1.0, 1.0, 1.0, 1.0, 1.0, 1.0, 1.0, 1.0, 1.0, 1.0, 1.0, 1.0, 1.0, 1.0, 1.0, 1.0, 1.0, 1.0, 1.0, 1.0, 1.0, 1.0, 1.0, 1.0, 1.0, 1.0, 1.0, 1.0, 1.0, 1.0, 1.0, 1.0, 1.0, 1.0, 1.0, 1.0, 1.0, 1.0, 1.0, 1.0, 1.0, 1.0, 1.0, 1.0, 1.0, 1.0, 1.0, 1.0, 1.0, 1.0, 1.0, 1.0, 1.0, 1.0, 1.0, 1.0, 1.0, 1.0, 1.0, 1.0, 1.0, 1.0, 1.0, 1.0, 1.0, 1.0, 1.0, 1.0, 1.0, 1.0, 1.0, 1.0, 1.0, 1.0, 1.0, 1.0, 1.0, 1.0, 1.0, 1.0, 1.0, 1.0, 1.0, 1.0]
val step Accs: [1.0, 1.0, 1.0, 1.0, 1.0, 0.99981556621173, 0.9998213009292352, 1.0, 1.0, 1.0, 1.0, 0.9979256698357822, 1.0, 1.0, 0.9998423707440101, 1.0, 1.0, 1.0, 1.0, 1.0, 0.9998325238653492, 1.0, 1.0, 1.0, 1.0, 1.0, 1.0]
Preds: [17, 17, 441, 153, 153, 153, 424, 387, 497, 497, 122, 122, 35, 35, 259, 384, 371, 180, 180, 84, 84, 139, 16, 16, 375, 375, 375, 375, 98, 98, 98, 13, 13, 414, 414, 249, 249, 20, 47, 312, 187, 187, 101, 101, 101, 101, 149, 149, 149, 321, 287, 287, 287, 287, 297, 297, 297, 293, 293, 293, 122, 216, 22, 106, 106, 106, 284, 284, 284, 284, 306, 306, 372, 245, 406, 406, 284, 65, 284, 284, 284, 376, 376, 282, 282, 169, 271, 150, 77, 342, 342, 168, 97, 483, 196, 196, 479, 199, 199, 199, 360, 360, 330, 252, 368, 310, 310, 395, 395, 213, 278, 278, 278, 252, 368, 77, 453, 453, 168, 485, 301, 301, 374, 199, 106, 84, 84, 84, 84, 496, 293, 215, 215, 8, 251, 241, 241, 106, 106, 106, 284, 426, 405, 387, 387, 406, 406, 467, 467, 337, 207, 207, 19, 358, 233, 414, 417, 417, 417, 417, 442, 442, 414, 170, 102, 491, 312, 292, 292, 292, 292, 326, 326, 408, 408, 408, 228, 321, 320, 451, 30, 30, 422, 99, 338, 338, 338, 338, 400, 400, 400, 400, 171, 171, 301, 301, 378, 43, 364, 345, 345, 109, 109, 476, 476, 171, 324, 324, 301, 301, 8, 259, 354, 354, 420, 420, 420, 324, 324, 301, 251, 251, 241, 241, 331, 443, 443, 443, 443, 120, 120, 120, 120, 207, 207, 207, 207, 37, 203, 399, 217, 217, 473, 473, 476, 476, 171, 171, 171, 171, 252, 252, 310, 453, 107, 395, 444, 213, 213, 360, 252, 252, 368, 77, 54, 54, 224, 168, 494, 278, 301, 116, 251, 251, 241, 431, 431, 486, 376, 376, 376, 376, 376, 460, 460, 460, 240, 240, 35, 198, 384, 371, 114, 180, 84, 84, 84, 387, 372, 467, 467, 467, 467, 467, 207, 207, 207, 19, 19, 17, 420, 374, 374, 374, 374, 374, 374, 374, 374, 374, 374, 374, 374, 374, 374, 374, 374, 374, 374, 374, 374, 374, 374, 374, 374, 374, 374, 374, 374, 374, 374, 374, 374, 374, 374, 374, 374, 374, 374, 374, 374, 374, 374, 374, 374, 374, 374, 374, 374, 374, 374, 374, 374, 374, 374, 374, 374, 374, 374, 374, 374, 374, 374, 374, 374, 374, 374, 374, 374, 374, 374, 374, 374, 374, 374, 374, 374, 374, 374, 374, 374, 374, 374, 374, 374, 374, 374, 374, 374, 374, 374, 374, 374, 374, 374, 374, 374, 374, 374, 374, 374, 374, 374, 374, 374, 374, 374, 374, 374, 374, 374, 374, 374, 374, 374, 374, 374, 374, 374, 374, 374, 374, 374, 374, 374, 374, 374, 374, 374, 374, 374, 374, 374, 374, 374, 374, 374, 374, 374, 374, 374, 374, 374, 374, 374, 374, 374, 374, 374, 374, 374, 374, 374, 374, 374, 374, 374, 374, 374, 374, 374, 374, 374, 374, 374, 374, 374, 374, 374, 374, 374, 374, 374, 374, 374, 374, 374, 374, 374, 374, 374, 374, 374, 374, 374, 374, 374, 374, 374, 374, 374, 374, 374, 374, 374, 374, 374, 374, 374, 374, 374, 374, 374, 374, 374, 374, 374, 374, 374, 374, 374, 374, 374, 374, 374, 374, 374, 374, 374, 374, 374, 374, 374, 374, 374, 374, 374, 374, 374, 374, 374, 374, 374, 374, 374, 374, 374, 374, 374, 374, 374, 374, 374, 374, 374, 374, 374, 374, 374, 374, 374, 374, 374, 374, 374, 374, 374, 374, 374, 374, 374, 374, 374, 374, 374, 374, 374, 374, 374, 374, 374, 374, 374, 374, 374, 374, 374, 374, 374, 374, 374, 374, 374, 374, 374, 374, 374, 374, 374, 374]

ep171
Train step Loss: [0.9460118412971497, 0.9460576772689819, 0.9460867643356323, 0.9461243748664856, 0.9461387991905212, 0.9460634589195251, 0.9461150169372559, 0.9461773037910461, 0.9460654258728027, 0.946036159992218, 0.9461109638214111, 0.9460847973823547, 0.9460114240646362, 0.9459689259529114, 0.9460916519165039, 0.9461253881454468, 0.9460816383361816, 0.9461060762405396, 0.9461251497268677, 0.9461380243301392, 0.9460843801498413, 0.9460710287094116, 0.9461184740066528, 0.946127712726593, 0.9461246728897095, 0.9460941553115845, 0.9461232423782349, 0.9461420178413391, 0.946067214012146, 0.9460813999176025, 0.9460960626602173, 0.946129560470581, 0.9461116194725037, 0.9460899233818054, 0.946077823638916, 0.9461577534675598, 0.9460746049880981, 0.9462157487869263, 0.9462248086929321, 0.9463213682174683, 0.9461542963981628, 0.9461880922317505, 0.9460694193840027, 0.9461324214935303, 0.9460229873657227, 0.9461050033569336, 0.9462156295776367, 0.9460651874542236, 0.946285605430603, 0.9460850358009338, 0.9461421370506287, 0.9460301995277405, 0.946125328540802, 0.94611656665802, 0.9461227059364319, 0.9460869431495667, 0.9461646676063538, 0.9460993409156799, 0.946116030216217, 0.9461323022842407, 0.946154773235321, 0.9461323022842407, 0.9459900259971619, 0.9460497498512268, 0.9461536407470703, 0.9460595846176147, 0.9461143612861633, 0.9460048675537109, 0.946270227432251, 0.9461523294448853, 0.9460504055023193, 0.9460585117340088, 0.9461311101913452, 0.9461157321929932, 0.9460140466690063, 0.9460502862930298, 0.9460726380348206, 0.9460341930389404, 0.9461755752563477, 0.9460633397102356, 0.9461022019386292, 0.9461283683776855, 0.9460510015487671, 0.9460301399230957, 0.9461073279380798, 0.9460359811782837, 0.9460218548774719, 0.9461365938186646, 0.9460799694061279, 0.946128249168396, 0.9460031390190125, 0.9461494088172913, 0.9461169838905334, 0.9463681578636169, 0.9461669921875, 0.9461567401885986, 0.9461255669593811, 0.9461185336112976, 0.9460822343826294, 0.9460885524749756, 0.9461221694946289, 0.9460784792900085, 0.9460968375205994, 0.9460182189941406, 0.946063756942749]
val step Loss: [0.9467579126358032, 0.9467600584030151, 0.9468004107475281, 0.9468487501144409, 0.9469394683837891, 0.9467394948005676, 0.9468188881874084, 0.9468230605125427, 0.9470796585083008, 0.9478695392608643, 0.9469254016876221, 0.9468985199928284, 0.9467865228652954, 0.947011411190033, 0.9469652771949768, 0.9471029043197632, 0.952121913433075, 0.9502730369567871, 0.9477527737617493, 0.9482940435409546, 0.9469824433326721, 0.9468088746070862, 0.9468907117843628, 0.9476519823074341, 0.9485661387443542, 0.9468793869018555, 0.9467096328735352]
Train step Accs: [1.0, 1.0, 1.0, 1.0, 1.0, 1.0, 1.0, 1.0, 1.0, 1.0, 1.0, 1.0, 1.0, 1.0, 1.0, 1.0, 1.0, 1.0, 1.0, 1.0, 1.0, 1.0, 1.0, 1.0, 1.0, 1.0, 1.0, 1.0, 1.0, 1.0, 1.0, 1.0, 1.0, 1.0, 1.0, 1.0, 1.0, 1.0, 1.0, 1.0, 1.0, 1.0, 1.0, 1.0, 1.0, 1.0, 1.0, 1.0, 1.0, 1.0, 1.0, 1.0, 1.0, 1.0, 1.0, 1.0, 1.0, 1.0, 1.0, 1.0, 1.0, 1.0, 1.0, 1.0, 1.0, 1.0, 1.0, 1.0, 1.0, 1.0, 1.0, 1.0, 1.0, 1.0, 1.0, 1.0, 1.0, 1.0, 1.0, 1.0, 1.0, 1.0, 1.0, 1.0, 1.0, 1.0, 1.0, 1.0, 1.0, 1.0, 1.0, 1.0, 1.0, 1.0, 1.0, 1.0, 1.0, 1.0, 1.0, 1.0, 1.0, 1.0, 1.0, 1.0, 1.0]
val step Accs: [1.0, 1.0, 1.0, 1.0, 1.0, 1.0, 1.0, 1.0, 1.0, 0.99982341515098, 1.0, 1.0, 1.0, 1.0, 1.0, 1.0, 0.9990495802312688, 0.9993951308029638, 0.9998344370860928, 0.9997679275934092, 1.0, 1.0, 1.0, 0.999857020303117, 0.9996805622105095, 1.0, 1.0]
Preds: [17, 17, 17, 345, 442, 487, 152, 152, 152, 301, 378, 43, 276, 345, 109, 109, 284, 486, 460, 240, 240, 385, 314, 32, 239, 75, 384, 371, 191, 191, 240, 385, 143, 401, 244, 75, 127, 273, 180, 486, 486, 486, 460, 282, 167, 385, 457, 196, 196, 219, 398, 464, 464, 486, 486, 460, 460, 215, 215, 401, 401, 244, 321, 354, 420, 420, 324, 422, 77, 478, 68, 68, 68, 224, 273, 444, 444, 324, 301, 314, 217, 473, 398, 398, 324, 301, 10, 10, 309, 479, 380, 374, 213, 213, 213, 213, 246, 301, 301, 378, 29, 134, 134, 134, 203, 280, 337, 324, 324, 324, 324, 3, 464, 464, 145, 113, 206, 169, 349, 349, 205, 261, 261, 25, 100, 153, 153, 43, 43, 276, 276, 182, 387, 387, 387, 178, 129, 401, 244, 244, 208, 441, 100, 100, 100, 182, 182, 375, 98, 98, 229, 244, 244, 247, 126, 126, 326, 101, 101, 391, 228, 244, 244, 320, 287, 287, 287, 206, 240, 35, 36, 449, 449, 224, 168, 278, 464, 331, 315, 319, 450, 293, 43, 276, 182, 497, 497, 497, 122, 186, 349, 234, 234, 261, 25, 25, 106, 428, 428, 146, 146, 146, 171, 324, 324, 324, 324, 464, 464, 464, 464, 486, 486, 85, 85, 240, 251, 251, 251, 241, 431, 428, 428, 146, 146, 219, 219, 219, 219, 219, 464, 464, 443, 486, 486, 460, 460, 169, 169, 349, 352, 261, 25, 485, 152, 152, 422, 143, 458, 458, 75, 208, 441, 100, 100, 100, 98, 98, 48, 48, 17, 17, 420, 374, 374, 374, 374, 374, 374, 374, 374, 374, 374, 374, 374, 374, 374, 374, 374, 374, 374, 374, 374, 374, 374, 374, 374, 374, 374, 374, 374, 374, 374, 374, 374, 374, 374, 374, 374, 374, 374, 374, 374, 374, 374, 374, 374, 374, 374, 374, 374, 374, 374, 374, 374, 374, 374, 374, 374, 374, 374, 374, 374, 374, 374, 374, 374, 374, 374, 374, 374, 374, 374, 374, 374, 374, 374, 374, 374, 374, 374, 374, 374, 374, 374, 374, 374, 374, 374, 374, 374, 374, 374, 374, 374, 374, 374, 374, 374, 374, 374, 374, 374, 374, 374, 374, 374, 374, 374, 374, 374, 374, 374, 374, 374, 374, 374, 374, 374, 374, 374, 374, 374, 374, 374, 374, 374, 374, 374, 374, 374, 374, 374, 374, 374, 374, 374, 374, 374, 374, 374, 374, 374, 374, 374, 374, 374, 374, 374, 374, 374, 374, 374, 374, 374, 374, 374, 374, 374, 374, 374, 374, 374, 374, 374, 374, 374, 374, 374, 374, 374, 374, 374, 374, 374, 374, 374, 374, 374, 374, 374, 374, 374, 374, 374, 374, 374, 374, 374, 374, 374, 374, 374, 374, 374, 374, 374, 374, 374, 374, 374, 374, 374, 374, 374, 374, 374, 374, 374, 374, 374, 374, 374, 374, 374, 374, 374, 374, 374, 374, 374, 374, 374, 374, 374, 374, 374, 374, 374, 374, 374, 374, 374, 374, 374, 374, 374, 374, 374, 374, 374, 374, 374, 374, 374, 374, 374, 374, 374, 374, 374, 374, 374, 374, 374, 374, 374, 374, 374, 374, 374, 374, 374, 374, 374, 374, 374, 374, 374, 374, 374, 374, 374, 374, 374, 374, 374, 374, 374, 374, 374, 374, 374, 374, 374, 374, 374, 374, 374, 374, 374, 374, 374, 374, 374, 374, 374, 374, 374, 374, 374, 374, 374, 374, 374, 374, 374, 374, 374, 374, 374, 374, 374, 374, 374, 374, 374, 374, 374, 374, 374, 374, 374, 374, 374, 374, 374, 374, 374, 374, 374, 374, 374, 374, 374, 374, 374, 374, 374, 374]

ep172
Train step Loss: [0.9462032318115234, 0.9461216926574707, 0.9459608793258667, 0.9460435509681702, 0.9462155699729919, 0.9461658000946045, 0.946134090423584, 0.9460194110870361, 0.9460887312889099, 0.9461550116539001, 0.9460687041282654, 0.9460753798484802, 0.9460683465003967, 0.9460198879241943, 0.9459661841392517, 0.9461319446563721, 0.9461357593536377, 0.9463704228401184, 0.9461107850074768, 0.9460585117340088, 0.9461216926574707, 0.9460856318473816, 0.9460529685020447, 0.9459903836250305, 0.9461269974708557, 0.9459986686706543, 0.946074903011322, 0.946056604385376, 0.946124255657196, 0.9461950659751892, 0.9460780620574951, 0.9461104869842529, 0.9461076259613037, 0.9460930824279785, 0.9461548924446106, 0.946067214012146, 0.9461244940757751, 0.946160078048706, 0.9460623860359192, 0.9460838437080383, 0.9459616541862488, 0.9460447430610657, 0.9461506605148315, 0.9460699558258057, 0.9462445378303528, 0.9461046457290649, 0.9460843801498413, 0.9461454749107361, 0.9461612105369568, 0.9460703730583191, 0.9460707902908325, 0.9460908770561218, 0.9463712573051453, 0.9462286233901978, 0.9461119174957275, 0.9460916519165039, 0.9461133480072021, 0.9461289644241333, 0.9460543990135193, 0.9460896849632263, 0.9462777972221375, 0.9461244344711304, 0.9460896849632263, 0.9461007118225098, 0.9460901021957397, 0.9460867643356323, 0.9461525082588196, 0.9460935592651367, 0.9461089372634888, 0.9460217952728271, 0.9461116790771484, 0.9460209608078003, 0.9460888504981995, 0.9462983012199402, 0.9460524916648865, 0.9460591077804565, 0.9460908770561218, 0.9461721181869507, 0.9461649656295776, 0.9460474252700806, 0.946072518825531, 0.9461216330528259, 0.9460805654525757, 0.9461169838905334, 0.9460408687591553, 0.9461269378662109, 0.9459828734397888, 0.9461766481399536, 0.9460881948471069, 0.9460285902023315, 0.9460498094558716, 0.9462071657180786, 0.946056067943573, 0.9461117386817932, 0.9460556507110596, 0.9460446238517761, 0.9461246728897095, 0.9460994005203247, 0.9460243582725525, 0.9460045099258423, 0.9460118412971497, 0.9461504817008972, 0.9460422396659851, 0.9461289644241333, 0.9461362361907959]
val step Loss: [0.9472151398658752, 0.9466841220855713, 0.9469156265258789, 0.9468402862548828, 0.9469454884529114, 0.9467815160751343, 0.9467239379882812, 0.9468826651573181, 0.9469507932662964, 0.9471595883369446, 0.9469229578971863, 0.946731686592102, 0.946651041507721, 0.9488753080368042, 0.9519143104553223, 0.9480558633804321, 0.9476854205131531, 0.9468896389007568, 0.9478893280029297, 0.9470268487930298, 0.9467732310295105, 0.94679194688797, 0.9469048380851746, 0.9471181631088257, 0.9481098651885986, 0.9507448673248291, 0.9466569423675537]
Train step Accs: [1.0, 1.0, 1.0, 1.0, 1.0, 1.0, 1.0, 1.0, 1.0, 1.0, 1.0, 1.0, 1.0, 1.0, 1.0, 1.0, 1.0, 1.0, 1.0, 1.0, 1.0, 1.0, 1.0, 1.0, 1.0, 1.0, 1.0, 1.0, 1.0, 1.0, 1.0, 1.0, 1.0, 1.0, 1.0, 1.0, 1.0, 1.0, 1.0, 1.0, 1.0, 1.0, 1.0, 1.0, 1.0, 1.0, 1.0, 1.0, 1.0, 1.0, 1.0, 1.0, 1.0, 1.0, 1.0, 1.0, 1.0, 1.0, 1.0, 1.0, 1.0, 1.0, 1.0, 1.0, 1.0, 1.0, 1.0, 1.0, 1.0, 1.0, 1.0, 1.0, 1.0, 1.0, 1.0, 1.0, 1.0, 1.0, 1.0, 1.0, 1.0, 1.0, 1.0, 1.0, 1.0, 1.0, 1.0, 1.0, 1.0, 1.0, 1.0, 1.0, 1.0, 1.0, 1.0, 1.0, 1.0, 1.0, 1.0, 1.0, 1.0, 1.0, 1.0, 1.0, 1.0]
val step Accs: [1.0, 1.0, 1.0, 1.0, 1.0, 1.0, 1.0, 1.0, 1.0, 1.0, 1.0, 1.0, 1.0, 0.9996405463695184, 0.999057936881771, 0.9998422712933754, 0.9998445998445998, 1.0, 0.9998052959501558, 1.0, 1.0, 1.0, 1.0, 1.0, 0.9998014691284495, 0.9993117687543015, 1.0]
Preds: [17, 17, 32, 239, 384, 377, 371, 374, 374, 374, 132, 8, 8, 259, 354, 354, 180, 180, 443, 120, 120, 120, 120, 120, 240, 240, 240, 216, 285, 84, 84, 302, 302, 100, 375, 375, 375, 98, 98, 98, 229, 229, 247, 312, 312, 187, 1, 101, 101, 101, 321, 321, 287, 287, 287, 287, 284, 284, 284, 206, 167, 348, 379, 77, 77, 478, 66, 323, 323, 172, 115, 273, 273, 273, 151, 240, 240, 285, 199, 111, 111, 111, 111, 438, 438, 438, 219, 324, 324, 464, 464, 464, 464, 301, 301, 143, 35, 74, 437, 437, 437, 284, 284, 285, 285, 106, 284, 284, 284, 284, 426, 426, 293, 293, 293, 182, 346, 346, 284, 284, 284, 284, 426, 481, 293, 293, 43, 43, 276, 276, 276, 174, 387, 348, 10, 398, 398, 398, 398, 374, 378, 406, 406, 406, 88, 88, 81, 81, 337, 337, 146, 324, 219, 219, 219, 152, 152, 58, 58, 27, 351, 486, 486, 486, 486, 486, 460, 460, 460, 167, 35, 35, 219, 219, 219, 485, 485, 477, 374, 374, 374, 374, 374, 304, 304, 337, 41, 19, 19, 454, 454, 229, 229, 229, 312, 312, 187, 187, 23, 23, 23, 260, 391, 391, 321, 321, 320, 320, 345, 100, 100, 497, 497, 497, 122, 216, 453, 168, 5, 258, 38, 99, 99, 338, 338, 338, 338, 338, 400, 400, 444, 171, 171, 171, 171, 171, 464, 464, 335, 14, 14, 287, 145, 145, 111, 111, 240, 240, 146, 219, 219, 219, 464, 464, 464, 222, 84, 245, 245, 245, 43, 43, 43, 364, 276, 276, 276, 276, 276, 346, 346, 346, 284, 284, 206, 206, 206, 167, 167, 35, 14, 411, 411, 411, 424, 424, 424, 153, 182, 182, 182, 182, 182, 182, 182, 122, 122, 250, 303, 195, 195, 195, 303, 117, 98, 117, 117, 48, 48, 48, 414, 170, 244, 244, 392, 244, 392, 392, 392, 244, 73, 7, 7, 321, 7, 7, 127, 451, 30, 30, 324, 301, 301, 378, 325, 114, 114, 114, 180, 486, 486, 486, 315, 460, 285, 285, 285, 467, 85, 111, 403, 146, 207, 299, 299, 434, 434, 250, 250, 413, 271, 186, 186, 99, 99, 338, 338, 395, 395, 273, 273, 432, 432, 330, 240, 240, 385, 35, 77, 164, 164, 115, 273, 273, 180, 151, 151, 151, 206, 130, 130, 402, 183, 219, 219, 219, 213, 213, 213, 246, 246, 246, 246, 301, 301, 378, 43, 43, 276, 276, 153, 153, 387, 413, 413, 360, 219, 246, 246, 246, 246, 246, 246, 246, 19, 17, 420, 374, 374, 374, 374, 374, 374, 374, 374, 374, 374, 374, 374, 374, 374, 374, 374, 374, 374, 374, 374, 374, 374, 374, 374, 374, 374, 374, 374, 374, 374, 374, 374, 374, 374, 374, 374, 374, 374, 374, 374, 374, 374, 374, 374, 374, 374, 374, 374, 374, 374, 374, 374, 374, 374, 374, 374, 374, 374, 374, 374, 374, 374, 374, 374, 374, 374, 374, 374, 374, 374, 374, 374, 374, 374, 374, 374, 374, 374, 374, 374, 374, 374, 374, 374, 374, 374, 374, 374, 374, 374, 374, 374, 374, 374, 374, 374, 374, 374, 374, 374, 374, 374, 374, 374, 374, 374, 374, 374, 374, 374, 374, 374, 374, 374, 374, 374, 374, 374, 374, 374, 374, 374, 374, 374, 374, 374, 374, 374, 374, 374, 374, 374, 374, 374, 374, 374, 374, 374, 374, 374, 374, 374, 374, 374, 374, 374, 374, 374, 374, 374, 374, 374, 374, 374, 374, 374, 374, 374, 374, 374, 374, 374, 374, 374, 374, 374, 374, 374, 374, 374, 374, 374, 374]

ep173
Train step Loss: [0.9460984468460083, 0.9461740851402283, 0.9460991621017456, 0.9460567235946655, 0.9460529685020447, 0.9460877776145935, 0.9460252523422241, 0.9460671544075012, 0.9461178183555603, 0.946334958076477, 0.9460511207580566, 0.9460101127624512, 0.9462085962295532, 0.9460921287536621, 0.946104884147644, 0.9461628198623657, 0.9459877014160156, 0.9459986686706543, 0.9460123777389526, 0.946067214012146, 0.9460691809654236, 0.9460095763206482, 0.9460156559944153, 0.9460980892181396, 0.9461106061935425, 0.9461392164230347, 0.9461135268211365, 0.9461188912391663, 0.946053683757782, 0.9459782242774963, 0.9462900161743164, 0.9461318850517273, 0.9460322260856628, 0.9461122751235962, 0.9460184574127197, 0.9460046291351318, 0.9460937976837158, 0.9461313486099243, 0.9459891319274902, 0.9461475014686584, 0.9460391402244568, 0.9461483955383301, 0.9460290670394897, 0.9460507035255432, 0.9461474418640137, 0.9460453987121582, 0.9460904002189636, 0.9461380243301392, 0.946063220500946, 0.9460638165473938, 0.946083664894104, 0.9460768699645996, 0.9461543560028076, 0.9461299777030945, 0.9461590647697449, 0.9460722208023071, 0.9459640383720398, 0.9460906386375427, 0.9460960626602173, 0.9463376998901367, 0.9460496306419373, 0.9460534453392029, 0.9460713863372803, 0.9461161494255066, 0.9461077451705933, 0.9460023641586304, 0.9461060166358948, 0.9460533857345581, 0.9461504817008972, 0.9460736513137817, 0.9461087584495544, 0.9460799694061279, 0.946077287197113, 0.9460206031799316, 0.9460365772247314, 0.9460325837135315, 0.9461666941642761, 0.9460307359695435, 0.9460490345954895, 0.9460986256599426, 0.9461755156517029, 0.9462020397186279, 0.9462337493896484, 0.946161687374115, 0.946210503578186, 0.9460153579711914, 0.9461489915847778, 0.9461241364479065, 0.9460744857788086, 0.9461398124694824, 0.946138322353363, 0.94603431224823, 0.9460141658782959, 0.946204662322998, 0.9462016224861145, 0.946081817150116, 0.9460993409156799, 0.9460822939872742, 0.9460941553115845, 0.9459820985794067, 0.9460899233818054, 0.9462005496025085, 0.9461504817008972, 0.946121335029602, 0.9460885524749756]
val step Loss: [0.9476146697998047, 0.9470128417015076, 0.9467195868492126, 0.9467372298240662, 0.9478784799575806, 0.946779727935791, 0.9467304944992065, 0.94684898853302, 0.9468228816986084, 0.9467074871063232, 0.946792483329773, 0.9477854371070862, 0.947056770324707, 0.947171688079834, 0.9467905163764954, 0.9468792676925659, 0.9469137191772461, 0.9509605169296265, 0.9469113349914551, 0.9469088912010193, 0.9478729367256165, 0.9469677209854126, 0.9469132423400879, 0.9485424160957336, 0.9517884850502014, 0.9469478726387024, 0.9471351504325867]
Train step Accs: [1.0, 1.0, 1.0, 1.0, 1.0, 1.0, 1.0, 1.0, 1.0, 1.0, 1.0, 1.0, 1.0, 1.0, 1.0, 1.0, 1.0, 1.0, 1.0, 1.0, 1.0, 1.0, 1.0, 1.0, 1.0, 1.0, 1.0, 1.0, 1.0, 1.0, 1.0, 1.0, 1.0, 1.0, 1.0, 1.0, 1.0, 1.0, 1.0, 1.0, 1.0, 1.0, 1.0, 1.0, 1.0, 1.0, 1.0, 1.0, 1.0, 1.0, 1.0, 1.0, 1.0, 1.0, 1.0, 1.0, 1.0, 1.0, 1.0, 1.0, 1.0, 1.0, 1.0, 1.0, 1.0, 1.0, 1.0, 1.0, 1.0, 1.0, 1.0, 1.0, 1.0, 1.0, 1.0, 1.0, 1.0, 1.0, 1.0, 1.0, 1.0, 1.0, 1.0, 1.0, 1.0, 1.0, 1.0, 1.0, 1.0, 1.0, 1.0, 1.0, 1.0, 1.0, 1.0, 1.0, 1.0, 1.0, 1.0, 1.0, 1.0, 1.0, 1.0, 1.0, 1.0]
val step Accs: [0.9998643516006511, 1.0, 1.0, 1.0, 0.9998321866084914, 1.0, 1.0, 1.0, 1.0, 1.0, 1.0, 0.9998530708198649, 1.0, 1.0, 1.0, 1.0, 1.0, 0.9992343032159265, 1.0, 1.0, 0.999817050859861, 1.0, 1.0, 0.9996948428440647, 0.9990838295923041, 1.0, 1.0]
Preds: [17, 17, 445, 464, 171, 171, 171, 171, 252, 252, 314, 32, 239, 36, 107, 107, 395, 213, 213, 213, 213, 246, 19, 454, 229, 229, 247, 126, 126, 126, 126, 326, 326, 408, 408, 408, 391, 228, 244, 320, 7, 7, 32, 32, 239, 108, 371, 371, 278, 278, 422, 236, 239, 239, 384, 449, 371, 470, 180, 443, 443, 443, 443, 403, 403, 171, 438, 203, 399, 217, 250, 250, 250, 138, 153, 88, 132, 374, 219, 219, 219, 219, 219, 464, 464, 171, 171, 171, 171, 246, 246, 246, 246, 24, 24, 239, 239, 384, 384, 420, 324, 324, 340, 116, 10, 10, 309, 479, 479, 331, 106, 153, 426, 426, 293, 293, 293, 98, 98, 335, 335, 226, 226, 209, 188, 188, 213, 324, 301, 8, 8, 239, 354, 354, 106, 355, 355, 376, 376, 460, 452, 263, 263, 263, 13, 229, 229, 82, 312, 23, 23, 23, 408, 149, 228, 244, 320, 479, 479, 398, 324, 422, 143, 465, 465, 354, 354, 346, 284, 486, 206, 169, 150, 342, 342, 164, 164, 224, 273, 470, 403, 403, 464, 464, 464, 355, 178, 143, 129, 458, 208, 208, 441, 100, 387, 387, 313, 236, 239, 239, 310, 107, 107, 395, 278, 443, 443, 240, 215, 215, 129, 259, 354, 284, 206, 460, 240, 35, 36, 164, 342, 351, 180, 486, 460, 460, 178, 178, 233, 458, 192, 192, 41, 41, 41, 41, 19, 19, 19, 454, 454, 229, 229, 82, 126, 126, 292, 326, 408, 408, 149, 244, 244, 373, 338, 338, 338, 395, 494, 374, 416, 8, 32, 239, 354, 65, 65, 481, 481, 481, 293, 143, 35, 458, 208, 100, 100, 387, 387, 122, 236, 129, 259, 310, 108, 323, 224, 397, 106, 88, 88, 387, 203, 399, 217, 473, 473, 398, 324, 464, 422, 416, 143, 458, 144, 208, 27, 441, 125, 125, 387, 206, 175, 251, 251, 241, 431, 486, 460, 460, 167, 178, 35, 77, 342, 342, 342, 224, 267, 267, 444, 324, 246, 246, 477, 301, 313, 325, 325, 34, 324, 324, 301, 422, 24, 239, 384, 371, 180, 486, 486, 460, 240, 240, 24, 239, 310, 107, 395, 255, 416, 143, 129, 401, 259, 320, 354, 354, 109, 337, 41, 324, 19, 19, 454, 454, 229, 229, 247, 312, 187, 187, 187, 408, 408, 391, 391, 73, 244, 320, 7, 7, 371, 398, 324, 301, 116, 251, 251, 331, 106, 88, 88, 88, 106, 284, 405, 206, 206, 178, 35, 35, 401, 259, 354, 106, 284, 405, 405, 206, 178, 178, 35, 233, 401, 401, 320, 7, 276, 100, 375, 98, 98, 98, 249, 305, 305, 170, 244, 28, 28, 392, 392, 392, 63, 63, 392, 63, 63, 63, 392, 63, 63, 63, 63, 63, 244, 195, 305, 211, 211, 17, 420, 374, 374, 374, 374, 374, 374, 374, 374, 374, 374, 374, 374, 374, 374, 374, 374, 374, 374, 374, 374, 374, 374, 374, 374, 374, 374, 374, 374, 374, 374, 374, 374, 374, 374, 374, 374, 374, 374, 374, 374, 374, 374, 374, 374, 374, 374, 374, 374, 374, 374, 374, 374, 374, 374, 374, 374, 374, 374, 374, 374, 374, 374, 374, 374, 374, 374, 374, 374, 374, 374, 374, 374, 374, 374, 374, 374, 374, 374, 374, 374, 374, 374, 374, 374, 374, 374, 374, 374, 374, 374, 374, 374, 374, 374, 374, 374, 374, 374, 374, 374, 374, 374, 374, 374, 374, 374, 374, 374, 374, 374, 374, 374, 374, 374, 374, 374, 374, 374, 374, 374, 374, 374, 374, 374, 374, 374, 374, 374, 374, 374, 374, 374, 374, 374, 374, 374, 374]

ep174
Train step Loss: [0.9460726380348206, 0.9460690021514893, 0.9460858106613159, 0.9463050365447998, 0.9461346864700317, 0.9460124373435974, 0.9461238384246826, 0.9459779262542725, 0.9460013508796692, 0.9460910558700562, 0.946197509765625, 0.9461179971694946, 0.946030855178833, 0.946081280708313, 0.9459888339042664, 0.9461443424224854, 0.9460589289665222, 0.9460799694061279, 0.9460760951042175, 0.9461150169372559, 0.9460780620574951, 0.9462530016899109, 0.9460675716400146, 0.9460998773574829, 0.9460817575454712, 0.9460840821266174, 0.9461267590522766, 0.9460391998291016, 0.9461319446563721, 0.9461464881896973, 0.9460479617118835, 0.9461485743522644, 0.9460773468017578, 0.9460684657096863, 0.9460523724555969, 0.9460662007331848, 0.9460557103157043, 0.9461035132408142, 0.9460667371749878, 0.9460921287536621, 0.9461219310760498, 0.9461320042610168, 0.9461380839347839, 0.9461018443107605, 0.9460209608078003, 0.9460213780403137, 0.9459559917449951, 0.9461070895195007, 0.9459875822067261, 0.9461156725883484, 0.9460733532905579, 0.9460719227790833, 0.9460693001747131, 0.9461132884025574, 0.9460098743438721, 0.9461982250213623, 0.9460442066192627, 0.9460252523422241, 0.9460875391960144, 0.9460894465446472, 0.9460480809211731, 0.9461672902107239, 0.9461073875427246, 0.9460810422897339, 0.9461409449577332, 0.9461081624031067, 0.9460402131080627, 0.9460743069648743, 0.9461213946342468, 0.9460257887840271, 0.9461551308631897, 0.9460393786430359, 0.9460216760635376, 0.9460300207138062, 0.946124792098999, 0.9460604190826416, 0.9460413455963135, 0.9460147023200989, 0.9461356997489929, 0.9460988640785217, 0.9460690021514893, 0.946088969707489, 0.9461909532546997, 0.9460473656654358, 0.9460757970809937, 0.9462235569953918, 0.9460182189941406, 0.946039080619812, 0.9461708068847656, 0.9460602402687073, 0.9460885524749756, 0.9461023211479187, 0.9463219046592712, 0.9461075067520142, 0.946058988571167, 0.9461230635643005, 0.9460463523864746, 0.9460135698318481, 0.946071982383728, 0.9460533857345581, 0.9461241960525513, 0.9461603760719299, 0.946245014667511, 0.9460511803627014, 0.9460228681564331]
val step Loss: [0.9470531940460205, 0.946835458278656, 0.9520125389099121, 0.9468446373939514, 0.9468207359313965, 0.9469085931777954, 0.9466454982757568, 0.9521991014480591, 0.9467837810516357, 0.9469452500343323, 0.946844220161438, 0.9468840956687927, 0.946880042552948, 0.9471438527107239, 0.9469068050384521, 0.9468792080879211, 0.946845293045044, 0.9482592940330505, 0.9468119144439697, 0.9467648267745972, 0.9498408436775208, 0.9477160573005676, 0.9466485977172852, 0.9468567371368408, 0.946879506111145, 0.9467442035675049, 0.9468353986740112]
Train step Accs: [1.0, 1.0, 1.0, 1.0, 1.0, 1.0, 1.0, 1.0, 1.0, 1.0, 1.0, 1.0, 1.0, 1.0, 1.0, 1.0, 1.0, 1.0, 1.0, 1.0, 1.0, 1.0, 1.0, 1.0, 1.0, 1.0, 1.0, 1.0, 1.0, 1.0, 1.0, 1.0, 1.0, 1.0, 1.0, 1.0, 1.0, 1.0, 1.0, 1.0, 1.0, 1.0, 1.0, 1.0, 1.0, 1.0, 1.0, 1.0, 1.0, 1.0, 1.0, 1.0, 1.0, 1.0, 1.0, 1.0, 1.0, 1.0, 1.0, 1.0, 1.0, 1.0, 1.0, 1.0, 1.0, 1.0, 1.0, 1.0, 1.0, 1.0, 1.0, 1.0, 1.0, 1.0, 1.0, 1.0, 1.0, 1.0, 1.0, 1.0, 1.0, 1.0, 1.0, 1.0, 1.0, 1.0, 1.0, 1.0, 1.0, 1.0, 1.0, 1.0, 1.0, 1.0, 1.0, 1.0, 1.0, 1.0, 1.0, 1.0, 1.0, 1.0, 1.0, 1.0, 1.0]
val step Accs: [1.0, 1.0, 0.9990766389658357, 1.0, 1.0, 1.0, 1.0, 0.9990444338270426, 1.0, 1.0, 1.0, 1.0, 1.0, 1.0, 1.0, 1.0, 1.0, 0.9997970367363507, 1.0, 1.0, 0.9994667614646285, 0.9998385794995964, 1.0, 1.0, 1.0, 1.0, 1.0]
Preds: [17, 17, 32, 239, 384, 377, 371, 374, 374, 374, 132, 8, 8, 259, 354, 354, 180, 180, 443, 120, 120, 120, 120, 120, 240, 240, 240, 216, 285, 84, 84, 302, 302, 100, 375, 375, 375, 98, 98, 98, 229, 229, 247, 312, 312, 187, 1, 101, 101, 101, 321, 321, 287, 287, 287, 287, 284, 284, 284, 206, 167, 348, 379, 77, 77, 478, 66, 323, 323, 172, 115, 273, 273, 273, 151, 240, 240, 285, 199, 111, 111, 111, 111, 438, 438, 438, 219, 324, 324, 464, 464, 464, 464, 301, 301, 143, 35, 74, 437, 437, 437, 284, 284, 285, 285, 106, 284, 284, 284, 284, 426, 426, 293, 293, 293, 182, 346, 346, 284, 284, 284, 284, 426, 481, 293, 293, 43, 43, 276, 276, 276, 174, 387, 348, 10, 398, 398, 398, 398, 374, 378, 406, 406, 406, 88, 88, 81, 81, 337, 337, 146, 324, 219, 219, 219, 152, 152, 58, 58, 27, 351, 486, 486, 486, 486, 486, 460, 460, 460, 167, 35, 35, 219, 219, 219, 485, 485, 477, 374, 374, 374, 374, 374, 304, 304, 337, 41, 19, 19, 454, 454, 229, 229, 229, 312, 312, 187, 187, 23, 23, 23, 260, 391, 391, 321, 321, 320, 320, 345, 100, 100, 497, 497, 497, 122, 216, 453, 168, 5, 258, 38, 99, 99, 338, 338, 338, 338, 338, 400, 400, 444, 171, 171, 171, 171, 171, 464, 464, 335, 14, 14, 287, 145, 145, 111, 111, 240, 240, 146, 219, 219, 219, 464, 464, 464, 222, 84, 245, 245, 245, 43, 43, 43, 364, 276, 276, 276, 276, 276, 346, 346, 346, 284, 284, 206, 206, 206, 167, 167, 35, 14, 411, 411, 411, 424, 424, 424, 153, 182, 182, 182, 182, 182, 182, 182, 122, 122, 250, 303, 195, 195, 195, 303, 117, 98, 117, 117, 48, 48, 48, 414, 170, 244, 244, 392, 244, 392, 392, 392, 244, 73, 7, 7, 321, 7, 7, 127, 451, 30, 30, 324, 301, 301, 378, 325, 114, 114, 114, 180, 486, 486, 486, 315, 460, 285, 285, 285, 467, 85, 111, 403, 146, 207, 299, 299, 434, 434, 250, 250, 413, 271, 186, 186, 99, 99, 338, 338, 395, 395, 273, 273, 432, 432, 330, 240, 240, 385, 35, 77, 164, 164, 115, 273, 273, 180, 151, 151, 151, 206, 130, 130, 402, 183, 219, 219, 219, 213, 213, 213, 246, 246, 246, 246, 301, 301, 378, 43, 43, 276, 276, 153, 153, 387, 413, 413, 360, 219, 246, 246, 246, 246, 246, 246, 246, 19, 17, 420, 374, 374, 374, 374, 374, 374, 374, 374, 374, 374, 374, 374, 374, 374, 374, 374, 374, 374, 374, 374, 374, 374, 374, 374, 374, 374, 374, 374, 374, 374, 374, 374, 374, 374, 374, 374, 374, 374, 374, 374, 374, 374, 374, 374, 374, 374, 374, 374, 374, 374, 374, 374, 374, 374, 374, 374, 374, 374, 374, 374, 374, 374, 374, 374, 374, 374, 374, 374, 374, 374, 374, 374, 374, 374, 374, 374, 374, 374, 374, 374, 374, 374, 374, 374, 374, 374, 374, 374, 374, 374, 374, 374, 374, 374, 374, 374, 374, 374, 374, 374, 374, 374, 374, 374, 374, 374, 374, 374, 374, 374, 374, 374, 374, 374, 374, 374, 374, 374, 374, 374, 374, 374, 374, 374, 374, 374, 374, 374, 374, 374, 374, 374, 374, 374, 374, 374, 374, 374, 374, 374, 374, 374, 374, 374, 374, 374, 374, 374, 374, 374, 374, 374, 374, 374, 374, 374, 374, 374, 374, 374, 374, 374, 374, 374, 374, 374, 374, 374, 374, 374, 374, 374, 374]

