ep256
Train step Loss: [0.9456656575202942, 0.9457438588142395, 0.9456523656845093, 0.9457786679267883, 0.945702314376831, 0.9457631707191467, 0.9457615613937378, 0.9457056522369385, 0.9456721544265747, 0.9457535743713379, 0.9457613825798035, 0.945683479309082, 0.9457117915153503, 0.9456971883773804, 0.9456459283828735, 0.9457650780677795, 0.9456887245178223, 0.9456611275672913, 0.945695698261261, 0.9456763863563538, 0.945724606513977, 0.9457042813301086, 0.9457172155380249, 0.9456920027732849, 0.9456771612167358, 0.9457082748413086, 0.9456509351730347, 0.945681095123291, 0.9456624984741211, 0.9456969499588013, 0.9457286596298218, 0.9456958770751953, 0.9457070231437683, 0.9456824064254761, 0.9457618594169617, 0.945813000202179, 0.9457471966743469, 0.9457273483276367, 0.9456021785736084, 0.9456242322921753, 0.945721447467804, 0.9457291960716248, 0.9458444118499756, 0.9456875324249268, 0.9456471800804138, 0.9457385540008545, 0.9457078576087952, 0.9457069039344788, 0.9457351565361023, 0.945720911026001, 0.9456930756568909, 0.9457060098648071, 0.9456795454025269, 0.9456779956817627, 0.9457828402519226, 0.9457093477249146, 0.9456767439842224, 0.9457539319992065, 0.9457712173461914, 0.9457502365112305, 0.9457330703735352, 0.9458082914352417, 0.9456606507301331, 0.9457054138183594, 0.9457024931907654, 0.9456825256347656, 0.9457515478134155, 0.9456982016563416, 0.9457336664199829, 0.9457083940505981, 0.945662260055542, 0.9457221031188965, 0.945736825466156, 0.9457855224609375, 0.9456070065498352, 0.9457570314407349, 0.9456862211227417, 0.945754885673523, 0.9457325339317322, 0.9457408785820007, 0.9457167983055115, 0.9456604719161987, 0.9457603096961975, 0.9457394480705261, 0.9457097053527832, 0.9456812739372253, 0.9456580877304077, 0.945726752281189, 0.9456530213356018, 0.945691704750061, 0.9456632733345032, 0.9457504749298096, 0.9456803798675537, 0.945690393447876, 0.9456757307052612, 0.9457327723503113, 0.9456716179847717, 0.9456634521484375, 0.9456862807273865, 0.945663571357727, 0.9457215070724487, 0.9456173181533813, 0.9456021785736084, 0.9456907510757446, 0.9457319378852844]
val step Loss: [0.9480898976325989, 0.9477481842041016, 0.945907473564148, 0.9520221948623657, 0.9461314678192139, 0.9459189176559448, 0.9460725784301758, 0.94609534740448, 0.9462199807167053, 0.9464351534843445, 0.9460288286209106, 0.9459097981452942, 0.9461168646812439, 0.9461045265197754, 0.9461777210235596, 0.9460211396217346, 0.9469736814498901, 0.9461510181427002, 0.9461246132850647, 0.9460539221763611, 0.9469924569129944, 0.9460667371749878, 0.950019896030426, 0.9462161064147949, 0.94610995054245, 0.9462912082672119, 0.9460167288780212]
Train step Accs: [1.0, 1.0, 1.0, 1.0, 1.0, 1.0, 1.0, 1.0, 1.0, 1.0, 1.0, 1.0, 1.0, 1.0, 1.0, 1.0, 1.0, 1.0, 1.0, 1.0, 1.0, 1.0, 1.0, 1.0, 1.0, 1.0, 1.0, 1.0, 1.0, 1.0, 1.0, 1.0, 1.0, 1.0, 1.0, 1.0, 1.0, 1.0, 1.0, 1.0, 1.0, 1.0, 1.0, 1.0, 1.0, 1.0, 1.0, 1.0, 1.0, 1.0, 1.0, 1.0, 1.0, 1.0, 1.0, 1.0, 1.0, 1.0, 1.0, 1.0, 1.0, 1.0, 1.0, 1.0, 1.0, 1.0, 1.0, 1.0, 1.0, 1.0, 1.0, 1.0, 1.0, 1.0, 1.0, 1.0, 1.0, 1.0, 1.0, 1.0, 1.0, 1.0, 1.0, 1.0, 1.0, 1.0, 1.0, 1.0, 1.0, 1.0, 1.0, 1.0, 1.0, 1.0, 1.0, 1.0, 1.0, 1.0, 1.0, 1.0, 1.0, 1.0, 1.0, 1.0, 1.0]
val step Accs: [0.9996630727762803, 0.9997021593447506, 1.0, 0.9989165763813651, 1.0, 1.0, 1.0, 1.0, 1.0, 1.0, 1.0, 1.0, 1.0, 1.0, 1.0, 1.0, 0.9998456551937027, 1.0, 1.0, 1.0, 0.9998104624715694, 1.0, 0.9993044687880369, 1.0, 1.0, 1.0, 1.0]
Preds: [17, 17, 152, 152, 152, 378, 378, 43, 276, 345, 345, 109, 174, 284, 319, 240, 240, 240, 314, 239, 82, 82, 449, 371, 444, 213, 324, 324, 324, 286, 301, 132, 42, 42, 147, 380, 380, 288, 443, 432, 330, 330, 388, 33, 33, 64, 394, 398, 219, 464, 464, 464, 180, 315, 315, 450, 450, 293, 43, 43, 43, 364, 276, 276, 276, 276, 346, 346, 284, 284, 284, 284, 376, 376, 206, 206, 85, 85, 240, 388, 251, 251, 251, 251, 251, 251, 241, 431, 355, 355, 452, 263, 263, 263, 420, 420, 420, 420, 420, 420, 420, 420, 420, 420, 420, 420, 420, 420, 420, 420, 420, 420, 420, 420, 420, 420, 420, 420, 420, 420, 420, 420, 420, 420, 420, 420, 420, 420, 420, 420, 420, 420, 420, 420, 420, 420, 420, 420, 420, 420, 420, 420, 420, 420, 420, 420, 420, 420, 420, 420, 420, 420, 420, 420, 420, 420, 420, 420, 420, 420, 420, 420, 420, 420, 420, 420, 420, 420, 420, 420, 420, 420, 420, 420, 420, 420, 420, 420, 420, 420, 420, 420, 420, 420, 420, 420, 420, 420, 420, 420, 420, 420, 420, 420, 420, 420, 420, 420, 420, 420, 420, 420, 420, 420, 420, 420, 420, 420, 420, 420, 420, 420, 420, 420, 420, 420, 420, 420, 420, 420, 420, 420, 420, 420, 420, 420, 420, 420, 420, 420, 420, 420, 420, 420, 420, 420, 420, 420, 420, 420, 420, 420, 420, 420, 420, 420, 420, 420, 420, 420, 420, 420, 420, 420, 420, 420, 420, 420, 420, 420, 420, 420, 420, 420, 420, 420, 420, 420, 420, 420, 420, 420, 420, 420, 420, 420, 420, 420, 420, 420, 420, 420, 420, 420, 420, 420, 420, 420, 420, 420, 420, 420, 420, 420, 420, 420, 420, 420, 420, 420, 420, 420, 420, 420, 420, 420, 420, 420, 420, 420, 420, 420, 420, 420, 420, 420, 420, 420, 420, 420, 420, 420, 420, 420, 420, 420, 420, 420, 420, 420, 420, 420, 420, 420, 420, 420, 420, 420, 420, 420, 420, 420, 420, 420, 420, 420, 420, 420, 420, 420, 420, 420, 420, 420, 420, 420, 420, 420, 420, 420, 420, 420, 420, 420, 420, 420, 420, 420, 420, 420, 420, 420, 420, 420, 420, 420, 420, 420, 420, 420, 420, 420, 420, 420, 420, 420, 420, 420, 420, 420, 420, 420, 420, 420, 420, 420, 420, 420, 420, 420, 420, 420, 420, 420, 420, 420, 420, 420, 420, 420, 420, 420, 420, 420, 420, 420, 420, 420, 420, 420, 420, 420, 420, 420, 420, 420, 420, 420, 420, 420, 420, 420, 420, 420, 420, 420, 420, 420, 420, 420, 420, 420, 420, 420, 420, 420, 420, 420, 420, 420, 420, 420, 420, 420, 420, 420, 420, 420, 420, 420, 420, 420, 420, 420, 420, 420, 420, 420, 420, 420, 420, 420, 420, 420, 420, 420, 420, 420, 420, 420, 420, 420, 420, 420, 420, 420, 420, 420, 420, 420, 420, 420, 420, 420, 420, 420, 420, 420, 420, 420, 420, 420, 420, 420, 420, 420, 420, 420, 420, 420, 420, 420, 420, 420, 420, 420, 420, 420, 420, 420, 420, 420, 420, 420, 420, 420, 420, 420, 420, 420, 420, 420, 420, 420, 420, 420, 420, 420, 420, 420, 420, 420, 420, 420, 420, 420, 420, 420, 420, 420, 420, 420, 420, 420, 420, 420, 420, 420, 420, 420, 420, 420, 420, 420, 420, 420, 420, 420, 420, 420, 420, 420, 420, 420, 420, 420, 420, 420, 420, 420, 420, 420, 420, 420, 420, 420, 420, 420, 420, 420, 420, 420, 420, 420, 420, 420, 420, 420, 420, 420]

ep257
Train step Loss: [0.945659339427948, 0.9457674622535706, 0.9456634521484375, 0.9457784295082092, 0.9457377791404724, 0.9456613063812256, 0.9457520246505737, 0.9456919431686401, 0.9456253051757812, 0.9456760287284851, 0.9457107782363892, 0.9457431435585022, 0.945655345916748, 0.9457583427429199, 0.9456473588943481, 0.9457046985626221, 0.9458404779434204, 0.9457327723503113, 0.9456753134727478, 0.9457719326019287, 0.9457317590713501, 0.9457484483718872, 0.9457721710205078, 0.9456682801246643, 0.9456678628921509, 0.9456854462623596, 0.94569993019104, 0.945686399936676, 0.945712685585022, 0.9457599520683289, 0.9457518458366394, 0.9457049369812012, 0.945764422416687, 0.9456621408462524, 0.9457473754882812, 0.9456745386123657, 0.9456955194473267, 0.945663571357727, 0.9457262754440308, 0.9456986784934998, 0.9456682205200195, 0.9457241892814636, 0.9457400441169739, 0.9457033276557922, 0.9457060098648071, 0.9457431435585022, 0.9456939697265625, 0.9456952214241028, 0.9456982612609863, 0.9456627368927002, 0.9456719756126404, 0.9457520842552185, 0.9458115100860596, 0.9456673860549927, 0.9457454681396484, 0.9456950426101685, 0.9457336068153381, 0.945643424987793, 0.9456391930580139, 0.9456920623779297, 0.9456381797790527, 0.945682168006897, 0.9457094073295593, 0.945645272731781, 0.945715606212616, 0.9456477165222168, 0.9457724690437317, 0.9457833766937256, 0.9456871151924133, 0.9456055760383606, 0.9456976652145386, 0.9457294344902039, 0.945740282535553, 0.9456885457038879, 0.9457205533981323, 0.9456439018249512, 0.9457106590270996, 0.9456762671470642, 0.945763349533081, 0.945715606212616, 0.9456982016563416, 0.9456576108932495, 0.9457106590270996, 0.9456763863563538, 0.9457288980484009, 0.9457208514213562, 0.9457355737686157, 0.9457316398620605, 0.9456989169120789, 0.9457442760467529, 0.9457116723060608, 0.9457187652587891, 0.9456537365913391, 0.9456915855407715, 0.9456953406333923, 0.9457095265388489, 0.9457694888114929, 0.9456958770751953, 0.9457380771636963, 0.9457356929779053, 0.9457293748855591, 0.9456475973129272, 0.945671558380127, 0.9457592964172363, 0.9456586837768555]
val step Loss: [0.9461631774902344, 0.9460602402687073, 0.9461037516593933, 0.9461041688919067, 0.9461493492126465, 0.9470932483673096, 0.9471396207809448, 0.9463660717010498, 0.9461140036582947, 0.9461236596107483, 0.9460808634757996, 0.9574304819107056, 0.9461816549301147, 0.9460679292678833, 0.947009265422821, 0.9461514353752136, 0.9460304975509644, 0.9461846351623535, 0.9462907910346985, 0.9462200999259949, 0.9469170570373535, 0.9461115598678589, 0.9461445212364197, 0.9460413455963135, 0.946159303188324, 0.9461357593536377, 0.9460353255271912]
Train step Accs: [1.0, 1.0, 1.0, 1.0, 1.0, 1.0, 1.0, 1.0, 1.0, 1.0, 1.0, 1.0, 1.0, 1.0, 1.0, 1.0, 1.0, 1.0, 1.0, 1.0, 1.0, 1.0, 1.0, 1.0, 1.0, 1.0, 1.0, 1.0, 1.0, 1.0, 1.0, 1.0, 1.0, 1.0, 1.0, 1.0, 1.0, 1.0, 1.0, 1.0, 1.0, 1.0, 1.0, 1.0, 1.0, 1.0, 1.0, 1.0, 1.0, 1.0, 1.0, 1.0, 1.0, 1.0, 1.0, 1.0, 1.0, 1.0, 1.0, 1.0, 1.0, 1.0, 1.0, 1.0, 1.0, 1.0, 1.0, 1.0, 1.0, 1.0, 1.0, 1.0, 1.0, 1.0, 1.0, 1.0, 1.0, 1.0, 1.0, 1.0, 1.0, 1.0, 1.0, 1.0, 1.0, 1.0, 1.0, 1.0, 1.0, 1.0, 1.0, 1.0, 1.0, 1.0, 1.0, 1.0, 1.0, 1.0, 1.0, 1.0, 1.0, 1.0, 1.0, 1.0, 1.0]
val step Accs: [1.0, 1.0, 1.0, 1.0, 1.0, 0.99981556621173, 0.9998213009292352, 1.0, 1.0, 1.0, 1.0, 0.9979256698357822, 1.0, 1.0, 0.9998423707440101, 1.0, 1.0, 1.0, 1.0, 1.0, 0.9998325238653492, 1.0, 1.0, 1.0, 1.0, 1.0, 1.0]
Preds: [17, 17, 441, 153, 153, 153, 424, 387, 497, 497, 122, 122, 35, 35, 259, 384, 371, 180, 180, 84, 84, 139, 16, 16, 375, 375, 375, 375, 98, 98, 98, 13, 13, 414, 414, 249, 249, 20, 47, 312, 187, 187, 101, 101, 101, 101, 149, 149, 149, 321, 287, 287, 287, 287, 297, 297, 297, 293, 293, 293, 122, 216, 22, 106, 106, 106, 284, 284, 284, 284, 306, 306, 372, 245, 406, 406, 284, 65, 284, 284, 284, 376, 376, 282, 282, 169, 271, 150, 77, 342, 342, 168, 97, 483, 196, 196, 479, 199, 199, 199, 360, 360, 330, 252, 368, 310, 310, 395, 395, 213, 278, 278, 278, 252, 368, 77, 453, 453, 168, 485, 301, 301, 374, 199, 106, 84, 84, 84, 84, 496, 293, 215, 215, 8, 251, 241, 241, 106, 106, 106, 284, 426, 405, 387, 387, 406, 406, 467, 467, 337, 207, 207, 19, 358, 233, 414, 417, 417, 417, 417, 442, 442, 414, 170, 102, 491, 312, 292, 292, 292, 292, 326, 326, 408, 408, 408, 228, 321, 320, 451, 30, 30, 422, 99, 338, 338, 338, 338, 400, 400, 400, 400, 171, 171, 301, 301, 378, 43, 364, 345, 345, 109, 109, 476, 476, 171, 324, 324, 301, 301, 8, 259, 354, 354, 420, 420, 420, 324, 324, 301, 251, 251, 241, 241, 331, 443, 443, 443, 443, 120, 120, 120, 120, 207, 207, 207, 207, 37, 203, 399, 217, 217, 473, 473, 476, 476, 171, 171, 171, 171, 252, 252, 310, 453, 107, 395, 444, 213, 213, 360, 252, 252, 368, 77, 54, 54, 224, 168, 494, 278, 301, 116, 251, 251, 241, 431, 431, 486, 376, 376, 376, 376, 376, 460, 460, 460, 240, 240, 35, 198, 384, 371, 114, 180, 84, 84, 84, 387, 372, 467, 467, 467, 467, 467, 207, 207, 207, 19, 19, 17, 420, 420, 420, 420, 420, 420, 420, 420, 420, 420, 420, 420, 420, 420, 420, 420, 420, 420, 420, 420, 420, 420, 420, 420, 420, 420, 420, 420, 420, 420, 420, 420, 420, 420, 420, 420, 420, 420, 420, 420, 420, 420, 420, 420, 420, 420, 420, 420, 420, 420, 420, 420, 420, 420, 420, 420, 420, 420, 420, 420, 420, 420, 420, 420, 420, 420, 420, 420, 420, 420, 420, 420, 420, 420, 420, 420, 420, 420, 420, 420, 420, 420, 420, 420, 420, 420, 420, 420, 420, 420, 420, 420, 420, 420, 420, 420, 420, 420, 420, 420, 420, 420, 420, 420, 420, 420, 420, 420, 420, 420, 420, 420, 420, 420, 420, 420, 420, 420, 420, 420, 420, 420, 420, 420, 420, 420, 420, 420, 420, 420, 420, 420, 420, 420, 420, 420, 420, 420, 420, 420, 420, 420, 420, 420, 420, 420, 420, 420, 420, 420, 420, 420, 420, 420, 420, 420, 420, 420, 420, 420, 420, 420, 420, 420, 420, 420, 420, 420, 420, 420, 420, 420, 420, 420, 420, 420, 420, 420, 420, 420, 420, 420, 420, 420, 420, 420, 420, 420, 420, 420, 420, 420, 420, 420, 420, 420, 420, 420, 420, 420, 420, 420, 420, 420, 420, 420, 420, 420, 420, 420, 420, 420, 420, 420, 420, 420, 420, 420, 420, 420, 420, 420, 420, 420, 420, 420, 420, 420, 420, 420, 420, 420, 420, 420, 420, 420, 420, 420, 420, 420, 420, 420, 420, 420, 420, 420, 420, 420, 420, 420, 420, 420, 420, 420, 420, 420, 420, 420, 420, 420, 420, 420, 420, 420, 420, 420, 420, 420, 420, 420, 420, 420, 420, 420, 420, 420, 420, 420, 420, 420, 420, 420, 420, 420, 420, 420, 420, 420, 420, 420]

ep258
Train step Loss: [0.945638120174408, 0.9456873536109924, 0.9457008838653564, 0.9457305669784546, 0.945720911026001, 0.9456831812858582, 0.9457190632820129, 0.9457557201385498, 0.9456822872161865, 0.9456634521484375, 0.9457221627235413, 0.9456920623779297, 0.9456511735916138, 0.9456136226654053, 0.9456939697265625, 0.9457302093505859, 0.945691704750061, 0.9457200169563293, 0.9457330107688904, 0.9457418918609619, 0.9456954002380371, 0.9456984996795654, 0.9457141757011414, 0.9457314014434814, 0.9457241892814636, 0.9457129836082458, 0.9457284808158875, 0.9457491636276245, 0.9456827044487, 0.9457083940505981, 0.9457053542137146, 0.9457402229309082, 0.9457323551177979, 0.9457005262374878, 0.9456944465637207, 0.9457458853721619, 0.9456871747970581, 0.9457955956459045, 0.9458235502243042, 0.9457602500915527, 0.9457333087921143, 0.9457710981369019, 0.9456729888916016, 0.9457416534423828, 0.9456503987312317, 0.9457310438156128, 0.9457994103431702, 0.9456917643547058, 0.9457367658615112, 0.9456942081451416, 0.9457336664199829, 0.9456485509872437, 0.9457365274429321, 0.9457180500030518, 0.9457329511642456, 0.9457046985626221, 0.9457629323005676, 0.9457098841667175, 0.9457230567932129, 0.9457389116287231, 0.945758044719696, 0.9457359910011292, 0.9456273317337036, 0.9456651210784912, 0.9457597732543945, 0.9456794857978821, 0.9457324147224426, 0.9456381797790527, 0.945760190486908, 0.9457443952560425, 0.9456660747528076, 0.9456731081008911, 0.9457261562347412, 0.9457308650016785, 0.9456498026847839, 0.9456849098205566, 0.9456882476806641, 0.9456600546836853, 0.9457706212997437, 0.9456822872161865, 0.9457134008407593, 0.9457361102104187, 0.9456682205200195, 0.9456585049629211, 0.9457152485847473, 0.9456555843353271, 0.9456483125686646, 0.9457306861877441, 0.9456921219825745, 0.9457343816757202, 0.9456405639648438, 0.9457518458366394, 0.9457238912582397, 0.945809543132782, 0.9457561373710632, 0.9457511305809021, 0.9457255005836487, 0.9457181096076965, 0.9456860423088074, 0.9457038044929504, 0.9457158446311951, 0.9457021951675415, 0.9457130432128906, 0.9456443786621094, 0.9456871151924133]
val step Loss: [0.9460582137107849, 0.946092963218689, 0.9460933804512024, 0.9461119771003723, 0.9462054371833801, 0.946039080619812, 0.9461027383804321, 0.9461008310317993, 0.9462981224060059, 0.9471498727798462, 0.946185827255249, 0.9461660385131836, 0.9460912942886353, 0.9462577700614929, 0.9462304711341858, 0.9462356567382812, 0.9513975977897644, 0.9495192170143127, 0.9470165371894836, 0.9474005103111267, 0.9462409019470215, 0.9461246132850647, 0.9461503028869629, 0.9469077587127686, 0.9478674530982971, 0.9461473822593689, 0.9459818601608276]
Train step Accs: [1.0, 1.0, 1.0, 1.0, 1.0, 1.0, 1.0, 1.0, 1.0, 1.0, 1.0, 1.0, 1.0, 1.0, 1.0, 1.0, 1.0, 1.0, 1.0, 1.0, 1.0, 1.0, 1.0, 1.0, 1.0, 1.0, 1.0, 1.0, 1.0, 1.0, 1.0, 1.0, 1.0, 1.0, 1.0, 1.0, 1.0, 1.0, 1.0, 1.0, 1.0, 1.0, 1.0, 1.0, 1.0, 1.0, 1.0, 1.0, 1.0, 1.0, 1.0, 1.0, 1.0, 1.0, 1.0, 1.0, 1.0, 1.0, 1.0, 1.0, 1.0, 1.0, 1.0, 1.0, 1.0, 1.0, 1.0, 1.0, 1.0, 1.0, 1.0, 1.0, 1.0, 1.0, 1.0, 1.0, 1.0, 1.0, 1.0, 1.0, 1.0, 1.0, 1.0, 1.0, 1.0, 1.0, 1.0, 1.0, 1.0, 1.0, 1.0, 1.0, 1.0, 1.0, 1.0, 1.0, 1.0, 1.0, 1.0, 1.0, 1.0, 1.0, 1.0, 1.0, 1.0]
val step Accs: [1.0, 1.0, 1.0, 1.0, 1.0, 1.0, 1.0, 1.0, 1.0, 0.99982341515098, 1.0, 1.0, 1.0, 1.0, 1.0, 1.0, 0.9990495802312688, 0.9993951308029638, 0.9998344370860928, 0.9997679275934092, 1.0, 1.0, 1.0, 0.999857020303117, 0.9996805622105095, 1.0, 1.0]
Preds: [17, 17, 17, 345, 442, 487, 152, 152, 152, 301, 378, 43, 276, 345, 109, 109, 284, 486, 460, 240, 240, 385, 314, 32, 239, 75, 384, 371, 191, 191, 240, 385, 143, 401, 244, 75, 127, 273, 180, 486, 486, 486, 460, 282, 167, 385, 457, 196, 196, 219, 398, 464, 464, 486, 486, 460, 460, 215, 215, 401, 401, 244, 321, 354, 420, 420, 324, 422, 77, 478, 68, 68, 68, 224, 273, 444, 444, 324, 301, 314, 217, 473, 398, 398, 324, 301, 10, 10, 309, 479, 380, 374, 213, 213, 213, 213, 246, 301, 301, 378, 29, 134, 134, 134, 203, 280, 337, 324, 324, 324, 324, 3, 464, 464, 145, 113, 206, 169, 349, 349, 205, 261, 261, 25, 100, 153, 153, 43, 43, 276, 276, 182, 387, 387, 387, 178, 129, 401, 244, 244, 208, 441, 100, 100, 100, 182, 182, 375, 98, 98, 229, 244, 244, 247, 126, 126, 326, 101, 101, 391, 228, 244, 244, 320, 287, 287, 287, 206, 240, 35, 36, 449, 449, 224, 168, 278, 464, 331, 315, 319, 450, 293, 43, 276, 182, 497, 497, 497, 122, 186, 349, 234, 234, 261, 25, 25, 106, 428, 428, 146, 146, 146, 171, 324, 324, 324, 324, 464, 464, 464, 464, 486, 486, 85, 85, 240, 251, 251, 251, 241, 431, 428, 428, 146, 146, 219, 219, 219, 219, 219, 464, 464, 443, 486, 486, 460, 460, 169, 169, 349, 352, 261, 25, 485, 152, 152, 422, 143, 458, 458, 75, 208, 441, 100, 100, 100, 98, 98, 48, 48, 17, 17, 420, 420, 420, 420, 420, 420, 420, 420, 420, 420, 420, 420, 420, 420, 420, 420, 420, 420, 420, 420, 420, 420, 420, 420, 420, 420, 420, 420, 420, 420, 420, 420, 420, 420, 420, 420, 420, 420, 420, 420, 420, 420, 420, 420, 420, 420, 420, 420, 420, 420, 420, 420, 420, 420, 420, 420, 420, 420, 420, 420, 420, 420, 420, 420, 420, 420, 420, 420, 420, 420, 420, 420, 420, 420, 420, 420, 420, 420, 420, 420, 420, 420, 420, 420, 420, 420, 420, 420, 420, 420, 420, 420, 420, 420, 420, 420, 420, 420, 420, 420, 420, 420, 420, 420, 420, 420, 420, 420, 420, 420, 420, 420, 420, 420, 420, 420, 420, 420, 420, 420, 420, 420, 420, 420, 420, 420, 420, 420, 420, 420, 420, 420, 420, 420, 420, 420, 420, 420, 420, 420, 420, 420, 420, 420, 420, 420, 420, 420, 420, 420, 420, 420, 420, 420, 420, 420, 420, 420, 420, 420, 420, 420, 420, 420, 420, 420, 420, 420, 420, 420, 420, 420, 420, 420, 420, 420, 420, 420, 420, 420, 420, 420, 420, 420, 420, 420, 420, 420, 420, 420, 420, 420, 420, 420, 420, 420, 420, 420, 420, 420, 420, 420, 420, 420, 420, 420, 420, 420, 420, 420, 420, 420, 420, 420, 420, 420, 420, 420, 420, 420, 420, 420, 420, 420, 420, 420, 420, 420, 420, 420, 420, 420, 420, 420, 420, 420, 420, 420, 420, 420, 420, 420, 420, 420, 420, 420, 420, 420, 420, 420, 420, 420, 420, 420, 420, 420, 420, 420, 420, 420, 420, 420, 420, 420, 420, 420, 420, 420, 420, 420, 420, 420, 420, 420, 420, 420, 420, 420, 420, 420, 420, 420, 420, 420, 420, 420, 420, 420, 420, 420, 420, 420, 420, 420, 420, 420, 420, 420, 420, 420, 420, 420, 420, 420, 420, 420, 420, 420, 420, 420, 420, 420, 420, 420, 420, 420, 420, 420, 420, 420, 420, 420, 420, 420, 420, 420, 420, 420, 420, 420, 420, 420, 420, 420, 420, 420, 420, 420]

ep259
Train step Loss: [0.9457805752754211, 0.9457280039787292, 0.9455980658531189, 0.9456694722175598, 0.945796012878418, 0.9457631707191467, 0.9457291960716248, 0.9456582069396973, 0.9457055330276489, 0.9457556009292603, 0.9456850290298462, 0.9456917643547058, 0.9456782341003418, 0.9456505179405212, 0.9456011652946472, 0.9457324743270874, 0.945745050907135, 0.9458109140396118, 0.9457262754440308, 0.9456785321235657, 0.9457097053527832, 0.9456952214241028, 0.9456853270530701, 0.9456483125686646, 0.945732057094574, 0.9456411600112915, 0.9457017779350281, 0.9456819295883179, 0.9457257986068726, 0.9457904100418091, 0.9456995725631714, 0.9457300305366516, 0.9457105398178101, 0.9456881880760193, 0.9457677602767944, 0.945690929889679, 0.9457306265830994, 0.9457607269287109, 0.9456884860992432, 0.9456935524940491, 0.94560706615448, 0.9456713795661926, 0.9457462430000305, 0.9456868171691895, 0.9457259774208069, 0.945725679397583, 0.9456866383552551, 0.9457548260688782, 0.9457677602767944, 0.945693850517273, 0.9456853270530701, 0.9457107782363892, 0.9458132982254028, 0.9458014965057373, 0.9457042217254639, 0.9457064867019653, 0.9457147121429443, 0.9457423686981201, 0.945677638053894, 0.945711612701416, 0.9458072185516357, 0.945722222328186, 0.9457102417945862, 0.9457197189331055, 0.9457037448883057, 0.945708155632019, 0.9457526803016663, 0.9456843733787537, 0.9457144141197205, 0.9456576704978943, 0.9457159042358398, 0.9456568956375122, 0.9457144141197205, 0.9457595944404602, 0.9456803798675537, 0.945687472820282, 0.9457100033760071, 0.9457653760910034, 0.9457610845565796, 0.9456760883331299, 0.94569331407547, 0.9457334280014038, 0.9457084536552429, 0.9457252621650696, 0.9456690549850464, 0.9457342028617859, 0.9456249475479126, 0.9457655549049377, 0.9456984996795654, 0.9456595182418823, 0.9456806778907776, 0.9457951784133911, 0.9456758499145508, 0.9457336664199829, 0.9456915259361267, 0.9456734657287598, 0.9457160234451294, 0.9457103610038757, 0.9456560611724854, 0.9456353783607483, 0.9456444382667542, 0.9457496404647827, 0.9456648230552673, 0.9457306265830994, 0.9457401633262634]
val step Loss: [0.9463677406311035, 0.9459571838378906, 0.9461399912834167, 0.9461210370063782, 0.9461599588394165, 0.9460218548774719, 0.9459753036499023, 0.9461266398429871, 0.9461636543273926, 0.9462659358978271, 0.9461414813995361, 0.9460111260414124, 0.9459190964698792, 0.9480734467506409, 0.9511756300926208, 0.9471350908279419, 0.946915864944458, 0.9461291432380676, 0.9471784830093384, 0.9462225437164307, 0.946032702922821, 0.9460424184799194, 0.9461373686790466, 0.946273922920227, 0.9473114609718323, 0.9499675035476685, 0.9459364414215088]
Train step Accs: [1.0, 1.0, 1.0, 1.0, 1.0, 1.0, 1.0, 1.0, 1.0, 1.0, 1.0, 1.0, 1.0, 1.0, 1.0, 1.0, 1.0, 1.0, 1.0, 1.0, 1.0, 1.0, 1.0, 1.0, 1.0, 1.0, 1.0, 1.0, 1.0, 1.0, 1.0, 1.0, 1.0, 1.0, 1.0, 1.0, 1.0, 1.0, 1.0, 1.0, 1.0, 1.0, 1.0, 1.0, 1.0, 1.0, 1.0, 1.0, 1.0, 1.0, 1.0, 1.0, 1.0, 1.0, 1.0, 1.0, 1.0, 1.0, 1.0, 1.0, 1.0, 1.0, 1.0, 1.0, 1.0, 1.0, 1.0, 1.0, 1.0, 1.0, 1.0, 1.0, 1.0, 1.0, 1.0, 1.0, 1.0, 1.0, 1.0, 1.0, 1.0, 1.0, 1.0, 1.0, 1.0, 1.0, 1.0, 1.0, 1.0, 1.0, 1.0, 1.0, 1.0, 1.0, 1.0, 1.0, 1.0, 1.0, 1.0, 1.0, 1.0, 1.0, 1.0, 1.0, 1.0]
val step Accs: [1.0, 1.0, 1.0, 1.0, 1.0, 1.0, 1.0, 1.0, 1.0, 1.0, 1.0, 1.0, 1.0, 0.9996405463695184, 0.999057936881771, 0.9998422712933754, 0.9998445998445998, 1.0, 0.9998052959501558, 1.0, 1.0, 1.0, 1.0, 1.0, 0.9998014691284495, 0.9993117687543015, 1.0]
Preds: [17, 17, 32, 239, 384, 377, 371, 374, 374, 374, 132, 8, 8, 259, 354, 354, 180, 180, 443, 120, 120, 120, 120, 120, 240, 240, 240, 216, 285, 84, 84, 302, 302, 100, 375, 375, 375, 98, 98, 98, 229, 229, 247, 312, 312, 187, 1, 101, 101, 101, 321, 321, 287, 287, 287, 287, 284, 284, 284, 206, 167, 348, 379, 77, 77, 478, 66, 323, 323, 172, 115, 273, 273, 273, 151, 240, 240, 285, 199, 111, 111, 111, 111, 438, 438, 438, 219, 324, 324, 464, 464, 464, 464, 301, 301, 143, 35, 74, 437, 437, 437, 284, 284, 285, 285, 106, 284, 284, 284, 284, 426, 426, 293, 293, 293, 182, 346, 346, 284, 284, 284, 284, 426, 481, 293, 293, 43, 43, 276, 276, 276, 174, 387, 348, 10, 398, 398, 398, 398, 374, 378, 406, 406, 406, 88, 88, 81, 81, 337, 337, 146, 324, 219, 219, 219, 152, 152, 58, 58, 27, 351, 486, 486, 486, 486, 486, 460, 460, 460, 167, 35, 35, 219, 219, 219, 485, 485, 477, 374, 374, 374, 374, 374, 304, 304, 337, 41, 19, 19, 454, 454, 229, 229, 229, 312, 312, 187, 187, 23, 23, 23, 260, 391, 391, 321, 321, 320, 320, 345, 100, 100, 497, 497, 497, 122, 216, 453, 168, 5, 258, 38, 99, 99, 338, 338, 338, 338, 338, 400, 400, 444, 171, 171, 171, 171, 171, 464, 464, 335, 14, 14, 287, 145, 145, 111, 111, 240, 240, 146, 219, 219, 219, 464, 464, 464, 222, 84, 245, 245, 245, 43, 43, 43, 364, 276, 276, 276, 276, 276, 346, 346, 346, 284, 284, 206, 206, 206, 167, 167, 35, 14, 411, 411, 411, 424, 424, 424, 153, 182, 182, 182, 182, 182, 182, 182, 122, 122, 250, 303, 195, 195, 195, 303, 117, 98, 117, 117, 48, 48, 48, 414, 170, 244, 244, 392, 244, 392, 392, 392, 244, 73, 7, 7, 321, 7, 7, 127, 451, 30, 30, 324, 301, 301, 378, 325, 114, 114, 114, 180, 486, 486, 486, 315, 460, 285, 285, 285, 467, 85, 111, 403, 146, 207, 299, 299, 434, 434, 250, 250, 413, 271, 186, 186, 99, 99, 338, 338, 395, 395, 273, 273, 432, 432, 330, 240, 240, 385, 35, 77, 164, 164, 115, 273, 273, 180, 151, 151, 151, 206, 130, 130, 402, 183, 219, 219, 219, 213, 213, 213, 246, 246, 246, 246, 301, 301, 378, 43, 43, 276, 276, 153, 153, 387, 413, 413, 360, 219, 246, 246, 246, 246, 246, 246, 246, 19, 17, 420, 420, 420, 420, 420, 420, 420, 420, 420, 420, 420, 420, 420, 420, 420, 420, 420, 420, 420, 420, 420, 420, 420, 420, 420, 420, 420, 420, 420, 420, 420, 420, 420, 420, 420, 420, 420, 420, 420, 420, 420, 420, 420, 420, 420, 420, 420, 420, 420, 420, 420, 420, 420, 420, 420, 420, 420, 420, 420, 420, 420, 420, 420, 420, 420, 420, 420, 420, 420, 420, 420, 420, 420, 420, 420, 420, 420, 420, 420, 420, 420, 420, 420, 420, 420, 420, 420, 420, 420, 420, 420, 420, 420, 420, 420, 420, 420, 420, 420, 420, 420, 420, 420, 420, 420, 420, 420, 420, 420, 420, 420, 420, 420, 420, 420, 420, 420, 420, 420, 420, 420, 420, 420, 420, 420, 420, 420, 420, 420, 420, 420, 420, 420, 420, 420, 420, 420, 420, 420, 420, 420, 420, 420, 420, 420, 420, 420, 420, 420, 420, 420, 420, 420, 420, 420, 420, 420, 420, 420, 420, 420, 420, 420, 420, 420, 420, 420, 420, 420, 420, 420, 420, 420, 420]

ep260
Train step Loss: [0.9457066655158997, 0.9457669854164124, 0.9457095265388489, 0.9456928968429565, 0.9456754326820374, 0.9457060098648071, 0.9456644058227539, 0.9456888437271118, 0.9457247853279114, 0.9457935094833374, 0.945681095123291, 0.9456415176391602, 0.9457994103431702, 0.9456988573074341, 0.9457181692123413, 0.9457266330718994, 0.9456378817558289, 0.9456320405006409, 0.9456478357315063, 0.9456933736801147, 0.945695698261261, 0.9456361532211304, 0.9456546306610107, 0.9457089304924011, 0.9457184672355652, 0.9457424283027649, 0.9457342028617859, 0.9457269310951233, 0.9456902742385864, 0.945624053478241, 0.9457670450210571, 0.9457355737686157, 0.9456571936607361, 0.9457231163978577, 0.94565749168396, 0.9456465244293213, 0.9457056522369385, 0.9457331299781799, 0.9456243515014648, 0.9457452893257141, 0.9456697106361389, 0.9457623958587646, 0.9456689357757568, 0.945682168006897, 0.9456788301467896, 0.9456735849380493, 0.9457105994224548, 0.9457463026046753, 0.9456936120986938, 0.9456878900527954, 0.9457039833068848, 0.9457048773765564, 0.9457460045814514, 0.9457470774650574, 0.9457587599754333, 0.9456885457038879, 0.9456138014793396, 0.9457019567489624, 0.9457213878631592, 0.9458690881729126, 0.9456740021705627, 0.9456791877746582, 0.94568932056427, 0.9457288980484009, 0.9457238912582397, 0.9456404447555542, 0.9457235932350159, 0.9456908702850342, 0.9457352161407471, 0.9457004070281982, 0.9457266330718994, 0.9457018971443176, 0.9457054734230042, 0.9456474184989929, 0.9456626772880554, 0.9456615447998047, 0.9457627534866333, 0.9456619024276733, 0.9456804990768433, 0.945709228515625, 0.945766031742096, 0.9457788467407227, 0.9458122253417969, 0.9457641243934631, 0.9457974433898926, 0.945654034614563, 0.9457498788833618, 0.945740818977356, 0.9456890821456909, 0.9457622766494751, 0.94574373960495, 0.9456629157066345, 0.9456585049629211, 0.9457016587257385, 0.9457810521125793, 0.9456988573074341, 0.9457048773765564, 0.9457069635391235, 0.9457188844680786, 0.9456278085708618, 0.9456999897956848, 0.9457833766937256, 0.9457536935806274, 0.9457077383995056, 0.9457059502601624]
val step Loss: [0.9468284845352173, 0.9461914896965027, 0.9459907412528992, 0.9459906816482544, 0.9470925331115723, 0.9460057020187378, 0.9459879398345947, 0.9460766911506653, 0.9460727572441101, 0.9459863901138306, 0.9460161328315735, 0.9469050765037537, 0.946231484413147, 0.9462667107582092, 0.9460049867630005, 0.9460931420326233, 0.9461266398429871, 0.9502274990081787, 0.9461075067520142, 0.9461081027984619, 0.9471079707145691, 0.9461614489555359, 0.9461134672164917, 0.9477676153182983, 0.9510568976402283, 0.9461768865585327, 0.9463151693344116]
Train step Accs: [1.0, 1.0, 1.0, 1.0, 1.0, 1.0, 1.0, 1.0, 1.0, 1.0, 1.0, 1.0, 1.0, 1.0, 1.0, 1.0, 1.0, 1.0, 1.0, 1.0, 1.0, 1.0, 1.0, 1.0, 1.0, 1.0, 1.0, 1.0, 1.0, 1.0, 1.0, 1.0, 1.0, 1.0, 1.0, 1.0, 1.0, 1.0, 1.0, 1.0, 1.0, 1.0, 1.0, 1.0, 1.0, 1.0, 1.0, 1.0, 1.0, 1.0, 1.0, 1.0, 1.0, 1.0, 1.0, 1.0, 1.0, 1.0, 1.0, 1.0, 1.0, 1.0, 1.0, 1.0, 1.0, 1.0, 1.0, 1.0, 1.0, 1.0, 1.0, 1.0, 1.0, 1.0, 1.0, 1.0, 1.0, 1.0, 1.0, 1.0, 1.0, 1.0, 1.0, 1.0, 1.0, 1.0, 1.0, 1.0, 1.0, 1.0, 1.0, 1.0, 1.0, 1.0, 1.0, 1.0, 1.0, 1.0, 1.0, 1.0, 1.0, 1.0, 1.0, 1.0, 1.0]
val step Accs: [0.9998643516006511, 1.0, 1.0, 1.0, 0.9998321866084914, 1.0, 1.0, 1.0, 1.0, 1.0, 1.0, 0.9998530708198649, 1.0, 1.0, 1.0, 1.0, 1.0, 0.9992343032159265, 1.0, 1.0, 0.999817050859861, 1.0, 1.0, 0.9996948428440647, 0.9990838295923041, 1.0, 1.0]
Preds: [17, 17, 445, 464, 171, 171, 171, 171, 252, 252, 314, 32, 239, 36, 107, 107, 395, 213, 213, 213, 213, 246, 19, 454, 229, 229, 247, 126, 126, 126, 126, 326, 326, 408, 408, 408, 391, 228, 244, 320, 7, 7, 32, 32, 239, 108, 371, 371, 278, 278, 422, 236, 239, 239, 384, 449, 371, 470, 180, 443, 443, 443, 443, 403, 403, 171, 438, 203, 399, 217, 250, 250, 250, 138, 153, 88, 132, 374, 219, 219, 219, 219, 219, 464, 464, 171, 171, 171, 171, 246, 246, 246, 246, 24, 24, 239, 239, 384, 384, 420, 324, 324, 340, 116, 10, 10, 309, 479, 479, 331, 106, 153, 426, 426, 293, 293, 293, 98, 98, 335, 335, 226, 226, 209, 188, 188, 213, 324, 301, 8, 8, 239, 354, 354, 106, 355, 355, 376, 376, 460, 452, 263, 263, 263, 13, 229, 229, 82, 312, 23, 23, 23, 408, 149, 228, 244, 320, 479, 479, 398, 324, 422, 143, 465, 465, 354, 354, 346, 284, 486, 206, 169, 150, 342, 342, 164, 164, 224, 273, 470, 403, 403, 464, 464, 464, 355, 178, 143, 129, 458, 208, 208, 441, 100, 387, 387, 313, 236, 239, 239, 310, 107, 107, 395, 278, 443, 443, 240, 215, 215, 129, 259, 354, 284, 206, 460, 240, 35, 36, 164, 342, 351, 180, 486, 460, 460, 178, 178, 233, 458, 192, 192, 41, 41, 41, 41, 19, 19, 19, 454, 454, 229, 229, 82, 126, 126, 292, 326, 408, 408, 149, 244, 244, 373, 338, 338, 338, 395, 494, 374, 416, 8, 32, 239, 354, 65, 65, 481, 481, 481, 293, 143, 35, 458, 208, 100, 100, 387, 387, 122, 236, 129, 259, 310, 108, 323, 224, 397, 106, 88, 88, 387, 203, 399, 217, 473, 473, 398, 324, 464, 422, 416, 143, 458, 144, 208, 27, 441, 125, 125, 387, 206, 175, 251, 251, 241, 431, 486, 460, 460, 167, 178, 35, 77, 342, 342, 342, 224, 267, 267, 444, 324, 246, 246, 477, 301, 313, 325, 325, 34, 324, 324, 301, 422, 24, 239, 384, 371, 180, 486, 486, 460, 240, 240, 24, 239, 310, 107, 395, 255, 416, 143, 129, 401, 259, 320, 354, 354, 109, 337, 41, 324, 19, 19, 454, 454, 229, 229, 247, 312, 187, 187, 187, 408, 408, 391, 391, 73, 244, 320, 7, 7, 371, 398, 324, 301, 116, 251, 251, 331, 106, 88, 88, 88, 106, 284, 405, 206, 206, 178, 35, 35, 401, 259, 354, 106, 284, 405, 405, 206, 178, 178, 35, 233, 401, 401, 320, 7, 276, 100, 375, 98, 98, 98, 249, 305, 305, 170, 244, 28, 28, 392, 392, 392, 63, 63, 392, 63, 63, 63, 392, 63, 63, 63, 63, 63, 244, 195, 305, 211, 211, 17, 420, 420, 420, 420, 420, 420, 420, 420, 420, 420, 420, 420, 420, 420, 420, 420, 420, 420, 420, 420, 420, 420, 420, 420, 420, 420, 420, 420, 420, 420, 420, 420, 420, 420, 420, 420, 420, 420, 420, 420, 420, 420, 420, 420, 420, 420, 420, 420, 420, 420, 420, 420, 420, 420, 420, 420, 420, 420, 420, 420, 420, 420, 420, 420, 420, 420, 420, 420, 420, 420, 420, 420, 420, 420, 420, 420, 420, 420, 420, 420, 420, 420, 420, 420, 420, 420, 420, 420, 420, 420, 420, 420, 420, 420, 420, 420, 420, 420, 420, 420, 420, 420, 420, 420, 420, 420, 420, 420, 420, 420, 420, 420, 420, 420, 420, 420, 420, 420, 420, 420, 420, 420, 420, 420, 420, 420, 420, 420, 420, 420, 420, 420, 420, 420, 420, 420, 420, 420]

ep261
Train step Loss: [0.9456903338432312, 0.9456906318664551, 0.9457080960273743, 0.9457863569259644, 0.9457334280014038, 0.9456382989883423, 0.9457334280014038, 0.9456124305725098, 0.945635974407196, 0.945719838142395, 0.9457984566688538, 0.9457212686538696, 0.9456794857978821, 0.9457108974456787, 0.9456422924995422, 0.9457430243492126, 0.9456869959831238, 0.9457076787948608, 0.9456878304481506, 0.945722222328186, 0.9456983804702759, 0.9457563757896423, 0.9456887245178223, 0.9457101225852966, 0.9457127451896667, 0.9456980228424072, 0.9457393288612366, 0.9456746578216553, 0.945741593837738, 0.9457353949546814, 0.9456798434257507, 0.9457519054412842, 0.9456984400749207, 0.9456941485404968, 0.9456714987754822, 0.9456818699836731, 0.9456745386123657, 0.9457102417945862, 0.9456869959831238, 0.9457117319107056, 0.9457406401634216, 0.9457511901855469, 0.9457491040229797, 0.945713222026825, 0.9456477761268616, 0.9456614255905151, 0.9456033110618591, 0.9457310438156128, 0.9456253051757812, 0.9457270503044128, 0.9456989765167236, 0.9457013607025146, 0.9456831216812134, 0.9457159042358398, 0.94563889503479, 0.9457697868347168, 0.9456743001937866, 0.945662796497345, 0.9457030892372131, 0.945708155632019, 0.9456745982170105, 0.9457699656486511, 0.9457233548164368, 0.9457111358642578, 0.9457493424415588, 0.9457231163978577, 0.9456775188446045, 0.9456913471221924, 0.9457296133041382, 0.9456548690795898, 0.9457412958145142, 0.9456700086593628, 0.9456576108932495, 0.9456364512443542, 0.9457272291183472, 0.9456967115402222, 0.945661187171936, 0.9456474781036377, 0.9457473158836365, 0.9457262754440308, 0.945692777633667, 0.9457082152366638, 0.9457894563674927, 0.9456695318222046, 0.9457046389579773, 0.9458112716674805, 0.9456489086151123, 0.9456677436828613, 0.9457636475563049, 0.9456813931465149, 0.945703387260437, 0.9457273483276367, 0.9457931518554688, 0.9457164406776428, 0.9456873536109924, 0.9457372426986694, 0.9456732869148254, 0.9456568360328674, 0.9456941485404968, 0.9456762075424194, 0.9457229375839233, 0.9457709193229675, 0.9457447528839111, 0.9456848502159119, 0.94565749168396]
val step Loss: [0.9463146328926086, 0.9461480379104614, 0.9512954354286194, 0.9461398124694824, 0.9461308121681213, 0.9461870193481445, 0.9459883570671082, 0.9514210820198059, 0.9461026191711426, 0.9462131261825562, 0.9461679458618164, 0.9461784958839417, 0.9461812376976013, 0.9463695287704468, 0.9461835026741028, 0.946168065071106, 0.9461331963539124, 0.9475083351135254, 0.9461225271224976, 0.9460891485214233, 0.9490464925765991, 0.9470114707946777, 0.9459836483001709, 0.9461583495140076, 0.9461624026298523, 0.9460600018501282, 0.946177065372467]
Train step Accs: [1.0, 1.0, 1.0, 1.0, 1.0, 1.0, 1.0, 1.0, 1.0, 1.0, 1.0, 1.0, 1.0, 1.0, 1.0, 1.0, 1.0, 1.0, 1.0, 1.0, 1.0, 1.0, 1.0, 1.0, 1.0, 1.0, 1.0, 1.0, 1.0, 1.0, 1.0, 1.0, 1.0, 1.0, 1.0, 1.0, 1.0, 1.0, 1.0, 1.0, 1.0, 1.0, 1.0, 1.0, 1.0, 1.0, 1.0, 1.0, 1.0, 1.0, 1.0, 1.0, 1.0, 1.0, 1.0, 1.0, 1.0, 1.0, 1.0, 1.0, 1.0, 1.0, 1.0, 1.0, 1.0, 1.0, 1.0, 1.0, 1.0, 1.0, 1.0, 1.0, 1.0, 1.0, 1.0, 1.0, 1.0, 1.0, 1.0, 1.0, 1.0, 1.0, 1.0, 1.0, 1.0, 1.0, 1.0, 1.0, 1.0, 1.0, 1.0, 1.0, 1.0, 1.0, 1.0, 1.0, 1.0, 1.0, 1.0, 1.0, 1.0, 1.0, 1.0, 1.0, 1.0]
val step Accs: [1.0, 1.0, 0.9990766389658357, 1.0, 1.0, 1.0, 1.0, 0.9990444338270426, 1.0, 1.0, 1.0, 1.0, 1.0, 1.0, 1.0, 1.0, 1.0, 0.9997970367363507, 1.0, 1.0, 0.9994667614646285, 0.9998385794995964, 1.0, 1.0, 1.0, 1.0, 1.0]
Preds: [17, 17, 32, 239, 384, 377, 371, 374, 374, 374, 132, 8, 8, 259, 354, 354, 180, 180, 443, 120, 120, 120, 120, 120, 240, 240, 240, 216, 285, 84, 84, 302, 302, 100, 375, 375, 375, 98, 98, 98, 229, 229, 247, 312, 312, 187, 1, 101, 101, 101, 321, 321, 287, 287, 287, 287, 284, 284, 284, 206, 167, 348, 379, 77, 77, 478, 66, 323, 323, 172, 115, 273, 273, 273, 151, 240, 240, 285, 199, 111, 111, 111, 111, 438, 438, 438, 219, 324, 324, 464, 464, 464, 464, 301, 301, 143, 35, 74, 437, 437, 437, 284, 284, 285, 285, 106, 284, 284, 284, 284, 426, 426, 293, 293, 293, 182, 346, 346, 284, 284, 284, 284, 426, 481, 293, 293, 43, 43, 276, 276, 276, 174, 387, 348, 10, 398, 398, 398, 398, 374, 378, 406, 406, 406, 88, 88, 81, 81, 337, 337, 146, 324, 219, 219, 219, 152, 152, 58, 58, 27, 351, 486, 486, 486, 486, 486, 460, 460, 460, 167, 35, 35, 219, 219, 219, 485, 485, 477, 374, 374, 374, 374, 374, 304, 304, 337, 41, 19, 19, 454, 454, 229, 229, 229, 312, 312, 187, 187, 23, 23, 23, 260, 391, 391, 321, 321, 320, 320, 345, 100, 100, 497, 497, 497, 122, 216, 453, 168, 5, 258, 38, 99, 99, 338, 338, 338, 338, 338, 400, 400, 444, 171, 171, 171, 171, 171, 464, 464, 335, 14, 14, 287, 145, 145, 111, 111, 240, 240, 146, 219, 219, 219, 464, 464, 464, 222, 84, 245, 245, 245, 43, 43, 43, 364, 276, 276, 276, 276, 276, 346, 346, 346, 284, 284, 206, 206, 206, 167, 167, 35, 14, 411, 411, 411, 424, 424, 424, 153, 182, 182, 182, 182, 182, 182, 182, 122, 122, 250, 303, 195, 195, 195, 303, 117, 98, 117, 117, 48, 48, 48, 414, 170, 244, 244, 392, 244, 392, 392, 392, 244, 73, 7, 7, 321, 7, 7, 127, 451, 30, 30, 324, 301, 301, 378, 325, 114, 114, 114, 180, 486, 486, 486, 315, 460, 285, 285, 285, 467, 85, 111, 403, 146, 207, 299, 299, 434, 434, 250, 250, 413, 271, 186, 186, 99, 99, 338, 338, 395, 395, 273, 273, 432, 432, 330, 240, 240, 385, 35, 77, 164, 164, 115, 273, 273, 180, 151, 151, 151, 206, 130, 130, 402, 183, 219, 219, 219, 213, 213, 213, 246, 246, 246, 246, 301, 301, 378, 43, 43, 276, 276, 153, 153, 387, 413, 413, 360, 219, 246, 246, 246, 246, 246, 246, 246, 19, 17, 420, 420, 420, 420, 420, 420, 420, 420, 420, 420, 420, 420, 420, 420, 420, 420, 420, 420, 420, 420, 420, 420, 420, 420, 420, 420, 420, 420, 420, 420, 420, 420, 420, 420, 420, 420, 420, 420, 420, 420, 420, 420, 420, 420, 420, 420, 420, 420, 420, 420, 420, 420, 420, 420, 420, 420, 420, 420, 420, 420, 420, 420, 420, 420, 420, 420, 420, 420, 420, 420, 420, 420, 420, 420, 420, 420, 420, 420, 420, 420, 420, 420, 420, 420, 420, 420, 420, 420, 420, 420, 420, 420, 420, 420, 420, 420, 420, 420, 420, 420, 420, 420, 420, 420, 420, 420, 420, 420, 420, 420, 420, 420, 420, 420, 420, 420, 420, 420, 420, 420, 420, 420, 420, 420, 420, 420, 420, 420, 420, 420, 420, 420, 420, 420, 420, 420, 420, 420, 420, 420, 420, 420, 420, 420, 420, 420, 420, 420, 420, 420, 420, 420, 420, 420, 420, 420, 420, 420, 420, 420, 420, 420, 420, 420, 420, 420, 420, 420, 420, 420, 420, 420, 420, 420]

ep262
Train step Loss: [0.9457496404647827, 0.9456920623779297, 0.9456529021263123, 0.9456911683082581, 0.9456971883773804, 0.9457370638847351, 0.9457274675369263, 0.9456689953804016, 0.9457598924636841, 0.945753276348114, 0.9456923007965088, 0.9457066655158997, 0.9456912875175476, 0.9457159638404846, 0.9457231760025024, 0.9457404613494873, 0.9457259178161621, 0.9457288384437561, 0.9457260370254517, 0.9458279609680176, 0.9457217454910278, 0.9457679986953735, 0.9456774592399597, 0.9457053542137146, 0.9456965923309326, 0.9457522034645081, 0.9457636475563049, 0.9457200765609741, 0.9457184076309204, 0.9456962943077087, 0.9457175731658936, 0.9457118511199951, 0.9457286596298218, 0.9456858038902283, 0.9457041025161743, 0.9457035064697266, 0.9457612633705139, 0.9456908702850342, 0.9456937313079834, 0.945755124092102, 0.9457116723060608, 0.9456746578216553, 0.9457089900970459, 0.9457479119300842, 0.9457436203956604, 0.9456551671028137, 0.9456495046615601, 0.9456598162651062, 0.9456921815872192, 0.9457483887672424, 0.9457221031188965, 0.945750892162323, 0.9456866979598999, 0.9456951022148132, 0.9457534551620483, 0.9456412196159363, 0.9457685351371765, 0.9457340836524963, 0.9456703662872314, 0.945671021938324, 0.945726215839386, 0.9457197785377502, 0.9456599354743958, 0.9457262754440308, 0.945662796497345, 0.9457046389579773, 0.9457178115844727, 0.9456959962844849, 0.9457536935806274, 0.9456903338432312, 0.9456669688224792, 0.9457015991210938, 0.9457558989524841, 0.9456538558006287, 0.9456721544265747, 0.9457359313964844, 0.945734977722168, 0.9457305669784546, 0.9457457065582275, 0.9457648396492004, 0.9457415342330933, 0.9456436634063721, 0.9456303119659424, 0.9457297325134277, 0.9456886053085327, 0.945696234703064, 0.9457005262374878, 0.9456512928009033, 0.9456887245178223, 0.9458276033401489, 0.9457311630249023, 0.9457588791847229, 0.9457505941390991, 0.9456790089607239, 0.9457271099090576, 0.9456814527511597, 0.9457225799560547, 0.945738673210144, 0.9457224011421204, 0.9457218647003174, 0.9456914663314819, 0.9456402659416199, 0.9458103179931641, 0.9456720352172852, 0.9457218647003174]
val step Loss: [0.9460400342941284, 0.9477115273475647, 0.9462153315544128, 0.9503306746482849, 0.9459437131881714, 0.9462108016014099, 0.9472907781600952, 0.9521089792251587, 0.946159839630127, 0.9460420608520508, 0.9462097883224487, 0.9461479783058167, 0.9460713267326355, 0.9460837841033936, 0.9460728168487549, 0.9460604786872864, 0.9459419846534729, 0.9461367726325989, 0.9480314254760742, 0.9461240172386169, 0.9462344646453857, 0.9461349248886108, 0.9459788799285889, 0.9460917711257935, 0.9463101029396057, 0.9461660385131836, 0.9464003443717957]
Train step Accs: [1.0, 1.0, 1.0, 1.0, 1.0, 1.0, 1.0, 1.0, 1.0, 1.0, 1.0, 1.0, 1.0, 1.0, 1.0, 1.0, 1.0, 1.0, 1.0, 1.0, 1.0, 1.0, 1.0, 1.0, 1.0, 1.0, 1.0, 1.0, 1.0, 1.0, 1.0, 1.0, 1.0, 1.0, 1.0, 1.0, 1.0, 1.0, 1.0, 1.0, 1.0, 1.0, 1.0, 1.0, 1.0, 1.0, 1.0, 1.0, 1.0, 1.0, 1.0, 1.0, 1.0, 1.0, 1.0, 1.0, 1.0, 1.0, 1.0, 1.0, 1.0, 1.0, 1.0, 1.0, 1.0, 1.0, 1.0, 1.0, 1.0, 1.0, 1.0, 1.0, 1.0, 1.0, 1.0, 1.0, 1.0, 1.0, 1.0, 1.0, 1.0, 1.0, 1.0, 1.0, 1.0, 1.0, 1.0, 1.0, 1.0, 1.0, 1.0, 1.0, 1.0, 1.0, 1.0, 1.0, 1.0, 1.0, 1.0, 1.0, 1.0, 1.0, 1.0, 1.0, 1.0]
val step Accs: [1.0, 0.9997117740308402, 1.0, 0.9992240844196152, 1.0, 1.0, 0.999822883457315, 0.9988884772137829, 1.0, 1.0, 1.0, 1.0, 1.0, 1.0, 1.0, 1.0, 1.0, 1.0, 0.9996577686516085, 1.0, 1.0, 1.0, 1.0, 1.0, 1.0, 1.0, 1.0]
Preds: [17, 17, 296, 479, 479, 278, 278, 252, 143, 143, 129, 259, 144, 445, 445, 180, 403, 403, 403, 290, 290, 290, 434, 246, 246, 246, 246, 246, 246, 19, 19, 19, 454, 414, 442, 414, 170, 244, 244, 187, 408, 392, 244, 244, 244, 244, 244, 7, 152, 152, 152, 422, 349, 234, 234, 261, 25, 106, 106, 499, 284, 306, 306, 406, 406, 467, 284, 284, 287, 284, 284, 284, 450, 450, 450, 293, 413, 413, 251, 251, 251, 241, 431, 431, 428, 428, 428, 428, 146, 146, 146, 358, 465, 164, 352, 164, 352, 25, 34, 324, 324, 301, 301, 8, 205, 261, 25, 106, 100, 153, 43, 43, 182, 182, 387, 387, 169, 169, 349, 352, 352, 397, 397, 133, 43, 43, 276, 276, 346, 346, 387, 387, 215, 35, 401, 259, 345, 345, 387, 240, 236, 129, 75, 164, 27, 351, 355, 355, 355, 240, 215, 8, 239, 354, 354, 420, 324, 324, 416, 143, 401, 82, 244, 354, 420, 278, 154, 178, 143, 458, 82, 192, 27, 351, 443, 443, 240, 240, 325, 34, 34, 324, 324, 339, 339, 94, 398, 398, 340, 116, 10, 10, 479, 398, 398, 374, 374, 330, 468, 406, 406, 467, 88, 387, 387, 169, 186, 99, 338, 338, 338, 338, 395, 395, 432, 330, 330, 388, 348, 10, 10, 479, 331, 331, 84, 350, 387, 387, 240, 251, 251, 251, 114, 114, 278, 278, 278, 31, 99, 338, 338, 338, 338, 338, 395, 395, 464, 464, 120, 355, 355, 355, 169, 215, 349, 205, 261, 25, 420, 324, 422, 143, 458, 244, 208, 208, 441, 441, 141, 141, 38, 162, 232, 232, 232, 68, 68, 68, 115, 115, 267, 267, 267, 213, 246, 246, 19, 454, 229, 247, 126, 126, 326, 326, 326, 101, 101, 101, 149, 149, 228, 321, 83, 287, 111, 55, 438, 299, 299, 434, 339, 10, 10, 10, 309, 479, 398, 213, 213, 213, 246, 246, 246, 301, 143, 129, 129, 401, 259, 354, 354, 106, 486, 486, 460, 215, 215, 401, 244, 75, 354, 346, 284, 206, 240, 236, 36, 36, 342, 115, 273, 180, 499, 486, 460, 178, 178, 233, 82, 192, 192, 445, 445, 213, 41, 41, 19, 19, 17, 420, 420, 420, 420, 420, 420, 420, 420, 420, 420, 420, 420, 420, 420, 420, 420, 420, 420, 420, 420, 420, 420, 420, 420, 420, 420, 420, 420, 420, 420, 420, 420, 420, 420, 420, 420, 420, 420, 420, 420, 420, 420, 420, 420, 420, 420, 420, 420, 420, 420, 420, 420, 420, 420, 420, 420, 420, 420, 420, 420, 420, 420, 420, 420, 420, 420, 420, 420, 420, 420, 420, 420, 420, 420, 420, 420, 420, 420, 420, 420, 420, 420, 420, 420, 420, 420, 420, 420, 420, 420, 420, 420, 420, 420, 420, 420, 420, 420, 420, 420, 420, 420, 420, 420, 420, 420, 420, 420, 420, 420, 420, 420, 420, 420, 420, 420, 420, 420, 420, 420, 420, 420, 420, 420, 420, 420, 420, 420, 420, 420, 420, 420, 420, 420, 420, 420, 420, 420, 420, 420, 420, 420, 420, 420, 420, 420, 420, 420, 420, 420, 420, 420, 420, 420, 420, 420, 420, 420, 420, 420, 420, 420, 420, 420, 420, 420, 420, 420, 420, 420, 420, 420, 420, 420, 420, 420, 420, 420, 420, 420, 420, 420, 420, 420, 420, 420, 420, 420, 420, 420, 420, 420, 420, 420, 420, 420, 420, 420, 420, 420, 420, 420, 420, 420, 420, 420, 420, 420, 420, 420, 420, 420, 420, 420, 420, 420, 420, 420, 420, 420, 420, 420, 420, 420, 420, 420, 420, 420, 420, 420, 420]

ep263
Train step Loss: [0.9457533359527588, 0.9456897974014282, 0.9457088112831116, 0.9456685185432434, 0.9457669854164124, 0.9456968307495117, 0.9457013607025146, 0.9457166194915771, 0.9456751346588135, 0.9457443952560425, 0.9456901550292969, 0.9457405805587769, 0.9457026720046997, 0.9457041621208191, 0.945776104927063, 0.9456822276115417, 0.9456830620765686, 0.9456360340118408, 0.9457032084465027, 0.9457806944847107, 0.945749044418335, 0.9457202553749084, 0.9456719756126404, 0.9457550644874573, 0.9456704258918762, 0.9456775188446045, 0.945712149143219, 0.9456086754798889, 0.9456746578216553, 0.94569993019104, 0.9457404613494873, 0.9456760883331299, 0.9456617832183838, 0.9457544684410095, 0.9457231163978577, 0.9456698894500732, 0.9457556009292603, 0.9456486701965332, 0.9457675218582153, 0.9456061720848083, 0.9456830024719238, 0.9458227753639221, 0.9456572532653809, 0.9456339478492737, 0.9456772208213806, 0.9458296298980713, 0.9457409977912903, 0.9457587003707886, 0.9456491470336914, 0.9457728862762451, 0.945702850818634, 0.9457262754440308, 0.9457442164421082, 0.9457118511199951, 0.9457625150680542, 0.9457316994667053, 0.9457452297210693, 0.9458222389221191, 0.9457108974456787, 0.9456267356872559, 0.9456763863563538, 0.94573974609375, 0.9457193613052368, 0.9456107020378113, 0.9457209706306458, 0.9456942081451416, 0.9457405805587769, 0.9457053542137146, 0.9456712603569031, 0.9456466436386108, 0.9457917809486389, 0.9457581043243408, 0.9457641243934631, 0.9456794857978821, 0.9457207918167114, 0.9456689357757568, 0.9457100629806519, 0.945737898349762, 0.9457018971443176, 0.9456911087036133, 0.9457162618637085, 0.945663571357727, 0.9457194209098816, 0.9457502365112305, 0.945655882358551, 0.945645809173584, 0.9456470608711243, 0.9457043409347534, 0.9456861019134521, 0.9457002878189087, 0.9456743597984314, 0.9456581473350525, 0.945801854133606, 0.9456232786178589, 0.9456214904785156, 0.9457124471664429, 0.9457204341888428, 0.9457696080207825, 0.9457719326019287, 0.9457076191902161, 0.9457635283470154, 0.9455978870391846, 0.9457071423530579, 0.9458059668540955, 0.9457077980041504]
val step Loss: [0.9502665996551514, 0.9461154937744141, 0.9462963342666626, 0.9459536671638489, 0.9458200931549072, 0.9459743499755859, 0.9460939168930054, 0.9460233449935913, 0.9460058212280273, 0.9461870193481445, 0.9460484981536865, 0.9460915923118591, 0.9469360113143921, 0.9477538466453552, 0.9512466192245483, 0.9462331533432007, 0.946191668510437, 0.9461182951927185, 0.9460381865501404, 0.9461063146591187, 0.9460685849189758, 0.9487534761428833, 0.9459347128868103, 0.9461766481399536, 0.9461550712585449, 0.9458783864974976, 0.9459695219993591]
Train step Accs: [1.0, 1.0, 1.0, 1.0, 1.0, 1.0, 1.0, 1.0, 1.0, 1.0, 1.0, 1.0, 1.0, 1.0, 1.0, 1.0, 1.0, 1.0, 1.0, 1.0, 1.0, 1.0, 1.0, 1.0, 1.0, 1.0, 1.0, 1.0, 1.0, 1.0, 1.0, 1.0, 1.0, 1.0, 1.0, 1.0, 1.0, 1.0, 1.0, 1.0, 1.0, 1.0, 1.0, 1.0, 1.0, 1.0, 1.0, 1.0, 1.0, 1.0, 1.0, 1.0, 1.0, 1.0, 1.0, 1.0, 1.0, 1.0, 1.0, 1.0, 1.0, 1.0, 1.0, 1.0, 1.0, 1.0, 1.0, 1.0, 1.0, 1.0, 1.0, 1.0, 1.0, 1.0, 1.0, 1.0, 1.0, 1.0, 1.0, 1.0, 1.0, 1.0, 1.0, 1.0, 1.0, 1.0, 1.0, 1.0, 1.0, 1.0, 1.0, 1.0, 1.0, 1.0, 1.0, 1.0, 1.0, 1.0, 1.0, 1.0, 1.0, 1.0, 1.0, 1.0, 1.0]
val step Accs: [0.9992225461613217, 1.0, 1.0, 1.0, 1.0, 1.0, 1.0, 1.0, 1.0, 1.0, 1.0, 1.0, 0.999844840961986, 0.9997143673236218, 0.9990339719851876, 1.0, 1.0, 1.0, 1.0, 1.0, 1.0, 0.9994934143870314, 1.0, 1.0, 1.0, 1.0, 1.0]
Preds: [17, 17, 17, 451, 152, 152, 374, 378, 42, 406, 406, 499, 387, 387, 387, 387, 337, 219, 219, 219, 324, 324, 434, 339, 10, 10, 309, 479, 398, 324, 278, 301, 143, 129, 401, 244, 321, 354, 354, 265, 428, 428, 146, 146, 146, 324, 324, 301, 215, 32, 32, 102, 354, 354, 106, 106, 284, 265, 206, 282, 282, 388, 303, 212, 219, 324, 324, 301, 116, 10, 94, 479, 331, 331, 428, 428, 428, 146, 146, 252, 252, 239, 239, 310, 310, 107, 107, 395, 374, 374, 132, 132, 219, 286, 464, 464, 464, 355, 355, 355, 460, 452, 263, 263, 263, 78, 170, 170, 244, 392, 392, 392, 392, 392, 392, 392, 392, 244, 73, 244, 209, 83, 55, 443, 240, 314, 314, 32, 32, 354, 354, 180, 264, 264, 84, 84, 406, 406, 406, 406, 413, 413, 413, 399, 217, 217, 473, 65, 464, 464, 171, 252, 143, 143, 239, 82, 310, 107, 395, 400, 324, 286, 464, 464, 464, 443, 355, 355, 460, 240, 169, 35, 224, 224, 494, 494, 8, 196, 217, 479, 473, 283, 278, 422, 143, 36, 75, 310, 107, 395, 485, 324, 301, 251, 251, 219, 398, 374, 374, 374, 26, 251, 251, 241, 431, 367, 496, 497, 43, 233, 233, 401, 244, 208, 100, 100, 100, 98, 98, 98, 17, 17, 420, 420, 420, 420, 420, 420, 420, 420, 420, 420, 420, 420, 420, 420, 420, 420, 420, 420, 420, 420, 420, 420, 420, 420, 420, 420, 420, 420, 420, 420, 420, 420, 420, 420, 420, 420, 420, 420, 420, 420, 420, 420, 420, 420, 420, 420, 420, 420, 420, 420, 420, 420, 420, 420, 420, 420, 420, 420, 420, 420, 420, 420, 420, 420, 420, 420, 420, 420, 420, 420, 420, 420, 420, 420, 420, 420, 420, 420, 420, 420, 420, 420, 420, 420, 420, 420, 420, 420, 420, 420, 420, 420, 420, 420, 420, 420, 420, 420, 420, 420, 420, 420, 420, 420, 420, 420, 420, 420, 420, 420, 420, 420, 420, 420, 420, 420, 420, 420, 420, 420, 420, 420, 420, 420, 420, 420, 420, 420, 420, 420, 420, 420, 420, 420, 420, 420, 420, 420, 420, 420, 420, 420, 420, 420, 420, 420, 420, 420, 420, 420, 420, 420, 420, 420, 420, 420, 420, 420, 420, 420, 420, 420, 420, 420, 420, 420, 420, 420, 420, 420, 420, 420, 420, 420, 420, 420, 420, 420, 420, 420, 420, 420, 420, 420, 420, 420, 420, 420, 420, 420, 420, 420, 420, 420, 420, 420, 420, 420, 420, 420, 420, 420, 420, 420, 420, 420, 420, 420, 420, 420, 420, 420, 420, 420, 420, 420, 420, 420, 420, 420, 420, 420, 420, 420, 420, 420, 420, 420, 420, 420, 420, 420, 420, 420, 420, 420, 420, 420, 420, 420, 420, 420, 420, 420, 420, 420, 420, 420, 420, 420, 420, 420, 420, 420, 420, 420, 420, 420, 420, 420, 420, 420, 420, 420, 420, 420, 420, 420, 420, 420, 420, 420, 420, 420, 420, 420, 420, 420, 420, 420, 420, 420, 420, 420, 420, 420, 420, 420, 420, 420, 420, 420, 420, 420, 420, 420, 420, 420, 420, 420, 420, 420, 420, 420, 420, 420, 420, 420, 420, 420, 420, 420, 420, 420, 420, 420, 420, 420, 420, 420, 420, 420, 420, 420, 420, 420, 420, 420, 420, 420, 420, 420, 420, 420, 420, 420, 420, 420, 420, 420, 420, 420, 420, 420, 420, 420, 420, 420, 420, 420, 420, 420, 420, 420, 420, 420, 420, 420, 420, 420, 420, 420, 420, 420, 420, 420, 420, 420, 420, 420, 420, 420, 420, 420, 420, 420, 420, 420]

ep264
Train step Loss: [0.9456702470779419, 0.9457039833068848, 0.945769190788269, 0.9457733035087585, 0.9458003044128418, 0.9457690715789795, 0.9456911087036133, 0.9457911849021912, 0.9457371234893799, 0.9456648230552673, 0.945685625076294, 0.9456897377967834, 0.9456862211227417, 0.9456854462623596, 0.9457325339317322, 0.9456998705863953, 0.9457595348358154, 0.9457410573959351, 0.9456564784049988, 0.9456465244293213, 0.9456203579902649, 0.9456883668899536, 0.9456748366355896, 0.9457384347915649, 0.9456750154495239, 0.945668637752533, 0.9457426071166992, 0.9457152485847473, 0.945685863494873, 0.9456982016563416, 0.945643961429596, 0.9456726312637329, 0.9457021951675415, 0.9456808567047119, 0.9457773566246033, 0.9457622170448303, 0.9456912279129028, 0.9457812905311584, 0.9456908702850342, 0.9457346200942993, 0.9457529187202454, 0.9457504153251648, 0.9457457065582275, 0.9457051753997803, 0.9456847310066223, 0.9456772804260254, 0.9456403255462646, 0.9457346796989441, 0.9457129836082458, 0.9457932114601135, 0.945723295211792, 0.9456980228424072, 0.9456806778907776, 0.9457001090049744, 0.9457241296768188, 0.9457913041114807, 0.9456323981285095, 0.9456832408905029, 0.9457222819328308, 0.9456811547279358, 0.9457077980041504, 0.9456852674484253, 0.9458030462265015, 0.9456791281700134, 0.9457061290740967, 0.9457191228866577, 0.9456761479377747, 0.9457780718803406, 0.9457703232765198, 0.9456809759140015, 0.9456489086151123, 0.945684552192688, 0.9456727504730225, 0.9457476139068604, 0.9456297755241394, 0.9457101821899414, 0.9457707405090332, 0.9456536769866943, 0.9455882906913757, 0.9456732273101807, 0.9457337856292725, 0.945629894733429, 0.9457183480262756, 0.945624589920044, 0.9456743001937866, 0.945671021938324, 0.9456939697265625, 0.9456751942634583, 0.9457021355628967, 0.945798397064209, 0.9456625580787659, 0.9457184076309204, 0.945676326751709, 0.9457663893699646, 0.9457550644874573, 0.9456900358200073, 0.945711612701416, 0.9457039833068848, 0.9457313418388367, 0.945740282535553, 0.9456992745399475, 0.9456409811973572, 0.9456964731216431, 0.9457472562789917, 0.9457551836967468]
val step Loss: [0.9516828656196594, 0.950143575668335, 0.9471607208251953, 0.9460921883583069, 0.9462794661521912, 0.9461635947227478, 0.946016788482666, 0.9461994171142578, 0.9460824728012085, 0.9462195634841919, 0.9461303949356079, 0.9462332129478455, 0.9460949897766113, 0.9471747279167175, 0.9481490254402161, 0.9462088346481323, 0.9470357298851013, 0.946269690990448, 0.9460381865501404, 0.9463186264038086, 0.9461917877197266, 0.9459896087646484, 0.9460638165473938, 0.94624924659729, 0.9461076855659485, 0.9462332129478455, 0.9461524486541748]
Train step Accs: [1.0, 1.0, 1.0, 1.0, 1.0, 1.0, 1.0, 1.0, 1.0, 1.0, 1.0, 1.0, 1.0, 1.0, 1.0, 1.0, 1.0, 1.0, 1.0, 1.0, 1.0, 1.0, 1.0, 1.0, 1.0, 1.0, 1.0, 1.0, 1.0, 1.0, 1.0, 1.0, 1.0, 1.0, 1.0, 1.0, 1.0, 1.0, 1.0, 1.0, 1.0, 1.0, 1.0, 1.0, 1.0, 1.0, 1.0, 1.0, 1.0, 1.0, 1.0, 1.0, 1.0, 1.0, 1.0, 1.0, 1.0, 1.0, 1.0, 1.0, 1.0, 1.0, 1.0, 1.0, 1.0, 1.0, 1.0, 1.0, 1.0, 1.0, 1.0, 1.0, 1.0, 1.0, 1.0, 1.0, 1.0, 1.0, 1.0, 1.0, 1.0, 1.0, 1.0, 1.0, 1.0, 1.0, 1.0, 1.0, 1.0, 1.0, 1.0, 1.0, 1.0, 1.0, 1.0, 1.0, 1.0, 1.0, 1.0, 1.0, 1.0, 1.0, 1.0, 1.0, 1.0]
val step Accs: [0.9989718985606579, 0.9992581602373887, 0.9998372925479987, 1.0, 1.0, 1.0, 1.0, 1.0, 1.0, 1.0, 1.0, 1.0, 1.0, 0.9998165137614679, 0.9996558251591808, 1.0, 0.999820014398848, 1.0, 1.0, 1.0, 1.0, 1.0, 1.0, 1.0, 1.0, 1.0, 1.0]
Preds: [17, 17, 296, 17, 17, 17, 17, 363, 363, 363, 363, 363, 101, 149, 321, 321, 287, 287, 287, 284, 206, 167, 35, 320, 320, 29, 287, 287, 111, 111, 468, 468, 467, 146, 146, 443, 330, 330, 330, 348, 175, 65, 65, 106, 293, 293, 293, 293, 413, 348, 348, 466, 479, 479, 331, 331, 486, 486, 486, 460, 240, 173, 8, 280, 29, 106, 284, 284, 240, 285, 285, 467, 180, 180, 486, 486, 486, 486, 460, 240, 175, 175, 81, 431, 431, 85, 403, 403, 403, 207, 207, 207, 246, 246, 246, 246, 246, 19, 19, 454, 229, 259, 321, 247, 126, 126, 408, 408, 408, 408, 228, 321, 75, 66, 68, 172, 115, 115, 267, 444, 278, 378, 378, 345, 345, 100, 100, 497, 497, 186, 99, 338, 338, 400, 400, 400, 301, 301, 378, 345, 109, 499, 499, 151, 151, 253, 453, 342, 168, 168, 180, 151, 151, 460, 178, 178, 192, 192, 445, 451, 41, 41, 41, 41, 19, 19, 19, 454, 454, 13, 414, 170, 244, 244, 244, 392, 244, 392, 392, 321, 321, 321, 7, 479, 479, 331, 331, 331, 480, 319, 111, 460, 438, 416, 216, 192, 114, 180, 180, 443, 443, 443, 139, 139, 293, 274, 274, 35, 192, 445, 464, 464, 171, 171, 252, 416, 458, 192, 445, 180, 464, 264, 264, 264, 264, 315, 315, 113, 450, 450, 293, 169, 150, 150, 54, 54, 142, 397, 397, 196, 147, 147, 109, 288, 403, 171, 171, 252, 252, 24, 310, 310, 107, 395, 395, 286, 286, 120, 120, 120, 120, 37, 37, 385, 385, 197, 75, 164, 164, 196, 196, 116, 33, 33, 248, 394, 212, 75, 199, 275, 275, 275, 275, 303, 303, 17, 420, 420, 420, 420, 420, 420, 420, 420, 420, 420, 420, 420, 420, 420, 420, 420, 420, 420, 420, 420, 420, 420, 420, 420, 420, 420, 420, 420, 420, 420, 420, 420, 420, 420, 420, 420, 420, 420, 420, 420, 420, 420, 420, 420, 420, 420, 420, 420, 420, 420, 420, 420, 420, 420, 420, 420, 420, 420, 420, 420, 420, 420, 420, 420, 420, 420, 420, 420, 420, 420, 420, 420, 420, 420, 420, 420, 420, 420, 420, 420, 420, 420, 420, 420, 420, 420, 420, 420, 420, 420, 420, 420, 420, 420, 420, 420, 420, 420, 420, 420, 420, 420, 420, 420, 420, 420, 420, 420, 420, 420, 420, 420, 420, 420, 420, 420, 420, 420, 420, 420, 420, 420, 420, 420, 420, 420, 420, 420, 420, 420, 420, 420, 420, 420, 420, 420, 420, 420, 420, 420, 420, 420, 420, 420, 420, 420, 420, 420, 420, 420, 420, 420, 420, 420, 420, 420, 420, 420, 420, 420, 420, 420, 420, 420, 420, 420, 420, 420, 420, 420, 420, 420, 420, 420, 420, 420, 420, 420, 420, 420, 420, 420, 420, 420, 420, 420, 420, 420, 420, 420, 420, 420, 420, 420, 420, 420, 420, 420, 420, 420, 420, 420, 420, 420, 420, 420, 420, 420, 420, 420, 420, 420, 420, 420, 420, 420, 420, 420, 420, 420, 420, 420, 420, 420, 420, 420, 420, 420, 420, 420, 420, 420, 420, 420, 420, 420, 420, 420, 420, 420, 420, 420, 420, 420, 420, 420, 420, 420, 420, 420, 420, 420, 420, 420, 420, 420, 420, 420, 420, 420, 420, 420, 420, 420, 420, 420, 420, 420, 420, 420, 420, 420, 420, 420, 420, 420, 420, 420, 420, 420, 420, 420, 420, 420, 420, 420, 420, 420, 420, 420, 420, 420, 420, 420, 420, 420, 420, 420, 420, 420, 420, 420, 420, 420, 420, 420, 420, 420, 420, 420, 420, 420, 420, 420]

ep265
Train step Loss: [0.9457347393035889, 0.9456931948661804, 0.945704460144043, 0.9457929134368896, 0.945647120475769, 0.9457124471664429, 0.945680558681488, 0.945751965045929, 0.9457451701164246, 0.9456745982170105, 0.9457069039344788, 0.9458267092704773, 0.9457603096961975, 0.9456990361213684, 0.9456902742385864, 0.9457698464393616, 0.9457041621208191, 0.9457008242607117, 0.9456300735473633, 0.9457178711891174, 0.9456718564033508, 0.9456967711448669, 0.9457187056541443, 0.945708155632019, 0.9456708431243896, 0.9458003640174866, 0.9457802176475525, 0.945688009262085, 0.9457226395606995, 0.9457140564918518, 0.9457548260688782, 0.9456158876419067, 0.9458089470863342, 0.9457321166992188, 0.9456983804702759, 0.9457368850708008, 0.9456982612609863, 0.9456713795661926, 0.945678174495697, 0.9456826448440552, 0.9456905722618103, 0.9456865191459656, 0.9457253813743591, 0.9457030296325684, 0.9456834197044373, 0.945655345916748, 0.9456587433815002, 0.9457045793533325, 0.9456933736801147, 0.9457095861434937, 0.9456846714019775, 0.9457677602767944, 0.9457556009292603, 0.9456718564033508, 0.9457526803016663, 0.9456948041915894, 0.9456515908241272, 0.945704460144043, 0.9456430077552795, 0.945763111114502, 0.9457364082336426, 0.9456475973129272, 0.9457126259803772, 0.9456393718719482, 0.9456671476364136, 0.9457142353057861, 0.945717990398407, 0.9456462264060974, 0.9456817507743835, 0.9457063674926758, 0.9456923604011536, 0.9456488490104675, 0.9457160830497742, 0.9456840753555298, 0.9456989169120789, 0.9457499384880066, 0.9457114338874817, 0.9457716345787048, 0.9457265138626099, 0.9456913471221924, 0.9456798434257507, 0.9457278251647949, 0.9457389116287231, 0.9456479549407959, 0.9456934332847595, 0.9456762671470642, 0.9457360506057739, 0.945692241191864, 0.9457917809486389, 0.9457672834396362, 0.9457206726074219, 0.9456424713134766, 0.9457274675369263, 0.9457919001579285, 0.9456362724304199, 0.9456626176834106, 0.9457286596298218, 0.9457008838653564, 0.9457554221153259, 0.9456921219825745, 0.9456727504730225, 0.9456273317337036, 0.9456738829612732, 0.945672333240509, 0.9457739591598511]
val step Loss: [0.9472153186798096, 0.9460017085075378, 0.9461418986320496, 0.9515771269798279, 0.9470153450965881, 0.9461805820465088, 0.9480464458465576, 0.9461928606033325, 0.9462212920188904, 0.9460849165916443, 0.9460998773574829, 0.9471129179000854, 0.9462113380432129, 0.9461078643798828, 0.9459916949272156, 0.9471093416213989, 0.9460119009017944, 0.945969820022583, 0.9461367130279541, 0.9495407342910767, 0.9462210536003113, 0.9461458325386047, 0.9461032748222351, 0.9462780356407166, 0.9461416006088257, 0.9462037086486816, 0.9462798237800598]
Train step Accs: [1.0, 1.0, 1.0, 1.0, 1.0, 1.0, 1.0, 1.0, 1.0, 1.0, 1.0, 1.0, 1.0, 1.0, 1.0, 1.0, 1.0, 1.0, 1.0, 1.0, 1.0, 1.0, 1.0, 1.0, 1.0, 1.0, 1.0, 1.0, 1.0, 1.0, 1.0, 1.0, 1.0, 1.0, 1.0, 1.0, 1.0, 1.0, 1.0, 1.0, 1.0, 1.0, 1.0, 1.0, 1.0, 1.0, 1.0, 1.0, 1.0, 1.0, 1.0, 1.0, 1.0, 1.0, 1.0, 1.0, 1.0, 1.0, 1.0, 1.0, 1.0, 1.0, 1.0, 1.0, 1.0, 1.0, 1.0, 1.0, 1.0, 1.0, 1.0, 1.0, 1.0, 1.0, 1.0, 1.0, 1.0, 1.0, 1.0, 1.0, 1.0, 1.0, 1.0, 1.0, 1.0, 1.0, 1.0, 1.0, 1.0, 1.0, 1.0, 1.0, 1.0, 1.0, 1.0, 1.0, 1.0, 1.0, 1.0, 1.0, 1.0, 1.0, 1.0, 1.0, 1.0]
val step Accs: [0.9998274374460742, 1.0, 1.0, 0.9989821882951654, 0.9998191354675349, 1.0, 0.9996372211137312, 1.0, 1.0, 1.0, 1.0, 0.9998376096135109, 1.0, 1.0, 1.0, 0.9998164127042408, 1.0, 1.0, 1.0, 0.9993567063364426, 1.0, 1.0, 1.0, 1.0, 1.0, 1.0, 1.0]
Preds: [17, 17, 296, 217, 217, 473, 65, 443, 443, 443, 443, 240, 169, 150, 77, 164, 164, 164, 164, 164, 164, 273, 106, 106, 375, 375, 375, 98, 98, 48, 13, 170, 20, 170, 20, 20, 187, 187, 187, 408, 408, 20, 391, 391, 20, 184, 20, 20, 7, 188, 152, 152, 422, 99, 54, 54, 224, 400, 400, 30, 324, 324, 464, 464, 139, 139, 355, 387, 355, 240, 388, 94, 94, 398, 324, 301, 416, 32, 239, 144, 27, 180, 180, 284, 486, 428, 206, 240, 240, 314, 8, 32, 354, 354, 100, 497, 43, 8, 8, 32, 354, 354, 100, 387, 255, 251, 251, 241, 431, 106, 498, 498, 406, 313, 313, 285, 337, 464, 464, 464, 145, 315, 315, 450, 450, 450, 43, 43, 276, 276, 345, 109, 109, 403, 207, 324, 3, 301, 42, 42, 147, 456, 337, 324, 422, 422, 349, 349, 234, 234, 261, 261, 25, 148, 153, 153, 413, 413, 10, 10, 309, 398, 398, 464, 139, 139, 481, 182, 182, 387, 387, 122, 122, 236, 129, 259, 108, 377, 123, 374, 153, 153, 387, 372, 406, 406, 406, 467, 182, 375, 375, 375, 98, 98, 13, 229, 229, 20, 312, 126, 126, 23, 326, 23, 23, 101, 149, 149, 228, 20, 412, 287, 287, 460, 460, 178, 215, 458, 465, 164, 164, 442, 225, 7, 7, 217, 217, 473, 65, 476, 171, 252, 416, 239, 239, 445, 445, 485, 324, 301, 314, 325, 34, 34, 191, 191, 116, 251, 251, 251, 241, 81, 431, 367, 496, 274, 43, 8, 129, 259, 208, 208, 441, 441, 153, 497, 497, 399, 70, 70, 70, 473, 65, 264, 264, 264, 264, 468, 468, 468, 406, 337, 337, 324, 252, 24, 239, 239, 384, 449, 324, 324, 301, 26, 251, 241, 431, 367, 496, 274, 43, 416, 458, 144, 208, 100, 100, 496, 274, 122, 143, 143, 17, 420, 420, 420, 420, 420, 420, 420, 420, 420, 420, 420, 420, 420, 420, 420, 420, 420, 420, 420, 420, 420, 420, 420, 420, 420, 420, 420, 420, 420, 420, 420, 420, 420, 420, 420, 420, 420, 420, 420, 420, 420, 420, 420, 420, 420, 420, 420, 420, 420, 420, 420, 420, 420, 420, 420, 420, 420, 420, 420, 420, 420, 420, 420, 420, 420, 420, 420, 420, 420, 420, 420, 420, 420, 420, 420, 420, 420, 420, 420, 420, 420, 420, 420, 420, 420, 420, 420, 420, 420, 420, 420, 420, 420, 420, 420, 420, 420, 420, 420, 420, 420, 420, 420, 420, 420, 420, 420, 420, 420, 420, 420, 420, 420, 420, 420, 420, 420, 420, 420, 420, 420, 420, 420, 420, 420, 420, 420, 420, 420, 420, 420, 420, 420, 420, 420, 420, 420, 420, 420, 420, 420, 420, 420, 420, 420, 420, 420, 420, 420, 420, 420, 420, 420, 420, 420, 420, 420, 420, 420, 420, 420, 420, 420, 420, 420, 420, 420, 420, 420, 420, 420, 420, 420, 420, 420, 420, 420, 420, 420, 420, 420, 420, 420, 420, 420, 420, 420, 420, 420, 420, 420, 420, 420, 420, 420, 420, 420, 420, 420, 420, 420, 420, 420, 420, 420, 420, 420, 420, 420, 420, 420, 420, 420, 420, 420, 420, 420, 420, 420, 420, 420, 420, 420, 420, 420, 420, 420, 420, 420, 420, 420, 420, 420, 420, 420, 420, 420, 420, 420, 420, 420, 420, 420, 420, 420, 420, 420, 420, 420, 420, 420, 420, 420, 420, 420, 420, 420, 420, 420, 420, 420, 420, 420, 420, 420, 420, 420, 420, 420, 420, 420, 420, 420, 420, 420, 420, 420, 420, 420, 420, 420, 420, 420, 420, 420, 420, 420]

ep266
Train step Loss: [0.9456346035003662, 0.9457134008407593, 0.9456177949905396, 0.9457345008850098, 0.9456703066825867, 0.9457217454910278, 0.9457323551177979, 0.9456753134727478, 0.9456368684768677, 0.9457225203514099, 0.9457279443740845, 0.9456444978713989, 0.9456786513328552, 0.945654571056366, 0.9456130862236023, 0.9457358717918396, 0.9456552863121033, 0.9456269145011902, 0.9456694722175598, 0.9456418752670288, 0.9456948041915894, 0.9456674456596375, 0.945682168006897, 0.945656418800354, 0.9456424117088318, 0.9456746578216553, 0.9456150531768799, 0.9456504583358765, 0.9456297755241394, 0.94566810131073, 0.9456967115402222, 0.9456636905670166, 0.9456714987754822, 0.9456512928009033, 0.9457289576530457, 0.9457796812057495, 0.9457129836082458, 0.9456918835639954, 0.945571780204773, 0.945600688457489, 0.9456906318664551, 0.9456932544708252, 0.9457995891571045, 0.9456573724746704, 0.9456180334091187, 0.9457052946090698, 0.945678174495697, 0.9456732273101807, 0.9457001686096191, 0.9456944465637207, 0.9456611275672913, 0.9456747174263, 0.945647656917572, 0.9456439018249512, 0.9457401633262634, 0.9456773400306702, 0.9456422924995422, 0.9457210302352905, 0.94573974609375, 0.94571852684021, 0.9457001686096191, 0.9457711577415466, 0.9456316232681274, 0.9456724524497986, 0.9456713199615479, 0.9456496238708496, 0.9457178115844727, 0.9456655979156494, 0.9457014799118042, 0.945676326751709, 0.9456308484077454, 0.9456890821456909, 0.9457052946090698, 0.9457517266273499, 0.945576012134552, 0.9457213878631592, 0.9456521272659302, 0.9457175135612488, 0.9457003474235535, 0.9456937909126282, 0.9456840753555298, 0.9456309676170349, 0.9457271099090576, 0.9457030296325684, 0.9456775188446045, 0.9456478953361511, 0.9456260204315186, 0.9456977844238281, 0.9456232190132141, 0.9456620216369629, 0.945633053779602, 0.9457183480262756, 0.9456477761268616, 0.9456585049629211, 0.9456427097320557, 0.9457038044929504, 0.9456416368484497, 0.9456314444541931, 0.9456539154052734, 0.9456348419189453, 0.9456908106803894, 0.9455872178077698, 0.9455698728561401, 0.9456605315208435, 0.9456980228424072]
val step Loss: [0.9480427503585815, 0.9477121829986572, 0.9458727240562439, 0.9519864320755005, 0.9460932612419128, 0.9458821415901184, 0.9460345506668091, 0.9460554718971252, 0.9461755156517029, 0.9463895559310913, 0.9459913969039917, 0.9458726644515991, 0.9460767507553101, 0.9460616111755371, 0.946135938167572, 0.9459818601608276, 0.9469327330589294, 0.9461061358451843, 0.9460848569869995, 0.9460152983665466, 0.9469577670097351, 0.9460264444351196, 0.949979305267334, 0.9461750388145447, 0.9460706114768982, 0.9462476372718811, 0.9459770917892456]
Train step Accs: [1.0, 1.0, 1.0, 1.0, 1.0, 1.0, 1.0, 1.0, 1.0, 1.0, 1.0, 1.0, 1.0, 1.0, 1.0, 1.0, 1.0, 1.0, 1.0, 1.0, 1.0, 1.0, 1.0, 1.0, 1.0, 1.0, 1.0, 1.0, 1.0, 1.0, 1.0, 1.0, 1.0, 1.0, 1.0, 1.0, 1.0, 1.0, 1.0, 1.0, 1.0, 1.0, 1.0, 1.0, 1.0, 1.0, 1.0, 1.0, 1.0, 1.0, 1.0, 1.0, 1.0, 1.0, 1.0, 1.0, 1.0, 1.0, 1.0, 1.0, 1.0, 1.0, 1.0, 1.0, 1.0, 1.0, 1.0, 1.0, 1.0, 1.0, 1.0, 1.0, 1.0, 1.0, 1.0, 1.0, 1.0, 1.0, 1.0, 1.0, 1.0, 1.0, 1.0, 1.0, 1.0, 1.0, 1.0, 1.0, 1.0, 1.0, 1.0, 1.0, 1.0, 1.0, 1.0, 1.0, 1.0, 1.0, 1.0, 1.0, 1.0, 1.0, 1.0, 1.0, 1.0]
val step Accs: [0.9996630727762803, 0.9997021593447506, 1.0, 0.9989165763813651, 1.0, 1.0, 1.0, 1.0, 1.0, 1.0, 1.0, 1.0, 1.0, 1.0, 1.0, 1.0, 0.9998456551937027, 1.0, 1.0, 1.0, 0.9998104624715694, 1.0, 0.9993044687880369, 1.0, 1.0, 1.0, 1.0]
Preds: [17, 17, 152, 152, 152, 378, 378, 43, 276, 345, 345, 109, 174, 284, 319, 240, 240, 240, 314, 239, 82, 82, 449, 371, 444, 213, 324, 324, 324, 286, 301, 132, 42, 42, 147, 380, 380, 288, 443, 432, 330, 330, 388, 33, 33, 64, 394, 398, 219, 464, 464, 464, 180, 315, 315, 450, 450, 293, 43, 43, 43, 364, 276, 276, 276, 276, 346, 346, 284, 284, 284, 284, 376, 376, 206, 206, 85, 85, 240, 388, 251, 251, 251, 251, 251, 251, 241, 431, 355, 355, 452, 263, 263, 263, 420, 420, 420, 420, 420, 420, 420, 420, 420, 420, 420, 420, 420, 420, 420, 420, 420, 420, 420, 420, 420, 420, 420, 420, 420, 420, 420, 420, 420, 420, 420, 420, 420, 420, 420, 420, 420, 420, 420, 420, 420, 420, 420, 420, 420, 420, 420, 420, 420, 420, 420, 420, 420, 420, 420, 420, 420, 420, 420, 420, 420, 420, 420, 420, 420, 420, 420, 420, 420, 420, 420, 420, 420, 420, 420, 420, 420, 420, 420, 420, 420, 420, 420, 420, 420, 420, 420, 420, 420, 420, 420, 420, 420, 420, 420, 420, 420, 420, 420, 420, 420, 420, 420, 420, 420, 420, 420, 420, 420, 420, 420, 420, 420, 420, 420, 420, 420, 420, 420, 420, 420, 420, 420, 420, 420, 420, 420, 420, 420, 420, 420, 420, 420, 420, 420, 420, 420, 420, 420, 420, 420, 420, 420, 420, 420, 420, 420, 420, 420, 420, 420, 420, 420, 420, 420, 420, 420, 420, 420, 420, 420, 420, 420, 420, 420, 420, 420, 420, 420, 420, 420, 420, 420, 420, 420, 420, 420, 420, 420, 420, 420, 420, 420, 420, 420, 420, 420, 420, 420, 420, 420, 420, 420, 420, 420, 420, 420, 420, 420, 420, 420, 420, 420, 420, 420, 420, 420, 420, 420, 420, 420, 420, 420, 420, 420, 420, 420, 420, 420, 420, 420, 420, 420, 420, 420, 420, 420, 420, 420, 420, 420, 420, 420, 420, 420, 420, 420, 420, 420, 420, 420, 420, 420, 420, 420, 420, 420, 420, 420, 420, 420, 420, 420, 420, 420, 420, 420, 420, 420, 420, 420, 420, 420, 420, 420, 420, 420, 420, 420, 420, 420, 420, 420, 420, 420, 420, 420, 420, 420, 420, 420, 420, 420, 420, 420, 420, 420, 420, 420, 420, 420, 420, 420, 420, 420, 420, 420, 420, 420, 420, 420, 420, 420, 420, 420, 420, 420, 420, 420, 420, 420, 420, 420, 420, 420, 420, 420, 420, 420, 420, 420, 420, 420, 420, 420, 420, 420, 420, 420, 420, 420, 420, 420, 420, 420, 420, 420, 420, 420, 420, 420, 420, 420, 420, 420, 420, 420, 420, 420, 420, 420, 420, 420, 420, 420, 420, 420, 420, 420, 420, 420, 420, 420, 420, 420, 420, 420, 420, 420, 420, 420, 420, 420, 420, 420, 420, 420, 420, 420, 420, 420, 420, 420, 420, 420, 420, 420, 420, 420, 420, 420, 420, 420, 420, 420, 420, 420, 420, 420, 420, 420, 420, 420, 420, 420, 420, 420, 420, 420, 420, 420, 420, 420, 420, 420, 420, 420, 420, 420, 420, 420, 420, 420, 420, 420, 420, 420, 420, 420, 420, 420, 420, 420, 420, 420, 420, 420, 420, 420, 420, 420, 420, 420, 420, 420, 420, 420, 420, 420, 420, 420, 420, 420, 420, 420, 420, 420, 420, 420, 420, 420, 420, 420, 420, 420, 420, 420, 420, 420, 420, 420, 420, 420, 420, 420, 420, 420, 420, 420, 420, 420, 420, 420, 420, 420, 420, 420, 420, 420, 420, 420, 420, 420, 420, 420, 420, 420, 420, 420, 420, 420, 420, 420, 420, 420, 420]

ep267
Train step Loss: [0.9456261396408081, 0.945730447769165, 0.9456326961517334, 0.9457404613494873, 0.9456977248191833, 0.9456292986869812, 0.9457187652587891, 0.9456587433815002, 0.945594072341919, 0.9456438422203064, 0.9456794261932373, 0.9457091093063354, 0.9456238150596619, 0.9457234740257263, 0.9456148147583008, 0.9456719756126404, 0.9457995891571045, 0.945697546005249, 0.9456425309181213, 0.9457363486289978, 0.9456994533538818, 0.945715069770813, 0.9457377791404724, 0.9456347823143005, 0.9456348419189453, 0.9456543922424316, 0.9456685781478882, 0.9456546306610107, 0.9456767439842224, 0.9457277059555054, 0.9457211494445801, 0.9456720352172852, 0.9457292556762695, 0.9456313252449036, 0.9457119107246399, 0.9456419944763184, 0.9456649422645569, 0.9456345438957214, 0.9456946849822998, 0.9456667900085449, 0.945637047290802, 0.9456897377967834, 0.9457054138183594, 0.945669949054718, 0.9456706047058105, 0.9457134008407593, 0.9456611275672913, 0.9456643462181091, 0.9456630945205688, 0.945629358291626, 0.9456407427787781, 0.9457132816314697, 0.9457791447639465, 0.9456364512443542, 0.9457128047943115, 0.9456637501716614, 0.9456993341445923, 0.9456112384796143, 0.9456084966659546, 0.9456617832183838, 0.9456071853637695, 0.9456514120101929, 0.9456754326820374, 0.94561368227005, 0.945683479309082, 0.9456180930137634, 0.9457367658615112, 0.9457502365112305, 0.9456539154052734, 0.9455757141113281, 0.9456624388694763, 0.9456961154937744, 0.9457043409347534, 0.9456556439399719, 0.9456872940063477, 0.9456114768981934, 0.9456773400306702, 0.945644199848175, 0.9457316398620605, 0.9456822872161865, 0.9456663131713867, 0.9456260800361633, 0.9456749558448792, 0.9456462860107422, 0.9456979036331177, 0.9456894397735596, 0.9457038044929504, 0.945702075958252, 0.9456658363342285, 0.9457141757011414, 0.9456830620765686, 0.9456866383552551, 0.9456237554550171, 0.9456614255905151, 0.9456656575202942, 0.9456778168678284, 0.9457336664199829, 0.9456620812416077, 0.9456987977027893, 0.9457024335861206, 0.9456945061683655, 0.9456172585487366, 0.945641279220581, 0.9457268714904785, 0.9456262588500977]
val step Loss: [0.9461052417755127, 0.94600909948349, 0.9460505247116089, 0.946049690246582, 0.9460946917533875, 0.9470442533493042, 0.947089433670044, 0.9463138580322266, 0.9460606575012207, 0.9460721015930176, 0.9460264444351196, 0.9573850035667419, 0.9461256265640259, 0.9460155367851257, 0.9469488859176636, 0.9460965991020203, 0.9459818601608276, 0.9461308121681213, 0.9462293982505798, 0.9461678266525269, 0.9468669295310974, 0.9460650086402893, 0.9460952877998352, 0.9459865689277649, 0.946103572845459, 0.94608473777771, 0.9459914565086365]
Train step Accs: [1.0, 1.0, 1.0, 1.0, 1.0, 1.0, 1.0, 1.0, 1.0, 1.0, 1.0, 1.0, 1.0, 1.0, 1.0, 1.0, 1.0, 1.0, 1.0, 1.0, 1.0, 1.0, 1.0, 1.0, 1.0, 1.0, 1.0, 1.0, 1.0, 1.0, 1.0, 1.0, 1.0, 1.0, 1.0, 1.0, 1.0, 1.0, 1.0, 1.0, 1.0, 1.0, 1.0, 1.0, 1.0, 1.0, 1.0, 1.0, 1.0, 1.0, 1.0, 1.0, 1.0, 1.0, 1.0, 1.0, 1.0, 1.0, 1.0, 1.0, 1.0, 1.0, 1.0, 1.0, 1.0, 1.0, 1.0, 1.0, 1.0, 1.0, 1.0, 1.0, 1.0, 1.0, 1.0, 1.0, 1.0, 1.0, 1.0, 1.0, 1.0, 1.0, 1.0, 1.0, 1.0, 1.0, 1.0, 1.0, 1.0, 1.0, 1.0, 1.0, 1.0, 1.0, 1.0, 1.0, 1.0, 1.0, 1.0, 1.0, 1.0, 1.0, 1.0, 1.0, 1.0]
val step Accs: [1.0, 1.0, 1.0, 1.0, 1.0, 0.99981556621173, 0.9998213009292352, 1.0, 1.0, 1.0, 1.0, 0.9979256698357822, 1.0, 1.0, 0.9998423707440101, 1.0, 1.0, 1.0, 1.0, 1.0, 0.9998325238653492, 1.0, 1.0, 1.0, 1.0, 1.0, 1.0]
Preds: [17, 17, 441, 153, 153, 153, 424, 387, 497, 497, 122, 122, 35, 35, 259, 384, 371, 180, 180, 84, 84, 139, 16, 16, 375, 375, 375, 375, 98, 98, 98, 13, 13, 414, 414, 249, 249, 20, 47, 312, 187, 187, 101, 101, 101, 101, 149, 149, 149, 321, 287, 287, 287, 287, 297, 297, 297, 293, 293, 293, 122, 216, 22, 106, 106, 106, 284, 284, 284, 284, 306, 306, 372, 245, 406, 406, 284, 65, 284, 284, 284, 376, 376, 282, 282, 169, 271, 150, 77, 342, 342, 168, 97, 483, 196, 196, 479, 199, 199, 199, 360, 360, 330, 252, 368, 310, 310, 395, 395, 213, 278, 278, 278, 252, 368, 77, 453, 453, 168, 485, 301, 301, 374, 199, 106, 84, 84, 84, 84, 496, 293, 215, 215, 8, 251, 241, 241, 106, 106, 106, 284, 426, 405, 387, 387, 406, 406, 467, 467, 337, 207, 207, 19, 358, 233, 414, 417, 417, 417, 417, 442, 442, 414, 170, 102, 491, 312, 292, 292, 292, 292, 326, 326, 408, 408, 408, 228, 321, 320, 451, 30, 30, 422, 99, 338, 338, 338, 338, 400, 400, 400, 400, 171, 171, 301, 301, 378, 43, 364, 345, 345, 109, 109, 476, 476, 171, 324, 324, 301, 301, 8, 259, 354, 354, 420, 420, 420, 324, 324, 301, 251, 251, 241, 241, 331, 443, 443, 443, 443, 120, 120, 120, 120, 207, 207, 207, 207, 37, 203, 399, 217, 217, 473, 473, 476, 476, 171, 171, 171, 171, 252, 252, 310, 453, 107, 395, 444, 213, 213, 360, 252, 252, 368, 77, 54, 54, 224, 168, 494, 278, 301, 116, 251, 251, 241, 431, 431, 486, 376, 376, 376, 376, 376, 460, 460, 460, 240, 240, 35, 198, 384, 371, 114, 180, 84, 84, 84, 387, 372, 467, 467, 467, 467, 467, 207, 207, 207, 19, 19, 17, 420, 420, 420, 420, 420, 420, 420, 420, 420, 420, 420, 420, 420, 420, 420, 420, 420, 420, 420, 420, 420, 420, 420, 420, 420, 420, 420, 420, 420, 420, 420, 420, 420, 420, 420, 420, 420, 420, 420, 420, 420, 420, 420, 420, 420, 420, 420, 420, 420, 420, 420, 420, 420, 420, 420, 420, 420, 420, 420, 420, 420, 420, 420, 420, 420, 420, 420, 420, 420, 420, 420, 420, 420, 420, 420, 420, 420, 420, 420, 420, 420, 420, 420, 420, 420, 420, 420, 420, 420, 420, 420, 420, 420, 420, 420, 420, 420, 420, 420, 420, 420, 420, 420, 420, 420, 420, 420, 420, 420, 420, 420, 420, 420, 420, 420, 420, 420, 420, 420, 420, 420, 420, 420, 420, 420, 420, 420, 420, 420, 420, 420, 420, 420, 420, 420, 420, 420, 420, 420, 420, 420, 420, 420, 420, 420, 420, 420, 420, 420, 420, 420, 420, 420, 420, 420, 420, 420, 420, 420, 420, 420, 420, 420, 420, 420, 420, 420, 420, 420, 420, 420, 420, 420, 420, 420, 420, 420, 420, 420, 420, 420, 420, 420, 420, 420, 420, 420, 420, 420, 420, 420, 420, 420, 420, 420, 420, 420, 420, 420, 420, 420, 420, 420, 420, 420, 420, 420, 420, 420, 420, 420, 420, 420, 420, 420, 420, 420, 420, 420, 420, 420, 420, 420, 420, 420, 420, 420, 420, 420, 420, 420, 420, 420, 420, 420, 420, 420, 420, 420, 420, 420, 420, 420, 420, 420, 420, 420, 420, 420, 420, 420, 420, 420, 420, 420, 420, 420, 420, 420, 420, 420, 420, 420, 420, 420, 420, 420, 420, 420, 420, 420, 420, 420, 420, 420, 420, 420, 420, 420, 420, 420, 420, 420, 420, 420, 420, 420, 420, 420, 420]

ep268
Train step Loss: [0.9456065893173218, 0.9456549286842346, 0.9456688165664673, 0.9456954002380371, 0.9456875324249268, 0.9456514120101929, 0.945685088634491, 0.9457221627235413, 0.9456480145454407, 0.9456323385238647, 0.9456861615180969, 0.9456605315208435, 0.9456216096878052, 0.9455850124359131, 0.9456628561019897, 0.9456937909126282, 0.945659339427948, 0.945685088634491, 0.9456987977027893, 0.9457052946090698, 0.9456599354743958, 0.9456654191017151, 0.9456818699836731, 0.9456980228424072, 0.9456886053085327, 0.9456819891929626, 0.9456942081451416, 0.9457157254219055, 0.9456506371498108, 0.945675790309906, 0.945672333240509, 0.9457074999809265, 0.9456977844238281, 0.9456668496131897, 0.9456630349159241, 0.9457112550735474, 0.9456549286842346, 0.9457618594169617, 0.9457883834838867, 0.9457170963287354, 0.9457033276557922, 0.9457346796989441, 0.9456397891044617, 0.9457088708877563, 0.9456193447113037, 0.9456942677497864, 0.9457635879516602, 0.9456591606140137, 0.9456961750984192, 0.9456608891487122, 0.9456996917724609, 0.9456133246421814, 0.9457038640975952, 0.9456825852394104, 0.9456972479820251, 0.9456721544265747, 0.9457298517227173, 0.9456760883331299, 0.9456905126571655, 0.9457045197486877, 0.9457243084907532, 0.9457014799118042, 0.9455974102020264, 0.9456329941749573, 0.9457239508628845, 0.9456483125686646, 0.9456986784934998, 0.9456052184104919, 0.9457187056541443, 0.9457088112831116, 0.9456333518028259, 0.9456400275230408, 0.9456937313079834, 0.945698082447052, 0.9456170797348022, 0.9456525444984436, 0.945655882358551, 0.945627748966217, 0.9457362294197083, 0.9456462264060974, 0.9456809759140015, 0.9457010626792908, 0.9456371665000916, 0.9456261396408081, 0.9456816911697388, 0.9456256031990051, 0.9456167817115784, 0.945695698261261, 0.9456596374511719, 0.9457020163536072, 0.9456113576889038, 0.9457184672355652, 0.9456894993782043, 0.9457668662071228, 0.945722222328186, 0.945717990398407, 0.9456913471221924, 0.9456853866577148, 0.9456514120101929, 0.9456707239151001, 0.9456833004951477, 0.9456707239151001, 0.9456807971000671, 0.9456136226654053, 0.9456548690795898]
val step Loss: [0.9460130333900452, 0.9460504651069641, 0.9460499286651611, 0.9460669755935669, 0.9461591839790344, 0.94599449634552, 0.9460578560829163, 0.9460535645484924, 0.9462457299232483, 0.9471043944358826, 0.9461387991905212, 0.9461197853088379, 0.9460477828979492, 0.9462087154388428, 0.9461803436279297, 0.9461867213249207, 0.9513527154922485, 0.9494727253913879, 0.9469683170318604, 0.9473448991775513, 0.9461952447891235, 0.9460805058479309, 0.9461035132408142, 0.9468612670898438, 0.9478216767311096, 0.9461029171943665, 0.9459365606307983]
Train step Accs: [1.0, 1.0, 1.0, 1.0, 1.0, 1.0, 1.0, 1.0, 1.0, 1.0, 1.0, 1.0, 1.0, 1.0, 1.0, 1.0, 1.0, 1.0, 1.0, 1.0, 1.0, 1.0, 1.0, 1.0, 1.0, 1.0, 1.0, 1.0, 1.0, 1.0, 1.0, 1.0, 1.0, 1.0, 1.0, 1.0, 1.0, 1.0, 1.0, 1.0, 1.0, 1.0, 1.0, 1.0, 1.0, 1.0, 1.0, 1.0, 1.0, 1.0, 1.0, 1.0, 1.0, 1.0, 1.0, 1.0, 1.0, 1.0, 1.0, 1.0, 1.0, 1.0, 1.0, 1.0, 1.0, 1.0, 1.0, 1.0, 1.0, 1.0, 1.0, 1.0, 1.0, 1.0, 1.0, 1.0, 1.0, 1.0, 1.0, 1.0, 1.0, 1.0, 1.0, 1.0, 1.0, 1.0, 1.0, 1.0, 1.0, 1.0, 1.0, 1.0, 1.0, 1.0, 1.0, 1.0, 1.0, 1.0, 1.0, 1.0, 1.0, 1.0, 1.0, 1.0, 1.0]
val step Accs: [1.0, 1.0, 1.0, 1.0, 1.0, 1.0, 1.0, 1.0, 1.0, 0.99982341515098, 1.0, 1.0, 1.0, 1.0, 1.0, 1.0, 0.9990495802312688, 0.9993951308029638, 0.9998344370860928, 0.9997679275934092, 1.0, 1.0, 1.0, 0.999857020303117, 0.9996805622105095, 1.0, 1.0]
Preds: [17, 17, 17, 345, 442, 487, 152, 152, 152, 301, 378, 43, 276, 345, 109, 109, 284, 486, 460, 240, 240, 385, 314, 32, 239, 75, 384, 371, 191, 191, 240, 385, 143, 401, 244, 75, 127, 273, 180, 486, 486, 486, 460, 282, 167, 385, 457, 196, 196, 219, 398, 464, 464, 486, 486, 460, 460, 215, 215, 401, 401, 244, 321, 354, 420, 420, 324, 422, 77, 478, 68, 68, 68, 224, 273, 444, 444, 324, 301, 314, 217, 473, 398, 398, 324, 301, 10, 10, 309, 479, 380, 374, 213, 213, 213, 213, 246, 301, 301, 378, 29, 134, 134, 134, 203, 280, 337, 324, 324, 324, 324, 3, 464, 464, 145, 113, 206, 169, 349, 349, 205, 261, 261, 25, 100, 153, 153, 43, 43, 276, 276, 182, 387, 387, 387, 178, 129, 401, 244, 244, 208, 441, 100, 100, 100, 182, 182, 375, 98, 98, 229, 244, 244, 247, 126, 126, 326, 101, 101, 391, 228, 244, 244, 320, 287, 287, 287, 206, 240, 35, 36, 449, 449, 224, 168, 278, 464, 331, 315, 319, 450, 293, 43, 276, 182, 497, 497, 497, 122, 186, 349, 234, 234, 261, 25, 25, 106, 428, 428, 146, 146, 146, 171, 324, 324, 324, 324, 464, 464, 464, 464, 486, 486, 85, 85, 240, 251, 251, 251, 241, 431, 428, 428, 146, 146, 219, 219, 219, 219, 219, 464, 464, 443, 486, 486, 460, 460, 169, 169, 349, 352, 261, 25, 485, 152, 152, 422, 143, 458, 458, 75, 208, 441, 100, 100, 100, 98, 98, 48, 48, 17, 17, 420, 420, 420, 420, 420, 420, 420, 420, 420, 420, 420, 420, 420, 420, 420, 420, 420, 420, 420, 420, 420, 420, 420, 420, 420, 420, 420, 420, 420, 420, 420, 420, 420, 420, 420, 420, 420, 420, 420, 420, 420, 420, 420, 420, 420, 420, 420, 420, 420, 420, 420, 420, 420, 420, 420, 420, 420, 420, 420, 420, 420, 420, 420, 420, 420, 420, 420, 420, 420, 420, 420, 420, 420, 420, 420, 420, 420, 420, 420, 420, 420, 420, 420, 420, 420, 420, 420, 420, 420, 420, 420, 420, 420, 420, 420, 420, 420, 420, 420, 420, 420, 420, 420, 420, 420, 420, 420, 420, 420, 420, 420, 420, 420, 420, 420, 420, 420, 420, 420, 420, 420, 420, 420, 420, 420, 420, 420, 420, 420, 420, 420, 420, 420, 420, 420, 420, 420, 420, 420, 420, 420, 420, 420, 420, 420, 420, 420, 420, 420, 420, 420, 420, 420, 420, 420, 420, 420, 420, 420, 420, 420, 420, 420, 420, 420, 420, 420, 420, 420, 420, 420, 420, 420, 420, 420, 420, 420, 420, 420, 420, 420, 420, 420, 420, 420, 420, 420, 420, 420, 420, 420, 420, 420, 420, 420, 420, 420, 420, 420, 420, 420, 420, 420, 420, 420, 420, 420, 420, 420, 420, 420, 420, 420, 420, 420, 420, 420, 420, 420, 420, 420, 420, 420, 420, 420, 420, 420, 420, 420, 420, 420, 420, 420, 420, 420, 420, 420, 420, 420, 420, 420, 420, 420, 420, 420, 420, 420, 420, 420, 420, 420, 420, 420, 420, 420, 420, 420, 420, 420, 420, 420, 420, 420, 420, 420, 420, 420, 420, 420, 420, 420, 420, 420, 420, 420, 420, 420, 420, 420, 420, 420, 420, 420, 420, 420, 420, 420, 420, 420, 420, 420, 420, 420, 420, 420, 420, 420, 420, 420, 420, 420, 420, 420, 420, 420, 420, 420, 420, 420, 420, 420, 420, 420, 420, 420, 420, 420, 420, 420, 420, 420, 420, 420, 420, 420, 420, 420, 420, 420, 420, 420, 420, 420, 420, 420, 420, 420, 420]

ep269
Train step Loss: [0.9457439184188843, 0.9456943273544312, 0.9455677270889282, 0.9456371068954468, 0.9457606673240662, 0.9457268714904785, 0.9456959962844849, 0.9456290006637573, 0.9456741213798523, 0.9457182884216309, 0.9456540942192078, 0.945659875869751, 0.9456430077552795, 0.9456210732460022, 0.9455729126930237, 0.9456983804702759, 0.9457111954689026, 0.9457709193229675, 0.9456943273544312, 0.9456460475921631, 0.9456769227981567, 0.9456617832183838, 0.9456534385681152, 0.9456183314323425, 0.945698618888855, 0.945610523223877, 0.9456688165664673, 0.9456518888473511, 0.9456920027732849, 0.9457559585571289, 0.9456648826599121, 0.9456948637962341, 0.9456759691238403, 0.9456546902656555, 0.9457347393035889, 0.9456589221954346, 0.9456967711448669, 0.9457242488861084, 0.945659875869751, 0.9456606507301331, 0.945576548576355, 0.945638120174408, 0.9457123875617981, 0.9456549882888794, 0.945690393447876, 0.9456917643547058, 0.9456508159637451, 0.9457229971885681, 0.9457334876060486, 0.9456613063812256, 0.9456532597541809, 0.9456759691238403, 0.9457723498344421, 0.9457675814628601, 0.9456725716590881, 0.9456758499145508, 0.9456815123558044, 0.9457094669342041, 0.9456444978713989, 0.9456795454025269, 0.9457719326019287, 0.9456886649131775, 0.9456777572631836, 0.9456894397735596, 0.9456705451011658, 0.9456749558448792, 0.9457184672355652, 0.9456509947776794, 0.9456813931465149, 0.9456251859664917, 0.9456795454025269, 0.9456262588500977, 0.945682942867279, 0.9457158446311951, 0.9456479549407959, 0.9456555843353271, 0.9456787109375, 0.945730984210968, 0.9457271099090576, 0.9456447958946228, 0.945660412311554, 0.9457026720046997, 0.9456756711006165, 0.9456920623779297, 0.9456382989883423, 0.9456985592842102, 0.9455956220626831, 0.9457319974899292, 0.945666491985321, 0.9456266164779663, 0.9456499218940735, 0.9457607865333557, 0.9456449747085571, 0.9456990957260132, 0.9456591010093689, 0.9456411600112915, 0.9456803798675537, 0.9456780552864075, 0.9456253051757812, 0.9456055164337158, 0.9456111788749695, 0.9457180500030518, 0.9456339478492737, 0.9456974864006042, 0.9457080960273743]
val step Loss: [0.9463167786598206, 0.9459139704704285, 0.9460917115211487, 0.9460767507553101, 0.9461143016815186, 0.9459772706031799, 0.945929765701294, 0.9460813999176025, 0.9461106657981873, 0.9462153315544128, 0.9460988640785217, 0.9459670782089233, 0.9458738565444946, 0.9480271935462952, 0.9511317610740662, 0.9470826983451843, 0.9468706250190735, 0.9460842609405518, 0.9471360445022583, 0.946173369884491, 0.9459879994392395, 0.94599848985672, 0.9460883140563965, 0.9462237358093262, 0.9472661018371582, 0.9499226212501526, 0.9458960294723511]
Train step Accs: [1.0, 1.0, 1.0, 1.0, 1.0, 1.0, 1.0, 1.0, 1.0, 1.0, 1.0, 1.0, 1.0, 1.0, 1.0, 1.0, 1.0, 1.0, 1.0, 1.0, 1.0, 1.0, 1.0, 1.0, 1.0, 1.0, 1.0, 1.0, 1.0, 1.0, 1.0, 1.0, 1.0, 1.0, 1.0, 1.0, 1.0, 1.0, 1.0, 1.0, 1.0, 1.0, 1.0, 1.0, 1.0, 1.0, 1.0, 1.0, 1.0, 1.0, 1.0, 1.0, 1.0, 1.0, 1.0, 1.0, 1.0, 1.0, 1.0, 1.0, 1.0, 1.0, 1.0, 1.0, 1.0, 1.0, 1.0, 1.0, 1.0, 1.0, 1.0, 1.0, 1.0, 1.0, 1.0, 1.0, 1.0, 1.0, 1.0, 1.0, 1.0, 1.0, 1.0, 1.0, 1.0, 1.0, 1.0, 1.0, 1.0, 1.0, 1.0, 1.0, 1.0, 1.0, 1.0, 1.0, 1.0, 1.0, 1.0, 1.0, 1.0, 1.0, 1.0, 1.0, 1.0]
val step Accs: [1.0, 1.0, 1.0, 1.0, 1.0, 1.0, 1.0, 1.0, 1.0, 1.0, 1.0, 1.0, 1.0, 0.9996405463695184, 0.999057936881771, 0.9998422712933754, 0.9998445998445998, 1.0, 0.9998052959501558, 1.0, 1.0, 1.0, 1.0, 1.0, 0.9998014691284495, 0.9993117687543015, 1.0]
Preds: [17, 17, 32, 239, 384, 377, 371, 374, 374, 374, 132, 8, 8, 259, 354, 354, 180, 180, 443, 120, 120, 120, 120, 120, 240, 240, 240, 216, 285, 84, 84, 302, 302, 100, 375, 375, 375, 98, 98, 98, 229, 229, 247, 312, 312, 187, 1, 101, 101, 101, 321, 321, 287, 287, 287, 287, 284, 284, 284, 206, 167, 348, 379, 77, 77, 478, 66, 323, 323, 172, 115, 273, 273, 273, 151, 240, 240, 285, 199, 111, 111, 111, 111, 438, 438, 438, 219, 324, 324, 464, 464, 464, 464, 301, 301, 143, 35, 74, 437, 437, 437, 284, 284, 285, 285, 106, 284, 284, 284, 284, 426, 426, 293, 293, 293, 182, 346, 346, 284, 284, 284, 284, 426, 481, 293, 293, 43, 43, 276, 276, 276, 174, 387, 348, 10, 398, 398, 398, 398, 374, 378, 406, 406, 406, 88, 88, 81, 81, 337, 337, 146, 324, 219, 219, 219, 152, 152, 58, 58, 27, 351, 486, 486, 486, 486, 486, 460, 460, 460, 167, 35, 35, 219, 219, 219, 485, 485, 477, 374, 374, 374, 374, 374, 304, 304, 337, 41, 19, 19, 454, 454, 229, 229, 229, 312, 312, 187, 187, 23, 23, 23, 260, 391, 391, 321, 321, 320, 320, 345, 100, 100, 497, 497, 497, 122, 216, 453, 168, 5, 258, 38, 99, 99, 338, 338, 338, 338, 338, 400, 400, 444, 171, 171, 171, 171, 171, 464, 464, 335, 14, 14, 287, 145, 145, 111, 111, 240, 240, 146, 219, 219, 219, 464, 464, 464, 222, 84, 245, 245, 245, 43, 43, 43, 364, 276, 276, 276, 276, 276, 346, 346, 346, 284, 284, 206, 206, 206, 167, 167, 35, 14, 411, 411, 411, 424, 424, 424, 153, 182, 182, 182, 182, 182, 182, 182, 122, 122, 250, 303, 195, 195, 195, 303, 117, 98, 117, 117, 48, 48, 48, 414, 170, 244, 244, 392, 244, 392, 392, 392, 244, 73, 7, 7, 321, 7, 7, 127, 451, 30, 30, 324, 301, 301, 378, 325, 114, 114, 114, 180, 486, 486, 486, 315, 460, 285, 285, 285, 467, 85, 111, 403, 146, 207, 299, 299, 434, 434, 250, 250, 413, 271, 186, 186, 99, 99, 338, 338, 395, 395, 273, 273, 432, 432, 330, 240, 240, 385, 35, 77, 164, 164, 115, 273, 273, 180, 151, 151, 151, 206, 130, 130, 402, 183, 219, 219, 219, 213, 213, 213, 246, 246, 246, 246, 301, 301, 378, 43, 43, 276, 276, 153, 153, 387, 413, 413, 360, 219, 246, 246, 246, 246, 246, 246, 246, 19, 17, 420, 420, 420, 420, 420, 420, 420, 420, 420, 420, 420, 420, 420, 420, 420, 420, 420, 420, 420, 420, 420, 420, 420, 420, 420, 420, 420, 420, 420, 420, 420, 420, 420, 420, 420, 420, 420, 420, 420, 420, 420, 420, 420, 420, 420, 420, 420, 420, 420, 420, 420, 420, 420, 420, 420, 420, 420, 420, 420, 420, 420, 420, 420, 420, 420, 420, 420, 420, 420, 420, 420, 420, 420, 420, 420, 420, 420, 420, 420, 420, 420, 420, 420, 420, 420, 420, 420, 420, 420, 420, 420, 420, 420, 420, 420, 420, 420, 420, 420, 420, 420, 420, 420, 420, 420, 420, 420, 420, 420, 420, 420, 420, 420, 420, 420, 420, 420, 420, 420, 420, 420, 420, 420, 420, 420, 420, 420, 420, 420, 420, 420, 420, 420, 420, 420, 420, 420, 420, 420, 420, 420, 420, 420, 420, 420, 420, 420, 420, 420, 420, 420, 420, 420, 420, 420, 420, 420, 420, 420, 420, 420, 420, 420, 420, 420, 420, 420, 420, 420, 420, 420, 420, 420, 420]

ep270
Train step Loss: [0.9456748366355896, 0.9457317590713501, 0.9456741809844971, 0.9456626176834106, 0.9456445574760437, 0.9456751346588135, 0.9456323385238647, 0.9456549882888794, 0.9456915855407715, 0.9457501173019409, 0.945650041103363, 0.9456116557121277, 0.9457643032073975, 0.9456648230552673, 0.9456849098205566, 0.9456907510757446, 0.9456081986427307, 0.9456027746200562, 0.9456175565719604, 0.945659339427948, 0.9456642270088196, 0.9456039667129517, 0.9456228017807007, 0.9456740617752075, 0.9456860423088074, 0.9457091093063354, 0.9456982612609863, 0.9456923007965088, 0.9456580281257629, 0.94559246301651, 0.9457277059555054, 0.9457013607025146, 0.9456269145011902, 0.9456900954246521, 0.9456260800361633, 0.9456180334091187, 0.9456726908683777, 0.9456992745399475, 0.9455936551094055, 0.9457091689109802, 0.9456386566162109, 0.94572913646698, 0.945638120174408, 0.945652186870575, 0.9456448554992676, 0.9456424713134766, 0.9456775188446045, 0.9457136988639832, 0.945662796497345, 0.9456565976142883, 0.9456722140312195, 0.9456719756126404, 0.9457118511199951, 0.9457131028175354, 0.945723295211792, 0.9456560015678406, 0.9455838203430176, 0.9456679224967957, 0.945687472820282, 0.9458324909210205, 0.9456424713134766, 0.9456465244293213, 0.9456568956375122, 0.9456976652145386, 0.9456921815872192, 0.9456100463867188, 0.9456907510757446, 0.9456574320793152, 0.9457026124000549, 0.945668637752533, 0.9456923604011536, 0.9456688761711121, 0.9456714391708374, 0.9456159472465515, 0.9456318616867065, 0.945629358291626, 0.9457286596298218, 0.9456315040588379, 0.9456486701965332, 0.9456757307052612, 0.9457299709320068, 0.9457442164421082, 0.9457768797874451, 0.9457310438156128, 0.945763885974884, 0.9456233978271484, 0.9457148313522339, 0.9457088112831116, 0.9456554651260376, 0.9457298517227173, 0.9457098841667175, 0.9456312656402588, 0.9456285834312439, 0.9456654191017151, 0.945746898651123, 0.9456664323806763, 0.9456710815429688, 0.945676326751709, 0.9456868767738342, 0.945599377155304, 0.9456672668457031, 0.945747971534729, 0.9457192420959473, 0.9456725120544434, 0.9456721544265747]
val step Loss: [0.9467836618423462, 0.9461467862129211, 0.9459483027458191, 0.9459465146064758, 0.9470476508140564, 0.9459620714187622, 0.945945143699646, 0.946033775806427, 0.9460299015045166, 0.9459459185600281, 0.9459722638130188, 0.9468570351600647, 0.9461782574653625, 0.9462172985076904, 0.9459585547447205, 0.9460482597351074, 0.946083664894104, 0.9501861333847046, 0.9460628032684326, 0.9460636377334595, 0.9470651149749756, 0.9461167454719543, 0.9460680484771729, 0.9477238655090332, 0.9510138034820557, 0.9461353421211243, 0.9462720155715942]
Train step Accs: [1.0, 1.0, 1.0, 1.0, 1.0, 1.0, 1.0, 1.0, 1.0, 1.0, 1.0, 1.0, 1.0, 1.0, 1.0, 1.0, 1.0, 1.0, 1.0, 1.0, 1.0, 1.0, 1.0, 1.0, 1.0, 1.0, 1.0, 1.0, 1.0, 1.0, 1.0, 1.0, 1.0, 1.0, 1.0, 1.0, 1.0, 1.0, 1.0, 1.0, 1.0, 1.0, 1.0, 1.0, 1.0, 1.0, 1.0, 1.0, 1.0, 1.0, 1.0, 1.0, 1.0, 1.0, 1.0, 1.0, 1.0, 1.0, 1.0, 1.0, 1.0, 1.0, 1.0, 1.0, 1.0, 1.0, 1.0, 1.0, 1.0, 1.0, 1.0, 1.0, 1.0, 1.0, 1.0, 1.0, 1.0, 1.0, 1.0, 1.0, 1.0, 1.0, 1.0, 1.0, 1.0, 1.0, 1.0, 1.0, 1.0, 1.0, 1.0, 1.0, 1.0, 1.0, 1.0, 1.0, 1.0, 1.0, 1.0, 1.0, 1.0, 1.0, 1.0, 1.0, 1.0]
val step Accs: [0.9998643516006511, 1.0, 1.0, 1.0, 0.9998321866084914, 1.0, 1.0, 1.0, 1.0, 1.0, 1.0, 0.9998530708198649, 1.0, 1.0, 1.0, 1.0, 1.0, 0.9992343032159265, 1.0, 1.0, 0.999817050859861, 1.0, 1.0, 0.9996948428440647, 0.9990838295923041, 1.0, 1.0]
Preds: [17, 17, 445, 464, 171, 171, 171, 171, 252, 252, 314, 32, 239, 36, 107, 107, 395, 213, 213, 213, 213, 246, 19, 454, 229, 229, 247, 126, 126, 126, 126, 326, 326, 408, 408, 408, 391, 228, 244, 320, 7, 7, 32, 32, 239, 108, 371, 371, 278, 278, 422, 236, 239, 239, 384, 449, 371, 470, 180, 443, 443, 443, 443, 403, 403, 171, 438, 203, 399, 217, 250, 250, 250, 138, 153, 88, 132, 374, 219, 219, 219, 219, 219, 464, 464, 171, 171, 171, 171, 246, 246, 246, 246, 24, 24, 239, 239, 384, 384, 420, 324, 324, 340, 116, 10, 10, 309, 479, 479, 331, 106, 153, 426, 426, 293, 293, 293, 98, 98, 335, 335, 226, 226, 209, 188, 188, 213, 324, 301, 8, 8, 239, 354, 354, 106, 355, 355, 376, 376, 460, 452, 263, 263, 263, 13, 229, 229, 82, 312, 23, 23, 23, 408, 149, 228, 244, 320, 479, 479, 398, 324, 422, 143, 465, 465, 354, 354, 346, 284, 486, 206, 169, 150, 342, 342, 164, 164, 224, 273, 470, 403, 403, 464, 464, 464, 355, 178, 143, 129, 458, 208, 208, 441, 100, 387, 387, 313, 236, 239, 239, 310, 107, 107, 395, 278, 443, 443, 240, 215, 215, 129, 259, 354, 284, 206, 460, 240, 35, 36, 164, 342, 351, 180, 486, 460, 460, 178, 178, 233, 458, 192, 192, 41, 41, 41, 41, 19, 19, 19, 454, 454, 229, 229, 82, 126, 126, 292, 326, 408, 408, 149, 244, 244, 373, 338, 338, 338, 395, 494, 374, 416, 8, 32, 239, 354, 65, 65, 481, 481, 481, 293, 143, 35, 458, 208, 100, 100, 387, 387, 122, 236, 129, 259, 310, 108, 323, 224, 397, 106, 88, 88, 387, 203, 399, 217, 473, 473, 398, 324, 464, 422, 416, 143, 458, 144, 208, 27, 441, 125, 125, 387, 206, 175, 251, 251, 241, 431, 486, 460, 460, 167, 178, 35, 77, 342, 342, 342, 224, 267, 267, 444, 324, 246, 246, 477, 301, 313, 325, 325, 34, 324, 324, 301, 422, 24, 239, 384, 371, 180, 486, 486, 460, 240, 240, 24, 239, 310, 107, 395, 255, 416, 143, 129, 401, 259, 320, 354, 354, 109, 337, 41, 324, 19, 19, 454, 454, 229, 229, 247, 312, 187, 187, 187, 408, 408, 391, 391, 73, 244, 320, 7, 7, 371, 398, 324, 301, 116, 251, 251, 331, 106, 88, 88, 88, 106, 284, 405, 206, 206, 178, 35, 35, 401, 259, 354, 106, 284, 405, 405, 206, 178, 178, 35, 233, 401, 401, 320, 7, 276, 100, 375, 98, 98, 98, 249, 305, 305, 170, 244, 28, 28, 392, 392, 392, 63, 63, 392, 63, 63, 63, 392, 63, 63, 63, 63, 63, 244, 195, 305, 211, 211, 17, 420, 420, 420, 420, 420, 420, 420, 420, 420, 420, 420, 420, 420, 420, 420, 420, 420, 420, 420, 420, 420, 420, 420, 420, 420, 420, 420, 420, 420, 420, 420, 420, 420, 420, 420, 420, 420, 420, 420, 420, 420, 420, 420, 420, 420, 420, 420, 420, 420, 420, 420, 420, 420, 420, 420, 420, 420, 420, 420, 420, 420, 420, 420, 420, 420, 420, 420, 420, 420, 420, 420, 420, 420, 420, 420, 420, 420, 420, 420, 420, 420, 420, 420, 420, 420, 420, 420, 420, 420, 420, 420, 420, 420, 420, 420, 420, 420, 420, 420, 420, 420, 420, 420, 420, 420, 420, 420, 420, 420, 420, 420, 420, 420, 420, 420, 420, 420, 420, 420, 420, 420, 420, 420, 420, 420, 420, 420, 420, 420, 420, 420, 420, 420, 420, 420, 420, 420, 420]

ep271
Train step Loss: [0.9456570148468018, 0.9456606507301331, 0.9456748366355896, 0.9457451701164246, 0.9457011222839355, 0.9456088542938232, 0.9456988573074341, 0.9455814361572266, 0.9456056356430054, 0.9456876516342163, 0.9457622170448303, 0.9456878900527954, 0.9456499218940735, 0.9456794261932373, 0.945612370967865, 0.9457087516784668, 0.9456577301025391, 0.9456773996353149, 0.9456557035446167, 0.9456883668899536, 0.9456672668457031, 0.945716142654419, 0.9456538558006287, 0.9456790089607239, 0.945680558681488, 0.9456636309623718, 0.945705235004425, 0.9456447958946228, 0.9457089900970459, 0.9456998705863953, 0.9456493258476257, 0.9457189440727234, 0.9456639289855957, 0.945662260055542, 0.9456393122673035, 0.9456502199172974, 0.9456431269645691, 0.9456773996353149, 0.9456534385681152, 0.9456757307052612, 0.9457094073295593, 0.9457167983055115, 0.9457157254219055, 0.9456819295883179, 0.9456171989440918, 0.9456318616867065, 0.9455739259719849, 0.945699155330658, 0.9455949068069458, 0.9456926584243774, 0.9456681609153748, 0.9456703662872314, 0.9456490278244019, 0.9456826448440552, 0.9456080198287964, 0.9457367658615112, 0.94564288854599, 0.9456314444541931, 0.9456727504730225, 0.9456775784492493, 0.9456409811973572, 0.9457361102104187, 0.9456915855407715, 0.9456791281700134, 0.945716381072998, 0.9456910490989685, 0.945646345615387, 0.9456599354743958, 0.9456980228424072, 0.945623517036438, 0.9457088112831116, 0.9456369876861572, 0.9456269145011902, 0.9456045627593994, 0.9456958770751953, 0.9456665515899658, 0.9456307888031006, 0.9456151723861694, 0.9457138180732727, 0.945695161819458, 0.9456601738929749, 0.9456782341003418, 0.9457539319992065, 0.9456377029418945, 0.9456730484962463, 0.9457746148109436, 0.9456175565719604, 0.9456371068954468, 0.9457254409790039, 0.9456504583358765, 0.9456696510314941, 0.9456950426101685, 0.9457521438598633, 0.9456837177276611, 0.9456546902656555, 0.9457035064697266, 0.9456402063369751, 0.9456259608268738, 0.9456619024276733, 0.9456446170806885, 0.94568932056427, 0.9457372426986694, 0.9457080960273743, 0.9456519484519958, 0.9456258416175842]
val step Loss: [0.9462641477584839, 0.9461017847061157, 0.9512447118759155, 0.9460919499397278, 0.9460853338241577, 0.9461371302604675, 0.9459422826766968, 0.9513707160949707, 0.9460548758506775, 0.9461628794670105, 0.9461206793785095, 0.9461312890052795, 0.9461342692375183, 0.9463099241256714, 0.9461338520050049, 0.9461197853088379, 0.9460852146148682, 0.9474551677703857, 0.9460747838020325, 0.9460421800613403, 0.9489944577217102, 0.9469626545906067, 0.9459366798400879, 0.9461088180541992, 0.946112334728241, 0.9460129737854004, 0.946129322052002]
Train step Accs: [1.0, 1.0, 1.0, 1.0, 1.0, 1.0, 1.0, 1.0, 1.0, 1.0, 1.0, 1.0, 1.0, 1.0, 1.0, 1.0, 1.0, 1.0, 1.0, 1.0, 1.0, 1.0, 1.0, 1.0, 1.0, 1.0, 1.0, 1.0, 1.0, 1.0, 1.0, 1.0, 1.0, 1.0, 1.0, 1.0, 1.0, 1.0, 1.0, 1.0, 1.0, 1.0, 1.0, 1.0, 1.0, 1.0, 1.0, 1.0, 1.0, 1.0, 1.0, 1.0, 1.0, 1.0, 1.0, 1.0, 1.0, 1.0, 1.0, 1.0, 1.0, 1.0, 1.0, 1.0, 1.0, 1.0, 1.0, 1.0, 1.0, 1.0, 1.0, 1.0, 1.0, 1.0, 1.0, 1.0, 1.0, 1.0, 1.0, 1.0, 1.0, 1.0, 1.0, 1.0, 1.0, 1.0, 1.0, 1.0, 1.0, 1.0, 1.0, 1.0, 1.0, 1.0, 1.0, 1.0, 1.0, 1.0, 1.0, 1.0, 1.0, 1.0, 1.0, 1.0, 1.0]
val step Accs: [1.0, 1.0, 0.9990766389658357, 1.0, 1.0, 1.0, 1.0, 0.9990444338270426, 1.0, 1.0, 1.0, 1.0, 1.0, 1.0, 1.0, 1.0, 1.0, 0.9997970367363507, 1.0, 1.0, 0.9994667614646285, 0.9998385794995964, 1.0, 1.0, 1.0, 1.0, 1.0]
Preds: [17, 17, 32, 239, 384, 377, 371, 374, 374, 374, 132, 8, 8, 259, 354, 354, 180, 180, 443, 120, 120, 120, 120, 120, 240, 240, 240, 216, 285, 84, 84, 302, 302, 100, 375, 375, 375, 98, 98, 98, 229, 229, 247, 312, 312, 187, 1, 101, 101, 101, 321, 321, 287, 287, 287, 287, 284, 284, 284, 206, 167, 348, 379, 77, 77, 478, 66, 323, 323, 172, 115, 273, 273, 273, 151, 240, 240, 285, 199, 111, 111, 111, 111, 438, 438, 438, 219, 324, 324, 464, 464, 464, 464, 301, 301, 143, 35, 74, 437, 437, 437, 284, 284, 285, 285, 106, 284, 284, 284, 284, 426, 426, 293, 293, 293, 182, 346, 346, 284, 284, 284, 284, 426, 481, 293, 293, 43, 43, 276, 276, 276, 174, 387, 348, 10, 398, 398, 398, 398, 374, 378, 406, 406, 406, 88, 88, 81, 81, 337, 337, 146, 324, 219, 219, 219, 152, 152, 58, 58, 27, 351, 486, 486, 486, 486, 486, 460, 460, 460, 167, 35, 35, 219, 219, 219, 485, 485, 477, 374, 374, 374, 374, 374, 304, 304, 337, 41, 19, 19, 454, 454, 229, 229, 229, 312, 312, 187, 187, 23, 23, 23, 260, 391, 391, 321, 321, 320, 320, 345, 100, 100, 497, 497, 497, 122, 216, 453, 168, 5, 258, 38, 99, 99, 338, 338, 338, 338, 338, 400, 400, 444, 171, 171, 171, 171, 171, 464, 464, 335, 14, 14, 287, 145, 145, 111, 111, 240, 240, 146, 219, 219, 219, 464, 464, 464, 222, 84, 245, 245, 245, 43, 43, 43, 364, 276, 276, 276, 276, 276, 346, 346, 346, 284, 284, 206, 206, 206, 167, 167, 35, 14, 411, 411, 411, 424, 424, 424, 153, 182, 182, 182, 182, 182, 182, 182, 122, 122, 250, 303, 195, 195, 195, 303, 117, 98, 117, 117, 48, 48, 48, 414, 170, 244, 244, 392, 244, 392, 392, 392, 244, 73, 7, 7, 321, 7, 7, 127, 451, 30, 30, 324, 301, 301, 378, 325, 114, 114, 114, 180, 486, 486, 486, 315, 460, 285, 285, 285, 467, 85, 111, 403, 146, 207, 299, 299, 434, 434, 250, 250, 413, 271, 186, 186, 99, 99, 338, 338, 395, 395, 273, 273, 432, 432, 330, 240, 240, 385, 35, 77, 164, 164, 115, 273, 273, 180, 151, 151, 151, 206, 130, 130, 402, 183, 219, 219, 219, 213, 213, 213, 246, 246, 246, 246, 301, 301, 378, 43, 43, 276, 276, 153, 153, 387, 413, 413, 360, 219, 246, 246, 246, 246, 246, 246, 246, 19, 17, 420, 420, 420, 420, 420, 420, 420, 420, 420, 420, 420, 420, 420, 420, 420, 420, 420, 420, 420, 420, 420, 420, 420, 420, 420, 420, 420, 420, 420, 420, 420, 420, 420, 420, 420, 420, 420, 420, 420, 420, 420, 420, 420, 420, 420, 420, 420, 420, 420, 420, 420, 420, 420, 420, 420, 420, 420, 420, 420, 420, 420, 420, 420, 420, 420, 420, 420, 420, 420, 420, 420, 420, 420, 420, 420, 420, 420, 420, 420, 420, 420, 420, 420, 420, 420, 420, 420, 420, 420, 420, 420, 420, 420, 420, 420, 420, 420, 420, 420, 420, 420, 420, 420, 420, 420, 420, 420, 420, 420, 420, 420, 420, 420, 420, 420, 420, 420, 420, 420, 420, 420, 420, 420, 420, 420, 420, 420, 420, 420, 420, 420, 420, 420, 420, 420, 420, 420, 420, 420, 420, 420, 420, 420, 420, 420, 420, 420, 420, 420, 420, 420, 420, 420, 420, 420, 420, 420, 420, 420, 420, 420, 420, 420, 420, 420, 420, 420, 420, 420, 420, 420, 420, 420, 420]

ep272
Train step Loss: [0.9457130432128906, 0.9456568360328674, 0.9456208348274231, 0.9456568956375122, 0.94566410779953, 0.945702314376831, 0.9456944465637207, 0.9456357359886169, 0.9457252025604248, 0.9457172155380249, 0.9456585645675659, 0.9456741809844971, 0.9456584453582764, 0.9456825852394104, 0.9456903338432312, 0.9457074999809265, 0.9456911087036133, 0.9456928372383118, 0.9456934928894043, 0.9457892179489136, 0.9456863403320312, 0.9457318782806396, 0.9456441402435303, 0.9456721544265747, 0.9456636905670166, 0.9457175135612488, 0.9457281231880188, 0.9456844329833984, 0.9456778764724731, 0.9456644058227539, 0.9456838965415955, 0.9456770420074463, 0.9456952810287476, 0.945651113986969, 0.9456710815429688, 0.9456677436828613, 0.9457264542579651, 0.9456602334976196, 0.9456601142883301, 0.9457197189331055, 0.9456787109375, 0.945642352104187, 0.9456753134727478, 0.9457140564918518, 0.9457099437713623, 0.9456232786178589, 0.9456173777580261, 0.9456286430358887, 0.9456600546836853, 0.9457152485847473, 0.9456881880760193, 0.9457165002822876, 0.945655107498169, 0.9456616640090942, 0.9457200169563293, 0.9456087350845337, 0.9457312226295471, 0.9456983804702759, 0.9456381797790527, 0.9456399083137512, 0.9456908702850342, 0.9456839561462402, 0.9456303119659424, 0.9456933736801147, 0.945633053779602, 0.9456706047058105, 0.945681631565094, 0.9456630945205688, 0.9457088112831116, 0.9456570148468018, 0.9456360340118408, 0.9456675052642822, 0.9457221627235413, 0.9456227421760559, 0.9456387758255005, 0.9457014203071594, 0.9457011222839355, 0.9456954002380371, 0.9457105994224548, 0.9457242488861084, 0.9457051157951355, 0.9456117749214172, 0.945598840713501, 0.9456942081451416, 0.945655107498169, 0.9456642270088196, 0.9456679821014404, 0.9456194043159485, 0.945655345916748, 0.9457868337631226, 0.9456965923309326, 0.945723831653595, 0.9457164406776428, 0.9456457495689392, 0.9456947445869446, 0.945649266242981, 0.9456869959831238, 0.9457027912139893, 0.945688009262085, 0.9456882476806641, 0.9456580877304077, 0.9456111788749695, 0.9457736015319824, 0.9456401467323303, 0.9456854462623596]
val step Loss: [0.9459958672523499, 0.947655975818634, 0.9461672902107239, 0.9502770304679871, 0.9458978176116943, 0.9461632966995239, 0.9472345113754272, 0.9520612359046936, 0.9461116790771484, 0.9459965825080872, 0.9461619853973389, 0.9461005330085754, 0.9460236430168152, 0.9460362792015076, 0.9460253119468689, 0.946010172367096, 0.9458950161933899, 0.9460887908935547, 0.9479849338531494, 0.9460762143135071, 0.946182131767273, 0.9460865259170532, 0.9459364414215088, 0.946046769618988, 0.9462578892707825, 0.9461186528205872, 0.9463530778884888]
Train step Accs: [1.0, 1.0, 1.0, 1.0, 1.0, 1.0, 1.0, 1.0, 1.0, 1.0, 1.0, 1.0, 1.0, 1.0, 1.0, 1.0, 1.0, 1.0, 1.0, 1.0, 1.0, 1.0, 1.0, 1.0, 1.0, 1.0, 1.0, 1.0, 1.0, 1.0, 1.0, 1.0, 1.0, 1.0, 1.0, 1.0, 1.0, 1.0, 1.0, 1.0, 1.0, 1.0, 1.0, 1.0, 1.0, 1.0, 1.0, 1.0, 1.0, 1.0, 1.0, 1.0, 1.0, 1.0, 1.0, 1.0, 1.0, 1.0, 1.0, 1.0, 1.0, 1.0, 1.0, 1.0, 1.0, 1.0, 1.0, 1.0, 1.0, 1.0, 1.0, 1.0, 1.0, 1.0, 1.0, 1.0, 1.0, 1.0, 1.0, 1.0, 1.0, 1.0, 1.0, 1.0, 1.0, 1.0, 1.0, 1.0, 1.0, 1.0, 1.0, 1.0, 1.0, 1.0, 1.0, 1.0, 1.0, 1.0, 1.0, 1.0, 1.0, 1.0, 1.0, 1.0, 1.0]
val step Accs: [1.0, 0.9997117740308402, 1.0, 0.9992240844196152, 1.0, 1.0, 0.999822883457315, 0.9988884772137829, 1.0, 1.0, 1.0, 1.0, 1.0, 1.0, 1.0, 1.0, 1.0, 1.0, 0.9996577686516085, 1.0, 1.0, 1.0, 1.0, 1.0, 1.0, 1.0, 1.0]
Preds: [17, 17, 296, 479, 479, 278, 278, 252, 143, 143, 129, 259, 144, 445, 445, 180, 403, 403, 403, 290, 290, 290, 434, 246, 246, 246, 246, 246, 246, 19, 19, 19, 454, 414, 442, 414, 170, 244, 244, 187, 408, 392, 244, 244, 244, 244, 244, 7, 152, 152, 152, 422, 349, 234, 234, 261, 25, 106, 106, 499, 284, 306, 306, 406, 406, 467, 284, 284, 287, 284, 284, 284, 450, 450, 450, 293, 413, 413, 251, 251, 251, 241, 431, 431, 428, 428, 428, 428, 146, 146, 146, 358, 465, 164, 352, 164, 352, 25, 34, 324, 324, 301, 301, 8, 205, 261, 25, 106, 100, 153, 43, 43, 182, 182, 387, 387, 169, 169, 349, 352, 352, 397, 397, 133, 43, 43, 276, 276, 346, 346, 387, 387, 215, 35, 401, 259, 345, 345, 387, 240, 236, 129, 75, 164, 27, 351, 355, 355, 355, 240, 215, 8, 239, 354, 354, 420, 324, 324, 416, 143, 401, 82, 244, 354, 420, 278, 154, 178, 143, 458, 82, 192, 27, 351, 443, 443, 240, 240, 325, 34, 34, 324, 324, 339, 339, 94, 398, 398, 340, 116, 10, 10, 479, 398, 398, 374, 374, 330, 468, 406, 406, 467, 88, 387, 387, 169, 186, 99, 338, 338, 338, 338, 395, 395, 432, 330, 330, 388, 348, 10, 10, 479, 331, 331, 84, 350, 387, 387, 240, 251, 251, 251, 114, 114, 278, 278, 278, 31, 99, 338, 338, 338, 338, 338, 395, 395, 464, 464, 120, 355, 355, 355, 169, 215, 349, 205, 261, 25, 420, 324, 422, 143, 458, 244, 208, 208, 441, 441, 141, 141, 38, 162, 232, 232, 232, 68, 68, 68, 115, 115, 267, 267, 267, 213, 246, 246, 19, 454, 229, 247, 126, 126, 326, 326, 326, 101, 101, 101, 149, 149, 228, 321, 83, 287, 111, 55, 438, 299, 299, 434, 339, 10, 10, 10, 309, 479, 398, 213, 213, 213, 246, 246, 246, 301, 143, 129, 129, 401, 259, 354, 354, 106, 486, 486, 460, 215, 215, 401, 244, 75, 354, 346, 284, 206, 240, 236, 36, 36, 342, 115, 273, 180, 499, 486, 460, 178, 178, 233, 82, 192, 192, 445, 445, 213, 41, 41, 19, 19, 17, 420, 420, 420, 420, 420, 420, 420, 420, 420, 420, 420, 420, 420, 420, 420, 420, 420, 420, 420, 420, 420, 420, 420, 420, 420, 420, 420, 420, 420, 420, 420, 420, 420, 420, 420, 420, 420, 420, 420, 420, 420, 420, 420, 420, 420, 420, 420, 420, 420, 420, 420, 420, 420, 420, 420, 420, 420, 420, 420, 420, 420, 420, 420, 420, 420, 420, 420, 420, 420, 420, 420, 420, 420, 420, 420, 420, 420, 420, 420, 420, 420, 420, 420, 420, 420, 420, 420, 420, 420, 420, 420, 420, 420, 420, 420, 420, 420, 420, 420, 420, 420, 420, 420, 420, 420, 420, 420, 420, 420, 420, 420, 420, 420, 420, 420, 420, 420, 420, 420, 420, 420, 420, 420, 420, 420, 420, 420, 420, 420, 420, 420, 420, 420, 420, 420, 420, 420, 420, 420, 420, 420, 420, 420, 420, 420, 420, 420, 420, 420, 420, 420, 420, 420, 420, 420, 420, 420, 420, 420, 420, 420, 420, 420, 420, 420, 420, 420, 420, 420, 420, 420, 420, 420, 420, 420, 420, 420, 420, 420, 420, 420, 420, 420, 420, 420, 420, 420, 420, 420, 420, 420, 420, 420, 420, 420, 420, 420, 420, 420, 420, 420, 420, 420, 420, 420, 420, 420, 420, 420, 420, 420, 420, 420, 420, 420, 420, 420, 420, 420, 420, 420, 420, 420, 420, 420, 420, 420, 420, 420, 420, 420]

ep273
Train step Loss: [0.9457203149795532, 0.945655345916748, 0.9456741809844971, 0.945636510848999, 0.9457314610481262, 0.9456652402877808, 0.9456697106361389, 0.945682942867279, 0.9456424117088318, 0.9457105398178101, 0.9456539154052734, 0.9457076191902161, 0.9456705451011658, 0.945670485496521, 0.9457372426986694, 0.9456501603126526, 0.945650041103363, 0.945605993270874, 0.9456696510314941, 0.9457471966743469, 0.9457147121429443, 0.9456876516342163, 0.9456403851509094, 0.9457207918167114, 0.9456377625465393, 0.9456464648246765, 0.9456804990768433, 0.9455776810646057, 0.9456429481506348, 0.9456674456596375, 0.9457049369812012, 0.9456424713134766, 0.9456294178962708, 0.9457170963287354, 0.945687472820282, 0.9456362724304199, 0.9457215070724487, 0.9456170201301575, 0.9457322359085083, 0.9455748796463013, 0.9456520080566406, 0.9457873702049255, 0.945625901222229, 0.9456039071083069, 0.9456459879875183, 0.945787250995636, 0.9457066655158997, 0.9457244277000427, 0.9456167817115784, 0.9457377791404724, 0.9456697702407837, 0.9456924796104431, 0.9457114934921265, 0.9456793069839478, 0.9457197189331055, 0.945697009563446, 0.9457107186317444, 0.9457752108573914, 0.9456777572631836, 0.9455950260162354, 0.9456433653831482, 0.9457048773765564, 0.9456857442855835, 0.9455794095993042, 0.9456888437271118, 0.9456605315208435, 0.9457075595855713, 0.9456698894500732, 0.945639431476593, 0.945615291595459, 0.9457564353942871, 0.9457239508628845, 0.9457307457923889, 0.9456482529640198, 0.9456870555877686, 0.9456377029418945, 0.9456757307052612, 0.9457024931907654, 0.9456692934036255, 0.9456601142883301, 0.9456807374954224, 0.9456318616867065, 0.9456873536109924, 0.9457166790962219, 0.9456237554550171, 0.9456146955490112, 0.9456166625022888, 0.945671558380127, 0.9456543922424316, 0.945664644241333, 0.945641279220581, 0.94562828540802, 0.9457666873931885, 0.9455941319465637, 0.9455912709236145, 0.9456790685653687, 0.9456865787506104, 0.9457356929779053, 0.945737361907959, 0.9456756114959717, 0.9457281827926636, 0.9455693960189819, 0.9456741809844971, 0.9457704424858093, 0.9456755518913269]
val step Loss: [0.9502251744270325, 0.9460723400115967, 0.9462512135505676, 0.945911705493927, 0.9457815289497375, 0.9459320902824402, 0.9460479021072388, 0.9459803700447083, 0.9459631443023682, 0.9461418390274048, 0.9460030794143677, 0.9460484385490417, 0.9468880295753479, 0.9477084875106812, 0.9512056708335876, 0.9461902976036072, 0.9461451768875122, 0.9460762143135071, 0.9459953308105469, 0.9460610747337341, 0.9460189342498779, 0.9487130045890808, 0.9458930492401123, 0.9461320042610168, 0.9461092948913574, 0.9458386898040771, 0.9459250569343567]
Train step Accs: [1.0, 1.0, 1.0, 1.0, 1.0, 1.0, 1.0, 1.0, 1.0, 1.0, 1.0, 1.0, 1.0, 1.0, 1.0, 1.0, 1.0, 1.0, 1.0, 1.0, 1.0, 1.0, 1.0, 1.0, 1.0, 1.0, 1.0, 1.0, 1.0, 1.0, 1.0, 1.0, 1.0, 1.0, 1.0, 1.0, 1.0, 1.0, 1.0, 1.0, 1.0, 1.0, 1.0, 1.0, 1.0, 1.0, 1.0, 1.0, 1.0, 1.0, 1.0, 1.0, 1.0, 1.0, 1.0, 1.0, 1.0, 1.0, 1.0, 1.0, 1.0, 1.0, 1.0, 1.0, 1.0, 1.0, 1.0, 1.0, 1.0, 1.0, 1.0, 1.0, 1.0, 1.0, 1.0, 1.0, 1.0, 1.0, 1.0, 1.0, 1.0, 1.0, 1.0, 1.0, 1.0, 1.0, 1.0, 1.0, 1.0, 1.0, 1.0, 1.0, 1.0, 1.0, 1.0, 1.0, 1.0, 1.0, 1.0, 1.0, 1.0, 1.0, 1.0, 1.0, 1.0]
val step Accs: [0.9992225461613217, 1.0, 1.0, 1.0, 1.0, 1.0, 1.0, 1.0, 1.0, 1.0, 1.0, 1.0, 0.999844840961986, 0.9997143673236218, 0.9990339719851876, 1.0, 1.0, 1.0, 1.0, 1.0, 1.0, 0.9994934143870314, 1.0, 1.0, 1.0, 1.0, 1.0]
Preds: [17, 17, 17, 451, 152, 152, 374, 378, 42, 406, 406, 499, 387, 387, 387, 387, 337, 219, 219, 219, 324, 324, 434, 339, 10, 10, 309, 479, 398, 324, 278, 301, 143, 129, 401, 244, 321, 354, 354, 265, 428, 428, 146, 146, 146, 324, 324, 301, 215, 32, 32, 102, 354, 354, 106, 106, 284, 265, 206, 282, 282, 388, 303, 212, 219, 324, 324, 301, 116, 10, 94, 479, 331, 331, 428, 428, 428, 146, 146, 252, 252, 239, 239, 310, 310, 107, 107, 395, 374, 374, 132, 132, 219, 286, 464, 464, 464, 355, 355, 355, 460, 452, 263, 263, 263, 78, 170, 170, 244, 392, 392, 392, 392, 392, 392, 392, 392, 244, 73, 244, 209, 83, 55, 443, 240, 314, 314, 32, 32, 354, 354, 180, 264, 264, 84, 84, 406, 406, 406, 406, 413, 413, 413, 399, 217, 217, 473, 65, 464, 464, 171, 252, 143, 143, 239, 82, 310, 107, 395, 400, 324, 286, 464, 464, 464, 443, 355, 355, 460, 240, 169, 35, 224, 224, 494, 494, 8, 196, 217, 479, 473, 283, 278, 422, 143, 36, 75, 310, 107, 395, 485, 324, 301, 251, 251, 219, 398, 374, 374, 374, 26, 251, 251, 241, 431, 367, 496, 497, 43, 233, 233, 401, 244, 208, 100, 100, 100, 98, 98, 98, 17, 17, 420, 420, 420, 420, 420, 420, 420, 420, 420, 420, 420, 420, 420, 420, 420, 420, 420, 420, 420, 420, 420, 420, 420, 420, 420, 420, 420, 420, 420, 420, 420, 420, 420, 420, 420, 420, 420, 420, 420, 420, 420, 420, 420, 420, 420, 420, 420, 420, 420, 420, 420, 420, 420, 420, 420, 420, 420, 420, 420, 420, 420, 420, 420, 420, 420, 420, 420, 420, 420, 420, 420, 420, 420, 420, 420, 420, 420, 420, 420, 420, 420, 420, 420, 420, 420, 420, 420, 420, 420, 420, 420, 420, 420, 420, 420, 420, 420, 420, 420, 420, 420, 420, 420, 420, 420, 420, 420, 420, 420, 420, 420, 420, 420, 420, 420, 420, 420, 420, 420, 420, 420, 420, 420, 420, 420, 420, 420, 420, 420, 420, 420, 420, 420, 420, 420, 420, 420, 420, 420, 420, 420, 420, 420, 420, 420, 420, 420, 420, 420, 420, 420, 420, 420, 420, 420, 420, 420, 420, 420, 420, 420, 420, 420, 420, 420, 420, 420, 420, 420, 420, 420, 420, 420, 420, 420, 420, 420, 420, 420, 420, 420, 420, 420, 420, 420, 420, 420, 420, 420, 420, 420, 420, 420, 420, 420, 420, 420, 420, 420, 420, 420, 420, 420, 420, 420, 420, 420, 420, 420, 420, 420, 420, 420, 420, 420, 420, 420, 420, 420, 420, 420, 420, 420, 420, 420, 420, 420, 420, 420, 420, 420, 420, 420, 420, 420, 420, 420, 420, 420, 420, 420, 420, 420, 420, 420, 420, 420, 420, 420, 420, 420, 420, 420, 420, 420, 420, 420, 420, 420, 420, 420, 420, 420, 420, 420, 420, 420, 420, 420, 420, 420, 420, 420, 420, 420, 420, 420, 420, 420, 420, 420, 420, 420, 420, 420, 420, 420, 420, 420, 420, 420, 420, 420, 420, 420, 420, 420, 420, 420, 420, 420, 420, 420, 420, 420, 420, 420, 420, 420, 420, 420, 420, 420, 420, 420, 420, 420, 420, 420, 420, 420, 420, 420, 420, 420, 420, 420, 420, 420, 420, 420, 420, 420, 420, 420, 420, 420, 420, 420, 420, 420, 420, 420, 420, 420, 420, 420, 420, 420, 420, 420, 420, 420, 420, 420, 420, 420, 420, 420, 420, 420, 420, 420, 420, 420, 420, 420, 420, 420, 420, 420, 420, 420, 420, 420, 420, 420, 420]

