ep195
Train step Loss: [0.9458763599395752, 0.9459746479988098, 0.945863664150238, 0.9460219740867615, 0.945918619632721, 0.9459992051124573, 0.946003794670105, 0.9459283947944641, 0.945888102054596, 0.9460031986236572, 0.9459964036941528, 0.9459052085876465, 0.9459472298622131, 0.9459271430969238, 0.9458664655685425, 0.9460171461105347, 0.945914089679718, 0.9458852410316467, 0.9459209442138672, 0.9459105730056763, 0.945968508720398, 0.9459326267242432, 0.945950984954834, 0.9459265470504761, 0.9459069967269897, 0.9459326267242432, 0.945872962474823, 0.9459090232849121, 0.9458915591239929, 0.9459333419799805, 0.945976734161377, 0.9459229707717896, 0.9459450244903564, 0.9459199905395508, 0.9460080862045288, 0.9460698366165161, 0.9459925889968872, 0.9459590911865234, 0.9458211660385132, 0.9458399415016174, 0.945959210395813, 0.9459702372550964, 0.9461734294891357, 0.9459160566329956, 0.9458696842193604, 0.9459729194641113, 0.945946991443634, 0.9459508061408997, 0.9459862112998962, 0.9459663033485413, 0.9459251165390015, 0.945947527885437, 0.9459030032157898, 0.9459161162376404, 0.9461115002632141, 0.9459344148635864, 0.9459081888198853, 0.9460018873214722, 0.9460169076919556, 0.9459952116012573, 0.9459686279296875, 0.9461279511451721, 0.9458876848220825, 0.9459360837936401, 0.9459365606307983, 0.9459163546562195, 0.9459862112998962, 0.9459342360496521, 0.9459712505340576, 0.945945143699646, 0.9458911418914795, 0.9459643959999084, 0.9459792375564575, 0.9460249543190002, 0.9458279013633728, 0.9460082054138184, 0.9459233283996582, 0.9459963440895081, 0.9459668397903442, 0.9460678100585938, 0.9459485411643982, 0.9458790421485901, 0.9459984302520752, 0.9459822773933411, 0.9459467530250549, 0.9459099769592285, 0.9458860754966736, 0.9459743499755859, 0.9458792209625244, 0.9459315538406372, 0.9458938241004944, 0.945999026298523, 0.9459028840065002, 0.9459306001663208, 0.9459039568901062, 0.9459754824638367, 0.9458950757980347, 0.9459015727043152, 0.9459218978881836, 0.9458929896354675, 0.9459577202796936, 0.9458380341529846, 0.9458168745040894, 0.9459267258644104, 0.9459741711616516]
val step Loss: [0.9485943913459778, 0.9481650590896606, 0.9462828636169434, 0.9524037837982178, 0.9465529322624207, 0.9463033080101013, 0.9464736580848694, 0.9465092420578003, 0.9467000961303711, 0.9468690752983093, 0.9464249610900879, 0.9462913870811462, 0.9465191960334778, 0.9465246200561523, 0.946614146232605, 0.9464306831359863, 0.9474011659622192, 0.9465715289115906, 0.946531355381012, 0.9464704394340515, 0.9473800659179688, 0.9464823007583618, 0.9504448175430298, 0.9466425776481628, 0.9465118646621704, 0.9467566609382629, 0.9464510083198547]
Train step Accs: [1.0, 1.0, 1.0, 1.0, 1.0, 1.0, 1.0, 1.0, 1.0, 1.0, 1.0, 1.0, 1.0, 1.0, 1.0, 1.0, 1.0, 1.0, 1.0, 1.0, 1.0, 1.0, 1.0, 1.0, 1.0, 1.0, 1.0, 1.0, 1.0, 1.0, 1.0, 1.0, 1.0, 1.0, 1.0, 1.0, 1.0, 1.0, 1.0, 1.0, 1.0, 1.0, 1.0, 1.0, 1.0, 1.0, 1.0, 1.0, 1.0, 1.0, 1.0, 1.0, 1.0, 1.0, 1.0, 1.0, 1.0, 1.0, 1.0, 1.0, 1.0, 1.0, 1.0, 1.0, 1.0, 1.0, 1.0, 1.0, 1.0, 1.0, 1.0, 1.0, 1.0, 1.0, 1.0, 1.0, 1.0, 1.0, 1.0, 1.0, 1.0, 1.0, 1.0, 1.0, 1.0, 1.0, 1.0, 1.0, 1.0, 1.0, 1.0, 1.0, 1.0, 1.0, 1.0, 1.0, 1.0, 1.0, 1.0, 1.0, 1.0, 1.0, 1.0, 1.0, 1.0]
val step Accs: [0.9996630727762803, 0.9997021593447506, 1.0, 0.9989165763813651, 1.0, 1.0, 1.0, 1.0, 1.0, 1.0, 1.0, 1.0, 1.0, 1.0, 1.0, 1.0, 0.9998456551937027, 1.0, 1.0, 1.0, 0.9998104624715694, 1.0, 0.9993044687880369, 1.0, 1.0, 1.0, 1.0]
Preds: [17, 17, 152, 152, 152, 378, 378, 43, 276, 345, 345, 109, 174, 284, 319, 240, 240, 240, 314, 239, 82, 82, 449, 371, 444, 213, 324, 324, 324, 286, 301, 132, 42, 42, 147, 380, 380, 288, 443, 432, 330, 330, 388, 33, 33, 64, 394, 398, 219, 464, 464, 464, 180, 315, 315, 450, 450, 293, 43, 43, 43, 364, 276, 276, 276, 276, 346, 346, 284, 284, 284, 284, 376, 376, 206, 206, 85, 85, 240, 388, 251, 251, 251, 251, 251, 251, 241, 431, 355, 355, 452, 263, 263, 263, 420, 374, 374, 374, 374, 374, 374, 374, 374, 374, 374, 374, 374, 374, 374, 374, 374, 374, 374, 374, 374, 374, 374, 374, 374, 374, 374, 374, 374, 374, 374, 374, 374, 374, 374, 374, 374, 374, 374, 374, 374, 374, 374, 374, 374, 374, 374, 374, 374, 374, 374, 374, 374, 374, 374, 374, 374, 374, 374, 374, 374, 374, 374, 374, 374, 374, 374, 374, 374, 374, 374, 374, 374, 374, 374, 374, 374, 374, 374, 374, 374, 374, 374, 374, 374, 374, 374, 374, 374, 374, 374, 374, 374, 374, 374, 374, 374, 374, 374, 374, 374, 374, 374, 374, 374, 374, 374, 374, 374, 374, 374, 374, 374, 374, 374, 374, 374, 374, 374, 374, 374, 374, 374, 374, 374, 374, 374, 374, 374, 374, 374, 374, 374, 374, 374, 374, 374, 374, 374, 374, 374, 374, 374, 374, 374, 374, 374, 374, 374, 374, 374, 374, 374, 374, 374, 374, 374, 374, 374, 374, 374, 374, 374, 374, 374, 374, 374, 374, 374, 374, 374, 374, 374, 374, 374, 374, 374, 374, 374, 374, 374, 374, 374, 374, 374, 374, 374, 374, 374, 374, 374, 374, 374, 374, 374, 374, 374, 374, 374, 374, 374, 374, 374, 374, 374, 374, 374, 374, 374, 374, 374, 374, 374, 374, 374, 374, 374, 374, 374, 374, 374, 374, 374, 374, 374, 374, 374, 374, 374, 374, 374, 374, 374, 374, 374, 374, 374, 374, 374, 374, 374, 374, 374, 374, 374, 374, 374, 374, 374, 374, 374, 374, 374, 374, 374, 374, 374, 374, 374, 374, 374, 374, 374, 374, 374, 374, 374, 374, 374, 374, 374, 374, 374, 374, 374, 374, 374, 374, 374, 374, 374, 374, 374, 374, 374, 374, 374, 374, 374, 374, 374, 374, 374, 374, 374, 374, 374, 374, 374, 374, 374, 374, 374, 374, 374, 374, 374, 374, 374, 374, 374, 374, 374, 374, 374, 374, 374, 374, 374, 374, 374, 374, 374, 374, 374, 374, 374, 374, 374, 374, 374, 374, 374, 374, 374, 374, 374, 374, 374, 374, 374, 374, 374, 374, 374, 374, 374, 374, 374, 374, 374, 374, 374, 374, 374, 374, 374, 374, 374, 374, 374, 374, 374, 374, 374, 374, 374, 374, 374, 374, 374, 374, 374, 374, 374, 374, 374, 374, 374, 374, 374, 374, 374, 374, 374, 374, 374, 374, 374, 374, 374, 374, 374, 374, 374, 374, 374, 374, 374, 374, 374, 374, 374, 374, 374, 374, 374, 374, 374, 374, 374, 374, 374, 374, 374, 374, 374, 374, 374, 374, 374, 374, 374, 374, 374, 374, 374, 374, 374, 374, 374, 374, 374, 374, 374, 374, 374, 374, 374, 374, 374, 374, 374, 374, 374, 374, 374, 374, 374, 374, 374, 374, 374, 374, 374, 374, 374, 374, 374, 374, 374, 374, 374, 374, 374, 374, 374, 374, 374, 374, 374, 374, 374, 374, 374, 374, 374, 374, 374, 374, 374, 374, 374, 374, 374, 374, 374, 374, 374, 374, 374, 374, 374, 374, 374, 374, 374, 374, 374, 374, 374, 374, 374, 374, 374, 374]

ep196
Train step Loss: [0.9458905458450317, 0.9460225701332092, 0.9458945989608765, 0.9461051225662231, 0.9460645914077759, 0.945889949798584, 0.94599848985672, 0.945927619934082, 0.9458491206169128, 0.9459089040756226, 0.9459430575370789, 0.9459944367408752, 0.9458864331245422, 0.9460128545761108, 0.94587242603302, 0.9459421634674072, 0.9461680054664612, 0.9459851384162903, 0.9459078907966614, 0.9460216164588928, 0.9459762573242188, 0.9459906816482544, 0.9460203051567078, 0.9459030628204346, 0.9459084272384644, 0.9459215998649597, 0.945942223072052, 0.9459223747253418, 0.9459605813026428, 0.9460173845291138, 0.9459958076477051, 0.9459317922592163, 0.9460169672966003, 0.9458960294723511, 0.9459866285324097, 0.9459157586097717, 0.9459388852119446, 0.9458909630775452, 0.9459673166275024, 0.945939838886261, 0.9459121823310852, 0.9459726810455322, 0.9459947347640991, 0.9459396600723267, 0.9459466338157654, 0.9459887146949768, 0.9459367990493774, 0.9459273219108582, 0.94593745470047, 0.9458987712860107, 0.9459003210067749, 0.9460039734840393, 0.9460582733154297, 0.9458966851234436, 0.9459923505783081, 0.9459397196769714, 0.9459802508354187, 0.945859968662262, 0.9458611607551575, 0.945927619934082, 0.9458644390106201, 0.945918083190918, 0.945954442024231, 0.9458731412887573, 0.945956289768219, 0.9458726644515991, 0.946022093296051, 0.946036696434021, 0.9459238052368164, 0.9458287954330444, 0.9459439516067505, 0.9459679126739502, 0.9459800720214844, 0.9459245800971985, 0.9459617137908936, 0.9458729028701782, 0.9459528923034668, 0.9459112286567688, 0.9460111260414124, 0.9459619522094727, 0.9459414482116699, 0.9458857178688049, 0.9459490180015564, 0.9459163546562195, 0.9459623098373413, 0.9459526538848877, 0.9459809064865112, 0.9459749460220337, 0.9459349513053894, 0.9459809064865112, 0.9459456205368042, 0.9459553956985474, 0.9458733797073364, 0.9459215402603149, 0.9459344744682312, 0.9459563493728638, 0.9460137486457825, 0.9459377527236938, 0.9460607767105103, 0.945988655090332, 0.9459731578826904, 0.9458816647529602, 0.9458948969841003, 0.9460124969482422, 0.9458916783332825]
val step Loss: [0.9466392397880554, 0.9464821219444275, 0.9465294480323792, 0.9465138912200928, 0.946597695350647, 0.9475128054618835, 0.9475501775741577, 0.9468371868133545, 0.9465430974960327, 0.9465503096580505, 0.9465098977088928, 0.9578109383583069, 0.9466139078140259, 0.9464966654777527, 0.9475200772285461, 0.9465641379356384, 0.9464391469955444, 0.9466239213943481, 0.946757972240448, 0.9466550350189209, 0.9473340511322021, 0.9465066194534302, 0.9465673565864563, 0.946468710899353, 0.9466015696525574, 0.9465523958206177, 0.9464568495750427]
Train step Accs: [1.0, 1.0, 1.0, 1.0, 1.0, 1.0, 1.0, 1.0, 1.0, 1.0, 1.0, 1.0, 1.0, 1.0, 1.0, 1.0, 1.0, 1.0, 1.0, 1.0, 1.0, 1.0, 1.0, 1.0, 1.0, 1.0, 1.0, 1.0, 1.0, 1.0, 1.0, 1.0, 1.0, 1.0, 1.0, 1.0, 1.0, 1.0, 1.0, 1.0, 1.0, 1.0, 1.0, 1.0, 1.0, 1.0, 1.0, 1.0, 1.0, 1.0, 1.0, 1.0, 1.0, 1.0, 1.0, 1.0, 1.0, 1.0, 1.0, 1.0, 1.0, 1.0, 1.0, 1.0, 1.0, 1.0, 1.0, 1.0, 1.0, 1.0, 1.0, 1.0, 1.0, 1.0, 1.0, 1.0, 1.0, 1.0, 1.0, 1.0, 1.0, 1.0, 1.0, 1.0, 1.0, 1.0, 1.0, 1.0, 1.0, 1.0, 1.0, 1.0, 1.0, 1.0, 1.0, 1.0, 1.0, 1.0, 1.0, 1.0, 1.0, 1.0, 1.0, 1.0, 1.0]
val step Accs: [1.0, 1.0, 1.0, 1.0, 1.0, 0.99981556621173, 0.9998213009292352, 1.0, 1.0, 1.0, 1.0, 0.9979256698357822, 1.0, 1.0, 0.9998423707440101, 1.0, 1.0, 1.0, 1.0, 1.0, 0.9998325238653492, 1.0, 1.0, 1.0, 1.0, 1.0, 1.0]
Preds: [17, 17, 441, 153, 153, 153, 424, 387, 497, 497, 122, 122, 35, 35, 259, 384, 371, 180, 180, 84, 84, 139, 16, 16, 375, 375, 375, 375, 98, 98, 98, 13, 13, 414, 414, 249, 249, 20, 47, 312, 187, 187, 101, 101, 101, 101, 149, 149, 149, 321, 287, 287, 287, 287, 297, 297, 297, 293, 293, 293, 122, 216, 22, 106, 106, 106, 284, 284, 284, 284, 306, 306, 372, 245, 406, 406, 284, 65, 284, 284, 284, 376, 376, 282, 282, 169, 271, 150, 77, 342, 342, 168, 97, 483, 196, 196, 479, 199, 199, 199, 360, 360, 330, 252, 368, 310, 310, 395, 395, 213, 278, 278, 278, 252, 368, 77, 453, 453, 168, 485, 301, 301, 374, 199, 106, 84, 84, 84, 84, 496, 293, 215, 215, 8, 251, 241, 241, 106, 106, 106, 284, 426, 405, 387, 387, 406, 406, 467, 467, 337, 207, 207, 19, 358, 233, 414, 417, 417, 417, 417, 442, 442, 414, 170, 102, 491, 312, 292, 292, 292, 292, 326, 326, 408, 408, 408, 228, 321, 320, 451, 30, 30, 422, 99, 338, 338, 338, 338, 400, 400, 400, 400, 171, 171, 301, 301, 378, 43, 364, 345, 345, 109, 109, 476, 476, 171, 324, 324, 301, 301, 8, 259, 354, 354, 420, 420, 420, 324, 324, 301, 251, 251, 241, 241, 331, 443, 443, 443, 443, 120, 120, 120, 120, 207, 207, 207, 207, 37, 203, 399, 217, 217, 473, 473, 476, 476, 171, 171, 171, 171, 252, 252, 310, 453, 107, 395, 444, 213, 213, 360, 252, 252, 368, 77, 54, 54, 224, 168, 494, 278, 301, 116, 251, 251, 241, 431, 431, 486, 376, 376, 376, 376, 376, 460, 460, 460, 240, 240, 35, 198, 384, 371, 114, 180, 84, 84, 84, 387, 372, 467, 467, 467, 467, 467, 207, 207, 207, 19, 19, 17, 420, 374, 374, 374, 374, 374, 374, 374, 374, 374, 374, 374, 374, 374, 374, 374, 374, 374, 374, 374, 374, 374, 374, 374, 374, 374, 374, 374, 374, 374, 374, 374, 374, 374, 374, 374, 374, 374, 374, 374, 374, 374, 374, 374, 374, 374, 374, 374, 374, 374, 374, 374, 374, 374, 374, 374, 374, 374, 374, 374, 374, 374, 374, 374, 374, 374, 374, 374, 374, 374, 374, 374, 374, 374, 374, 374, 374, 374, 374, 374, 374, 374, 374, 374, 374, 374, 374, 374, 374, 374, 374, 374, 374, 374, 374, 374, 374, 374, 374, 374, 374, 374, 374, 374, 374, 374, 374, 374, 374, 374, 374, 374, 374, 374, 374, 374, 374, 374, 374, 374, 374, 374, 374, 374, 374, 374, 374, 374, 374, 374, 374, 374, 374, 374, 374, 374, 374, 374, 374, 374, 374, 374, 374, 374, 374, 374, 374, 374, 374, 374, 374, 374, 374, 374, 374, 374, 374, 374, 374, 374, 374, 374, 374, 374, 374, 374, 374, 374, 374, 374, 374, 374, 374, 374, 374, 374, 374, 374, 374, 374, 374, 374, 374, 374, 374, 374, 374, 374, 374, 374, 374, 374, 374, 374, 374, 374, 374, 374, 374, 374, 374, 374, 374, 374, 374, 374, 374, 374, 374, 374, 374, 374, 374, 374, 374, 374, 374, 374, 374, 374, 374, 374, 374, 374, 374, 374, 374, 374, 374, 374, 374, 374, 374, 374, 374, 374, 374, 374, 374, 374, 374, 374, 374, 374, 374, 374, 374, 374, 374, 374, 374, 374, 374, 374, 374, 374, 374, 374, 374, 374, 374, 374, 374, 374, 374, 374, 374, 374, 374, 374, 374, 374, 374, 374, 374, 374, 374, 374, 374, 374, 374, 374, 374, 374, 374, 374, 374, 374, 374, 374]

ep197
Train step Loss: [0.9458616375923157, 0.9459090828895569, 0.9459311366081238, 0.9459666013717651, 0.9459695219993591, 0.9459102153778076, 0.9459565877914429, 0.945999264717102, 0.9459127187728882, 0.9458826184272766, 0.9459550976753235, 0.9459254145622253, 0.9458644390106201, 0.9458228945732117, 0.945928156375885, 0.9459690451622009, 0.9459250569343567, 0.9459515810012817, 0.9459658265113831, 0.9459810256958008, 0.9459263682365417, 0.9459229707717896, 0.9459513425827026, 0.9459699392318726, 0.9459640979766846, 0.9459397792816162, 0.9459664225578308, 0.9459828734397888, 0.9459128379821777, 0.9459329843521118, 0.9459367990493774, 0.9459694623947144, 0.9459587335586548, 0.9459344744682312, 0.9459217190742493, 0.9459875226020813, 0.9459189772605896, 0.9460463523864746, 0.9460641741752625, 0.9460873603820801, 0.945982038974762, 0.9460216164588928, 0.9459096193313599, 0.9459754228591919, 0.9458734393119812, 0.9459545016288757, 0.9460501670837402, 0.9459143280982971, 0.9460588097572327, 0.9459283351898193, 0.9459765553474426, 0.9458802342414856, 0.9459707736968994, 0.9459559321403503, 0.9459702372550964, 0.9459319710731506, 0.9460006356239319, 0.9459418058395386, 0.945955216884613, 0.9459729194641113, 0.945995569229126, 0.9459753036499023, 0.9458440542221069, 0.9458950757980347, 0.9459952712059021, 0.9459077715873718, 0.9459591507911682, 0.9458579421043396, 0.9460620284080505, 0.9459865093231201, 0.9458942413330078, 0.9459025859832764, 0.9459661841392517, 0.9459575414657593, 0.9458669424057007, 0.9459018707275391, 0.9459179639816284, 0.9458844065666199, 0.9460123777389526, 0.9459125399589539, 0.9459450840950012, 0.9459718465805054, 0.9458966255187988, 0.9458833932876587, 0.9459524154663086, 0.9458814859390259, 0.9458694458007812, 0.945975661277771, 0.9459238648414612, 0.9459699988365173, 0.9458578824996948, 0.94598788022995, 0.9459596872329712, 0.9461407661437988, 0.9460033774375916, 0.9459924101829529, 0.9459651708602905, 0.9459556341171265, 0.9459220767021179, 0.9459320902824402, 0.9459545612335205, 0.945925235748291, 0.9459422826766968, 0.9458688497543335, 0.9459113478660583]
val step Loss: [0.946470320224762, 0.9464828372001648, 0.9465118646621704, 0.9465453028678894, 0.9466387629508972, 0.9464498162269592, 0.9465221166610718, 0.9465273022651672, 0.9467588663101196, 0.9475711584091187, 0.9466195702552795, 0.946594774723053, 0.9464989900588989, 0.9467006921768188, 0.9466693997383118, 0.9467397928237915, 0.951816737651825, 0.9499582052230835, 0.9474503397941589, 0.9479273557662964, 0.9466814994812012, 0.9465267658233643, 0.9465854167938232, 0.947348952293396, 0.9482803344726562, 0.9465752840042114, 0.9464020729064941]
Train step Accs: [1.0, 1.0, 1.0, 1.0, 1.0, 1.0, 1.0, 1.0, 1.0, 1.0, 1.0, 1.0, 1.0, 1.0, 1.0, 1.0, 1.0, 1.0, 1.0, 1.0, 1.0, 1.0, 1.0, 1.0, 1.0, 1.0, 1.0, 1.0, 1.0, 1.0, 1.0, 1.0, 1.0, 1.0, 1.0, 1.0, 1.0, 1.0, 1.0, 1.0, 1.0, 1.0, 1.0, 1.0, 1.0, 1.0, 1.0, 1.0, 1.0, 1.0, 1.0, 1.0, 1.0, 1.0, 1.0, 1.0, 1.0, 1.0, 1.0, 1.0, 1.0, 1.0, 1.0, 1.0, 1.0, 1.0, 1.0, 1.0, 1.0, 1.0, 1.0, 1.0, 1.0, 1.0, 1.0, 1.0, 1.0, 1.0, 1.0, 1.0, 1.0, 1.0, 1.0, 1.0, 1.0, 1.0, 1.0, 1.0, 1.0, 1.0, 1.0, 1.0, 1.0, 1.0, 1.0, 1.0, 1.0, 1.0, 1.0, 1.0, 1.0, 1.0, 1.0, 1.0, 1.0]
val step Accs: [1.0, 1.0, 1.0, 1.0, 1.0, 1.0, 1.0, 1.0, 1.0, 0.99982341515098, 1.0, 1.0, 1.0, 1.0, 1.0, 1.0, 0.9990495802312688, 0.9993951308029638, 0.9998344370860928, 0.9997679275934092, 1.0, 1.0, 1.0, 0.999857020303117, 0.9996805622105095, 1.0, 1.0]
Preds: [17, 17, 17, 345, 442, 487, 152, 152, 152, 301, 378, 43, 276, 345, 109, 109, 284, 486, 460, 240, 240, 385, 314, 32, 239, 75, 384, 371, 191, 191, 240, 385, 143, 401, 244, 75, 127, 273, 180, 486, 486, 486, 460, 282, 167, 385, 457, 196, 196, 219, 398, 464, 464, 486, 486, 460, 460, 215, 215, 401, 401, 244, 321, 354, 420, 420, 324, 422, 77, 478, 68, 68, 68, 224, 273, 444, 444, 324, 301, 314, 217, 473, 398, 398, 324, 301, 10, 10, 309, 479, 380, 374, 213, 213, 213, 213, 246, 301, 301, 378, 29, 134, 134, 134, 203, 280, 337, 324, 324, 324, 324, 3, 464, 464, 145, 113, 206, 169, 349, 349, 205, 261, 261, 25, 100, 153, 153, 43, 43, 276, 276, 182, 387, 387, 387, 178, 129, 401, 244, 244, 208, 441, 100, 100, 100, 182, 182, 375, 98, 98, 229, 244, 244, 247, 126, 126, 326, 101, 101, 391, 228, 244, 244, 320, 287, 287, 287, 206, 240, 35, 36, 449, 449, 224, 168, 278, 464, 331, 315, 319, 450, 293, 43, 276, 182, 497, 497, 497, 122, 186, 349, 234, 234, 261, 25, 25, 106, 428, 428, 146, 146, 146, 171, 324, 324, 324, 324, 464, 464, 464, 464, 486, 486, 85, 85, 240, 251, 251, 251, 241, 431, 428, 428, 146, 146, 219, 219, 219, 219, 219, 464, 464, 443, 486, 486, 460, 460, 169, 169, 349, 352, 261, 25, 485, 152, 152, 422, 143, 458, 458, 75, 208, 441, 100, 100, 100, 98, 98, 48, 48, 17, 17, 420, 374, 374, 374, 374, 374, 374, 374, 374, 374, 374, 374, 374, 374, 374, 374, 374, 374, 374, 374, 374, 374, 374, 374, 374, 374, 374, 374, 374, 374, 374, 374, 374, 374, 374, 374, 374, 374, 374, 374, 374, 374, 374, 374, 374, 374, 374, 374, 374, 374, 374, 374, 374, 374, 374, 374, 374, 374, 374, 374, 374, 374, 374, 374, 374, 374, 374, 374, 374, 374, 374, 374, 374, 374, 374, 374, 374, 374, 374, 374, 374, 374, 374, 374, 374, 374, 374, 374, 374, 374, 374, 374, 374, 374, 374, 374, 374, 374, 374, 374, 374, 374, 374, 374, 374, 374, 374, 374, 374, 374, 374, 374, 374, 374, 374, 374, 374, 374, 374, 374, 374, 374, 374, 374, 374, 374, 374, 374, 374, 374, 374, 374, 374, 374, 374, 374, 374, 374, 374, 374, 374, 374, 374, 374, 374, 374, 374, 374, 374, 374, 374, 374, 374, 374, 374, 374, 374, 374, 374, 374, 374, 374, 374, 374, 374, 374, 374, 374, 374, 374, 374, 374, 374, 374, 374, 374, 374, 374, 374, 374, 374, 374, 374, 374, 374, 374, 374, 374, 374, 374, 374, 374, 374, 374, 374, 374, 374, 374, 374, 374, 374, 374, 374, 374, 374, 374, 374, 374, 374, 374, 374, 374, 374, 374, 374, 374, 374, 374, 374, 374, 374, 374, 374, 374, 374, 374, 374, 374, 374, 374, 374, 374, 374, 374, 374, 374, 374, 374, 374, 374, 374, 374, 374, 374, 374, 374, 374, 374, 374, 374, 374, 374, 374, 374, 374, 374, 374, 374, 374, 374, 374, 374, 374, 374, 374, 374, 374, 374, 374, 374, 374, 374, 374, 374, 374, 374, 374, 374, 374, 374, 374, 374, 374, 374, 374, 374, 374, 374, 374, 374, 374, 374, 374, 374, 374, 374, 374, 374, 374, 374, 374, 374, 374, 374, 374, 374, 374, 374, 374, 374, 374, 374, 374, 374, 374, 374, 374, 374, 374, 374, 374, 374, 374, 374, 374, 374, 374, 374, 374, 374, 374, 374, 374, 374, 374, 374, 374, 374]

ep198
Train step Loss: [0.9460320472717285, 0.9459643363952637, 0.9458140134811401, 0.9458959698677063, 0.9460451006889343, 0.9460049867630005, 0.9459691643714905, 0.9458756446838379, 0.9459334015846252, 0.9459932446479797, 0.945915699005127, 0.9459206461906433, 0.9459123015403748, 0.9458717107772827, 0.945816695690155, 0.9459713101387024, 0.9459792375564575, 0.9461382031440735, 0.9459545016288757, 0.9459057450294495, 0.945952832698822, 0.9459291100502014, 0.9459066390991211, 0.9458516240119934, 0.945968747138977, 0.9458560943603516, 0.9459254741668701, 0.9459068179130554, 0.9459652900695801, 0.9460317492485046, 0.9459280371665955, 0.9459569454193115, 0.9459471702575684, 0.9459280371665955, 0.9459995031356812, 0.9459151029586792, 0.9459651708602905, 0.9460003972053528, 0.9459106922149658, 0.9459261298179626, 0.9458194375038147, 0.9458969235420227, 0.9459878206253052, 0.945917546749115, 0.9460271000862122, 0.9459528923034668, 0.945925235748291, 0.9459869265556335, 0.9460024833679199, 0.9459210634231567, 0.9459167122840881, 0.9459383487701416, 0.9461451768875122, 0.9460565447807312, 0.9459466338157654, 0.9459350109100342, 0.9459561705589294, 0.9459738731384277, 0.9459061622619629, 0.9459395408630371, 0.9460771083831787, 0.9459649324417114, 0.9459352493286133, 0.9459466338157654, 0.9459342360496521, 0.94593745470047, 0.945991039276123, 0.9459310173988342, 0.9459521174430847, 0.9458754062652588, 0.9459501504898071, 0.9458762407302856, 0.9459378123283386, 0.9460761547088623, 0.9459022879600525, 0.9459112286567688, 0.9459371566772461, 0.9460092186927795, 0.9460020065307617, 0.945898175239563, 0.9459205269813538, 0.9459653496742249, 0.9459342360496521, 0.9459588527679443, 0.945892333984375, 0.9459682106971741, 0.945839524269104, 0.9460098743438721, 0.9459289908409119, 0.9458831548690796, 0.9459046125411987, 0.9460383653640747, 0.9459032416343689, 0.9459645748138428, 0.9459113478660583, 0.9458935856819153, 0.9459646940231323, 0.9459450244903564, 0.9458767175674438, 0.9458526372909546, 0.9458661675453186, 0.9459874629974365, 0.945889949798584, 0.9459699988365173, 0.9459777474403381]
val step Loss: [0.9468688368797302, 0.9463836550712585, 0.946596622467041, 0.9465426206588745, 0.9466180205345154, 0.9464629292488098, 0.9464125633239746, 0.9465672969818115, 0.946630597114563, 0.9467849731445312, 0.9465958476066589, 0.9464300274848938, 0.9463468790054321, 0.9485421180725098, 0.9516041874885559, 0.9476723074913025, 0.9473671913146973, 0.9465760588645935, 0.9475933313369751, 0.9466952085494995, 0.9464671611785889, 0.9464806914329529, 0.9465879201889038, 0.9467694163322449, 0.9477766752243042, 0.950421929359436, 0.9463579654693604]
Train step Accs: [1.0, 1.0, 1.0, 1.0, 1.0, 1.0, 1.0, 1.0, 1.0, 1.0, 1.0, 1.0, 1.0, 1.0, 1.0, 1.0, 1.0, 1.0, 1.0, 1.0, 1.0, 1.0, 1.0, 1.0, 1.0, 1.0, 1.0, 1.0, 1.0, 1.0, 1.0, 1.0, 1.0, 1.0, 1.0, 1.0, 1.0, 1.0, 1.0, 1.0, 1.0, 1.0, 1.0, 1.0, 1.0, 1.0, 1.0, 1.0, 1.0, 1.0, 1.0, 1.0, 1.0, 1.0, 1.0, 1.0, 1.0, 1.0, 1.0, 1.0, 1.0, 1.0, 1.0, 1.0, 1.0, 1.0, 1.0, 1.0, 1.0, 1.0, 1.0, 1.0, 1.0, 1.0, 1.0, 1.0, 1.0, 1.0, 1.0, 1.0, 1.0, 1.0, 1.0, 1.0, 1.0, 1.0, 1.0, 1.0, 1.0, 1.0, 1.0, 1.0, 1.0, 1.0, 1.0, 1.0, 1.0, 1.0, 1.0, 1.0, 1.0, 1.0, 1.0, 1.0, 1.0]
val step Accs: [1.0, 1.0, 1.0, 1.0, 1.0, 1.0, 1.0, 1.0, 1.0, 1.0, 1.0, 1.0, 1.0, 0.9996405463695184, 0.999057936881771, 0.9998422712933754, 0.9998445998445998, 1.0, 0.9998052959501558, 1.0, 1.0, 1.0, 1.0, 1.0, 0.9998014691284495, 0.9993117687543015, 1.0]
Preds: [17, 17, 32, 239, 384, 377, 371, 374, 374, 374, 132, 8, 8, 259, 354, 354, 180, 180, 443, 120, 120, 120, 120, 120, 240, 240, 240, 216, 285, 84, 84, 302, 302, 100, 375, 375, 375, 98, 98, 98, 229, 229, 247, 312, 312, 187, 1, 101, 101, 101, 321, 321, 287, 287, 287, 287, 284, 284, 284, 206, 167, 348, 379, 77, 77, 478, 66, 323, 323, 172, 115, 273, 273, 273, 151, 240, 240, 285, 199, 111, 111, 111, 111, 438, 438, 438, 219, 324, 324, 464, 464, 464, 464, 301, 301, 143, 35, 74, 437, 437, 437, 284, 284, 285, 285, 106, 284, 284, 284, 284, 426, 426, 293, 293, 293, 182, 346, 346, 284, 284, 284, 284, 426, 481, 293, 293, 43, 43, 276, 276, 276, 174, 387, 348, 10, 398, 398, 398, 398, 374, 378, 406, 406, 406, 88, 88, 81, 81, 337, 337, 146, 324, 219, 219, 219, 152, 152, 58, 58, 27, 351, 486, 486, 486, 486, 486, 460, 460, 460, 167, 35, 35, 219, 219, 219, 485, 485, 477, 374, 374, 374, 374, 374, 304, 304, 337, 41, 19, 19, 454, 454, 229, 229, 229, 312, 312, 187, 187, 23, 23, 23, 260, 391, 391, 321, 321, 320, 320, 345, 100, 100, 497, 497, 497, 122, 216, 453, 168, 5, 258, 38, 99, 99, 338, 338, 338, 338, 338, 400, 400, 444, 171, 171, 171, 171, 171, 464, 464, 335, 14, 14, 287, 145, 145, 111, 111, 240, 240, 146, 219, 219, 219, 464, 464, 464, 222, 84, 245, 245, 245, 43, 43, 43, 364, 276, 276, 276, 276, 276, 346, 346, 346, 284, 284, 206, 206, 206, 167, 167, 35, 14, 411, 411, 411, 424, 424, 424, 153, 182, 182, 182, 182, 182, 182, 182, 122, 122, 250, 303, 195, 195, 195, 303, 117, 98, 117, 117, 48, 48, 48, 414, 170, 244, 244, 392, 244, 392, 392, 392, 244, 73, 7, 7, 321, 7, 7, 127, 451, 30, 30, 324, 301, 301, 378, 325, 114, 114, 114, 180, 486, 486, 486, 315, 460, 285, 285, 285, 467, 85, 111, 403, 146, 207, 299, 299, 434, 434, 250, 250, 413, 271, 186, 186, 99, 99, 338, 338, 395, 395, 273, 273, 432, 432, 330, 240, 240, 385, 35, 77, 164, 164, 115, 273, 273, 180, 151, 151, 151, 206, 130, 130, 402, 183, 219, 219, 219, 213, 213, 213, 246, 246, 246, 246, 301, 301, 378, 43, 43, 276, 276, 153, 153, 387, 413, 413, 360, 219, 246, 246, 246, 246, 246, 246, 246, 19, 17, 420, 374, 374, 374, 374, 374, 374, 374, 374, 374, 374, 374, 374, 374, 374, 374, 374, 374, 374, 374, 374, 374, 374, 374, 374, 374, 374, 374, 374, 374, 374, 374, 374, 374, 374, 374, 374, 374, 374, 374, 374, 374, 374, 374, 374, 374, 374, 374, 374, 374, 374, 374, 374, 374, 374, 374, 374, 374, 374, 374, 374, 374, 374, 374, 374, 374, 374, 374, 374, 374, 374, 374, 374, 374, 374, 374, 374, 374, 374, 374, 374, 374, 374, 374, 374, 374, 374, 374, 374, 374, 374, 374, 374, 374, 374, 374, 374, 374, 374, 374, 374, 374, 374, 374, 374, 374, 374, 374, 374, 374, 374, 374, 374, 374, 374, 374, 374, 374, 374, 374, 374, 374, 374, 374, 374, 374, 374, 374, 374, 374, 374, 374, 374, 374, 374, 374, 374, 374, 374, 374, 374, 374, 374, 374, 374, 374, 374, 374, 374, 374, 374, 374, 374, 374, 374, 374, 374, 374, 374, 374, 374, 374, 374, 374, 374, 374, 374, 374, 374, 374, 374, 374, 374, 374]

ep199
Train step Loss: [0.9459386467933655, 0.9460102319717407, 0.9459442496299744, 0.9459101557731628, 0.9458984732627869, 0.945931613445282, 0.9458817839622498, 0.945915937423706, 0.9459589123725891, 0.9461172819137573, 0.9459012150764465, 0.9458633065223694, 0.9460457563400269, 0.9459362626075745, 0.9459487199783325, 0.9459837675094604, 0.9458470344543457, 0.9458467364311218, 0.9458655118942261, 0.9459184408187866, 0.9459185600280762, 0.9458622932434082, 0.945870578289032, 0.9459429979324341, 0.9459525346755981, 0.9459825754165649, 0.9459620714187622, 0.9459607005119324, 0.9459074139595032, 0.9458354711532593, 0.9460731148719788, 0.9459725022315979, 0.9458811283111572, 0.94595867395401, 0.9458763599395752, 0.9458592534065247, 0.945937991142273, 0.9459728002548218, 0.9458428621292114, 0.9459860920906067, 0.9458897113800049, 0.9459944367408752, 0.9458858370780945, 0.9459044337272644, 0.945952832698822, 0.9458957314491272, 0.9459372162818909, 0.9459822177886963, 0.9459161758422852, 0.9459133744239807, 0.9459302425384521, 0.9459280967712402, 0.9459890127182007, 0.9459766745567322, 0.9459987282752991, 0.9459209442138672, 0.9458255171775818, 0.9459332227706909, 0.9459468126296997, 0.9461440443992615, 0.9459007382392883, 0.9459030628204346, 0.945920467376709, 0.945961058139801, 0.9459533095359802, 0.9458551406860352, 0.9459533095359802, 0.9459084868431091, 0.9459828734397888, 0.9459220170974731, 0.9459547996520996, 0.9459313154220581, 0.945929229259491, 0.9458711743354797, 0.9458862543106079, 0.945884644985199, 0.9460026025772095, 0.9458822011947632, 0.9459021091461182, 0.9459436535835266, 0.9460116028785706, 0.9460316896438599, 0.9460631012916565, 0.9460017085075378, 0.9460473656654358, 0.9458701610565186, 0.9459894895553589, 0.9459695219993591, 0.9459236264228821, 0.9459882974624634, 0.9459819197654724, 0.9458847641944885, 0.9458712339401245, 0.9459961652755737, 0.9460329413414001, 0.9459291696548462, 0.9459449052810669, 0.9459294676780701, 0.9459441304206848, 0.9458392262458801, 0.9459351897239685, 0.9460333585739136, 0.9459930062294006, 0.9459558725357056, 0.9459357261657715]
val step Loss: [0.9472967386245728, 0.9466797113418579, 0.9464243054389954, 0.9464356303215027, 0.947561502456665, 0.9464659690856934, 0.9464277625083923, 0.9465357065200806, 0.9465165138244629, 0.9464141130447388, 0.9464802145957947, 0.9474238157272339, 0.9467304348945618, 0.9468071460723877, 0.9464768171310425, 0.9465628266334534, 0.9465955495834351, 0.9506601691246033, 0.9465880990028381, 0.9465811848640442, 0.9475667476654053, 0.946639358997345, 0.9465892910957336, 0.9482277035713196, 0.9514932036399841, 0.9466329216957092, 0.9468029737472534]
Train step Accs: [1.0, 1.0, 1.0, 1.0, 1.0, 1.0, 1.0, 1.0, 1.0, 1.0, 1.0, 1.0, 1.0, 1.0, 1.0, 1.0, 1.0, 1.0, 1.0, 1.0, 1.0, 1.0, 1.0, 1.0, 1.0, 1.0, 1.0, 1.0, 1.0, 1.0, 1.0, 1.0, 1.0, 1.0, 1.0, 1.0, 1.0, 1.0, 1.0, 1.0, 1.0, 1.0, 1.0, 1.0, 1.0, 1.0, 1.0, 1.0, 1.0, 1.0, 1.0, 1.0, 1.0, 1.0, 1.0, 1.0, 1.0, 1.0, 1.0, 1.0, 1.0, 1.0, 1.0, 1.0, 1.0, 1.0, 1.0, 1.0, 1.0, 1.0, 1.0, 1.0, 1.0, 1.0, 1.0, 1.0, 1.0, 1.0, 1.0, 1.0, 1.0, 1.0, 1.0, 1.0, 1.0, 1.0, 1.0, 1.0, 1.0, 1.0, 1.0, 1.0, 1.0, 1.0, 1.0, 1.0, 1.0, 1.0, 1.0, 1.0, 1.0, 1.0, 1.0, 1.0, 1.0]
val step Accs: [0.9998643516006511, 1.0, 1.0, 1.0, 0.9998321866084914, 1.0, 1.0, 1.0, 1.0, 1.0, 1.0, 0.9998530708198649, 1.0, 1.0, 1.0, 1.0, 1.0, 0.9992343032159265, 1.0, 1.0, 0.999817050859861, 1.0, 1.0, 0.9996948428440647, 0.9990838295923041, 1.0, 1.0]
Preds: [17, 17, 445, 464, 171, 171, 171, 171, 252, 252, 314, 32, 239, 36, 107, 107, 395, 213, 213, 213, 213, 246, 19, 454, 229, 229, 247, 126, 126, 126, 126, 326, 326, 408, 408, 408, 391, 228, 244, 320, 7, 7, 32, 32, 239, 108, 371, 371, 278, 278, 422, 236, 239, 239, 384, 449, 371, 470, 180, 443, 443, 443, 443, 403, 403, 171, 438, 203, 399, 217, 250, 250, 250, 138, 153, 88, 132, 374, 219, 219, 219, 219, 219, 464, 464, 171, 171, 171, 171, 246, 246, 246, 246, 24, 24, 239, 239, 384, 384, 420, 324, 324, 340, 116, 10, 10, 309, 479, 479, 331, 106, 153, 426, 426, 293, 293, 293, 98, 98, 335, 335, 226, 226, 209, 188, 188, 213, 324, 301, 8, 8, 239, 354, 354, 106, 355, 355, 376, 376, 460, 452, 263, 263, 263, 13, 229, 229, 82, 312, 23, 23, 23, 408, 149, 228, 244, 320, 479, 479, 398, 324, 422, 143, 465, 465, 354, 354, 346, 284, 486, 206, 169, 150, 342, 342, 164, 164, 224, 273, 470, 403, 403, 464, 464, 464, 355, 178, 143, 129, 458, 208, 208, 441, 100, 387, 387, 313, 236, 239, 239, 310, 107, 107, 395, 278, 443, 443, 240, 215, 215, 129, 259, 354, 284, 206, 460, 240, 35, 36, 164, 342, 351, 180, 486, 460, 460, 178, 178, 233, 458, 192, 192, 41, 41, 41, 41, 19, 19, 19, 454, 454, 229, 229, 82, 126, 126, 292, 326, 408, 408, 149, 244, 244, 373, 338, 338, 338, 395, 494, 374, 416, 8, 32, 239, 354, 65, 65, 481, 481, 481, 293, 143, 35, 458, 208, 100, 100, 387, 387, 122, 236, 129, 259, 310, 108, 323, 224, 397, 106, 88, 88, 387, 203, 399, 217, 473, 473, 398, 324, 464, 422, 416, 143, 458, 144, 208, 27, 441, 125, 125, 387, 206, 175, 251, 251, 241, 431, 486, 460, 460, 167, 178, 35, 77, 342, 342, 342, 224, 267, 267, 444, 324, 246, 246, 477, 301, 313, 325, 325, 34, 324, 324, 301, 422, 24, 239, 384, 371, 180, 486, 486, 460, 240, 240, 24, 239, 310, 107, 395, 255, 416, 143, 129, 401, 259, 320, 354, 354, 109, 337, 41, 324, 19, 19, 454, 454, 229, 229, 247, 312, 187, 187, 187, 408, 408, 391, 391, 73, 244, 320, 7, 7, 371, 398, 324, 301, 116, 251, 251, 331, 106, 88, 88, 88, 106, 284, 405, 206, 206, 178, 35, 35, 401, 259, 354, 106, 284, 405, 405, 206, 178, 178, 35, 233, 401, 401, 320, 7, 276, 100, 375, 98, 98, 98, 249, 305, 305, 170, 244, 28, 28, 392, 392, 392, 63, 63, 392, 63, 63, 63, 392, 63, 63, 63, 63, 63, 244, 195, 305, 211, 211, 17, 420, 374, 374, 374, 374, 374, 374, 374, 374, 374, 374, 374, 374, 374, 374, 374, 374, 374, 374, 374, 374, 374, 374, 374, 374, 374, 374, 374, 374, 374, 374, 374, 374, 374, 374, 374, 374, 374, 374, 374, 374, 374, 374, 374, 374, 374, 374, 374, 374, 374, 374, 374, 374, 374, 374, 374, 374, 374, 374, 374, 374, 374, 374, 374, 374, 374, 374, 374, 374, 374, 374, 374, 374, 374, 374, 374, 374, 374, 374, 374, 374, 374, 374, 374, 374, 374, 374, 374, 374, 374, 374, 374, 374, 374, 374, 374, 374, 374, 374, 374, 374, 374, 374, 374, 374, 374, 374, 374, 374, 374, 374, 374, 374, 374, 374, 374, 374, 374, 374, 374, 374, 374, 374, 374, 374, 374, 374, 374, 374, 374, 374, 374, 374, 374, 374, 374, 374, 374]

ep200
Train step Loss: [0.9459227323532104, 0.9459190964698792, 0.9459351301193237, 0.9460901021957397, 0.9459746479988098, 0.9458619356155396, 0.945967435836792, 0.9458279609680176, 0.9458553791046143, 0.9459423422813416, 0.9460362195968628, 0.9459593892097473, 0.9458908438682556, 0.9459330439567566, 0.9458508491516113, 0.945986270904541, 0.9459107518196106, 0.9459306001663208, 0.9459196329116821, 0.945959746837616, 0.9459266662597656, 0.9460524320602417, 0.9459173083305359, 0.94594407081604, 0.9459317922592163, 0.9459317922592163, 0.9459722638130188, 0.9458926916122437, 0.9459760189056396, 0.9459818005561829, 0.9459015727043152, 0.9459890127182007, 0.945925772190094, 0.9459184408187866, 0.9459002017974854, 0.9459130167961121, 0.9459030032157898, 0.9459452629089355, 0.9459183812141418, 0.9459415078163147, 0.9459695816040039, 0.9459802508354187, 0.945982813835144, 0.945946455001831, 0.9458709359169006, 0.9458775520324707, 0.9458163380622864, 0.9459559321403503, 0.945843517780304, 0.9459587931632996, 0.9459238648414612, 0.9459247589111328, 0.945914626121521, 0.9459568858146667, 0.9458635449409485, 0.9460200071334839, 0.9458909034729004, 0.9458807706832886, 0.9459343552589417, 0.9459342956542969, 0.9459003210067749, 0.9460075497627258, 0.9459551572799683, 0.9459331035614014, 0.9459834098815918, 0.9459547996520996, 0.9458940625190735, 0.9459183812141418, 0.9459620118141174, 0.9458748698234558, 0.9459871053695679, 0.9458909034729004, 0.945874810218811, 0.9458692073822021, 0.9459643959999084, 0.9459128975868225, 0.9458880424499512, 0.9458678960800171, 0.9459806680679321, 0.9459477066993713, 0.9459211230278015, 0.9459360837936401, 0.9460287690162659, 0.9458969831466675, 0.9459269642829895, 0.9460606575012207, 0.9458712339401245, 0.9458873867988586, 0.946010410785675, 0.9459091424942017, 0.9459357261657715, 0.9459508061408997, 0.9461047053337097, 0.9459506273269653, 0.9459113478660583, 0.9459697604179382, 0.9458982944488525, 0.9458730816841125, 0.945920467376709, 0.945900022983551, 0.9459649324417114, 0.9460017085075378, 0.9460358023643494, 0.9459081292152405, 0.9458757638931274]
val step Loss: [0.9467560052871704, 0.9465588331222534, 0.9517204165458679, 0.9465584754943848, 0.9465398192405701, 0.9466138482093811, 0.946380615234375, 0.9518774151802063, 0.9465070366859436, 0.9466515779495239, 0.9465709328651428, 0.9465978741645813, 0.9465975165367126, 0.9468417763710022, 0.9466134309768677, 0.9465891718864441, 0.9465576410293579, 0.9479568004608154, 0.9465317726135254, 0.9464886784553528, 0.9495120048522949, 0.9474325180053711, 0.946378767490387, 0.9465740919113159, 0.9465916752815247, 0.9464633464813232, 0.9465740919113159]
Train step Accs: [1.0, 1.0, 1.0, 1.0, 1.0, 1.0, 1.0, 1.0, 1.0, 1.0, 1.0, 1.0, 1.0, 1.0, 1.0, 1.0, 1.0, 1.0, 1.0, 1.0, 1.0, 1.0, 1.0, 1.0, 1.0, 1.0, 1.0, 1.0, 1.0, 1.0, 1.0, 1.0, 1.0, 1.0, 1.0, 1.0, 1.0, 1.0, 1.0, 1.0, 1.0, 1.0, 1.0, 1.0, 1.0, 1.0, 1.0, 1.0, 1.0, 1.0, 1.0, 1.0, 1.0, 1.0, 1.0, 1.0, 1.0, 1.0, 1.0, 1.0, 1.0, 1.0, 1.0, 1.0, 1.0, 1.0, 1.0, 1.0, 1.0, 1.0, 1.0, 1.0, 1.0, 1.0, 1.0, 1.0, 1.0, 1.0, 1.0, 1.0, 1.0, 1.0, 1.0, 1.0, 1.0, 1.0, 1.0, 1.0, 1.0, 1.0, 1.0, 1.0, 1.0, 1.0, 1.0, 1.0, 1.0, 1.0, 1.0, 1.0, 1.0, 1.0, 1.0, 1.0, 1.0]
val step Accs: [1.0, 1.0, 0.9990766389658357, 1.0, 1.0, 1.0, 1.0, 0.9990444338270426, 1.0, 1.0, 1.0, 1.0, 1.0, 1.0, 1.0, 1.0, 1.0, 0.9997970367363507, 1.0, 1.0, 0.9994667614646285, 0.9998385794995964, 1.0, 1.0, 1.0, 1.0, 1.0]
Preds: [17, 17, 32, 239, 384, 377, 371, 374, 374, 374, 132, 8, 8, 259, 354, 354, 180, 180, 443, 120, 120, 120, 120, 120, 240, 240, 240, 216, 285, 84, 84, 302, 302, 100, 375, 375, 375, 98, 98, 98, 229, 229, 247, 312, 312, 187, 1, 101, 101, 101, 321, 321, 287, 287, 287, 287, 284, 284, 284, 206, 167, 348, 379, 77, 77, 478, 66, 323, 323, 172, 115, 273, 273, 273, 151, 240, 240, 285, 199, 111, 111, 111, 111, 438, 438, 438, 219, 324, 324, 464, 464, 464, 464, 301, 301, 143, 35, 74, 437, 437, 437, 284, 284, 285, 285, 106, 284, 284, 284, 284, 426, 426, 293, 293, 293, 182, 346, 346, 284, 284, 284, 284, 426, 481, 293, 293, 43, 43, 276, 276, 276, 174, 387, 348, 10, 398, 398, 398, 398, 374, 378, 406, 406, 406, 88, 88, 81, 81, 337, 337, 146, 324, 219, 219, 219, 152, 152, 58, 58, 27, 351, 486, 486, 486, 486, 486, 460, 460, 460, 167, 35, 35, 219, 219, 219, 485, 485, 477, 374, 374, 374, 374, 374, 304, 304, 337, 41, 19, 19, 454, 454, 229, 229, 229, 312, 312, 187, 187, 23, 23, 23, 260, 391, 391, 321, 321, 320, 320, 345, 100, 100, 497, 497, 497, 122, 216, 453, 168, 5, 258, 38, 99, 99, 338, 338, 338, 338, 338, 400, 400, 444, 171, 171, 171, 171, 171, 464, 464, 335, 14, 14, 287, 145, 145, 111, 111, 240, 240, 146, 219, 219, 219, 464, 464, 464, 222, 84, 245, 245, 245, 43, 43, 43, 364, 276, 276, 276, 276, 276, 346, 346, 346, 284, 284, 206, 206, 206, 167, 167, 35, 14, 411, 411, 411, 424, 424, 424, 153, 182, 182, 182, 182, 182, 182, 182, 122, 122, 250, 303, 195, 195, 195, 303, 117, 98, 117, 117, 48, 48, 48, 414, 170, 244, 244, 392, 244, 392, 392, 392, 244, 73, 7, 7, 321, 7, 7, 127, 451, 30, 30, 324, 301, 301, 378, 325, 114, 114, 114, 180, 486, 486, 486, 315, 460, 285, 285, 285, 467, 85, 111, 403, 146, 207, 299, 299, 434, 434, 250, 250, 413, 271, 186, 186, 99, 99, 338, 338, 395, 395, 273, 273, 432, 432, 330, 240, 240, 385, 35, 77, 164, 164, 115, 273, 273, 180, 151, 151, 151, 206, 130, 130, 402, 183, 219, 219, 219, 213, 213, 213, 246, 246, 246, 246, 301, 301, 378, 43, 43, 276, 276, 153, 153, 387, 413, 413, 360, 219, 246, 246, 246, 246, 246, 246, 246, 19, 17, 420, 374, 374, 374, 374, 374, 374, 374, 374, 374, 374, 374, 374, 374, 374, 374, 374, 374, 374, 374, 374, 374, 374, 374, 374, 374, 374, 374, 374, 374, 374, 374, 374, 374, 374, 374, 374, 374, 374, 374, 374, 374, 374, 374, 374, 374, 374, 374, 374, 374, 374, 374, 374, 374, 374, 374, 374, 374, 374, 374, 374, 374, 374, 374, 374, 374, 374, 374, 374, 374, 374, 374, 374, 374, 374, 374, 374, 374, 374, 374, 374, 374, 374, 374, 374, 374, 374, 374, 374, 374, 374, 374, 374, 374, 374, 374, 374, 374, 374, 374, 374, 374, 374, 374, 374, 374, 374, 374, 374, 374, 374, 374, 374, 374, 374, 374, 374, 374, 374, 374, 374, 374, 374, 374, 374, 374, 374, 374, 374, 374, 374, 374, 374, 374, 374, 374, 374, 374, 374, 374, 374, 374, 374, 374, 374, 374, 374, 374, 374, 374, 374, 374, 374, 374, 374, 374, 374, 374, 374, 374, 374, 374, 374, 374, 374, 374, 374, 374, 374, 374, 374, 374, 374, 374]

ep201
Train step Loss: [0.9459895491600037, 0.9459133744239807, 0.9458633661270142, 0.9459097385406494, 0.9459252953529358, 0.9459682703018188, 0.945956826210022, 0.9458927512168884, 0.9459930062294006, 0.9459915161132812, 0.9459139704704285, 0.9459398984909058, 0.945914626121521, 0.9459396600723267, 0.9459547400474548, 0.9459783434867859, 0.9459558129310608, 0.9459640979766846, 0.9459537267684937, 0.9460756182670593, 0.9459593296051025, 0.9459929466247559, 0.9458967447280884, 0.9459437727928162, 0.945920467376709, 0.9459829330444336, 0.9459972381591797, 0.9459412693977356, 0.9460139870643616, 0.9459227323532104, 0.9459450244903564, 0.9459457397460938, 0.9459587931632996, 0.9459099173545837, 0.945923924446106, 0.9459338188171387, 0.9460002779960632, 0.9459131360054016, 0.9459212422370911, 0.945997953414917, 0.9459347128868103, 0.9458881616592407, 0.945936381816864, 0.9459812641143799, 0.9459733366966248, 0.9458677172660828, 0.9458619356155396, 0.9458804726600647, 0.9459105134010315, 0.9459788203239441, 0.9459569454193115, 0.9459772706031799, 0.9458961486816406, 0.9459185600280762, 0.9459757804870605, 0.9458543062210083, 0.9460171461105347, 0.9459750652313232, 0.9458904266357422, 0.9458907246589661, 0.9459556937217712, 0.9459555745124817, 0.9458665251731873, 0.9459565281867981, 0.945867657661438, 0.9459323287010193, 0.9459491968154907, 0.9459187984466553, 0.9460657238960266, 0.9459116458892822, 0.9458755850791931, 0.945926308631897, 0.946001410484314, 0.94587242603302, 0.9458895921707153, 0.9459576606750488, 0.9459613561630249, 0.9459642171859741, 0.9459787607192993, 0.946063756942749, 0.9459702372550964, 0.9458568692207336, 0.9458457231521606, 0.9459521174430847, 0.9459022283554077, 0.9459093809127808, 0.945925235748291, 0.9458665251731873, 0.9459180235862732, 0.9461218118667603, 0.9459660649299622, 0.9459855556488037, 0.9459773302078247, 0.94590163230896, 0.9459509253501892, 0.9459070563316345, 0.9459502100944519, 0.9459635019302368, 0.9459444284439087, 0.9459508657455444, 0.9459181427955627, 0.9458484053611755, 0.9460561275482178, 0.945886492729187, 0.9459612369537354]
val step Loss: [0.946474552154541, 0.9481677412986755, 0.9466697573661804, 0.9508457183837891, 0.9463667869567871, 0.9466606378555298, 0.947810173034668, 0.952544093132019, 0.9466151595115662, 0.9464792609214783, 0.9466776847839355, 0.9465936422348022, 0.9465354681015015, 0.9465427398681641, 0.9465324282646179, 0.9465683698654175, 0.9463797211647034, 0.9466114640235901, 0.9484943747520447, 0.9465803503990173, 0.9467321634292603, 0.9465841054916382, 0.9463850259780884, 0.9465304613113403, 0.9468137621879578, 0.9466210007667542, 0.9468675851821899]
Train step Accs: [1.0, 1.0, 1.0, 1.0, 1.0, 1.0, 1.0, 1.0, 1.0, 1.0, 1.0, 1.0, 1.0, 1.0, 1.0, 1.0, 1.0, 1.0, 1.0, 1.0, 1.0, 1.0, 1.0, 1.0, 1.0, 1.0, 1.0, 1.0, 1.0, 1.0, 1.0, 1.0, 1.0, 1.0, 1.0, 1.0, 1.0, 1.0, 1.0, 1.0, 1.0, 1.0, 1.0, 1.0, 1.0, 1.0, 1.0, 1.0, 1.0, 1.0, 1.0, 1.0, 1.0, 1.0, 1.0, 1.0, 1.0, 1.0, 1.0, 1.0, 1.0, 1.0, 1.0, 1.0, 1.0, 1.0, 1.0, 1.0, 1.0, 1.0, 1.0, 1.0, 1.0, 1.0, 1.0, 1.0, 1.0, 1.0, 1.0, 1.0, 1.0, 1.0, 1.0, 1.0, 1.0, 1.0, 1.0, 1.0, 1.0, 1.0, 1.0, 1.0, 1.0, 1.0, 1.0, 1.0, 1.0, 1.0, 1.0, 1.0, 1.0, 1.0, 1.0, 1.0, 1.0]
val step Accs: [1.0, 0.9997117740308402, 1.0, 0.9992240844196152, 1.0, 1.0, 0.999822883457315, 0.9988884772137829, 1.0, 1.0, 1.0, 1.0, 1.0, 1.0, 1.0, 1.0, 1.0, 1.0, 0.9996577686516085, 1.0, 1.0, 1.0, 1.0, 1.0, 1.0, 1.0, 1.0]
Preds: [17, 17, 296, 479, 479, 278, 278, 252, 143, 143, 129, 259, 144, 445, 445, 180, 403, 403, 403, 290, 290, 290, 434, 246, 246, 246, 246, 246, 246, 19, 19, 19, 454, 414, 442, 414, 170, 244, 244, 187, 408, 392, 244, 244, 244, 244, 244, 7, 152, 152, 152, 422, 349, 234, 234, 261, 25, 106, 106, 499, 284, 306, 306, 406, 406, 467, 284, 284, 287, 284, 284, 284, 450, 450, 450, 293, 413, 413, 251, 251, 251, 241, 431, 431, 428, 428, 428, 428, 146, 146, 146, 358, 465, 164, 352, 164, 352, 25, 34, 324, 324, 301, 301, 8, 205, 261, 25, 106, 100, 153, 43, 43, 182, 182, 387, 387, 169, 169, 349, 352, 352, 397, 397, 133, 43, 43, 276, 276, 346, 346, 387, 387, 215, 35, 401, 259, 345, 345, 387, 240, 236, 129, 75, 164, 27, 351, 355, 355, 355, 240, 215, 8, 239, 354, 354, 420, 324, 324, 416, 143, 401, 82, 244, 354, 420, 278, 154, 178, 143, 458, 82, 192, 27, 351, 443, 443, 240, 240, 325, 34, 34, 324, 324, 339, 339, 94, 398, 398, 340, 116, 10, 10, 479, 398, 398, 374, 374, 330, 468, 406, 406, 467, 88, 387, 387, 169, 186, 99, 338, 338, 338, 338, 395, 395, 432, 330, 330, 388, 348, 10, 10, 479, 331, 331, 84, 350, 387, 387, 240, 251, 251, 251, 114, 114, 278, 278, 278, 31, 99, 338, 338, 338, 338, 338, 395, 395, 464, 464, 120, 355, 355, 355, 169, 215, 349, 205, 261, 25, 420, 324, 422, 143, 458, 244, 208, 208, 441, 441, 141, 141, 38, 162, 232, 232, 232, 68, 68, 68, 115, 115, 267, 267, 267, 213, 246, 246, 19, 454, 229, 247, 126, 126, 326, 326, 326, 101, 101, 101, 149, 149, 228, 321, 83, 287, 111, 55, 438, 299, 299, 434, 339, 10, 10, 10, 309, 479, 398, 213, 213, 213, 246, 246, 246, 301, 143, 129, 129, 401, 259, 354, 354, 106, 486, 486, 460, 215, 215, 401, 244, 75, 354, 346, 284, 206, 240, 236, 36, 36, 342, 115, 273, 180, 499, 486, 460, 178, 178, 233, 82, 192, 192, 445, 445, 213, 41, 41, 19, 19, 17, 420, 374, 374, 374, 374, 374, 374, 374, 374, 374, 374, 374, 374, 374, 374, 374, 374, 374, 374, 374, 374, 374, 374, 374, 374, 374, 374, 374, 374, 374, 374, 374, 374, 374, 374, 374, 374, 374, 374, 374, 374, 374, 374, 374, 374, 374, 374, 374, 374, 374, 374, 374, 374, 374, 374, 374, 374, 374, 374, 374, 374, 374, 374, 374, 374, 374, 374, 374, 374, 374, 374, 374, 374, 374, 374, 374, 374, 374, 374, 374, 374, 374, 374, 374, 374, 374, 374, 374, 374, 374, 374, 374, 374, 374, 374, 374, 374, 374, 374, 374, 374, 374, 374, 374, 374, 374, 374, 374, 374, 374, 374, 374, 374, 374, 374, 374, 374, 374, 374, 374, 374, 374, 374, 374, 374, 374, 374, 374, 374, 374, 374, 374, 374, 374, 374, 374, 374, 374, 374, 374, 374, 374, 374, 374, 374, 374, 374, 374, 374, 374, 374, 374, 374, 374, 374, 374, 374, 374, 374, 374, 374, 374, 374, 374, 374, 374, 374, 374, 374, 374, 374, 374, 374, 374, 374, 374, 374, 374, 374, 374, 374, 374, 374, 374, 374, 374, 374, 374, 374, 374, 374, 374, 374, 374, 374, 374, 374, 374, 374, 374, 374, 374, 374, 374, 374, 374, 374, 374, 374, 374, 374, 374, 374, 374, 374, 374, 374, 374, 374, 374, 374, 374, 374, 374, 374, 374, 374, 374, 374, 374, 374]

ep202
Train step Loss: [0.9459846615791321, 0.9459158182144165, 0.945944607257843, 0.9458855390548706, 0.946006178855896, 0.9459137320518494, 0.9459233283996582, 0.9459492564201355, 0.9458957314491272, 0.9459753036499023, 0.9459152221679688, 0.9459723830223083, 0.9459219574928284, 0.945917546749115, 0.9460170269012451, 0.9459089040756226, 0.9459031820297241, 0.9458454847335815, 0.9459155797958374, 0.9460092186927795, 0.9459801912307739, 0.9459454417228699, 0.9458893537521362, 0.9459954500198364, 0.945888876914978, 0.9459011554718018, 0.9459354877471924, 0.9458246827125549, 0.945888876914978, 0.945925235748291, 0.9459758400917053, 0.9459042549133301, 0.945884108543396, 0.9460379481315613, 0.9459543228149414, 0.9458913803100586, 0.9459919929504395, 0.9458574056625366, 0.9460140466690063, 0.9458285570144653, 0.9459010362625122, 0.9460713267326355, 0.945866584777832, 0.945838451385498, 0.9458887577056885, 0.946135938167572, 0.9459803104400635, 0.9459944367408752, 0.945863664150238, 0.9460039138793945, 0.9459362030029297, 0.9459459781646729, 0.945973813533783, 0.9459437131881714, 0.9460762143135071, 0.9459643959999084, 0.9459717273712158, 0.9461485743522644, 0.9459472298622131, 0.9458343982696533, 0.9458983540534973, 0.9459757208824158, 0.9459426403045654, 0.9458211064338684, 0.9459447860717773, 0.9459143877029419, 0.9459673166275024, 0.9459354877471924, 0.9458876848220825, 0.94586181640625, 0.9460288882255554, 0.9459887742996216, 0.9459897875785828, 0.945899486541748, 0.945953369140625, 0.9458870887756348, 0.945939302444458, 0.9459826946258545, 0.9459192156791687, 0.945909321308136, 0.945951521396637, 0.9458767771720886, 0.9459431171417236, 0.9459754228591919, 0.94587242603302, 0.9458572864532471, 0.9458616971969604, 0.9459243416786194, 0.9459015130996704, 0.9459324479103088, 0.945887565612793, 0.9458686709403992, 0.9460266828536987, 0.9458225965499878, 0.9458295702934265, 0.9459366798400879, 0.9459443092346191, 0.9460065364837646, 0.9460017085075378, 0.945930004119873, 0.946002185344696, 0.9457959532737732, 0.9459259510040283, 0.9460477828979492, 0.9459311366081238]
val step Loss: [0.9506505727767944, 0.9465352296829224, 0.9467419385910034, 0.9463570713996887, 0.9461851716041565, 0.9463582038879395, 0.9465515613555908, 0.9464197754859924, 0.9464151263237, 0.9466156959533691, 0.9464821815490723, 0.9465077519416809, 0.9474090933799744, 0.9481812119483948, 0.9516280889511108, 0.9466642141342163, 0.9466329216957092, 0.9465278387069702, 0.9464524388313293, 0.9465311169624329, 0.9464728832244873, 0.9491431713104248, 0.946338415145874, 0.9466127753257751, 0.9465878009796143, 0.9462535381317139, 0.9463900327682495]
Train step Accs: [1.0, 1.0, 1.0, 1.0, 1.0, 1.0, 1.0, 1.0, 1.0, 1.0, 1.0, 1.0, 1.0, 1.0, 1.0, 1.0, 1.0, 1.0, 1.0, 1.0, 1.0, 1.0, 1.0, 1.0, 1.0, 1.0, 1.0, 1.0, 1.0, 1.0, 1.0, 1.0, 1.0, 1.0, 1.0, 1.0, 1.0, 1.0, 1.0, 1.0, 1.0, 1.0, 1.0, 1.0, 1.0, 1.0, 1.0, 1.0, 1.0, 1.0, 1.0, 1.0, 1.0, 1.0, 1.0, 1.0, 1.0, 1.0, 1.0, 1.0, 1.0, 1.0, 1.0, 1.0, 1.0, 1.0, 1.0, 1.0, 1.0, 1.0, 1.0, 1.0, 1.0, 1.0, 1.0, 1.0, 1.0, 1.0, 1.0, 1.0, 1.0, 1.0, 1.0, 1.0, 1.0, 1.0, 1.0, 1.0, 1.0, 1.0, 1.0, 1.0, 1.0, 1.0, 1.0, 1.0, 1.0, 1.0, 1.0, 1.0, 1.0, 1.0, 1.0, 1.0, 1.0]
val step Accs: [0.9992225461613217, 1.0, 1.0, 1.0, 1.0, 1.0, 1.0, 1.0, 1.0, 1.0, 1.0, 1.0, 0.999844840961986, 0.9997143673236218, 0.9990339719851876, 1.0, 1.0, 1.0, 1.0, 1.0, 1.0, 0.9994934143870314, 1.0, 1.0, 1.0, 1.0, 1.0]
Preds: [17, 17, 17, 451, 152, 152, 374, 378, 42, 406, 406, 499, 387, 387, 387, 387, 337, 219, 219, 219, 324, 324, 434, 339, 10, 10, 309, 479, 398, 324, 278, 301, 143, 129, 401, 244, 321, 354, 354, 265, 428, 428, 146, 146, 146, 324, 324, 301, 215, 32, 32, 102, 354, 354, 106, 106, 284, 265, 206, 282, 282, 388, 303, 212, 219, 324, 324, 301, 116, 10, 94, 479, 331, 331, 428, 428, 428, 146, 146, 252, 252, 239, 239, 310, 310, 107, 107, 395, 374, 374, 132, 132, 219, 286, 464, 464, 464, 355, 355, 355, 460, 452, 263, 263, 263, 78, 170, 170, 244, 392, 392, 392, 392, 392, 392, 392, 392, 244, 73, 244, 209, 83, 55, 443, 240, 314, 314, 32, 32, 354, 354, 180, 264, 264, 84, 84, 406, 406, 406, 406, 413, 413, 413, 399, 217, 217, 473, 65, 464, 464, 171, 252, 143, 143, 239, 82, 310, 107, 395, 400, 324, 286, 464, 464, 464, 443, 355, 355, 460, 240, 169, 35, 224, 224, 494, 494, 8, 196, 217, 479, 473, 283, 278, 422, 143, 36, 75, 310, 107, 395, 485, 324, 301, 251, 251, 219, 398, 374, 374, 374, 26, 251, 251, 241, 431, 367, 496, 497, 43, 233, 233, 401, 244, 208, 100, 100, 100, 98, 98, 98, 17, 17, 420, 374, 374, 374, 374, 374, 374, 374, 374, 374, 374, 374, 374, 374, 374, 374, 374, 374, 374, 374, 374, 374, 374, 374, 374, 374, 374, 374, 374, 374, 374, 374, 374, 374, 374, 374, 374, 374, 374, 374, 374, 374, 374, 374, 374, 374, 374, 374, 374, 374, 374, 374, 374, 374, 374, 374, 374, 374, 374, 374, 374, 374, 374, 374, 374, 374, 374, 374, 374, 374, 374, 374, 374, 374, 374, 374, 374, 374, 374, 374, 374, 374, 374, 374, 374, 374, 374, 374, 374, 374, 374, 374, 374, 374, 374, 374, 374, 374, 374, 374, 374, 374, 374, 374, 374, 374, 374, 374, 374, 374, 374, 374, 374, 374, 374, 374, 374, 374, 374, 374, 374, 374, 374, 374, 374, 374, 374, 374, 374, 374, 374, 374, 374, 374, 374, 374, 374, 374, 374, 374, 374, 374, 374, 374, 374, 374, 374, 374, 374, 374, 374, 374, 374, 374, 374, 374, 374, 374, 374, 374, 374, 374, 374, 374, 374, 374, 374, 374, 374, 374, 374, 374, 374, 374, 374, 374, 374, 374, 374, 374, 374, 374, 374, 374, 374, 374, 374, 374, 374, 374, 374, 374, 374, 374, 374, 374, 374, 374, 374, 374, 374, 374, 374, 374, 374, 374, 374, 374, 374, 374, 374, 374, 374, 374, 374, 374, 374, 374, 374, 374, 374, 374, 374, 374, 374, 374, 374, 374, 374, 374, 374, 374, 374, 374, 374, 374, 374, 374, 374, 374, 374, 374, 374, 374, 374, 374, 374, 374, 374, 374, 374, 374, 374, 374, 374, 374, 374, 374, 374, 374, 374, 374, 374, 374, 374, 374, 374, 374, 374, 374, 374, 374, 374, 374, 374, 374, 374, 374, 374, 374, 374, 374, 374, 374, 374, 374, 374, 374, 374, 374, 374, 374, 374, 374, 374, 374, 374, 374, 374, 374, 374, 374, 374, 374, 374, 374, 374, 374, 374, 374, 374, 374, 374, 374, 374, 374, 374, 374, 374, 374, 374, 374, 374, 374, 374, 374, 374, 374, 374, 374, 374, 374, 374, 374, 374, 374, 374, 374, 374, 374, 374, 374, 374, 374, 374, 374, 374, 374, 374, 374, 374, 374, 374, 374, 374, 374, 374, 374, 374, 374, 374, 374, 374, 374, 374, 374, 374, 374, 374, 374, 374, 374, 374, 374, 374, 374, 374, 374]

ep203
Train step Loss: [0.9458787441253662, 0.9459282159805298, 0.9459929466247559, 0.9460698366165161, 0.9460457563400269, 0.94600510597229, 0.9459154605865479, 0.9460301995277405, 0.9459693431854248, 0.945881724357605, 0.9459015130996704, 0.9459192752838135, 0.9459046721458435, 0.9459056854248047, 0.945946991443634, 0.9459233283996582, 0.9460434317588806, 0.9459710717201233, 0.9458690881729126, 0.945854902267456, 0.9458264708518982, 0.9459050893783569, 0.9458943605422974, 0.9459605813026428, 0.9458938837051392, 0.9458844661712646, 0.9459661245346069, 0.9459435343742371, 0.945964515209198, 0.9459251165390015, 0.9458585977554321, 0.945884644985199, 0.9459248185157776, 0.9459009766578674, 0.9460118412971497, 0.946000337600708, 0.9459056258201599, 0.9460142850875854, 0.9459066390991211, 0.9459695219993591, 0.945990800857544, 0.9459784626960754, 0.9459790587425232, 0.945931077003479, 0.945906400680542, 0.9459015130996704, 0.9458481669425964, 0.9459758400917053, 0.9459347128868103, 0.9460231065750122, 0.9459480047225952, 0.945913553237915, 0.9458925127983093, 0.9459278583526611, 0.9459429979324341, 0.9460405111312866, 0.9458416700363159, 0.945892333984375, 0.9459455013275146, 0.9459006786346436, 0.9459296464920044, 0.9459015130996704, 0.9461174607276917, 0.9459031224250793, 0.9459264874458313, 0.9459505081176758, 0.9458849430084229, 0.9460204839706421, 0.9460042715072632, 0.9458954930305481, 0.9458662867546082, 0.9459068775177002, 0.9458799958229065, 0.9459726214408875, 0.9458364844322205, 0.9459285140037537, 0.9460060596466064, 0.9458625316619873, 0.9457934498786926, 0.945887565612793, 0.9459594488143921, 0.9458323121070862, 0.945949912071228, 0.9458388090133667, 0.9458868503570557, 0.9458904266357422, 0.9459194540977478, 0.9458953142166138, 0.9459162354469299, 0.9460409283638, 0.9458824396133423, 0.945939838886261, 0.9459021687507629, 0.9459948539733887, 0.9459823369979858, 0.9459017515182495, 0.9459264278411865, 0.9459253549575806, 0.945949375629425, 0.9459599852561951, 0.9459110498428345, 0.9458493590354919, 0.945915937423706, 0.9459747672080994, 0.9459869265556335]
val step Loss: [0.9520643949508667, 0.9505324959754944, 0.9475738406181335, 0.9465110301971436, 0.9467212557792664, 0.9465799331665039, 0.9464084506034851, 0.9466485977172852, 0.9464862942695618, 0.9466460347175598, 0.946524441242218, 0.9466615319252014, 0.9465051293373108, 0.9476597905158997, 0.9485593438148499, 0.9466089010238647, 0.9474366903305054, 0.9466877579689026, 0.9464339017868042, 0.9467638731002808, 0.9466128945350647, 0.9463918805122375, 0.9464671611785889, 0.9466784000396729, 0.9465060830116272, 0.9466571807861328, 0.946564793586731]
Train step Accs: [1.0, 1.0, 1.0, 1.0, 1.0, 1.0, 1.0, 1.0, 1.0, 1.0, 1.0, 1.0, 1.0, 1.0, 1.0, 1.0, 1.0, 1.0, 1.0, 1.0, 1.0, 1.0, 1.0, 1.0, 1.0, 1.0, 1.0, 1.0, 1.0, 1.0, 1.0, 1.0, 1.0, 1.0, 1.0, 1.0, 1.0, 1.0, 1.0, 1.0, 1.0, 1.0, 1.0, 1.0, 1.0, 1.0, 1.0, 1.0, 1.0, 1.0, 1.0, 1.0, 1.0, 1.0, 1.0, 1.0, 1.0, 1.0, 1.0, 1.0, 1.0, 1.0, 1.0, 1.0, 1.0, 1.0, 1.0, 1.0, 1.0, 1.0, 1.0, 1.0, 1.0, 1.0, 1.0, 1.0, 1.0, 1.0, 1.0, 1.0, 1.0, 1.0, 1.0, 1.0, 1.0, 1.0, 1.0, 1.0, 1.0, 1.0, 1.0, 1.0, 1.0, 1.0, 1.0, 1.0, 1.0, 1.0, 1.0, 1.0, 1.0, 1.0, 1.0, 1.0, 1.0]
val step Accs: [0.9989718985606579, 0.9992581602373887, 0.9998372925479987, 1.0, 1.0, 1.0, 1.0, 1.0, 1.0, 1.0, 1.0, 1.0, 1.0, 0.9998165137614679, 0.9996558251591808, 1.0, 0.999820014398848, 1.0, 1.0, 1.0, 1.0, 1.0, 1.0, 1.0, 1.0, 1.0, 1.0]
Preds: [17, 17, 296, 17, 17, 17, 17, 363, 363, 363, 363, 363, 101, 149, 321, 321, 287, 287, 287, 284, 206, 167, 35, 320, 320, 29, 287, 287, 111, 111, 468, 468, 467, 146, 146, 443, 330, 330, 330, 348, 175, 65, 65, 106, 293, 293, 293, 293, 413, 348, 348, 466, 479, 479, 331, 331, 486, 486, 486, 460, 240, 173, 8, 280, 29, 106, 284, 284, 240, 285, 285, 467, 180, 180, 486, 486, 486, 486, 460, 240, 175, 175, 81, 431, 431, 85, 403, 403, 403, 207, 207, 207, 246, 246, 246, 246, 246, 19, 19, 454, 229, 259, 321, 247, 126, 126, 408, 408, 408, 408, 228, 321, 75, 66, 68, 172, 115, 115, 267, 444, 278, 378, 378, 345, 345, 100, 100, 497, 497, 186, 99, 338, 338, 400, 400, 400, 301, 301, 378, 345, 109, 499, 499, 151, 151, 253, 453, 342, 168, 168, 180, 151, 151, 460, 178, 178, 192, 192, 445, 451, 41, 41, 41, 41, 19, 19, 19, 454, 454, 13, 414, 170, 244, 244, 244, 392, 244, 392, 392, 321, 321, 321, 7, 479, 479, 331, 331, 331, 480, 319, 111, 460, 438, 416, 216, 192, 114, 180, 180, 443, 443, 443, 139, 139, 293, 274, 274, 35, 192, 445, 464, 464, 171, 171, 252, 416, 458, 192, 445, 180, 464, 264, 264, 264, 264, 315, 315, 113, 450, 450, 293, 169, 150, 150, 54, 54, 142, 397, 397, 196, 147, 147, 109, 288, 403, 171, 171, 252, 252, 24, 310, 310, 107, 395, 395, 286, 286, 120, 120, 120, 120, 37, 37, 385, 385, 197, 75, 164, 164, 196, 196, 116, 33, 33, 248, 394, 212, 75, 199, 275, 275, 275, 275, 303, 303, 17, 420, 374, 374, 374, 374, 374, 374, 374, 374, 374, 374, 374, 374, 374, 374, 374, 374, 374, 374, 374, 374, 374, 374, 374, 374, 374, 374, 374, 374, 374, 374, 374, 374, 374, 374, 374, 374, 374, 374, 374, 374, 374, 374, 374, 374, 374, 374, 374, 374, 374, 374, 374, 374, 374, 374, 374, 374, 374, 374, 374, 374, 374, 374, 374, 374, 374, 374, 374, 374, 374, 374, 374, 374, 374, 374, 374, 374, 374, 374, 374, 374, 374, 374, 374, 374, 374, 374, 374, 374, 374, 374, 374, 374, 374, 374, 374, 374, 374, 374, 374, 374, 374, 374, 374, 374, 374, 374, 374, 374, 374, 374, 374, 374, 374, 374, 374, 374, 374, 374, 374, 374, 374, 374, 374, 374, 374, 374, 374, 374, 374, 374, 374, 374, 374, 374, 374, 374, 374, 374, 374, 374, 374, 374, 374, 374, 374, 374, 374, 374, 374, 374, 374, 374, 374, 374, 374, 374, 374, 374, 374, 374, 374, 374, 374, 374, 374, 374, 374, 374, 374, 374, 374, 374, 374, 374, 374, 374, 374, 374, 374, 374, 374, 374, 374, 374, 374, 374, 374, 374, 374, 374, 374, 374, 374, 374, 374, 374, 374, 374, 374, 374, 374, 374, 374, 374, 374, 374, 374, 374, 374, 374, 374, 374, 374, 374, 374, 374, 374, 374, 374, 374, 374, 374, 374, 374, 374, 374, 374, 374, 374, 374, 374, 374, 374, 374, 374, 374, 374, 374, 374, 374, 374, 374, 374, 374, 374, 374, 374, 374, 374, 374, 374, 374, 374, 374, 374, 374, 374, 374, 374, 374, 374, 374, 374, 374, 374, 374, 374, 374, 374, 374, 374, 374, 374, 374, 374, 374, 374, 374, 374, 374, 374, 374, 374, 374, 374, 374, 374, 374, 374, 374, 374, 374, 374, 374, 374, 374, 374, 374, 374, 374, 374, 374, 374, 374, 374, 374, 374, 374, 374, 374, 374, 374, 374]

ep204
Train step Loss: [0.9459692239761353, 0.9459133148193359, 0.9459262490272522, 0.946033239364624, 0.9458631277084351, 0.945931613445282, 0.9459044337272644, 0.945979654788971, 0.9459742903709412, 0.9458892345428467, 0.9459236264228821, 0.9460742473602295, 0.9459911584854126, 0.9459211230278015, 0.945906400680542, 0.9460656046867371, 0.9459318518638611, 0.9459202289581299, 0.9458414912223816, 0.945951521396637, 0.9458925127983093, 0.9459279775619507, 0.9459421634674072, 0.9459242820739746, 0.9458867311477661, 0.946040153503418, 0.9460232257843018, 0.9459090232849121, 0.9459545612335205, 0.9459322690963745, 0.9459781646728516, 0.9458290338516235, 0.9460618495941162, 0.945953369140625, 0.9459202885627747, 0.9459660053253174, 0.9459202885627747, 0.9458950161933899, 0.9458959102630615, 0.9458903670310974, 0.9459060430526733, 0.9459067583084106, 0.9459412693977356, 0.9459193348884583, 0.9459067583084106, 0.9458716511726379, 0.9458664655685425, 0.9459287524223328, 0.9459153413772583, 0.9459191560745239, 0.9458993673324585, 0.9460413455963135, 0.9459846019744873, 0.9458896517753601, 0.9460366368293762, 0.9459105730056763, 0.9458619356155396, 0.945919394493103, 0.9458466172218323, 0.9459971189498901, 0.9459648132324219, 0.9458670020103455, 0.9459308385848999, 0.9458474516868591, 0.9458767175674438, 0.9459375143051147, 0.9459444284439087, 0.9458593726158142, 0.9459048509597778, 0.9459256529808044, 0.9459139704704285, 0.9458616971969604, 0.9459397792816162, 0.9459011554718018, 0.9459121227264404, 0.9459777474403381, 0.9459400177001953, 0.9459980130195618, 0.9459483623504639, 0.9459060430526733, 0.9459019303321838, 0.9459538459777832, 0.9460281729698181, 0.9458519816398621, 0.945913553237915, 0.9458997249603271, 0.9459680318832397, 0.9459155201911926, 0.9460256695747375, 0.9459975361824036, 0.9459525346755981, 0.9458492994308472, 0.9459517002105713, 0.9460386037826538, 0.9458475112915039, 0.9458807706832886, 0.9459555745124817, 0.9459233283996582, 0.945990264415741, 0.9459086656570435, 0.9458950161933899, 0.9458339214324951, 0.9458945393562317, 0.9458817839622498, 0.946014404296875]
val step Loss: [0.9476562738418579, 0.9464046359062195, 0.9465590715408325, 0.9519651532173157, 0.9474271535873413, 0.9466036558151245, 0.9484570622444153, 0.9466425180435181, 0.9466731548309326, 0.9465191960334778, 0.9465165138244629, 0.9475428462028503, 0.946656346321106, 0.9465519189834595, 0.946394681930542, 0.9475908875465393, 0.9464232325553894, 0.9463654160499573, 0.9465668797492981, 0.9499449729919434, 0.9466715455055237, 0.9465681910514832, 0.9465166926383972, 0.9467720985412598, 0.9465512633323669, 0.9466341733932495, 0.9467617869377136]
Train step Accs: [1.0, 1.0, 1.0, 1.0, 1.0, 1.0, 1.0, 1.0, 1.0, 1.0, 1.0, 1.0, 1.0, 1.0, 1.0, 1.0, 1.0, 1.0, 1.0, 1.0, 1.0, 1.0, 1.0, 1.0, 1.0, 1.0, 1.0, 1.0, 1.0, 1.0, 1.0, 1.0, 1.0, 1.0, 1.0, 1.0, 1.0, 1.0, 1.0, 1.0, 1.0, 1.0, 1.0, 1.0, 1.0, 1.0, 1.0, 1.0, 1.0, 1.0, 1.0, 1.0, 1.0, 1.0, 1.0, 1.0, 1.0, 1.0, 1.0, 1.0, 1.0, 1.0, 1.0, 1.0, 1.0, 1.0, 1.0, 1.0, 1.0, 1.0, 1.0, 1.0, 1.0, 1.0, 1.0, 1.0, 1.0, 1.0, 1.0, 1.0, 1.0, 1.0, 1.0, 1.0, 1.0, 1.0, 1.0, 1.0, 1.0, 1.0, 1.0, 1.0, 1.0, 1.0, 1.0, 1.0, 1.0, 1.0, 1.0, 1.0, 1.0, 1.0, 1.0, 1.0, 1.0]
val step Accs: [0.9998274374460742, 1.0, 1.0, 0.9989821882951654, 0.9998191354675349, 1.0, 0.9996372211137312, 1.0, 1.0, 1.0, 1.0, 0.9998376096135109, 1.0, 1.0, 1.0, 0.9998164127042408, 1.0, 1.0, 1.0, 0.9993567063364426, 1.0, 1.0, 1.0, 1.0, 1.0, 1.0, 1.0]
Preds: [17, 17, 296, 217, 217, 473, 65, 443, 443, 443, 443, 240, 169, 150, 77, 164, 164, 164, 164, 164, 164, 273, 106, 106, 375, 375, 375, 98, 98, 48, 13, 170, 20, 170, 20, 20, 187, 187, 187, 408, 408, 20, 391, 391, 20, 184, 20, 20, 7, 188, 152, 152, 422, 99, 54, 54, 224, 400, 400, 30, 324, 324, 464, 464, 139, 139, 355, 387, 355, 240, 388, 94, 94, 398, 324, 301, 416, 32, 239, 144, 27, 180, 180, 284, 486, 428, 206, 240, 240, 314, 8, 32, 354, 354, 100, 497, 43, 8, 8, 32, 354, 354, 100, 387, 255, 251, 251, 241, 431, 106, 498, 498, 406, 313, 313, 285, 337, 464, 464, 464, 145, 315, 315, 450, 450, 450, 43, 43, 276, 276, 345, 109, 109, 403, 207, 324, 3, 301, 42, 42, 147, 456, 337, 324, 422, 422, 349, 349, 234, 234, 261, 261, 25, 148, 153, 153, 413, 413, 10, 10, 309, 398, 398, 464, 139, 139, 481, 182, 182, 387, 387, 122, 122, 236, 129, 259, 108, 377, 123, 374, 153, 153, 387, 372, 406, 406, 406, 467, 182, 375, 375, 375, 98, 98, 13, 229, 229, 20, 312, 126, 126, 23, 326, 23, 23, 101, 149, 149, 228, 20, 412, 287, 287, 460, 460, 178, 215, 458, 465, 164, 164, 442, 225, 7, 7, 217, 217, 473, 65, 476, 171, 252, 416, 239, 239, 445, 445, 485, 324, 301, 314, 325, 34, 34, 191, 191, 116, 251, 251, 251, 241, 81, 431, 367, 496, 274, 43, 8, 129, 259, 208, 208, 441, 441, 153, 497, 497, 399, 70, 70, 70, 473, 65, 264, 264, 264, 264, 468, 468, 468, 406, 337, 337, 324, 252, 24, 239, 239, 384, 449, 324, 324, 301, 26, 251, 241, 431, 367, 496, 274, 43, 416, 458, 144, 208, 100, 100, 496, 274, 122, 143, 143, 17, 420, 374, 374, 374, 374, 374, 374, 374, 374, 374, 374, 374, 374, 374, 374, 374, 374, 374, 374, 374, 374, 374, 374, 374, 374, 374, 374, 374, 374, 374, 374, 374, 374, 374, 374, 374, 374, 374, 374, 374, 374, 374, 374, 374, 374, 374, 374, 374, 374, 374, 374, 374, 374, 374, 374, 374, 374, 374, 374, 374, 374, 374, 374, 374, 374, 374, 374, 374, 374, 374, 374, 374, 374, 374, 374, 374, 374, 374, 374, 374, 374, 374, 374, 374, 374, 374, 374, 374, 374, 374, 374, 374, 374, 374, 374, 374, 374, 374, 374, 374, 374, 374, 374, 374, 374, 374, 374, 374, 374, 374, 374, 374, 374, 374, 374, 374, 374, 374, 374, 374, 374, 374, 374, 374, 374, 374, 374, 374, 374, 374, 374, 374, 374, 374, 374, 374, 374, 374, 374, 374, 374, 374, 374, 374, 374, 374, 374, 374, 374, 374, 374, 374, 374, 374, 374, 374, 374, 374, 374, 374, 374, 374, 374, 374, 374, 374, 374, 374, 374, 374, 374, 374, 374, 374, 374, 374, 374, 374, 374, 374, 374, 374, 374, 374, 374, 374, 374, 374, 374, 374, 374, 374, 374, 374, 374, 374, 374, 374, 374, 374, 374, 374, 374, 374, 374, 374, 374, 374, 374, 374, 374, 374, 374, 374, 374, 374, 374, 374, 374, 374, 374, 374, 374, 374, 374, 374, 374, 374, 374, 374, 374, 374, 374, 374, 374, 374, 374, 374, 374, 374, 374, 374, 374, 374, 374, 374, 374, 374, 374, 374, 374, 374, 374, 374, 374, 374, 374, 374, 374, 374, 374, 374, 374, 374, 374, 374, 374, 374, 374, 374, 374, 374, 374, 374, 374, 374, 374, 374, 374, 374, 374, 374, 374, 374, 374, 374, 374]

ep205
Train step Loss: [0.9459192752838135, 0.9460482597351074, 0.9459297060966492, 0.9458721876144409, 0.9459291696548462, 0.9458942413330078, 0.9459866881370544, 0.9459207057952881, 0.9459364414215088, 0.9460217356681824, 0.9458767175674438, 0.9458805322647095, 0.9459572434425354, 0.9460545182228088, 0.9460436701774597, 0.9459673166275024, 0.945929229259491, 0.9459410905838013, 0.9459083676338196, 0.9458879232406616, 0.9459743499755859, 0.9459523558616638, 0.9459992051124573, 0.9459400177001953, 0.9458329677581787, 0.9458103775978088, 0.9459575414657593, 0.9458204507827759, 0.945937991142273, 0.945968747138977, 0.9459417462348938, 0.9458872675895691, 0.945926308631897, 0.945889949798584, 0.9458825588226318, 0.9459264278411865, 0.9459813237190247, 0.9458982944488525, 0.9458491206169128, 0.945902943611145, 0.9458884000778198, 0.9459677934646606, 0.9459640979766846, 0.9458789825439453, 0.9459031820297241, 0.9459478259086609, 0.9459274411201477, 0.945929765701294, 0.945918619632721, 0.9458963871002197, 0.9459981918334961, 0.9460116624832153, 0.9459360837936401, 0.945885419845581, 0.9458622932434082, 0.9460121989250183, 0.9459606409072876, 0.9459339380264282, 0.9458684921264648, 0.9460095763206482, 0.9459078311920166, 0.9458432793617249, 0.9459279179573059, 0.9458709955215454, 0.9458950757980347, 0.9459190368652344, 0.9459445476531982, 0.9459661841392517, 0.945874035358429, 0.9459692239761353, 0.9458914995193481, 0.9459282755851746, 0.9458543658256531, 0.9458928108215332, 0.9459802508354187, 0.9458802342414856, 0.9458564519882202, 0.9458974599838257, 0.9459831714630127, 0.9459408521652222, 0.9458972215652466, 0.9459705352783203, 0.9459364414215088, 0.9459701776504517, 0.9458231925964355, 0.9459468126296997, 0.9458487629890442, 0.9460171461105347, 0.9459412693977356, 0.9459519386291504, 0.9458768367767334, 0.9459196925163269, 0.9459185004234314, 0.9459430575370789, 0.9459741115570068, 0.9459439516067505, 0.9459514617919922, 0.9460560083389282, 0.9460152387619019, 0.9459589719772339, 0.9459183216094971, 0.945963978767395, 0.9458553791046143, 0.9459360837936401, 0.9458428621292114]
val step Loss: [0.9465383291244507, 0.9463604688644409, 0.9477647542953491, 0.946485161781311, 0.9463403224945068, 0.9464998245239258, 0.946590781211853, 0.9467191696166992, 0.9523511528968811, 0.9483948945999146, 0.946585476398468, 0.9463859796524048, 0.9464516639709473, 0.9466806650161743, 0.9472091794013977, 0.9475501179695129, 0.9499675631523132, 0.9473792910575867, 0.9465951323509216, 0.9464761018753052, 0.9465053081512451, 0.946426272392273, 0.9464868307113647, 0.9466738700866699, 0.9465168118476868, 0.9465470314025879, 0.9463896155357361]
Train step Accs: [1.0, 1.0, 1.0, 1.0, 1.0, 1.0, 1.0, 1.0, 1.0, 1.0, 1.0, 1.0, 1.0, 1.0, 1.0, 1.0, 1.0, 1.0, 1.0, 1.0, 1.0, 1.0, 1.0, 1.0, 1.0, 1.0, 1.0, 1.0, 1.0, 1.0, 1.0, 1.0, 1.0, 1.0, 1.0, 1.0, 1.0, 1.0, 1.0, 1.0, 1.0, 1.0, 1.0, 1.0, 1.0, 1.0, 1.0, 1.0, 1.0, 1.0, 1.0, 1.0, 1.0, 1.0, 1.0, 1.0, 1.0, 1.0, 1.0, 1.0, 1.0, 1.0, 1.0, 1.0, 1.0, 1.0, 1.0, 1.0, 1.0, 1.0, 1.0, 1.0, 1.0, 1.0, 1.0, 1.0, 1.0, 1.0, 1.0, 1.0, 1.0, 1.0, 1.0, 1.0, 1.0, 1.0, 1.0, 1.0, 1.0, 1.0, 1.0, 1.0, 1.0, 1.0, 1.0, 1.0, 1.0, 1.0, 1.0, 1.0, 1.0, 1.0, 1.0, 1.0, 1.0]
val step Accs: [1.0, 1.0, 0.9998086124401914, 1.0, 1.0, 1.0, 1.0, 1.0, 0.9989512323020451, 0.9996449494052903, 1.0, 1.0, 1.0, 1.0, 0.9998378991732858, 0.9998368412465328, 0.999336540056394, 0.9998325799430772, 1.0, 1.0, 1.0, 1.0, 1.0, 1.0, 1.0, 1.0, 1.0]
Preds: [17, 17, 441, 441, 153, 387, 387, 240, 348, 24, 24, 384, 371, 180, 180, 486, 376, 376, 282, 263, 263, 229, 229, 247, 312, 363, 363, 363, 408, 408, 149, 228, 228, 244, 320, 7, 479, 331, 278, 301, 378, 8, 129, 354, 109, 180, 486, 486, 460, 240, 240, 35, 36, 342, 224, 351, 196, 479, 331, 331, 315, 450, 450, 450, 88, 88, 88, 109, 337, 207, 301, 143, 129, 401, 244, 354, 354, 100, 389, 425, 425, 251, 331, 106, 302, 497, 43, 43, 43, 276, 276, 276, 346, 284, 284, 284, 450, 450, 293, 43, 43, 276, 345, 109, 109, 116, 116, 10, 398, 398, 398, 374, 374, 495, 406, 406, 380, 134, 387, 387, 109, 337, 324, 219, 246, 246, 301, 301, 8, 8, 354, 354, 180, 180, 486, 486, 206, 240, 240, 314, 129, 401, 401, 32, 354, 354, 100, 153, 153, 153, 153, 182, 182, 182, 132, 132, 132, 132, 303, 303, 303, 442, 442, 442, 229, 229, 170, 170, 244, 187, 1, 1, 408, 408, 408, 244, 228, 228, 412, 287, 287, 287, 284, 284, 460, 169, 215, 35, 35, 75, 208, 441, 148, 153, 153, 387, 387, 122, 348, 64, 466, 479, 331, 242, 242, 348, 466, 466, 479, 331, 307, 307, 319, 206, 240, 251, 251, 359, 34, 166, 278, 278, 278, 173, 8, 8, 70, 70, 65, 65, 46, 46, 46, 46, 206, 215, 215, 129, 401, 354, 354, 106, 106, 180, 284, 315, 315, 315, 315, 315, 450, 450, 450, 450, 203, 250, 364, 276, 276, 345, 109, 109, 207, 324, 324, 3, 301, 26, 251, 241, 241, 431, 486, 486, 282, 282, 330, 388, 94, 303, 199, 331, 375, 375, 98, 98, 13, 244, 170, 170, 392, 63, 63, 63, 63, 63, 63, 63, 244, 40, 40, 40, 63, 40, 244, 40, 63, 244, 63, 73, 244, 244, 289, 320, 188, 188, 213, 324, 422, 416, 32, 239, 354, 114, 180, 180, 486, 460, 460, 178, 215, 129, 401, 244, 321, 354, 276, 148, 148, 153, 387, 387, 387, 387, 167, 122, 35, 321, 75, 449, 273, 180, 486, 486, 460, 240, 215, 215, 129, 239, 354, 420, 420, 213, 213, 324, 464, 464, 464, 443, 240, 314, 314, 239, 239, 239, 384, 371, 371, 324, 324, 324, 324, 324, 464, 464, 464, 180, 145, 486, 460, 240, 240, 314, 35, 75, 131, 377, 87, 32, 32, 32, 354, 354, 100, 100, 153, 153, 153, 182, 43, 43, 8, 196, 303, 303, 303, 303, 303, 48, 48, 48, 170, 244, 392, 392, 392, 392, 392, 392, 392, 392, 392, 392, 73, 73, 73, 320, 320, 188, 188, 171, 213, 246, 246, 246, 246, 246, 246, 422, 143, 36, 478, 323, 482, 224, 224, 273, 485, 374, 139, 153, 387, 387, 387, 387, 413, 348, 348, 64, 394, 32, 32, 32, 32, 239, 384, 377, 371, 444, 213, 213, 246, 434, 434, 434, 3, 335, 14, 14, 287, 145, 287, 145, 460, 240, 215, 129, 32, 354, 354, 109, 499, 486, 486, 264, 240, 285, 467, 145, 145, 486, 85, 85, 85, 468, 468, 406, 406, 467, 337, 337, 277, 301, 143, 129, 401, 244, 75, 74, 190, 190, 487, 499, 151, 487, 442, 193, 17, 17, 420, 374, 374, 374, 374, 374, 374, 374, 374, 374, 374, 374, 374, 374, 374, 374, 374, 374, 374, 374, 374, 374, 374, 374, 374, 374, 374, 374, 374, 374, 374, 374, 374, 374, 374, 374, 374, 374, 374, 374, 374, 374, 374, 374, 374, 374, 374, 374, 374, 374, 374, 374, 374, 374, 374, 374, 374, 374, 374, 374]

ep206
Train step Loss: [0.9460160732269287, 0.9458768963813782, 0.9459205269813538, 0.9459230303764343, 0.9458854794502258, 0.9459742903709412, 0.9458763003349304, 0.9459848999977112, 0.946012020111084, 0.9459183812141418, 0.945925772190094, 0.9459022283554077, 0.9459586143493652, 0.9459528923034668, 0.94591224193573, 0.9459156394004822, 0.9458903670310974, 0.9458650350570679, 0.9459592700004578, 0.9459057450294495, 0.9459682703018188, 0.9458757638931274, 0.9459369778633118, 0.9458950757980347, 0.9458848237991333, 0.945909857749939, 0.9459182620048523, 0.9459625482559204, 0.9460460543632507, 0.9458838701248169, 0.9459507465362549, 0.9459073543548584, 0.9459304809570312, 0.9458367228507996, 0.9458880424499512, 0.9459124803543091, 0.9458792209625244, 0.9458861351013184, 0.9459158182144165, 0.9458953738212585, 0.9460155367851257, 0.9459521770477295, 0.9459879398345947, 0.9459476470947266, 0.945872962474823, 0.9459443092346191, 0.9459403157234192, 0.9458767771720886, 0.945964515209198, 0.9459518790245056, 0.9458562135696411, 0.9459010362625122, 0.9459481835365295, 0.9459770917892456, 0.9459384679794312, 0.9459137320518494, 0.9460024237632751, 0.9459207653999329, 0.9459136724472046, 0.9458653926849365, 0.9459749460220337, 0.9460723996162415, 0.9459223747253418, 0.945853590965271, 0.945848822593689, 0.9458779692649841, 0.9458780288696289, 0.9459452033042908, 0.9460774660110474, 0.9458585977554321, 0.9460340142250061, 0.9459661841392517, 0.9459097981452942, 0.9458231329917908, 0.9458599090576172, 0.9459075331687927, 0.9459211230278015, 0.9458606839179993, 0.9459711313247681, 0.9459728002548218, 0.945997953414917, 0.9458900690078735, 0.9459021091461182, 0.9459434151649475, 0.9459128975868225, 0.9458783268928528, 0.9459726214408875, 0.9458998441696167, 0.945906937122345, 0.9461115598678589, 0.9460554122924805, 0.9460419416427612, 0.9459444284439087, 0.9459019899368286, 0.9459407329559326, 0.9459772109985352, 0.9459267854690552, 0.9459368586540222, 0.9459245800971985, 0.9460139870643616, 0.9459774494171143, 0.9458454847335815, 0.9458936452865601, 0.9458562731742859, 0.9458979368209839]
val step Loss: [0.9506973624229431, 0.946624755859375, 0.9465198516845703, 0.9466286897659302, 0.9465982913970947, 0.9465264678001404, 0.9465581178665161, 0.9463784098625183, 0.9463574290275574, 0.9486663937568665, 0.9478104710578918, 0.9473704695701599, 0.9471334218978882, 0.9465028047561646, 0.9463841915130615, 0.9466577768325806, 0.9518128633499146, 0.9464127421379089, 0.9464704394340515, 0.9464494585990906, 0.9464197754859924, 0.9464413523674011, 0.9463926553726196, 0.9464068412780762, 0.9473927617073059, 0.9465165138244629, 0.9465376734733582]
Train step Accs: [1.0, 1.0, 1.0, 1.0, 1.0, 1.0, 1.0, 1.0, 1.0, 1.0, 1.0, 1.0, 1.0, 1.0, 1.0, 1.0, 1.0, 1.0, 1.0, 1.0, 1.0, 1.0, 1.0, 1.0, 1.0, 1.0, 1.0, 1.0, 1.0, 1.0, 1.0, 1.0, 1.0, 1.0, 1.0, 1.0, 1.0, 1.0, 1.0, 1.0, 1.0, 1.0, 1.0, 1.0, 1.0, 1.0, 1.0, 1.0, 1.0, 1.0, 1.0, 1.0, 1.0, 1.0, 1.0, 1.0, 1.0, 1.0, 1.0, 1.0, 1.0, 1.0, 1.0, 1.0, 1.0, 1.0, 1.0, 1.0, 1.0, 1.0, 1.0, 1.0, 1.0, 1.0, 1.0, 1.0, 1.0, 1.0, 1.0, 1.0, 1.0, 1.0, 1.0, 1.0, 1.0, 1.0, 1.0, 1.0, 1.0, 1.0, 1.0, 1.0, 1.0, 1.0, 1.0, 1.0, 1.0, 1.0, 1.0, 1.0, 1.0, 1.0, 1.0, 1.0, 1.0]
val step Accs: [0.9992310649750096, 1.0, 1.0, 1.0, 1.0, 1.0, 1.0, 1.0, 1.0, 0.9996184662342618, 0.9998051821546854, 0.9998466963053809, 0.9998353367363741, 1.0, 1.0, 1.0, 0.9990202482037883, 1.0, 1.0, 1.0, 1.0, 1.0, 1.0, 1.0, 0.9998241603657464, 1.0, 1.0]
Preds: [17, 30, 340, 340, 116, 10, 479, 479, 65, 65, 284, 284, 481, 293, 293, 43, 43, 43, 364, 364, 276, 276, 346, 346, 284, 284, 284, 284, 284, 206, 206, 293, 43, 43, 364, 276, 276, 276, 346, 297, 497, 497, 43, 349, 129, 401, 205, 205, 208, 441, 441, 153, 153, 153, 387, 387, 387, 387, 29, 29, 337, 337, 337, 152, 178, 143, 129, 401, 208, 208, 208, 441, 441, 387, 387, 387, 274, 416, 8, 32, 32, 32, 354, 354, 180, 180, 376, 376, 376, 376, 460, 240, 385, 233, 36, 155, 155, 155, 25, 397, 494, 32, 32, 219, 219, 219, 464, 464, 93, 403, 403, 171, 171, 171, 246, 246, 246, 246, 246, 246, 246, 19, 48, 48, 48, 20, 170, 170, 170, 20, 187, 187, 187, 408, 408, 391, 20, 391, 73, 73, 20, 20, 320, 7, 251, 241, 331, 431, 486, 486, 460, 460, 215, 35, 35, 75, 77, 164, 342, 224, 183, 485, 485, 464, 139, 139, 387, 387, 387, 122, 8, 32, 239, 75, 354, 354, 441, 441, 276, 346, 346, 265, 265, 265, 85, 85, 167, 385, 32, 32, 239, 82, 108, 107, 395, 106, 106, 106, 153, 387, 387, 387, 85, 146, 207, 207, 207, 246, 246, 246, 246, 246, 19, 422, 129, 401, 401, 20, 445, 445, 351, 278, 403, 171, 171, 171, 219, 219, 219, 219, 477, 152, 422, 186, 349, 205, 205, 401, 20, 261, 261, 397, 441, 345, 374, 374, 213, 213, 213, 213, 422, 99, 338, 338, 338, 395, 395, 459, 459, 120, 385, 385, 233, 20, 75, 208, 27, 487, 441, 442, 219, 464, 464, 355, 355, 355, 355, 167, 167, 226, 80, 80, 80, 20, 80, 80, 7, 219, 219, 422, 422, 162, 232, 232, 68, 68, 68, 115, 267, 267, 444, 278, 26, 251, 241, 81, 403, 403, 403, 207, 19, 420, 374, 374, 374, 374, 374, 374, 374, 374, 374, 374, 374, 374, 374, 374, 374, 374, 374, 374, 374, 374, 374, 374, 374, 374, 374, 374, 374, 374, 374, 374, 374, 374, 374, 374, 374, 374, 374, 374, 374, 374, 374, 374, 374, 374, 374, 374, 374, 374, 374, 374, 374, 374, 374, 374, 374, 374, 374, 374, 374, 374, 374, 374, 374, 374, 374, 374, 374, 374, 374, 374, 374, 374, 374, 374, 374, 374, 374, 374, 374, 374, 374, 374, 374, 374, 374, 374, 374, 374, 374, 374, 374, 374, 374, 374, 374, 374, 374, 374, 374, 374, 374, 374, 374, 374, 374, 374, 374, 374, 374, 374, 374, 374, 374, 374, 374, 374, 374, 374, 374, 374, 374, 374, 374, 374, 374, 374, 374, 374, 374, 374, 374, 374, 374, 374, 374, 374, 374, 374, 374, 374, 374, 374, 374, 374, 374, 374, 374, 374, 374, 374, 374, 374, 374, 374, 374, 374, 374, 374, 374, 374, 374, 374, 374, 374, 374, 374, 374, 374, 374, 374, 374, 374, 374, 374, 374, 374, 374, 374, 374, 374, 374, 374, 374, 374, 374, 374, 374, 374, 374, 374, 374, 374, 374, 374, 374, 374, 374, 374, 374, 374, 374, 374, 374, 374, 374, 374, 374, 374, 374, 374, 374, 374, 374, 374, 374, 374, 374, 374, 374, 374, 374, 374, 374, 374, 374, 374, 374, 374, 374, 374, 374, 374, 374, 374, 374, 374, 374, 374, 374, 374, 374, 374, 374, 374, 374, 374, 374, 374, 374, 374, 374, 374, 374, 374, 374, 374, 374, 374, 374, 374, 374, 374, 374, 374, 374, 374, 374, 374, 374, 374, 374, 374, 374, 374, 374, 374, 374, 374, 374, 374, 374, 374, 374, 374, 374, 374, 374, 374]

ep207
Train step Loss: [0.9458180069923401, 0.9458728432655334, 0.9459530711174011, 0.9460299611091614, 0.9458536505699158, 0.9459744095802307, 0.9459424018859863, 0.9459100365638733, 0.9459689855575562, 0.9459285736083984, 0.9460224509239197, 0.9458978176116943, 0.9459903240203857, 0.945954442024231, 0.9458904266357422, 0.9460423588752747, 0.9459645748138428, 0.9459943175315857, 0.9459846019744873, 0.945888340473175, 0.9459401369094849, 0.945902943611145, 0.9458503723144531, 0.9459242224693298, 0.9460638165473938, 0.9458298683166504, 0.945946216583252, 0.9458591938018799, 0.9459571838378906, 0.9459579586982727, 0.9459184408187866, 0.9459061622619629, 0.9458684921264648, 0.9459344148635864, 0.9459474086761475, 0.9458193778991699, 0.945942759513855, 0.9459183812141418, 0.946025013923645, 0.9458584189414978, 0.9459183216094971, 0.9459050297737122, 0.9458696842193604, 0.9458802342414856, 0.9459882974624634, 0.9459721446037292, 0.9459028244018555, 0.945921778678894, 0.9459424018859863, 0.9459548592567444, 0.9459331035614014, 0.9458956122398376, 0.9461151361465454, 0.9459238052368164, 0.9459644556045532, 0.9458032846450806, 0.9458471536636353, 0.9459099769592285, 0.945931613445282, 0.9459487199783325, 0.9459226131439209, 0.9458683133125305, 0.9459633827209473, 0.9460881352424622, 0.9459549784660339, 0.9461078643798828, 0.9459081292152405, 0.9458599090576172, 0.9458873867988586, 0.9458795785903931, 0.9458155035972595, 0.9459722638130188, 0.9458930492401123, 0.945931077003479, 0.9459555149078369, 0.9459125995635986, 0.9458969235420227, 0.9459215402603149, 0.9459553360939026, 0.9458633661270142, 0.945854127407074, 0.945928692817688, 0.9459426403045654, 0.9459707736968994, 0.9458926320075989, 0.9458860754966736, 0.9459429383277893, 0.9458487033843994, 0.9458848237991333, 0.945988655090332, 0.9458948969841003, 0.9459487199783325, 0.9459986090660095, 0.946043074131012, 0.9459150433540344, 0.9459527730941772, 0.9459091424942017, 0.9459124207496643, 0.9459043145179749, 0.9459637403488159, 0.9459062218666077, 0.9459620714187622, 0.9459600448608398, 0.9458643794059753, 0.9459750652313232]
val step Loss: [0.9465392827987671, 0.9464993476867676, 0.9463744759559631, 0.9465239644050598, 0.9480393528938293, 0.9465240240097046, 0.9503457546234131, 0.9462934732437134, 0.947593629360199, 0.946398138999939, 0.9474289417266846, 0.9464663863182068, 0.9465269446372986, 0.946459174156189, 0.9475282430648804, 0.9465782642364502, 0.9466642737388611, 0.9465495944023132, 0.9476287961006165, 0.9527006149291992, 0.946520209312439, 0.9465662240982056, 0.946561336517334, 0.9466481804847717, 0.946524441242218, 0.9464072585105896, 0.9462499022483826]
Train step Accs: [1.0, 1.0, 1.0, 1.0, 1.0, 1.0, 1.0, 1.0, 1.0, 1.0, 1.0, 1.0, 1.0, 1.0, 1.0, 1.0, 1.0, 1.0, 1.0, 1.0, 1.0, 1.0, 1.0, 1.0, 1.0, 1.0, 1.0, 1.0, 1.0, 1.0, 1.0, 1.0, 1.0, 1.0, 1.0, 1.0, 1.0, 1.0, 1.0, 1.0, 1.0, 1.0, 1.0, 1.0, 1.0, 1.0, 1.0, 1.0, 1.0, 1.0, 1.0, 1.0, 1.0, 1.0, 1.0, 1.0, 1.0, 1.0, 1.0, 1.0, 1.0, 1.0, 1.0, 1.0, 1.0, 1.0, 1.0, 1.0, 1.0, 1.0, 1.0, 1.0, 1.0, 1.0, 1.0, 1.0, 1.0, 1.0, 1.0, 1.0, 1.0, 1.0, 1.0, 1.0, 1.0, 1.0, 1.0, 1.0, 1.0, 1.0, 1.0, 1.0, 1.0, 1.0, 1.0, 1.0, 1.0, 1.0, 1.0, 1.0, 1.0, 1.0, 1.0, 1.0, 1.0]
val step Accs: [1.0, 1.0, 1.0, 1.0, 0.9997001499250375, 1.0, 0.9992916592881176, 1.0, 0.9998160073597057, 1.0, 0.9998458455372283, 1.0, 1.0, 1.0, 0.9998409416255766, 1.0, 1.0, 1.0, 0.9998001998001999, 0.9988751406074241, 1.0, 1.0, 1.0, 1.0, 1.0, 1.0, 1.0]
Preds: [17, 17, 217, 217, 473, 473, 65, 443, 443, 443, 171, 171, 252, 24, 239, 239, 239, 107, 395, 180, 84, 84, 355, 355, 98, 98, 98, 263, 229, 229, 82, 247, 312, 126, 126, 326, 326, 326, 101, 101, 149, 228, 320, 82, 7, 473, 473, 65, 476, 171, 252, 143, 143, 36, 449, 449, 395, 324, 324, 252, 325, 325, 34, 324, 324, 324, 301, 301, 251, 251, 251, 331, 431, 84, 496, 274, 274, 43, 8, 8, 239, 354, 208, 441, 441, 98, 98, 98, 48, 48, 417, 170, 82, 244, 392, 392, 392, 244, 312, 312, 187, 23, 23, 260, 260, 260, 391, 391, 391, 435, 435, 435, 435, 73, 73, 73, 244, 287, 287, 287, 284, 284, 293, 43, 43, 276, 276, 276, 346, 387, 387, 387, 406, 406, 406, 467, 337, 337, 278, 258, 31, 342, 342, 342, 224, 224, 224, 494, 494, 494, 203, 399, 217, 10, 473, 473, 398, 398, 286, 286, 286, 468, 406, 406, 380, 380, 499, 284, 426, 375, 98, 98, 98, 98, 13, 13, 414, 170, 47, 392, 392, 102, 102, 244, 320, 7, 7, 7, 217, 217, 473, 473, 264, 264, 264, 264, 264, 468, 468, 406, 406, 337, 337, 337, 324, 301, 359, 251, 359, 81, 444, 324, 324, 324, 301, 301, 251, 251, 241, 241, 431, 106, 84, 293, 497, 416, 8, 239, 144, 27, 106, 387, 206, 240, 385, 36, 36, 342, 224, 224, 273, 355, 355, 355, 374, 374, 374, 374, 374, 374, 374, 374, 374, 374, 374, 374, 374, 374, 374, 374, 374, 374, 374, 374, 374, 374, 374, 374, 374, 374, 374, 374, 374, 374, 374, 374, 374, 374, 374, 374, 374, 374, 374, 374, 374, 374, 374, 374, 374, 374, 374, 374, 374, 374, 374, 374, 374, 374, 374, 374, 374, 374, 374, 374, 374, 374, 374, 374, 374, 374, 374, 374, 374, 374, 374, 374, 374, 374, 374, 374, 374, 374, 374, 374, 374, 374, 374, 374, 374, 374, 374, 374, 374, 374, 374, 374, 374, 374, 374, 374, 374, 374, 374, 374, 374, 374, 374, 374, 374, 374, 374, 374, 374, 374, 374, 374, 374, 374, 374, 374, 374, 374, 374, 374, 374, 374, 374, 374, 374, 374, 374, 374, 374, 374, 374, 374, 374, 374, 374, 374, 374, 374, 374, 374, 374, 374, 374, 374, 374, 374, 374, 374, 374, 374, 374, 374, 374, 374, 374, 374, 374, 374, 374, 374, 374, 374, 374, 374, 374, 374, 374, 374, 374, 374, 374, 374, 374, 374, 374, 374, 374, 374, 374, 374, 374, 374, 374, 374, 374, 374, 374, 374, 374, 374, 374, 374, 374, 374, 374, 374, 374, 374, 374, 374, 374, 374, 374, 374, 374, 374, 374, 374, 374, 374, 374, 374, 374, 374, 374, 374, 374, 374, 374, 374, 374, 374, 374, 374, 374, 374, 374, 374, 374, 374, 374, 374, 374, 374, 374, 374, 374, 374, 374, 374, 374, 374, 374, 374, 374, 374, 374, 374, 374, 374, 374, 374, 374, 374, 374, 374, 374, 374, 374, 374, 374, 374, 374, 374, 374, 374, 374, 374, 374, 374, 374, 374, 374, 374, 374, 374, 374, 374, 374, 374, 374, 374, 374, 374, 374, 374, 374, 374, 374, 374, 374, 374, 374, 374, 374, 374, 374, 374, 374, 374, 374, 374, 374, 374, 374, 374, 374, 374, 374, 374, 374, 374, 374, 374, 374, 374, 374, 374, 374, 374, 374, 374, 374, 374, 374, 374, 374, 374, 374, 374, 374, 374, 374, 374, 374, 374, 374, 374, 374, 374, 374, 374, 374, 374, 374, 374, 374, 374, 374, 374, 374, 374, 374, 374, 374, 374]

ep208
Train step Loss: [0.9459540247917175, 0.9459359049797058, 0.9459193348884583, 0.9459482431411743, 0.9459068775177002, 0.9458070397377014, 0.9459406733512878, 0.9459489583969116, 0.9458667635917664, 0.9459534883499146, 0.9458786845207214, 0.9459101557731628, 0.9458951950073242, 0.9459211826324463, 0.9459763765335083, 0.9458000659942627, 0.9459454417228699, 0.9459327459335327, 0.945907711982727, 0.9459028244018555, 0.9459676146507263, 0.9458518028259277, 0.9459518790245056, 0.9459089636802673, 0.9459295868873596, 0.9459197521209717, 0.9459052085876465, 0.9459303021430969, 0.9459364414215088, 0.9459661245346069, 0.9459151029586792, 0.94581139087677, 0.945916473865509, 0.9459608793258667, 0.9459477663040161, 0.9459670186042786, 0.9458896517753601, 0.9459841847419739, 0.9459502696990967, 0.9459283947944641, 0.9459712505340576, 0.9459152221679688, 0.9458716511726379, 0.9458024501800537, 0.945915162563324, 0.9458752274513245, 0.945877194404602, 0.9459407329559326, 0.9458557367324829, 0.9458253979682922, 0.9458968043327332, 0.9461155533790588, 0.9459457993507385, 0.9459165930747986, 0.9459697008132935, 0.9458813071250916, 0.9459995031356812, 0.9459096193313599, 0.9459084272384644, 0.9458950757980347, 0.9459910988807678, 0.9458745718002319, 0.9460073709487915, 0.9460206031799316, 0.9459130167961121, 0.9459129571914673, 0.9458938837051392, 0.9459925889968872, 0.9459723830223083, 0.9459866881370544, 0.9458633065223694, 0.945896327495575, 0.9458640217781067, 0.945907711982727, 0.945909857749939, 0.9460211992263794, 0.9458779096603394, 0.9459183216094971, 0.9459756016731262, 0.9458678960800171, 0.9458255171775818, 0.9459161758422852, 0.945862889289856, 0.9459770917892456, 0.9459807276725769, 0.9459555745124817, 0.9460545182228088, 0.9459546804428101, 0.9459208250045776, 0.9459365010261536, 0.9459648132324219, 0.9459260106086731, 0.9459800124168396, 0.9459744691848755, 0.9458824396133423, 0.9459812045097351, 0.9460270404815674, 0.9458861351013184, 0.9458798170089722, 0.9458239078521729, 0.94590163230896, 0.9458745718002319, 0.9460028409957886, 0.9458920955657959, 0.9459651708602905]
val step Loss: [0.9467682838439941, 0.9466235637664795, 0.9464019536972046, 0.9464876055717468, 0.946505606174469, 0.946664571762085, 0.9466135501861572, 0.94852215051651, 0.9464098215103149, 0.9465453624725342, 0.9466103315353394, 0.9466604590415955, 0.9464731812477112, 0.9466135501861572, 0.9465801119804382, 0.9476476907730103, 0.9481743574142456, 0.9465691447257996, 0.9465316534042358, 0.9465559124946594, 0.9465379118919373, 0.9465041160583496, 0.956628143787384, 0.947479248046875, 0.9464964866638184, 0.9465603828430176, 0.946285605430603]
Train step Accs: [1.0, 1.0, 1.0, 1.0, 1.0, 1.0, 1.0, 1.0, 1.0, 1.0, 1.0, 1.0, 1.0, 1.0, 1.0, 1.0, 1.0, 1.0, 1.0, 1.0, 1.0, 1.0, 1.0, 1.0, 1.0, 1.0, 1.0, 1.0, 1.0, 1.0, 1.0, 1.0, 1.0, 1.0, 1.0, 1.0, 1.0, 1.0, 1.0, 1.0, 1.0, 1.0, 1.0, 1.0, 1.0, 1.0, 1.0, 1.0, 1.0, 1.0, 1.0, 1.0, 1.0, 1.0, 1.0, 1.0, 1.0, 1.0, 1.0, 1.0, 1.0, 1.0, 1.0, 1.0, 1.0, 1.0, 1.0, 1.0, 1.0, 1.0, 1.0, 1.0, 1.0, 1.0, 1.0, 1.0, 1.0, 1.0, 1.0, 1.0, 1.0, 1.0, 1.0, 1.0, 1.0, 1.0, 1.0, 1.0, 1.0, 1.0, 1.0, 1.0, 1.0, 1.0, 1.0, 1.0, 1.0, 1.0, 1.0, 1.0, 1.0, 1.0, 1.0, 1.0, 1.0]
val step Accs: [1.0, 1.0, 1.0, 1.0, 1.0, 1.0, 1.0, 0.9996294237539374, 1.0, 1.0, 1.0, 1.0, 1.0, 1.0, 1.0, 0.9998338042213728, 0.9996866186148543, 1.0, 1.0, 1.0, 1.0, 1.0, 0.9981283922889762, 0.9998435054773083, 1.0, 1.0, 1.0]
Preds: [17, 17, 17, 287, 284, 284, 284, 293, 43, 43, 364, 364, 276, 276, 346, 284, 284, 284, 284, 284, 206, 206, 169, 215, 35, 244, 205, 205, 205, 261, 25, 437, 284, 265, 265, 85, 388, 348, 64, 64, 212, 398, 324, 324, 324, 324, 324, 246, 246, 246, 252, 32, 239, 239, 82, 384, 371, 371, 213, 213, 213, 422, 236, 239, 259, 310, 107, 107, 395, 395, 286, 464, 464, 464, 315, 315, 315, 315, 450, 450, 450, 43, 43, 364, 276, 276, 138, 138, 182, 182, 182, 375, 98, 98, 197, 401, 80, 244, 244, 208, 441, 441, 153, 153, 153, 153, 497, 497, 387, 81, 81, 337, 41, 324, 324, 3, 143, 401, 244, 244, 192, 188, 188, 278, 278, 240, 143, 129, 239, 384, 34, 191, 191, 324, 178, 143, 458, 401, 244, 320, 354, 109, 41, 41, 171, 171, 19, 454, 229, 229, 170, 392, 392, 392, 392, 244, 244, 73, 244, 73, 244, 320, 287, 287, 287, 284, 481, 293, 43, 276, 276, 346, 284, 405, 405, 206, 169, 215, 35, 401, 244, 320, 354, 106, 106, 428, 428, 240, 388, 94, 64, 473, 398, 324, 324, 324, 213, 324, 422, 239, 239, 239, 384, 371, 371, 213, 213, 422, 143, 239, 239, 310, 310, 107, 395, 395, 278, 278, 385, 143, 233, 401, 401, 320, 29, 374, 374, 132, 185, 186, 186, 323, 323, 68, 68, 68, 160, 160, 112, 17, 17, 420, 374, 374, 374, 374, 374, 374, 374, 374, 374, 374, 374, 374, 374, 374, 374, 374, 374, 374, 374, 374, 374, 374, 374, 374, 374, 374, 374, 374, 374, 374, 374, 374, 374, 374, 374, 374, 374, 374, 374, 374, 374, 374, 374, 374, 374, 374, 374, 374, 374, 374, 374, 374, 374, 374, 374, 374, 374, 374, 374, 374, 374, 374, 374, 374, 374, 374, 374, 374, 374, 374, 374, 374, 374, 374, 374, 374, 374, 374, 374, 374, 374, 374, 374, 374, 374, 374, 374, 374, 374, 374, 374, 374, 374, 374, 374, 374, 374, 374, 374, 374, 374, 374, 374, 374, 374, 374, 374, 374, 374, 374, 374, 374, 374, 374, 374, 374, 374, 374, 374, 374, 374, 374, 374, 374, 374, 374, 374, 374, 374, 374, 374, 374, 374, 374, 374, 374, 374, 374, 374, 374, 374, 374, 374, 374, 374, 374, 374, 374, 374, 374, 374, 374, 374, 374, 374, 374, 374, 374, 374, 374, 374, 374, 374, 374, 374, 374, 374, 374, 374, 374, 374, 374, 374, 374, 374, 374, 374, 374, 374, 374, 374, 374, 374, 374, 374, 374, 374, 374, 374, 374, 374, 374, 374, 374, 374, 374, 374, 374, 374, 374, 374, 374, 374, 374, 374, 374, 374, 374, 374, 374, 374, 374, 374, 374, 374, 374, 374, 374, 374, 374, 374, 374, 374, 374, 374, 374, 374, 374, 374, 374, 374, 374, 374, 374, 374, 374, 374, 374, 374, 374, 374, 374, 374, 374, 374, 374, 374, 374, 374, 374, 374, 374, 374, 374, 374, 374, 374, 374, 374, 374, 374, 374, 374, 374, 374, 374, 374, 374, 374, 374, 374, 374, 374, 374, 374, 374, 374, 374, 374, 374, 374, 374, 374, 374, 374, 374, 374, 374, 374, 374, 374, 374, 374, 374, 374, 374, 374, 374, 374, 374, 374, 374, 374, 374, 374, 374, 374, 374, 374, 374, 374, 374, 374, 374, 374, 374, 374, 374, 374, 374, 374, 374, 374, 374, 374, 374, 374, 374, 374, 374, 374, 374, 374, 374, 374, 374, 374, 374, 374, 374, 374, 374, 374, 374, 374, 374, 374, 374, 374, 374, 374, 374, 374, 374, 374, 374, 374, 374]

ep209
Train step Loss: [0.945929229259491, 0.9459975361824036, 0.9459239840507507, 0.9458935260772705, 0.9459426403045654, 0.9459707736968994, 0.9459360837936401, 0.9459440112113953, 0.945995032787323, 0.9459396600723267, 0.945954442024231, 0.9458900094032288, 0.9458598494529724, 0.9458712935447693, 0.9459480047225952, 0.9460165500640869, 0.9458271861076355, 0.9459517002105713, 0.9459103941917419, 0.9459394216537476, 0.9459365606307983, 0.9459772706031799, 0.9459571242332458, 0.945961594581604, 0.9459331035614014, 0.946093738079071, 0.9458746314048767, 0.9458909034729004, 0.945970356464386, 0.9459211230278015, 0.9459735155105591, 0.9460126757621765, 0.9458664655685425, 0.945936381816864, 0.9458293318748474, 0.9458721280097961, 0.9459162950515747, 0.9458507895469666, 0.9459831118583679, 0.9459225535392761, 0.945955216884613, 0.9459614753723145, 0.9459987878799438, 0.9459749460220337, 0.9459328651428223, 0.9458856582641602, 0.9458750486373901, 0.9459761381149292, 0.9459080696105957, 0.9458929300308228, 0.9457919001579285, 0.9459384679794312, 0.9458222985267639, 0.9459571838378906, 0.9458253979682922, 0.9458391070365906, 0.9459866285324097, 0.9458768367767334, 0.9459606409072876, 0.9459007382392883, 0.9458181262016296, 0.9459717273712158, 0.945878267288208, 0.9459511637687683, 0.9458620548248291, 0.9458831548690796, 0.9458978772163391, 0.9459496736526489, 0.9459037780761719, 0.9459740519523621, 0.9459066390991211, 0.9458855390548706, 0.9461380243301392, 0.9458754658699036, 0.9458934664726257, 0.9458712339401245, 0.9459279775619507, 0.9460942149162292, 0.9458990693092346, 0.9459344744682312, 0.9459063410758972, 0.9459039568901062, 0.9460117220878601, 0.9459751844406128, 0.9458922743797302, 0.9459474682807922, 0.9459205269813538, 0.9458718299865723, 0.9459657669067383, 0.9459190964698792, 0.9458824992179871, 0.946062445640564, 0.9458598494529724, 0.9458974003791809, 0.945824384689331, 0.9458917379379272, 0.9459270238876343, 0.9459617137908936, 0.9458516836166382, 0.9458528757095337, 0.9459389448165894, 0.9459480047225952, 0.9458978176116943, 0.9459271430969238, 0.9458735585212708]
val step Loss: [0.9464719891548157, 0.946569561958313, 0.9464402198791504, 0.9464700818061829, 0.950056254863739, 0.9463884234428406, 0.9514396786689758, 0.9464299082756042, 0.9464525580406189, 0.9464494585990906, 0.9477952122688293, 0.9464781880378723, 0.9473790526390076, 0.9476317167282104, 0.9466373920440674, 0.9466814398765564, 0.9464733004570007, 0.9463779926300049, 0.946624755859375, 0.9463669657707214, 0.9481633901596069, 0.9464018940925598, 0.9479637742042542, 0.9463609457015991, 0.9462987780570984, 0.9463467001914978, 0.946439266204834]
Train step Accs: [1.0, 1.0, 1.0, 1.0, 1.0, 1.0, 1.0, 1.0, 1.0, 1.0, 1.0, 1.0, 1.0, 1.0, 1.0, 1.0, 1.0, 1.0, 1.0, 1.0, 1.0, 1.0, 1.0, 1.0, 1.0, 1.0, 1.0, 1.0, 1.0, 1.0, 1.0, 1.0, 1.0, 1.0, 1.0, 1.0, 1.0, 1.0, 1.0, 1.0, 1.0, 1.0, 1.0, 1.0, 1.0, 1.0, 1.0, 1.0, 1.0, 1.0, 1.0, 1.0, 1.0, 1.0, 1.0, 1.0, 1.0, 1.0, 1.0, 1.0, 1.0, 1.0, 1.0, 1.0, 1.0, 1.0, 1.0, 1.0, 1.0, 1.0, 1.0, 1.0, 1.0, 1.0, 1.0, 1.0, 1.0, 1.0, 1.0, 1.0, 1.0, 1.0, 1.0, 1.0, 1.0, 1.0, 1.0, 1.0, 1.0, 1.0, 1.0, 1.0, 1.0, 1.0, 1.0, 1.0, 1.0, 1.0, 1.0, 1.0, 1.0, 1.0, 1.0, 1.0, 1.0]
val step Accs: [1.0, 1.0, 1.0, 1.0, 0.9993287464339654, 1.0, 0.9990786240786241, 1.0, 1.0, 1.0, 0.9998126288176878, 1.0, 0.9998259961719158, 0.9998147462022972, 1.0, 1.0, 1.0, 1.0, 1.0, 1.0, 0.9996751137102015, 1.0, 0.9997977346278317, 1.0, 1.0, 1.0, 1.0]
Preds: [17, 17, 359, 371, 371, 278, 278, 330, 251, 251, 251, 479, 331, 331, 84, 16, 16, 274, 274, 438, 219, 219, 219, 219, 219, 219, 246, 246, 246, 246, 246, 19, 19, 454, 229, 414, 414, 392, 392, 392, 73, 73, 73, 73, 209, 287, 287, 145, 460, 460, 460, 178, 35, 75, 36, 108, 224, 494, 494, 191, 236, 239, 384, 371, 371, 420, 324, 236, 314, 239, 239, 384, 371, 180, 180, 315, 315, 315, 315, 450, 450, 450, 43, 43, 364, 276, 276, 276, 346, 346, 284, 284, 206, 206, 206, 240, 251, 251, 251, 241, 431, 486, 113, 206, 167, 215, 349, 321, 155, 155, 155, 441, 148, 387, 88, 337, 337, 324, 324, 324, 301, 203, 399, 217, 70, 70, 138, 138, 138, 138, 375, 98, 98, 13, 13, 170, 392, 392, 392, 392, 392, 392, 73, 73, 244, 287, 287, 111, 460, 460, 385, 35, 36, 164, 164, 224, 351, 420, 464, 180, 315, 113, 450, 293, 43, 88, 345, 109, 403, 171, 171, 171, 252, 252, 24, 239, 384, 34, 191, 340, 116, 116, 94, 479, 331, 84, 496, 496, 236, 32, 239, 321, 75, 445, 445, 213, 324, 422, 314, 239, 384, 371, 278, 258, 31, 31, 68, 68, 68, 224, 224, 444, 444, 324, 314, 325, 325, 34, 166, 324, 301, 236, 285, 285, 106, 106, 106, 499, 428, 428, 85, 146, 146, 37, 233, 36, 270, 66, 68, 68, 68, 97, 221, 219, 219, 219, 219, 464, 464, 120, 207, 207, 207, 37, 233, 170, 170, 392, 392, 392, 392, 244, 392, 63, 63, 63, 73, 73, 244, 289, 320, 7, 219, 219, 219, 152, 152, 139, 139, 139, 293, 293, 274, 122, 219, 239, 239, 310, 107, 395, 395, 459, 120, 154, 143, 129, 259, 75, 445, 445, 445, 445, 464, 180, 315, 315, 315, 450, 450, 293, 43, 43, 345, 109, 337, 41, 324, 301, 422, 143, 259, 321, 377, 397, 123, 43, 43, 43, 276, 345, 387, 387, 387, 146, 219, 219, 219, 324, 324, 422, 99, 338, 338, 338, 338, 338, 395, 400, 286, 286, 286, 171, 171, 3, 3, 219, 219, 464, 464, 464, 180, 355, 355, 240, 271, 35, 77, 342, 323, 224, 273, 302, 302, 375, 215, 233, 233, 401, 244, 321, 7, 48, 48, 170, 392, 73, 392, 244, 320, 354, 333, 374, 19, 19, 17, 17, 420, 374, 374, 374, 374, 374, 374, 374, 374, 374, 374, 374, 374, 374, 374, 374, 374, 374, 374, 374, 374, 374, 374, 374, 374, 374, 374, 374, 374, 374, 374, 374, 374, 374, 374, 374, 374, 374, 374, 374, 374, 374, 374, 374, 374, 374, 374, 374, 374, 374, 374, 374, 374, 374, 374, 374, 374, 374, 374, 374, 374, 374, 374, 374, 374, 374, 374, 374, 374, 374, 374, 374, 374, 374, 374, 374, 374, 374, 374, 374, 374, 374, 374, 374, 374, 374, 374, 374, 374, 374, 374, 374, 374, 374, 374, 374, 374, 374, 374, 374, 374, 374, 374, 374, 374, 374, 374, 374, 374, 374, 374, 374, 374, 374, 374, 374, 374, 374, 374, 374, 374, 374, 374, 374, 374, 374, 374, 374, 374, 374, 374, 374, 374, 374, 374, 374, 374, 374, 374, 374, 374, 374, 374, 374, 374, 374, 374, 374, 374, 374, 374, 374, 374, 374, 374, 374, 374, 374, 374, 374, 374, 374, 374, 374, 374, 374, 374, 374, 374, 374, 374, 374, 374, 374, 374, 374, 374, 374, 374, 374, 374, 374, 374, 374, 374, 374, 374, 374, 374, 374, 374, 374, 374, 374, 374, 374, 374, 374, 374, 374, 374, 374, 374, 374]

ep210
Train step Loss: [0.9458664059638977, 0.9459372758865356, 0.9458586573600769, 0.9458791613578796, 0.9459274411201477, 0.9459524154663086, 0.9458985328674316, 0.9459637403488159, 0.9458856582641602, 0.9459035992622375, 0.9457840919494629, 0.9459090232849121, 0.9459006190299988, 0.9458629488945007, 0.9458795189857483, 0.9459052681922913, 0.9459633827209473, 0.9458850622177124, 0.9459390044212341, 0.9458898901939392, 0.9459570646286011, 0.9458593130111694, 0.9459323883056641, 0.9458732604980469, 0.9458977580070496, 0.9460129737854004, 0.945897102355957, 0.9460104703903198, 0.9459698796272278, 0.9460017681121826, 0.945932149887085, 0.9458682537078857, 0.9459757208824158, 0.9458795785903931, 0.9459460377693176, 0.9458198547363281, 0.9460448622703552, 0.9458895325660706, 0.9459442496299744, 0.9459121823310852, 0.9459172487258911, 0.9459213018417358, 0.9458382725715637, 0.9458505511283875, 0.9459136724472046, 0.9458949565887451, 0.9459050893783569, 0.9459292888641357, 0.9459040760993958, 0.9459394812583923, 0.946052610874176, 0.9459916949272156, 0.9459969997406006, 0.9459191560745239, 0.9458166360855103, 0.94594407081604, 0.9458819627761841, 0.9458670616149902, 0.9458770751953125, 0.9459119439125061, 0.9458689093589783, 0.9459217190742493, 0.9458823204040527, 0.9459375739097595, 0.9459041953086853, 0.9459412693977356, 0.9459072351455688, 0.9459071755409241, 0.9459524154663086, 0.945832371711731, 0.9458819031715393, 0.9458432793617249, 0.9459167718887329, 0.9459289312362671, 0.9458730816841125, 0.9459213018417358, 0.9459468126296997, 0.9459214806556702, 0.9459099769592285, 0.9459124803543091, 0.9459609985351562, 0.9460500478744507, 0.9458496570587158, 0.9459658265113831, 0.9458934664726257, 0.946108877658844, 0.9459983706474304, 0.9458386301994324, 0.9460181593894958, 0.9459022879600525, 0.9459434151649475, 0.9458014965057373, 0.9458640813827515, 0.9458534717559814, 0.9458761215209961, 0.9458867311477661, 0.9459280371665955, 0.9460945129394531, 0.9459536075592041, 0.9460737109184265, 0.9458606243133545, 0.9460121393203735, 0.9459041953086853, 0.9458714127540588, 0.9458557963371277]
val step Loss: [0.9462864398956299, 0.9464637041091919, 0.9471608996391296, 0.9465994834899902, 0.9463841915130615, 0.9520135521888733, 0.9465296268463135, 0.9487124681472778, 0.9465020895004272, 0.9464109539985657, 0.9464908242225647, 0.9464306831359863, 0.9475547075271606, 0.946435809135437, 0.9463293552398682, 0.9485538601875305, 0.9464259147644043, 0.9465622901916504, 0.9464174509048462, 0.9464748501777649, 0.9464870095252991, 0.9502618312835693, 0.9462997913360596, 0.9464294910430908, 0.9464616179466248, 0.946342408657074, 0.9464549422264099]
Train step Accs: [1.0, 1.0, 1.0, 1.0, 1.0, 1.0, 1.0, 1.0, 1.0, 1.0, 1.0, 1.0, 1.0, 1.0, 1.0, 1.0, 1.0, 1.0, 1.0, 1.0, 1.0, 1.0, 1.0, 1.0, 1.0, 1.0, 1.0, 1.0, 1.0, 1.0, 1.0, 1.0, 1.0, 1.0, 1.0, 1.0, 1.0, 1.0, 1.0, 1.0, 1.0, 1.0, 1.0, 1.0, 1.0, 1.0, 1.0, 1.0, 1.0, 1.0, 1.0, 1.0, 1.0, 1.0, 1.0, 1.0, 1.0, 1.0, 1.0, 1.0, 1.0, 1.0, 1.0, 1.0, 1.0, 1.0, 1.0, 1.0, 1.0, 1.0, 1.0, 1.0, 1.0, 1.0, 1.0, 1.0, 1.0, 1.0, 1.0, 1.0, 1.0, 1.0, 1.0, 1.0, 1.0, 1.0, 1.0, 1.0, 1.0, 1.0, 1.0, 1.0, 1.0, 1.0, 1.0, 1.0, 1.0, 1.0, 1.0, 1.0, 1.0, 1.0, 1.0, 1.0, 1.0]
val step Accs: [1.0, 1.0, 0.9998473282442748, 1.0, 1.0, 0.9989557953358859, 1.0, 0.9996017522899243, 1.0, 1.0, 1.0, 1.0, 0.9998150887573964, 1.0, 1.0, 0.9996266567108456, 1.0, 1.0, 1.0, 1.0, 1.0, 0.9992895204262877, 1.0, 1.0, 1.0, 1.0, 1.0]
Preds: [17, 17, 30, 30, 213, 213, 324, 464, 464, 464, 464, 443, 443, 443, 282, 240, 388, 216, 465, 29, 29, 302, 496, 319, 242, 240, 337, 219, 219, 324, 324, 324, 324, 252, 301, 301, 183, 183, 183, 278, 278, 278, 258, 258, 271, 31, 162, 54, 54, 482, 482, 224, 224, 273, 273, 470, 180, 443, 443, 355, 450, 169, 173, 130, 402, 402, 183, 242, 360, 360, 324, 219, 219, 464, 464, 464, 106, 153, 88, 88, 346, 346, 346, 284, 284, 405, 206, 206, 206, 293, 293, 43, 276, 276, 276, 182, 182, 182, 182, 182, 182, 387, 387, 330, 330, 330, 379, 379, 77, 478, 323, 54, 172, 224, 224, 273, 273, 397, 153, 153, 100, 497, 497, 497, 122, 122, 205, 205, 261, 25, 351, 213, 213, 213, 252, 143, 99, 99, 436, 436, 60, 60, 298, 298, 116, 303, 303, 48, 229, 229, 321, 247, 312, 292, 292, 23, 408, 408, 408, 321, 321, 320, 188, 152, 152, 374, 374, 301, 301, 378, 378, 259, 354, 106, 106, 284, 284, 284, 284, 284, 376, 206, 206, 206, 169, 169, 150, 150, 323, 323, 323, 224, 273, 106, 106, 151, 443, 240, 240, 388, 175, 175, 241, 431, 431, 443, 443, 460, 240, 385, 35, 440, 440, 440, 207, 207, 207, 207, 19, 19, 219, 219, 219, 219, 219, 144, 144, 27, 27, 156, 499, 499, 468, 59, 59, 452, 452, 193, 17, 420, 374, 374, 374, 374, 374, 374, 374, 374, 374, 374, 374, 374, 374, 374, 374, 374, 374, 374, 374, 374, 374, 374, 374, 374, 374, 374, 374, 374, 374, 374, 374, 374, 374, 374, 374, 374, 374, 374, 374, 374, 374, 374, 374, 374, 374, 374, 374, 374, 374, 374, 374, 374, 374, 374, 374, 374, 374, 374, 374, 374, 374, 374, 374, 374, 374, 374, 374, 374, 374, 374, 374, 374, 374, 374, 374, 374, 374, 374, 374, 374, 374, 374, 374, 374, 374, 374, 374, 374, 374, 374, 374, 374, 374, 374, 374, 374, 374, 374, 374, 374, 374, 374, 374, 374, 374, 374, 374, 374, 374, 374, 374, 374, 374, 374, 374, 374, 374, 374, 374, 374, 374, 374, 374, 374, 374, 374, 374, 374, 374, 374, 374, 374, 374, 374, 374, 374, 374, 374, 374, 374, 374, 374, 374, 374, 374, 374, 374, 374, 374, 374, 374, 374, 374, 374, 374, 374, 374, 374, 374, 374, 374, 374, 374, 374, 374, 374, 374, 374, 374, 374, 374, 374, 374, 374, 374, 374, 374, 374, 374, 374, 374, 374, 374, 374, 374, 374, 374, 374, 374, 374, 374, 374, 374, 374, 374, 374, 374, 374, 374, 374, 374, 374, 374, 374, 374, 374, 374, 374, 374, 374, 374, 374, 374, 374, 374, 374, 374, 374, 374, 374, 374, 374, 374, 374, 374, 374, 374, 374, 374, 374, 374, 374, 374, 374, 374, 374, 374, 374, 374, 374, 374, 374, 374, 374, 374, 374, 374, 374, 374, 374, 374, 374, 374, 374, 374, 374, 374, 374, 374, 374, 374, 374, 374, 374, 374, 374, 374, 374, 374, 374, 374, 374, 374, 374, 374, 374, 374, 374, 374, 374, 374, 374, 374, 374, 374, 374, 374, 374, 374, 374, 374, 374, 374, 374, 374, 374, 374, 374, 374, 374, 374, 374, 374, 374, 374, 374, 374, 374, 374, 374, 374, 374, 374, 374, 374, 374, 374, 374, 374, 374, 374, 374, 374, 374, 374, 374, 374, 374, 374, 374, 374, 374, 374, 374, 374, 374, 374, 374, 374, 374, 374, 374, 374, 374, 374, 374, 374, 374, 374, 374, 374, 374, 374, 374, 374, 374, 374, 374, 374, 374]

ep211
Train step Loss: [0.9459948539733887, 0.9460498094558716, 0.94588702917099, 0.9458990097045898, 0.9460031390190125, 0.9459059834480286, 0.9458684921264648, 0.9459167718887329, 0.9460006952285767, 0.9458453059196472, 0.9459463953971863, 0.9460124373435974, 0.9459928274154663, 0.9459999799728394, 0.9459644556045532, 0.9459730386734009, 0.9459177851676941, 0.9458670020103455, 0.9459376931190491, 0.9459341168403625, 0.945877194404602, 0.9459254741668701, 0.9459326863288879, 0.945936918258667, 0.9459038376808167, 0.9459304213523865, 0.9459337592124939, 0.9458721876144409, 0.9458985924720764, 0.9459331631660461, 0.9459208250045776, 0.9459425806999207, 0.9459726214408875, 0.9458375573158264, 0.9459081888198853, 0.9458839297294617, 0.9458572268486023, 0.945873498916626, 0.945858359336853, 0.9458931088447571, 0.9458285570144653, 0.9459110498428345, 0.9458638429641724, 0.9459312558174133, 0.9459477663040161, 0.9459381699562073, 0.9459897875785828, 0.9460135102272034, 0.9458947777748108, 0.9459143877029419, 0.9459522366523743, 0.9458826184272766, 0.9458871483802795, 0.9459439516067505, 0.9458407163619995, 0.945921003818512, 0.9458882808685303, 0.9458197355270386, 0.9458602070808411, 0.9459571242332458, 0.9458739757537842, 0.9459288120269775, 0.9458624720573425, 0.9459388256072998, 0.9459725022315979, 0.9458240866661072, 0.9458839297294617, 0.9458456039428711, 0.9459167718887329, 0.9459328651428223, 0.9458938241004944, 0.94588303565979, 0.9458379745483398, 0.9458712339401245, 0.9459795951843262, 0.9459696412086487, 0.9458385705947876, 0.9459022283554077, 0.9458562135696411, 0.9458901286125183, 0.9459391832351685, 0.9460405707359314, 0.9458070397377014, 0.9460025429725647, 0.945921778678894, 0.9460158944129944, 0.9458659291267395, 0.9458537697792053, 0.9458993673324585, 0.9458765983581543, 0.9459637403488159, 0.9460532069206238, 0.9459741711616516, 0.9458217024803162, 0.9459257125854492, 0.945865273475647, 0.9460933208465576, 0.9457740187644958, 0.9458924531936646, 0.9458528161048889, 0.9459001421928406, 0.9457805752754211, 0.9459673166275024, 0.9459433555603027, 0.9459192156791687]
val step Loss: [0.9464428424835205, 0.9465171098709106, 0.9463304281234741, 0.9474150538444519, 0.9465018510818481, 0.9499695897102356, 0.9465686082839966, 0.9467096924781799, 0.9466725587844849, 0.9463652968406677, 0.9478185176849365, 0.9465457201004028, 0.9480317831039429, 0.9465965032577515, 0.9474588632583618, 0.9474005699157715, 0.9464311003684998, 0.9517202377319336, 0.9464484453201294, 0.9464487433433533, 0.9463016986846924, 0.9464156627655029, 0.9464177489280701, 0.9466202855110168, 0.946297287940979, 0.9463340044021606, 0.9467507004737854]
Train step Accs: [1.0, 1.0, 1.0, 1.0, 1.0, 1.0, 1.0, 1.0, 1.0, 1.0, 1.0, 1.0, 1.0, 1.0, 1.0, 1.0, 1.0, 1.0, 1.0, 1.0, 1.0, 1.0, 1.0, 1.0, 1.0, 1.0, 1.0, 1.0, 1.0, 1.0, 1.0, 1.0, 1.0, 1.0, 1.0, 1.0, 1.0, 1.0, 1.0, 1.0, 1.0, 1.0, 1.0, 1.0, 1.0, 1.0, 1.0, 1.0, 1.0, 1.0, 1.0, 1.0, 1.0, 1.0, 1.0, 1.0, 1.0, 1.0, 1.0, 1.0, 1.0, 1.0, 1.0, 1.0, 1.0, 1.0, 1.0, 1.0, 1.0, 1.0, 1.0, 1.0, 1.0, 1.0, 1.0, 1.0, 1.0, 1.0, 1.0, 1.0, 1.0, 1.0, 1.0, 1.0, 1.0, 1.0, 1.0, 1.0, 1.0, 1.0, 1.0, 1.0, 1.0, 1.0, 1.0, 1.0, 1.0, 1.0, 1.0, 1.0, 1.0, 1.0, 1.0, 1.0, 1.0]
val step Accs: [1.0, 1.0, 1.0, 0.9998216833095578, 1.0, 0.9993641710379908, 1.0, 1.0, 1.0, 1.0, 0.9997835966241073, 1.0, 0.9996942363552973, 1.0, 0.9998456075343524, 0.9998393058010606, 1.0, 0.9990480723465016, 1.0, 1.0, 1.0, 1.0, 1.0, 1.0, 1.0, 1.0, 1.0]
Preds: [17, 17, 17, 70, 70, 70, 70, 65, 65, 284, 284, 315, 315, 315, 460, 406, 406, 406, 406, 406, 467, 134, 375, 98, 98, 98, 98, 13, 13, 229, 82, 82, 312, 126, 292, 292, 326, 408, 408, 408, 408, 228, 228, 244, 320, 7, 188, 152, 152, 374, 374, 406, 406, 467, 288, 456, 134, 378, 43, 43, 43, 276, 346, 346, 346, 284, 376, 460, 206, 240, 385, 35, 77, 342, 342, 86, 183, 219, 152, 152, 378, 88, 274, 497, 43, 416, 8, 239, 208, 208, 441, 153, 387, 387, 274, 122, 236, 239, 239, 310, 107, 107, 107, 395, 395, 180, 315, 315, 319, 450, 450, 43, 43, 276, 276, 109, 109, 403, 146, 324, 301, 301, 251, 251, 251, 241, 431, 403, 171, 171, 171, 171, 301, 378, 43, 364, 364, 364, 276, 345, 345, 141, 186, 31, 342, 342, 342, 224, 273, 483, 106, 284, 284, 206, 206, 175, 251, 241, 431, 486, 486, 460, 240, 240, 314, 239, 239, 384, 114, 180, 486, 486, 486, 282, 388, 94, 94, 94, 199, 41, 19, 19, 19, 454, 454, 229, 170, 392, 392, 392, 392, 392, 187, 187, 12, 12, 23, 23, 23, 23, 101, 391, 391, 228, 73, 73, 321, 287, 287, 287, 284, 284, 450, 43, 88, 276, 174, 109, 109, 438, 146, 324, 324, 301, 301, 251, 251, 251, 241, 431, 403, 403, 171, 171, 171, 171, 301, 301, 378, 43, 43, 364, 276, 276, 345, 387, 141, 186, 162, 232, 54, 172, 172, 172, 115, 273, 106, 375, 375, 98, 98, 98, 98, 98, 13, 13, 414, 229, 82, 247, 312, 126, 23, 23, 23, 408, 391, 391, 391, 73, 73, 73, 73, 244, 209, 287, 287, 284, 284, 450, 293, 43, 43, 276, 276, 174, 109, 109, 438, 146, 324, 324, 422, 186, 99, 338, 338, 338, 338, 338, 338, 395, 395, 470, 264, 264, 264, 264, 120, 120, 240, 240, 175, 175, 431, 431, 486, 486, 460, 240, 240, 314, 239, 239, 384, 371, 180, 180, 486, 486, 282, 282, 388, 94, 94, 10, 303, 199, 41, 19, 19, 19, 454, 229, 170, 170, 392, 392, 244, 392, 392, 392, 63, 63, 392, 392, 73, 73, 244, 320, 7, 473, 473, 476, 171, 171, 252, 24, 239, 310, 107, 395, 324, 324, 26, 26, 359, 81, 166, 191, 324, 301, 251, 251, 251, 241, 431, 106, 496, 274, 416, 8, 239, 144, 208, 106, 387, 387, 206, 240, 35, 36, 36, 108, 224, 273, 355, 355, 355, 452, 420, 374, 374, 374, 374, 374, 374, 374, 374, 374, 374, 374, 374, 374, 374, 374, 374, 374, 374, 374, 374, 374, 374, 374, 374, 374, 374, 374, 374, 374, 374, 374, 374, 374, 374, 374, 374, 374, 374, 374, 374, 374, 374, 374, 374, 374, 374, 374, 374, 374, 374, 374, 374, 374, 374, 374, 374, 374, 374, 374, 374, 374, 374, 374, 374, 374, 374, 374, 374, 374, 374, 374, 374, 374, 374, 374, 374, 374, 374, 374, 374, 374, 374, 374, 374, 374, 374, 374, 374, 374, 374, 374, 374, 374, 374, 374, 374, 374, 374, 374, 374, 374, 374, 374, 374, 374, 374, 374, 374, 374, 374, 374, 374, 374, 374, 374, 374, 374, 374, 374, 374, 374, 374, 374, 374, 374, 374, 374, 374, 374, 374, 374, 374, 374, 374, 374, 374, 374, 374, 374, 374, 374, 374, 374, 374, 374, 374, 374, 374, 374, 374, 374, 374, 374, 374, 374, 374, 374, 374, 374, 374, 374, 374, 374, 374, 374, 374, 374, 374, 374, 374, 374, 374, 374, 374, 374, 374, 374, 374, 374]

ep212
Train step Loss: [0.9458808898925781, 0.9458802342414856, 0.9458672404289246, 0.945924699306488, 0.9458864331245422, 0.9458711743354797, 0.9458943009376526, 0.9459061026573181, 0.9459187984466553, 0.9459165930747986, 0.9459145069122314, 0.9459283947944641, 0.9458422064781189, 0.9459438323974609, 0.9459645748138428, 0.9459601044654846, 0.945953905582428, 0.9458535313606262, 0.9459802508354187, 0.9459260106086731, 0.945901095867157, 0.9458801746368408, 0.9459177255630493, 0.9458287954330444, 0.9458673000335693, 0.9458637833595276, 0.9459550380706787, 0.9459289312362671, 0.9459969997406006, 0.9458390474319458, 0.9459308981895447, 0.9459390044212341, 0.9458345770835876, 0.9458886981010437, 0.9458369016647339, 0.9459289312362671, 0.9460112452507019, 0.9459092617034912, 0.9458849430084229, 0.9458303451538086, 0.9459463357925415, 0.9458785653114319, 0.9459306001663208, 0.9458955526351929, 0.9459386467933655, 0.9458921551704407, 0.945833146572113, 0.9459517002105713, 0.9459966421127319, 0.9458768963813782, 0.9459261894226074, 0.9459891319274902, 0.945993185043335, 0.9458643198013306, 0.9458893537521362, 0.9459171295166016, 0.9458551406860352, 0.945853590965271, 0.945911169052124, 0.945911169052124, 0.9460169076919556, 0.9458832144737244, 0.946012556552887, 0.9457881450653076, 0.9458955526351929, 0.9460524916648865, 0.9459183812141418, 0.9459292888641357, 0.9458734393119812, 0.9458640217781067, 0.9459067583084106, 0.9458746910095215, 0.9460182189941406, 0.9459192752838135, 0.9459531307220459, 0.9459163546562195, 0.9458774328231812, 0.9459525346755981, 0.9459372162818909, 0.945876955986023, 0.9459943771362305, 0.9458574652671814, 0.9458503127098083, 0.9458891749382019, 0.9458962082862854, 0.945939302444458, 0.9458479285240173, 0.9460073709487915, 0.945884644985199, 0.9458850026130676, 0.9459368586540222, 0.9459044337272644, 0.9461197853088379, 0.9458989500999451, 0.9458879232406616, 0.9459271430969238, 0.9459282159805298, 0.9459049105644226, 0.9457814693450928, 0.9459132552146912, 0.9458997845649719, 0.9459162950515747, 0.9459171891212463, 0.9458236694335938, 0.9459481239318848]
val step Loss: [0.946429431438446, 0.9463714361190796, 0.9474402070045471, 0.9463965892791748, 0.9464221596717834, 0.9476302266120911, 0.948262631893158, 0.9463137984275818, 0.9464156031608582, 0.9467564225196838, 0.9473117589950562, 0.946307897567749, 0.9465223550796509, 0.9464749693870544, 0.946467399597168, 0.9500973224639893, 0.9465522170066833, 0.9474511742591858, 0.9464079141616821, 0.9463740587234497, 0.9464648365974426, 0.9464656710624695, 0.9463831186294556, 0.9464685320854187, 0.9464065432548523, 0.9521237015724182, 0.9465135335922241]
Train step Accs: [1.0, 1.0, 1.0, 1.0, 1.0, 1.0, 1.0, 1.0, 1.0, 1.0, 1.0, 1.0, 1.0, 1.0, 1.0, 1.0, 1.0, 1.0, 1.0, 1.0, 1.0, 1.0, 1.0, 1.0, 1.0, 1.0, 1.0, 1.0, 1.0, 1.0, 1.0, 1.0, 1.0, 1.0, 1.0, 1.0, 1.0, 1.0, 1.0, 1.0, 1.0, 1.0, 1.0, 1.0, 1.0, 1.0, 1.0, 1.0, 1.0, 1.0, 1.0, 1.0, 1.0, 1.0, 1.0, 1.0, 1.0, 1.0, 1.0, 1.0, 1.0, 1.0, 1.0, 1.0, 1.0, 1.0, 1.0, 1.0, 1.0, 1.0, 1.0, 1.0, 1.0, 1.0, 1.0, 1.0, 1.0, 1.0, 1.0, 1.0, 1.0, 1.0, 1.0, 1.0, 1.0, 1.0, 1.0, 1.0, 1.0, 1.0, 1.0, 1.0, 1.0, 1.0, 1.0, 1.0, 1.0, 1.0, 1.0, 1.0, 1.0, 1.0, 1.0, 1.0, 1.0]
val step Accs: [1.0, 1.0, 0.9998276753403412, 1.0, 1.0, 0.999827258593885, 0.9996812749003984, 1.0, 1.0, 1.0, 0.9998281786941581, 1.0, 1.0, 1.0, 1.0, 0.9993227226549272, 1.0, 0.9998596688184115, 1.0, 1.0, 1.0, 1.0, 1.0, 1.0, 1.0, 0.9989438479140996, 1.0]
Preds: [17, 17, 217, 217, 473, 473, 65, 443, 443, 443, 171, 171, 416, 416, 32, 239, 239, 107, 395, 180, 84, 84, 355, 355, 98, 98, 98, 13, 13, 229, 229, 247, 312, 312, 126, 126, 326, 101, 101, 149, 149, 20, 289, 320, 7, 473, 473, 65, 476, 171, 252, 143, 36, 36, 449, 449, 400, 324, 324, 301, 325, 325, 34, 166, 324, 324, 324, 301, 251, 251, 251, 241, 431, 106, 496, 274, 274, 43, 8, 8, 32, 354, 208, 441, 441, 442, 98, 98, 48, 48, 170, 20, 170, 20, 20, 28, 20, 28, 312, 187, 187, 187, 2, 2, 2, 2, 163, 163, 20, 163, 163, 73, 20, 73, 289, 20, 209, 287, 287, 284, 284, 111, 450, 43, 43, 276, 276, 276, 276, 387, 387, 387, 406, 406, 406, 467, 337, 337, 278, 258, 31, 342, 54, 86, 224, 224, 224, 302, 302, 497, 413, 399, 217, 217, 473, 473, 398, 398, 398, 286, 286, 468, 406, 406, 380, 380, 499, 284, 426, 426, 98, 98, 98, 13, 414, 414, 170, 47, 47, 47, 47, 80, 80, 20, 80, 7, 7, 7, 217, 217, 473, 473, 65, 264, 264, 264, 264, 468, 468, 406, 406, 337, 337, 337, 324, 301, 359, 251, 251, 241, 166, 324, 324, 324, 301, 301, 251, 251, 241, 241, 431, 84, 84, 293, 497, 416, 8, 239, 208, 27, 106, 387, 206, 240, 385, 36, 108, 342, 224, 224, 273, 355, 355, 355, 420, 374, 374, 374, 374, 374, 374, 374, 374, 374, 374, 374, 374, 374, 374, 374, 374, 374, 374, 374, 374, 374, 374, 374, 374, 374, 374, 374, 374, 374, 374, 374, 374, 374, 374, 374, 374, 374, 374, 374, 374, 374, 374, 374, 374, 374, 374, 374, 374, 374, 374, 374, 374, 374, 374, 374, 374, 374, 374, 374, 374, 374, 374, 374, 374, 374, 374, 374, 374, 374, 374, 374, 374, 374, 374, 374, 374, 374, 374, 374, 374, 374, 374, 374, 374, 374, 374, 374, 374, 374, 374, 374, 374, 374, 374, 374, 374, 374, 374, 374, 374, 374, 374, 374, 374, 374, 374, 374, 374, 374, 374, 374, 374, 374, 374, 374, 374, 374, 374, 374, 374, 374, 374, 374, 374, 374, 374, 374, 374, 374, 374, 374, 374, 374, 374, 374, 374, 374, 374, 374, 374, 374, 374, 374, 374, 374, 374, 374, 374, 374, 374, 374, 374, 374, 374, 374, 374, 374, 374, 374, 374, 374, 374, 374, 374, 374, 374, 374, 374, 374, 374, 374, 374, 374, 374, 374, 374, 374, 374, 374, 374, 374, 374, 374, 374, 374, 374, 374, 374, 374, 374, 374, 374, 374, 374, 374, 374, 374, 374, 374, 374, 374, 374, 374, 374, 374, 374, 374, 374, 374, 374, 374, 374, 374, 374, 374, 374, 374, 374, 374, 374, 374, 374, 374, 374, 374, 374, 374, 374, 374, 374, 374, 374, 374, 374, 374, 374, 374, 374, 374, 374, 374, 374, 374, 374, 374, 374, 374, 374, 374, 374, 374, 374, 374, 374, 374, 374, 374, 374, 374, 374, 374, 374, 374, 374, 374, 374, 374, 374, 374, 374, 374, 374, 374, 374, 374, 374, 374, 374, 374, 374, 374, 374, 374, 374, 374, 374, 374, 374, 374, 374, 374, 374, 374, 374, 374, 374, 374, 374, 374, 374, 374, 374, 374, 374, 374, 374, 374, 374, 374, 374, 374, 374, 374, 374, 374, 374, 374, 374, 374, 374, 374, 374, 374, 374, 374, 374, 374, 374, 374, 374, 374, 374, 374, 374, 374, 374, 374, 374, 374, 374, 374, 374, 374, 374, 374, 374, 374, 374, 374, 374, 374, 374, 374, 374, 374]

ep213
Train step Loss: [0.9459229707717896, 0.9459956884384155, 0.945937991142273, 0.9459187388420105, 0.9459452629089355, 0.9458514451980591, 0.9458615779876709, 0.9458619952201843, 0.9458270072937012, 0.9458572268486023, 0.9458252191543579, 0.9459868669509888, 0.9460213780403137, 0.9459037780761719, 0.9459136128425598, 0.9459004402160645, 0.9458211660385132, 0.945908784866333, 0.9459336996078491, 0.9458765983581543, 0.94591224193573, 0.945867657661438, 0.945848822593689, 0.9458543658256531, 0.9458938837051392, 0.9458538889884949, 0.9459505081176758, 0.9459027647972107, 0.9459174871444702, 0.9458020925521851, 0.9459830522537231, 0.9459336996078491, 0.9460612535476685, 0.9459487795829773, 0.9458953142166138, 0.9459043741226196, 0.9458816051483154, 0.9459031224250793, 0.9458867907524109, 0.9460387825965881, 0.9459081292152405, 0.9459236860275269, 0.9458092451095581, 0.9459123611450195, 0.9458911418914795, 0.94587641954422, 0.9458891153335571, 0.9458926320075989, 0.9459918141365051, 0.945890486240387, 0.9458876848220825, 0.9458509683609009, 0.9458711743354797, 0.9459155797958374, 0.9458715319633484, 0.9458996653556824, 0.9458168745040894, 0.9459800720214844, 0.9459192156791687, 0.945859968662262, 0.9459150433540344, 0.9458765387535095, 0.9459210634231567, 0.9459044337272644, 0.9458911418914795, 0.9458795189857483, 0.9458969831466675, 0.945908784866333, 0.9458703398704529, 0.9458652138710022, 0.9459208250045776, 0.9458802938461304, 0.945919930934906, 0.9458708167076111, 0.94600510597229, 0.9459406137466431, 0.9458544254302979, 0.9458950757980347, 0.945830225944519, 0.9458827376365662, 0.9458615779876709, 0.9460938572883606, 0.9459795355796814, 0.945866048336029, 0.9459325671195984, 0.9459226131439209, 0.9458890557289124, 0.9458868503570557, 0.9460060596466064, 0.9458825588226318, 0.9457935094833374, 0.9458284378051758, 0.9459662437438965, 0.9459404945373535, 0.9459137916564941, 0.9458959698677063, 0.9458981156349182, 0.9459449052810669, 0.945938766002655, 0.9459232687950134, 0.9459719657897949, 0.9459242224693298, 0.9458439946174622, 0.9459559321403503, 0.9458560347557068]
val step Loss: [0.9479959607124329, 0.9463435411453247, 0.9464182257652283, 0.9465333819389343, 0.9464156031608582, 0.946426510810852, 0.9473919868469238, 0.9502891302108765, 0.9464701414108276, 0.9463502764701843, 0.9465364217758179, 0.946476936340332, 0.9465079307556152, 0.9465722441673279, 0.9462887644767761, 0.9464166164398193, 0.9473863840103149, 0.947097897529602, 0.9464813470840454, 0.9463716745376587, 0.9464256763458252, 0.9465377926826477, 0.9463525414466858, 0.947562575340271, 0.9464741945266724, 0.9509795904159546, 0.9463657736778259]
Train step Accs: [1.0, 1.0, 1.0, 1.0, 1.0, 1.0, 1.0, 1.0, 1.0, 1.0, 1.0, 1.0, 1.0, 1.0, 1.0, 1.0, 1.0, 1.0, 1.0, 1.0, 1.0, 1.0, 1.0, 1.0, 1.0, 1.0, 1.0, 1.0, 1.0, 1.0, 1.0, 1.0, 1.0, 1.0, 1.0, 1.0, 1.0, 1.0, 1.0, 1.0, 1.0, 1.0, 1.0, 1.0, 1.0, 1.0, 1.0, 1.0, 1.0, 1.0, 1.0, 1.0, 1.0, 1.0, 1.0, 1.0, 1.0, 1.0, 1.0, 1.0, 1.0, 1.0, 1.0, 1.0, 1.0, 1.0, 1.0, 1.0, 1.0, 1.0, 1.0, 1.0, 1.0, 1.0, 1.0, 1.0, 1.0, 1.0, 1.0, 1.0, 1.0, 1.0, 1.0, 1.0, 1.0, 1.0, 1.0, 1.0, 1.0, 1.0, 1.0, 1.0, 1.0, 1.0, 1.0, 1.0, 1.0, 1.0, 1.0, 1.0, 1.0, 1.0, 1.0, 1.0, 1.0]
val step Accs: [0.999692733138731, 1.0, 1.0, 1.0, 1.0, 1.0, 0.9998268997749697, 0.9992831541218637, 1.0, 1.0, 1.0, 1.0, 1.0, 1.0, 1.0, 1.0, 0.999847607436757, 0.9998498723915328, 1.0, 1.0, 1.0, 1.0, 1.0, 0.9998180825905039, 1.0, 0.9991507430997877, 1.0]
Preds: [17, 17, 70, 70, 70, 70, 65, 65, 284, 486, 315, 315, 315, 315, 468, 406, 406, 406, 406, 406, 406, 467, 134, 302, 375, 375, 98, 98, 48, 48, 229, 229, 244, 247, 312, 312, 126, 326, 326, 101, 101, 149, 149, 228, 82, 83, 287, 287, 284, 450, 43, 43, 276, 276, 276, 276, 346, 387, 387, 387, 406, 42, 42, 147, 337, 337, 324, 278, 31, 162, 54, 54, 482, 482, 482, 224, 273, 494, 494, 203, 399, 217, 217, 217, 473, 398, 219, 219, 286, 286, 301, 406, 406, 380, 380, 499, 499, 284, 426, 98, 98, 98, 98, 13, 414, 414, 170, 244, 392, 392, 392, 244, 187, 187, 12, 201, 201, 392, 392, 392, 392, 392, 392, 73, 73, 244, 209, 188, 188, 264, 264, 264, 264, 468, 468, 406, 406, 147, 337, 337, 337, 324, 324, 301, 26, 251, 251, 251, 251, 241, 431, 486, 376, 376, 376, 376, 460, 169, 169, 263, 263, 225, 225, 237, 237, 249, 82, 237, 225, 225, 225, 197, 197, 82, 209, 411, 157, 153, 387, 387, 143, 143, 129, 129, 458, 82, 208, 208, 441, 437, 100, 153, 182, 375, 98, 98, 98, 17, 420, 374, 374, 374, 374, 374, 374, 374, 374, 374, 374, 374, 374, 374, 374, 374, 374, 374, 374, 374, 374, 374, 374, 374, 374, 374, 374, 374, 374, 374, 374, 374, 374, 374, 374, 374, 374, 374, 374, 374, 374, 374, 374, 374, 374, 374, 374, 374, 374, 374, 374, 374, 374, 374, 374, 374, 374, 374, 374, 374, 374, 374, 374, 374, 374, 374, 374, 374, 374, 374, 374, 374, 374, 374, 374, 374, 374, 374, 374, 374, 374, 374, 374, 374, 374, 374, 374, 374, 374, 374, 374, 374, 374, 374, 374, 374, 374, 374, 374, 374, 374, 374, 374, 374, 374, 374, 374, 374, 374, 374, 374, 374, 374, 374, 374, 374, 374, 374, 374, 374, 374, 374, 374, 374, 374, 374, 374, 374, 374, 374, 374, 374, 374, 374, 374, 374, 374, 374, 374, 374, 374, 374, 374, 374, 374, 374, 374, 374, 374, 374, 374, 374, 374, 374, 374, 374, 374, 374, 374, 374, 374, 374, 374, 374, 374, 374, 374, 374, 374, 374, 374, 374, 374, 374, 374, 374, 374, 374, 374, 374, 374, 374, 374, 374, 374, 374, 374, 374, 374, 374, 374, 374, 374, 374, 374, 374, 374, 374, 374, 374, 374, 374, 374, 374, 374, 374, 374, 374, 374, 374, 374, 374, 374, 374, 374, 374, 374, 374, 374, 374, 374, 374, 374, 374, 374, 374, 374, 374, 374, 374, 374, 374, 374, 374, 374, 374, 374, 374, 374, 374, 374, 374, 374, 374, 374, 374, 374, 374, 374, 374, 374, 374, 374, 374, 374, 374, 374, 374, 374, 374, 374, 374, 374, 374, 374, 374, 374, 374, 374, 374, 374, 374, 374, 374, 374, 374, 374, 374, 374, 374, 374, 374, 374, 374, 374, 374, 374, 374, 374, 374, 374, 374, 374, 374, 374, 374, 374, 374, 374, 374, 374, 374, 374, 374, 374, 374, 374, 374, 374, 374, 374, 374, 374, 374, 374, 374, 374, 374, 374, 374, 374, 374, 374, 374, 374, 374, 374, 374, 374, 374, 374, 374, 374, 374, 374, 374, 374, 374, 374, 374, 374, 374, 374, 374, 374, 374, 374, 374, 374, 374, 374, 374, 374, 374, 374, 374, 374, 374, 374, 374, 374, 374, 374, 374, 374, 374, 374, 374, 374, 374, 374, 374, 374, 374, 374, 374, 374, 374, 374, 374, 374, 374, 374, 374, 374, 374, 374, 374, 374, 374, 374, 374, 374, 374, 374, 374, 374, 374, 374, 374, 374, 374]

ep214
Train step Loss: [0.9459927082061768, 0.9459543228149414, 0.945830225944519, 0.9458808898925781, 0.9458703398704529, 0.945941150188446, 0.9457749128341675, 0.945945143699646, 0.94597989320755, 0.9460285902023315, 0.9459742903709412, 0.9459076523780823, 0.9459247589111328, 0.9459604024887085, 0.9459195137023926, 0.9459264874458313, 0.9458454847335815, 0.9458761811256409, 0.9459018111228943, 0.9458526968955994, 0.9458916783332825, 0.9458935856819153, 0.9458895921707153, 0.9458649754524231, 0.945927083492279, 0.9459095597267151, 0.9459283351898193, 0.9459486603736877, 0.9458974003791809, 0.9459601640701294, 0.9459294080734253, 0.9459529519081116, 0.9458358287811279, 0.9458985328674316, 0.9459404349327087, 0.9459215998649597, 0.9459161162376404, 0.9458975791931152, 0.9459289312362671, 0.945848822593689, 0.9458761215209961, 0.9458144307136536, 0.9458960294723511, 0.9458490014076233, 0.9458837509155273, 0.9459400177001953, 0.9458941221237183, 0.9459222555160522, 0.9459606409072876, 0.9460350871086121, 0.9457908272743225, 0.9460291862487793, 0.9458719491958618, 0.945917010307312, 0.9459158778190613, 0.9459279179573059, 0.9459528923034668, 0.9459617137908936, 0.9459962844848633, 0.9458822011947632, 0.9459403157234192, 0.9458640813827515, 0.9459661245346069, 0.9458871483802795, 0.9459975957870483, 0.9458878040313721, 0.9458614587783813, 0.9458940625190735, 0.9459105730056763, 0.9459238052368164, 0.9458861351013184, 0.9458587169647217, 0.9458898305892944, 0.9459607601165771, 0.9458538293838501, 0.9459089636802673, 0.9459118247032166, 0.9459401965141296, 0.9459359049797058, 0.945883572101593, 0.9458805322647095, 0.9457941055297852, 0.9458741545677185, 0.9458766579627991, 0.9458164572715759, 0.945828914642334, 0.9459372162818909, 0.945997953414917, 0.9458192586898804, 0.9458363652229309, 0.9457647204399109, 0.9459118247032166, 0.9458504915237427, 0.9458499550819397, 0.9458147883415222, 0.9458968043327332, 0.945825457572937, 0.9459573030471802, 0.9459463357925415, 0.9458325505256653, 0.9458661079406738, 0.9459404945373535, 0.9459059834480286, 0.945934534072876, 0.9459452033042908]
val step Loss: [0.9465436935424805, 0.9463655948638916, 0.946509838104248, 0.947438657283783, 0.9464336633682251, 0.946367084980011, 0.9463149309158325, 0.9505772590637207, 0.946334183216095, 0.9465029835700989, 0.9464644193649292, 0.9464298486709595, 0.9475039839744568, 0.9472545385360718, 0.9463813304901123, 0.9464372992515564, 0.9482402801513672, 0.9473662376403809, 0.9520044326782227, 0.9465056657791138, 0.9464699029922485, 0.9463671445846558, 0.9465351104736328, 0.9463793039321899, 0.9465320110321045, 0.9463887214660645, 0.9463327527046204]
Train step Accs: [1.0, 1.0, 1.0, 1.0, 1.0, 1.0, 1.0, 1.0, 1.0, 1.0, 1.0, 1.0, 1.0, 1.0, 1.0, 1.0, 1.0, 1.0, 1.0, 1.0, 1.0, 1.0, 1.0, 1.0, 1.0, 1.0, 1.0, 1.0, 1.0, 1.0, 1.0, 1.0, 1.0, 1.0, 1.0, 1.0, 1.0, 1.0, 1.0, 1.0, 1.0, 1.0, 1.0, 1.0, 1.0, 1.0, 1.0, 1.0, 1.0, 1.0, 1.0, 1.0, 1.0, 1.0, 1.0, 1.0, 1.0, 1.0, 1.0, 1.0, 1.0, 1.0, 1.0, 1.0, 1.0, 1.0, 1.0, 1.0, 1.0, 1.0, 1.0, 1.0, 1.0, 1.0, 1.0, 1.0, 1.0, 1.0, 1.0, 1.0, 1.0, 1.0, 1.0, 1.0, 1.0, 1.0, 1.0, 1.0, 1.0, 1.0, 1.0, 1.0, 1.0, 1.0, 1.0, 1.0, 1.0, 1.0, 1.0, 1.0, 1.0, 1.0, 1.0, 1.0, 1.0]
val step Accs: [1.0, 1.0, 1.0, 0.9998432601880878, 1.0, 1.0, 1.0, 0.9992458521870287, 1.0, 1.0, 1.0, 1.0, 0.999812874251497, 0.9998348745046235, 1.0, 1.0, 0.9996758508914101, 0.9998331108144193, 0.9989869998311667, 1.0, 1.0, 1.0, 1.0, 1.0, 1.0, 1.0, 1.0]
Preds: [17, 17, 17, 287, 284, 450, 450, 293, 293, 43, 43, 250, 276, 276, 346, 346, 284, 284, 284, 284, 206, 206, 169, 169, 150, 150, 342, 168, 219, 152, 152, 152, 374, 374, 374, 301, 314, 321, 259, 354, 114, 145, 443, 443, 330, 330, 348, 457, 43, 276, 276, 276, 174, 346, 346, 346, 284, 284, 284, 284, 284, 113, 450, 450, 293, 88, 88, 43, 276, 276, 297, 297, 297, 297, 297, 182, 182, 182, 182, 182, 182, 182, 375, 98, 98, 259, 441, 441, 441, 441, 153, 153, 153, 387, 387, 387, 387, 109, 109, 443, 443, 120, 403, 388, 325, 325, 41, 41, 41, 41, 41, 246, 19, 19, 19, 19, 19, 454, 229, 82, 229, 82, 126, 126, 292, 326, 408, 408, 244, 321, 321, 287, 287, 111, 111, 111, 111, 240, 240, 175, 175, 241, 431, 431, 431, 315, 284, 284, 113, 84, 293, 293, 293, 43, 43, 182, 182, 182, 182, 497, 497, 497, 497, 497, 122, 122, 122, 32, 239, 310, 310, 107, 107, 395, 395, 395, 470, 171, 171, 171, 171, 171, 171, 171, 246, 246, 246, 246, 19, 19, 17, 420, 374, 374, 374, 374, 374, 374, 374, 374, 374, 374, 374, 374, 374, 374, 374, 374, 374, 374, 374, 374, 374, 374, 374, 374, 374, 374, 374, 374, 374, 374, 374, 374, 374, 374, 374, 374, 374, 374, 374, 374, 374, 374, 374, 374, 374, 374, 374, 374, 374, 374, 374, 374, 374, 374, 374, 374, 374, 374, 374, 374, 374, 374, 374, 374, 374, 374, 374, 374, 374, 374, 374, 374, 374, 374, 374, 374, 374, 374, 374, 374, 374, 374, 374, 374, 374, 374, 374, 374, 374, 374, 374, 374, 374, 374, 374, 374, 374, 374, 374, 374, 374, 374, 374, 374, 374, 374, 374, 374, 374, 374, 374, 374, 374, 374, 374, 374, 374, 374, 374, 374, 374, 374, 374, 374, 374, 374, 374, 374, 374, 374, 374, 374, 374, 374, 374, 374, 374, 374, 374, 374, 374, 374, 374, 374, 374, 374, 374, 374, 374, 374, 374, 374, 374, 374, 374, 374, 374, 374, 374, 374, 374, 374, 374, 374, 374, 374, 374, 374, 374, 374, 374, 374, 374, 374, 374, 374, 374, 374, 374, 374, 374, 374, 374, 374, 374, 374, 374, 374, 374, 374, 374, 374, 374, 374, 374, 374, 374, 374, 374, 374, 374, 374, 374, 374, 374, 374, 374, 374, 374, 374, 374, 374, 374, 374, 374, 374, 374, 374, 374, 374, 374, 374, 374, 374, 374, 374, 374, 374, 374, 374, 374, 374, 374, 374, 374, 374, 374, 374, 374, 374, 374, 374, 374, 374, 374, 374, 374, 374, 374, 374, 374, 374, 374, 374, 374, 374, 374, 374, 374, 374, 374, 374, 374, 374, 374, 374, 374, 374, 374, 374, 374, 374, 374, 374, 374, 374, 374, 374, 374, 374, 374, 374, 374, 374, 374, 374, 374, 374, 374, 374, 374, 374, 374, 374, 374, 374, 374, 374, 374, 374, 374, 374, 374, 374, 374, 374, 374, 374, 374, 374, 374, 374, 374, 374, 374, 374, 374, 374, 374, 374, 374, 374, 374, 374, 374, 374, 374, 374, 374, 374, 374, 374, 374, 374, 374, 374, 374, 374, 374, 374, 374, 374, 374, 374, 374, 374, 374, 374, 374, 374, 374, 374, 374, 374, 374, 374, 374, 374, 374, 374, 374, 374, 374, 374, 374, 374, 374, 374, 374, 374, 374, 374, 374, 374, 374, 374, 374, 374, 374, 374, 374, 374, 374, 374, 374, 374, 374, 374, 374, 374, 374, 374, 374, 374, 374, 374, 374, 374, 374, 374, 374, 374, 374, 374, 374, 374, 374, 374]

