ep111
Train step Loss: [0.9469411373138428, 0.9467236995697021, 0.9467486143112183, 0.9467527866363525, 0.9466708302497864, 0.9468531608581543, 0.9466730356216431, 0.9468694925308228, 0.9468886852264404, 0.9467114210128784, 0.9467577934265137, 0.9467243552207947, 0.9468126893043518, 0.9468057751655579, 0.9467362761497498, 0.946723222732544, 0.9467131495475769, 0.9467281699180603, 0.9467906355857849, 0.9467301368713379, 0.9468269348144531, 0.9466869831085205, 0.9467490911483765, 0.9467027187347412, 0.9466730356216431, 0.9467460513114929, 0.9467449188232422, 0.9468462467193604, 0.9469224214553833, 0.9467114210128784, 0.9467965364456177, 0.9466992616653442, 0.9467378258705139, 0.9465939402580261, 0.9467053413391113, 0.946732223033905, 0.9467192888259888, 0.9466855525970459, 0.9467467069625854, 0.9467421770095825, 0.9468648433685303, 0.9468099474906921, 0.9468467831611633, 0.9467785358428955, 0.946698009967804, 0.9468004703521729, 0.946744978427887, 0.946683406829834, 0.9468236565589905, 0.9468207955360413, 0.9466679096221924, 0.9467076659202576, 0.9467986822128296, 0.9468287229537964, 0.9467718005180359, 0.9466988444328308, 0.9468351006507874, 0.9467207193374634, 0.9467394351959229, 0.9466801285743713, 0.9469183683395386, 0.9471479058265686, 0.9467303156852722, 0.9466695189476013, 0.9466567039489746, 0.9466525912284851, 0.9466902017593384, 0.9467914700508118, 0.9471580982208252, 0.9466567039489746, 0.9469971060752869, 0.9468320608139038, 0.9467434883117676, 0.9465909600257874, 0.946637749671936, 0.9467104077339172, 0.946735143661499, 0.9466533660888672, 0.9468156099319458, 0.9468721747398376, 0.9471372365951538, 0.946696937084198, 0.9467260837554932, 0.9467605948448181, 0.946722149848938, 0.9466747641563416, 0.946819543838501, 0.9466963410377502, 0.9467283487319946, 0.9472101926803589, 0.9471412897109985, 0.9469217658042908, 0.9467347860336304, 0.9467734098434448, 0.9467995762825012, 0.9467948079109192, 0.946833074092865, 0.9467546939849854, 0.9467276334762573, 0.9468750357627869, 0.9468071460723877, 0.9466284513473511, 0.9467050433158875, 0.94664067029953, 0.946713387966156]
val step Loss: [0.9522454738616943, 0.9483144283294678, 0.9480243921279907, 0.9482057094573975, 0.9481534361839294, 0.948114812374115, 0.9481592774391174, 0.9478609561920166, 0.9478210210800171, 0.9504387974739075, 0.9497253894805908, 0.9488900899887085, 0.9485709071159363, 0.948043167591095, 0.9479306936264038, 0.948296308517456, 0.9532697796821594, 0.9479139447212219, 0.9479694366455078, 0.9479166865348816, 0.9479572176933289, 0.9479306936264038, 0.9478605389595032, 0.9479175209999084, 0.9489201903343201, 0.947968602180481, 0.9479780793190002]
Train step Accs: [1.0, 1.0, 1.0, 1.0, 1.0, 1.0, 1.0, 1.0, 1.0, 1.0, 1.0, 1.0, 1.0, 1.0, 1.0, 1.0, 1.0, 1.0, 1.0, 1.0, 1.0, 1.0, 1.0, 1.0, 1.0, 1.0, 1.0, 1.0, 1.0, 1.0, 1.0, 1.0, 1.0, 1.0, 1.0, 1.0, 1.0, 1.0, 1.0, 1.0, 1.0, 1.0, 1.0, 1.0, 1.0, 1.0, 1.0, 1.0, 1.0, 1.0, 1.0, 1.0, 1.0, 1.0, 1.0, 1.0, 1.0, 1.0, 1.0, 1.0, 1.0, 1.0, 1.0, 1.0, 1.0, 1.0, 1.0, 1.0, 1.0, 1.0, 1.0, 1.0, 1.0, 1.0, 1.0, 1.0, 1.0, 1.0, 1.0, 1.0, 1.0, 1.0, 1.0, 1.0, 1.0, 1.0, 1.0, 1.0, 1.0, 1.0, 1.0, 1.0, 1.0, 1.0, 1.0, 1.0, 1.0, 1.0, 1.0, 1.0, 1.0, 1.0, 1.0, 1.0, 1.0]
val step Accs: [0.9992310649750096, 1.0, 1.0, 1.0, 1.0, 1.0, 1.0, 1.0, 1.0, 0.9996184662342618, 0.9998051821546854, 0.9998466963053809, 0.9998353367363741, 1.0, 1.0, 1.0, 0.9990202482037883, 1.0, 1.0, 1.0, 1.0, 1.0, 1.0, 1.0, 0.9998241603657464, 1.0, 1.0]
Preds: [17, 30, 340, 340, 116, 10, 479, 479, 65, 65, 284, 284, 481, 293, 293, 43, 43, 43, 364, 364, 276, 276, 346, 346, 284, 284, 284, 284, 284, 206, 206, 293, 43, 43, 364, 276, 276, 276, 346, 297, 497, 497, 43, 349, 129, 401, 205, 205, 208, 441, 441, 153, 153, 153, 387, 387, 387, 387, 29, 29, 337, 337, 337, 152, 178, 143, 129, 401, 208, 208, 208, 441, 441, 387, 387, 387, 274, 416, 8, 32, 32, 32, 354, 354, 180, 180, 376, 376, 376, 376, 460, 240, 385, 233, 36, 155, 155, 155, 25, 397, 494, 32, 32, 219, 219, 219, 464, 464, 93, 403, 403, 171, 171, 171, 246, 246, 246, 246, 246, 246, 246, 19, 48, 48, 48, 20, 170, 170, 170, 20, 187, 187, 187, 408, 408, 391, 20, 391, 73, 73, 20, 20, 320, 7, 251, 241, 331, 431, 486, 486, 460, 460, 215, 35, 35, 75, 77, 164, 342, 224, 183, 485, 485, 464, 139, 139, 387, 387, 387, 122, 8, 32, 239, 75, 354, 354, 441, 441, 276, 346, 346, 265, 265, 265, 85, 85, 167, 385, 32, 32, 239, 82, 108, 107, 395, 106, 106, 106, 153, 387, 387, 387, 85, 146, 207, 207, 207, 246, 246, 246, 246, 246, 19, 422, 129, 401, 401, 20, 445, 445, 351, 278, 403, 171, 171, 171, 219, 219, 219, 219, 477, 152, 422, 186, 349, 205, 205, 401, 20, 261, 261, 397, 441, 345, 374, 374, 213, 213, 213, 213, 422, 99, 338, 338, 338, 395, 395, 459, 459, 120, 385, 385, 233, 20, 75, 208, 27, 487, 441, 442, 219, 464, 464, 355, 355, 355, 355, 167, 167, 226, 80, 80, 80, 20, 80, 80, 7, 219, 219, 422, 422, 162, 232, 232, 68, 68, 68, 115, 267, 267, 444, 278, 26, 251, 241, 81, 403, 403, 403, 207, 19, 420, 420, 420, 420, 420, 420, 420, 420, 420, 420, 420, 420, 420, 420, 420, 420, 420, 420, 420, 420, 420, 420, 420, 420, 420, 420, 420, 420, 420, 420, 420, 420, 420, 420, 420, 420, 420, 420, 420, 420, 420, 420, 420, 420, 420, 420, 420, 420, 420, 420, 420, 420, 420, 420, 420, 420, 420, 420, 420, 420, 420, 420, 420, 420, 420, 420, 420, 420, 420, 420, 420, 420, 420, 420, 420, 420, 420, 420, 420, 420, 420, 420, 420, 420, 420, 420, 420, 420, 420, 420, 420, 420, 420, 420, 420, 420, 420, 420, 420, 420, 420, 420, 420, 420, 420, 420, 420, 420, 420, 420, 420, 420, 420, 420, 420, 420, 420, 420, 420, 420, 420, 420, 420, 420, 420, 420, 420, 420, 420, 420, 420, 420, 420, 420, 420, 420, 420, 420, 420, 420, 420, 420, 420, 420, 420, 420, 420, 420, 420, 420, 420, 420, 420, 420, 420, 420, 420, 420, 420, 420, 420, 420, 420, 420, 420, 420, 420, 420, 420, 420, 420, 420, 420, 420, 420, 420, 420, 420, 420, 420, 420, 420, 420, 420, 420, 420, 420, 420, 420, 420, 420, 420, 420, 420, 420, 420, 420, 420, 420, 420, 420, 420, 420, 420, 420, 420, 420, 420, 420, 420, 420, 420, 420, 420, 420, 420, 420, 420, 420, 420, 420, 420, 420, 420, 420, 420, 420, 420, 420, 420, 420, 420, 420, 420, 420, 420, 420, 420, 420, 420, 420, 420, 420, 420, 420, 420, 420, 420, 420, 420, 420, 420, 420, 420, 420, 420, 420, 420, 420, 420, 420, 420, 420, 420, 420, 420, 420, 420, 420, 420, 420, 420, 420, 420, 420, 420, 420, 420, 420, 420, 420, 420, 420, 420, 420, 420, 420, 420, 420]

ep112
Train step Loss: [0.9466196298599243, 0.9467871189117432, 0.9465740919113159, 0.9468274116516113, 0.9466735124588013, 0.9467691779136658, 0.9467886686325073, 0.9466573596000671, 0.9466140270233154, 0.9470613598823547, 0.9468115568161011, 0.9466681480407715, 0.946726381778717, 0.9466602802276611, 0.9465803503990173, 0.9467910528182983, 0.9466645121574402, 0.9466015100479126, 0.946674108505249, 0.9466578364372253, 0.9467359781265259, 0.9466629028320312, 0.9466989040374756, 0.9467021822929382, 0.9467109441757202, 0.946645200252533, 0.9465816617012024, 0.9466448426246643, 0.9466100931167603, 0.9466651082038879, 0.9467636942863464, 0.9466401934623718, 0.9466812610626221, 0.9466733932495117, 0.9467779397964478, 0.9468604922294617, 0.9467542171478271, 0.9466974139213562, 0.9465864896774292, 0.9465407133102417, 0.9467257857322693, 0.9467353820800781, 0.9471800923347473, 0.9466511011123657, 0.9465851187705994, 0.946724534034729, 0.9467794299125671, 0.9466982483863831, 0.9467449188232422, 0.9467515349388123, 0.9466707706451416, 0.9467105269432068, 0.9466148018836975, 0.9467203617095947, 0.9470576643943787, 0.9466585516929626, 0.9466410279273987, 0.946781575679779, 0.9467729926109314, 0.9467525482177734, 0.9467031359672546, 0.9471294283866882, 0.9466122984886169, 0.9466525316238403, 0.9466760158538818, 0.9466403722763062, 0.9467357993125916, 0.946666419506073, 0.9467135071754456, 0.9466730356216431, 0.9466033577919006, 0.9467196464538574, 0.9467347264289856, 0.9467803239822388, 0.9465264678001404, 0.946773111820221, 0.9466550350189209, 0.9467315077781677, 0.9467165470123291, 0.9470177292823792, 0.946678102016449, 0.9465832114219666, 0.9467489719390869, 0.9467148780822754, 0.9467042088508606, 0.9466195106506348, 0.9465994238853455, 0.9468039870262146, 0.9465948939323425, 0.946668803691864, 0.9465948343276978, 0.9467658400535583, 0.9466029405593872, 0.9466810822486877, 0.946629524230957, 0.9467778205871582, 0.9466267824172974, 0.9466431736946106, 0.9466586112976074, 0.9465959668159485, 0.9467195272445679, 0.9465287923812866, 0.9464990496635437, 0.9466445446014404, 0.9467219710350037]
val step Loss: [0.9503004550933838, 0.9496232271194458, 0.9476231932640076, 0.9538042545318604, 0.9480293393135071, 0.9477371573448181, 0.9479036331176758, 0.9479725956916809, 0.9484105706214905, 0.9483566284179688, 0.9478471279144287, 0.9476602077484131, 0.9479469656944275, 0.9480064511299133, 0.9481512308120728, 0.9478933811187744, 0.9489197731018066, 0.9480254650115967, 0.9479496479034424, 0.947944164276123, 0.9487651586532593, 0.9480655789375305, 0.951966404914856, 0.9481337070465088, 0.9479470252990723, 0.9483388066291809, 0.9479824304580688]
Train step Accs: [1.0, 1.0, 1.0, 1.0, 1.0, 1.0, 1.0, 1.0, 1.0, 1.0, 1.0, 1.0, 1.0, 1.0, 1.0, 1.0, 1.0, 1.0, 1.0, 1.0, 1.0, 1.0, 1.0, 1.0, 1.0, 1.0, 1.0, 1.0, 1.0, 1.0, 1.0, 1.0, 1.0, 1.0, 1.0, 1.0, 1.0, 1.0, 1.0, 1.0, 1.0, 1.0, 1.0, 1.0, 1.0, 1.0, 1.0, 1.0, 1.0, 1.0, 1.0, 1.0, 1.0, 1.0, 1.0, 1.0, 1.0, 1.0, 1.0, 1.0, 1.0, 1.0, 1.0, 1.0, 1.0, 1.0, 1.0, 1.0, 1.0, 1.0, 1.0, 1.0, 1.0, 1.0, 1.0, 1.0, 1.0, 1.0, 1.0, 1.0, 1.0, 1.0, 1.0, 1.0, 1.0, 1.0, 1.0, 1.0, 1.0, 1.0, 1.0, 1.0, 1.0, 1.0, 1.0, 1.0, 1.0, 1.0, 1.0, 1.0, 1.0, 1.0, 1.0, 1.0, 1.0]
val step Accs: [0.9996630727762803, 0.9997021593447506, 1.0, 0.9989165763813651, 1.0, 1.0, 1.0, 1.0, 1.0, 1.0, 1.0, 1.0, 1.0, 1.0, 1.0, 1.0, 0.9998456551937027, 1.0, 1.0, 1.0, 0.9998104624715694, 1.0, 0.9993044687880369, 1.0, 1.0, 1.0, 1.0]
Preds: [17, 17, 152, 152, 152, 378, 378, 43, 276, 345, 345, 109, 174, 284, 319, 240, 240, 240, 314, 239, 82, 82, 449, 371, 444, 213, 324, 324, 324, 286, 301, 132, 42, 42, 147, 380, 380, 288, 443, 432, 330, 330, 388, 33, 33, 64, 394, 398, 219, 464, 464, 464, 180, 315, 315, 450, 450, 293, 43, 43, 43, 364, 276, 276, 276, 276, 346, 346, 284, 284, 284, 284, 376, 376, 206, 206, 85, 85, 240, 388, 251, 251, 251, 251, 251, 251, 241, 431, 355, 355, 452, 263, 263, 263, 420, 374, 420, 420, 420, 420, 420, 420, 420, 420, 420, 420, 420, 420, 420, 420, 420, 420, 420, 420, 420, 420, 420, 420, 420, 420, 420, 420, 420, 420, 420, 420, 420, 420, 420, 420, 420, 420, 420, 420, 420, 420, 420, 420, 420, 420, 420, 420, 420, 420, 420, 420, 420, 420, 420, 420, 420, 420, 420, 420, 420, 420, 420, 420, 420, 420, 420, 420, 420, 420, 420, 420, 420, 420, 420, 420, 420, 420, 420, 420, 420, 420, 420, 420, 420, 420, 420, 420, 420, 420, 420, 420, 420, 420, 420, 420, 420, 420, 420, 420, 420, 420, 420, 420, 420, 420, 420, 420, 420, 420, 420, 420, 420, 420, 420, 420, 420, 420, 420, 420, 420, 420, 420, 420, 420, 420, 420, 420, 420, 420, 420, 420, 420, 420, 420, 420, 420, 420, 420, 420, 420, 420, 420, 420, 420, 420, 420, 420, 420, 420, 420, 420, 420, 420, 420, 420, 420, 420, 420, 420, 420, 420, 420, 420, 420, 420, 420, 420, 420, 420, 420, 420, 420, 420, 420, 420, 420, 420, 420, 420, 420, 420, 420, 420, 420, 420, 420, 420, 420, 420, 420, 420, 420, 420, 420, 420, 420, 420, 420, 420, 420, 420, 420, 420, 420, 420, 420, 420, 420, 420, 420, 420, 420, 420, 420, 420, 420, 420, 420, 420, 420, 420, 420, 420, 420, 420, 420, 420, 420, 420, 420, 420, 420, 420, 420, 420, 420, 420, 420, 420, 420, 420, 420, 420, 420, 420, 420, 420, 420, 420, 420, 420, 420, 420, 420, 420, 420, 420, 420, 420, 420, 420, 420, 420, 420, 420, 420, 420, 420, 420, 420, 420, 420, 420, 420, 420, 420, 420, 420, 420, 420, 420, 420, 420, 420, 420, 420, 420, 420, 420, 420, 420, 420, 420, 420, 420, 420, 420, 420, 420, 420, 420, 420, 420, 420, 420, 420, 420, 420, 420, 420, 420, 420, 420, 420, 420, 420, 420, 420, 420, 420, 420, 420, 420, 420, 420, 420, 420, 420, 420, 420, 420, 420, 420, 420, 420, 420, 420, 420, 420, 420, 420, 420, 420, 420, 420, 420, 420, 420, 420, 420, 420, 420, 420, 420, 420, 420, 420, 420, 420, 420, 420, 420, 420, 420, 420, 420, 420, 420, 420, 420, 420, 420, 420, 420, 420, 420, 420, 420, 420, 420, 420, 420, 420, 420, 420, 420, 420, 420, 420, 420, 420, 420, 420, 420, 420, 420, 420, 420, 420, 420, 420, 420, 420, 420, 420, 420, 420, 420, 420, 420, 420, 420, 420, 420, 420, 420, 420, 420, 420, 420, 420, 420, 420, 420, 420, 420, 420, 420, 420, 420, 420, 420, 420, 420, 420, 420, 420, 420, 420, 420, 420, 420, 420, 420, 420, 420, 420, 420, 420, 420, 420, 420, 420, 420, 420, 420, 420, 420, 420, 420, 420, 420, 420, 420, 420, 420, 420, 420, 420, 420, 420, 420, 420, 420, 420, 420, 420, 420, 420, 420, 420, 420, 420, 420, 420, 420, 420, 420, 420, 420, 420, 420, 420, 420, 420, 420, 420, 420, 420, 420, 420, 420, 420, 420, 420]

ep113
Train step Loss: [0.9465880990028381, 0.9468011856079102, 0.9465982913970947, 0.9470863342285156, 0.9470347762107849, 0.9465788006782532, 0.9467543959617615, 0.9466623067855835, 0.946540355682373, 0.9466096758842468, 0.9467231035232544, 0.9467913508415222, 0.946609616279602, 0.9467783570289612, 0.9465814232826233, 0.9466456174850464, 0.9471338391304016, 0.9467231035232544, 0.9466128349304199, 0.9467799067497253, 0.9467134475708008, 0.9467315077781677, 0.9467723369598389, 0.946621835231781, 0.946635365486145, 0.9466220140457153, 0.9467432498931885, 0.9466436505317688, 0.9466782808303833, 0.9467921257019043, 0.9467423558235168, 0.9466326832771301, 0.9467788934707642, 0.9466067552566528, 0.9468033313751221, 0.9466240406036377, 0.9466564655303955, 0.9465889930725098, 0.9467015862464905, 0.9466886520385742, 0.9466273784637451, 0.9466928839683533, 0.9467536211013794, 0.9466449022293091, 0.9466574192047119, 0.9467260837554932, 0.9466650485992432, 0.9466128349304199, 0.946648895740509, 0.9466104507446289, 0.9465926885604858, 0.9467481374740601, 0.9468048810958862, 0.9465945363044739, 0.9467236399650574, 0.946707010269165, 0.9467114210128784, 0.94651198387146, 0.9465261101722717, 0.9466474056243896, 0.9465437531471252, 0.946638822555542, 0.9466729760169983, 0.946561336517334, 0.9467044472694397, 0.946554958820343, 0.9467648863792419, 0.9467710852622986, 0.9466350674629211, 0.9464981555938721, 0.9466748833656311, 0.9467055201530457, 0.9467087984085083, 0.9466343522071838, 0.9466728568077087, 0.9465722441673279, 0.9466655850410461, 0.9466160535812378, 0.9467421770095825, 0.9466996192932129, 0.9466533660888672, 0.9465750455856323, 0.9466537833213806, 0.9466557502746582, 0.9466952681541443, 0.9466650485992432, 0.9467010498046875, 0.9467133283615112, 0.9466516971588135, 0.9466776251792908, 0.946904182434082, 0.9466662406921387, 0.9465683698654175, 0.9466149806976318, 0.9466736316680908, 0.9466755390167236, 0.9467450976371765, 0.9466423988342285, 0.9470051527023315, 0.94682377576828, 0.9467039108276367, 0.9466337561607361, 0.9465776681900024, 0.9467735290527344, 0.9465955495834351]
val step Loss: [0.9481879472732544, 0.9478500485420227, 0.9478855133056641, 0.9478468298912048, 0.9480365514755249, 0.9488646388053894, 0.9488744735717773, 0.9483537077903748, 0.9479195475578308, 0.9479330778121948, 0.9478772282600403, 0.9592387676239014, 0.9479877948760986, 0.9478539228439331, 0.9491443037986755, 0.9478965997695923, 0.9477333426475525, 0.948034405708313, 0.9481717348098755, 0.9480414390563965, 0.9486773014068604, 0.9477683305740356, 0.9479079842567444, 0.9478340148925781, 0.9480106830596924, 0.9479103684425354, 0.9478723406791687]
Train step Accs: [1.0, 1.0, 1.0, 1.0, 1.0, 1.0, 1.0, 1.0, 1.0, 1.0, 1.0, 1.0, 1.0, 1.0, 1.0, 1.0, 1.0, 1.0, 1.0, 1.0, 1.0, 1.0, 1.0, 1.0, 1.0, 1.0, 1.0, 1.0, 1.0, 1.0, 1.0, 1.0, 1.0, 1.0, 1.0, 1.0, 1.0, 1.0, 1.0, 1.0, 1.0, 1.0, 1.0, 1.0, 1.0, 1.0, 1.0, 1.0, 1.0, 1.0, 1.0, 1.0, 1.0, 1.0, 1.0, 1.0, 1.0, 1.0, 1.0, 1.0, 1.0, 1.0, 1.0, 1.0, 1.0, 1.0, 1.0, 1.0, 1.0, 1.0, 1.0, 1.0, 1.0, 1.0, 1.0, 1.0, 1.0, 1.0, 1.0, 1.0, 1.0, 1.0, 1.0, 1.0, 1.0, 1.0, 1.0, 1.0, 1.0, 1.0, 1.0, 1.0, 1.0, 1.0, 1.0, 1.0, 1.0, 1.0, 1.0, 1.0, 1.0, 1.0, 1.0, 1.0, 1.0]
val step Accs: [1.0, 1.0, 1.0, 1.0, 1.0, 0.99981556621173, 0.9998213009292352, 1.0, 1.0, 1.0, 1.0, 0.9979256698357822, 1.0, 1.0, 0.9998423707440101, 1.0, 1.0, 1.0, 1.0, 1.0, 0.9998325238653492, 1.0, 1.0, 1.0, 1.0, 1.0, 1.0]
Preds: [17, 17, 441, 153, 153, 153, 424, 387, 497, 497, 122, 122, 35, 35, 259, 384, 371, 180, 180, 84, 84, 139, 16, 16, 375, 375, 375, 375, 98, 98, 98, 13, 13, 414, 414, 249, 249, 20, 47, 312, 187, 187, 101, 101, 101, 101, 149, 149, 149, 321, 287, 287, 287, 287, 297, 297, 297, 293, 293, 293, 122, 216, 22, 106, 106, 106, 284, 284, 284, 284, 306, 306, 372, 245, 406, 406, 284, 65, 284, 284, 284, 376, 376, 282, 282, 169, 271, 150, 77, 342, 342, 168, 97, 483, 196, 196, 479, 199, 199, 199, 360, 360, 330, 252, 368, 310, 310, 395, 395, 213, 278, 278, 278, 252, 368, 77, 453, 453, 168, 485, 301, 301, 374, 199, 106, 84, 84, 84, 84, 496, 293, 215, 215, 8, 251, 241, 241, 106, 106, 106, 284, 426, 405, 387, 387, 406, 406, 467, 467, 337, 207, 207, 19, 358, 233, 414, 417, 417, 417, 417, 442, 442, 414, 170, 102, 491, 312, 292, 292, 292, 292, 326, 326, 408, 408, 408, 228, 321, 320, 451, 30, 30, 422, 99, 338, 338, 338, 338, 400, 400, 400, 400, 171, 171, 301, 301, 378, 43, 364, 345, 345, 109, 109, 476, 476, 171, 324, 324, 301, 301, 8, 259, 354, 354, 420, 420, 420, 324, 324, 301, 251, 251, 241, 241, 331, 443, 443, 443, 443, 120, 120, 120, 120, 207, 207, 207, 207, 37, 203, 399, 217, 217, 473, 473, 476, 476, 171, 171, 171, 171, 252, 252, 310, 453, 107, 395, 444, 213, 213, 360, 252, 252, 368, 77, 54, 54, 224, 168, 494, 278, 301, 116, 251, 251, 241, 431, 431, 486, 376, 376, 376, 376, 376, 460, 460, 460, 240, 240, 35, 198, 384, 371, 114, 180, 84, 84, 84, 387, 372, 467, 467, 467, 467, 467, 207, 207, 207, 19, 19, 17, 420, 374, 420, 374, 374, 374, 374, 374, 374, 374, 374, 374, 374, 374, 374, 374, 374, 374, 374, 374, 374, 374, 374, 374, 374, 374, 374, 374, 374, 374, 374, 374, 374, 374, 374, 374, 374, 374, 374, 374, 374, 374, 374, 374, 374, 374, 374, 374, 374, 374, 374, 374, 374, 374, 374, 374, 374, 374, 374, 374, 374, 374, 374, 374, 374, 374, 374, 374, 374, 374, 374, 374, 374, 374, 374, 374, 374, 374, 374, 374, 374, 374, 374, 374, 374, 374, 374, 374, 374, 374, 374, 374, 374, 374, 374, 374, 374, 374, 374, 374, 374, 374, 374, 374, 374, 374, 374, 374, 374, 374, 374, 374, 374, 374, 374, 374, 374, 374, 374, 374, 374, 374, 374, 374, 374, 374, 374, 374, 374, 374, 374, 374, 374, 374, 374, 374, 374, 374, 374, 374, 374, 374, 374, 374, 374, 374, 374, 374, 374, 374, 374, 374, 374, 374, 374, 374, 374, 374, 374, 374, 374, 374, 374, 374, 374, 374, 374, 374, 374, 374, 374, 374, 374, 374, 374, 374, 374, 374, 374, 374, 374, 374, 374, 374, 374, 374, 374, 374, 374, 374, 374, 374, 374, 374, 374, 374, 374, 374, 374, 374, 374, 374, 374, 374, 374, 374, 374, 374, 374, 374, 374, 374, 374, 374, 374, 374, 374, 374, 374, 374, 374, 374, 374, 374, 374, 374, 374, 374, 374, 374, 374, 374, 374, 374, 374, 374, 374, 374, 374, 374, 374, 374, 374, 374, 374, 374, 374, 374, 374, 374, 374, 374, 374, 374, 374, 374, 374, 374, 374, 374, 374, 374, 374, 374, 374, 374, 374, 374, 374, 374, 374, 374, 374, 374, 374, 374, 374, 374, 374, 374, 374, 374, 374, 374, 374, 374, 374, 374, 374, 374]

ep114
Train step Loss: [0.9465534090995789, 0.9465833902359009, 0.9466431736946106, 0.9466682076454163, 0.9467220902442932, 0.9466203451156616, 0.9466776251792908, 0.9470316767692566, 0.9466209411621094, 0.9465845823287964, 0.9466636180877686, 0.9466476440429688, 0.9465392231941223, 0.9464943408966064, 0.9466791152954102, 0.9466801881790161, 0.9466497302055359, 0.9466477036476135, 0.9467214941978455, 0.9466946125030518, 0.9466401934623718, 0.9466062188148499, 0.9467131495475769, 0.9466826915740967, 0.946687638759613, 0.9466469883918762, 0.9466965794563293, 0.9467062950134277, 0.9466196298599243, 0.9466189742088318, 0.9466633200645447, 0.946700394153595, 0.9466711282730103, 0.9466409087181091, 0.9466390609741211, 0.9467803835868835, 0.9466085433959961, 0.9468154311180115, 0.9468047022819519, 0.947047233581543, 0.9467793107032776, 0.94678795337677, 0.9466749429702759, 0.9466961026191711, 0.946557343006134, 0.9466410279273987, 0.94680255651474, 0.9466208815574646, 0.9470303058624268, 0.9466327428817749, 0.9467194676399231, 0.9465588331222534, 0.946678102016449, 0.9466862082481384, 0.9466682076454163, 0.9466319680213928, 0.9467270374298096, 0.946663498878479, 0.9466663002967834, 0.9466946125030518, 0.9467167258262634, 0.9466899037361145, 0.946510374546051, 0.9465963840484619, 0.9467231035232544, 0.9466072916984558, 0.9466876983642578, 0.9465319514274597, 0.9470099210739136, 0.94675612449646, 0.9465969204902649, 0.946606457233429, 0.9466962814331055, 0.9466788172721863, 0.9465521574020386, 0.9465974569320679, 0.9466239213943481, 0.9465624094009399, 0.9467490315437317, 0.9465925693511963, 0.9466602802276611, 0.9466862082481384, 0.9466037154197693, 0.9465546607971191, 0.9466583132743835, 0.9465726613998413, 0.9465711116790771, 0.9467133283615112, 0.9466285705566406, 0.9467012286186218, 0.946528971195221, 0.946725070476532, 0.9466784596443176, 0.9471091032028198, 0.9467424154281616, 0.9467294216156006, 0.9467007517814636, 0.9466832876205444, 0.9466465711593628, 0.9466586112976074, 0.9467653632164001, 0.9466325044631958, 0.9466509222984314, 0.9465511441230774, 0.9465885758399963]
val step Loss: [0.9477453231811523, 0.94771409034729, 0.947786271572113, 0.9478771686553955, 0.9479596614837646, 0.9478162527084351, 0.9478225708007812, 0.9478351473808289, 0.9481474161148071, 0.9488807916641235, 0.9479600787162781, 0.9479477405548096, 0.9477756023406982, 0.9480820894241333, 0.947970449924469, 0.9483522176742554, 0.9531559944152832, 0.9513545632362366, 0.948805570602417, 0.949512243270874, 0.9480180144309998, 0.9477748870849609, 0.9479343295097351, 0.9486961364746094, 0.9495571255683899, 0.9479057788848877, 0.947887659072876]
Train step Accs: [1.0, 1.0, 1.0, 1.0, 1.0, 1.0, 1.0, 1.0, 1.0, 1.0, 1.0, 1.0, 1.0, 1.0, 1.0, 1.0, 1.0, 1.0, 1.0, 1.0, 1.0, 1.0, 1.0, 1.0, 1.0, 1.0, 1.0, 1.0, 1.0, 1.0, 1.0, 1.0, 1.0, 1.0, 1.0, 1.0, 1.0, 1.0, 1.0, 1.0, 1.0, 1.0, 1.0, 1.0, 1.0, 1.0, 1.0, 1.0, 1.0, 1.0, 1.0, 1.0, 1.0, 1.0, 1.0, 1.0, 1.0, 1.0, 1.0, 1.0, 1.0, 1.0, 1.0, 1.0, 1.0, 1.0, 1.0, 1.0, 1.0, 1.0, 1.0, 1.0, 1.0, 1.0, 1.0, 1.0, 1.0, 1.0, 1.0, 1.0, 1.0, 1.0, 1.0, 1.0, 1.0, 1.0, 1.0, 1.0, 1.0, 1.0, 1.0, 1.0, 1.0, 1.0, 1.0, 1.0, 1.0, 1.0, 1.0, 1.0, 1.0, 1.0, 1.0, 1.0, 1.0]
val step Accs: [1.0, 1.0, 1.0, 1.0, 1.0, 1.0, 1.0, 1.0, 1.0, 0.99982341515098, 1.0, 1.0, 1.0, 1.0, 1.0, 1.0, 0.9990495802312688, 0.9993951308029638, 0.9998344370860928, 0.9997679275934092, 1.0, 1.0, 1.0, 0.999857020303117, 0.9996805622105095, 1.0, 1.0]
Preds: [17, 17, 17, 345, 442, 487, 152, 152, 152, 301, 378, 43, 276, 345, 109, 109, 284, 486, 460, 240, 240, 385, 314, 32, 239, 75, 384, 371, 191, 191, 240, 385, 143, 401, 244, 75, 127, 273, 180, 486, 486, 486, 460, 282, 167, 385, 457, 196, 196, 219, 398, 464, 464, 486, 486, 460, 460, 215, 215, 401, 401, 244, 321, 354, 420, 420, 324, 422, 77, 478, 68, 68, 68, 224, 273, 444, 444, 324, 301, 314, 217, 473, 398, 398, 324, 301, 10, 10, 309, 479, 380, 374, 213, 213, 213, 213, 246, 301, 301, 378, 29, 134, 134, 134, 203, 280, 337, 324, 324, 324, 324, 3, 464, 464, 145, 113, 206, 169, 349, 349, 205, 261, 261, 25, 100, 153, 153, 43, 43, 276, 276, 182, 387, 387, 387, 178, 129, 401, 244, 244, 208, 441, 100, 100, 100, 182, 182, 375, 98, 98, 229, 244, 244, 247, 126, 126, 326, 101, 101, 391, 228, 244, 244, 320, 287, 287, 287, 206, 240, 35, 36, 449, 449, 224, 168, 278, 464, 331, 315, 319, 450, 293, 43, 276, 182, 497, 497, 497, 122, 186, 349, 234, 234, 261, 25, 25, 106, 428, 428, 146, 146, 146, 171, 324, 324, 324, 324, 464, 464, 464, 464, 486, 486, 85, 85, 240, 251, 251, 251, 241, 431, 428, 428, 146, 146, 219, 219, 219, 219, 219, 464, 464, 443, 486, 486, 460, 460, 169, 169, 349, 352, 261, 25, 485, 152, 152, 422, 143, 458, 458, 75, 208, 441, 100, 100, 100, 98, 98, 48, 48, 17, 17, 420, 420, 420, 420, 420, 420, 420, 420, 420, 420, 420, 420, 420, 420, 420, 420, 420, 420, 420, 420, 420, 420, 420, 420, 420, 420, 420, 420, 420, 420, 420, 420, 420, 420, 420, 420, 420, 420, 420, 420, 420, 420, 420, 420, 420, 420, 420, 420, 420, 420, 420, 420, 420, 420, 420, 420, 420, 420, 420, 420, 420, 420, 420, 420, 420, 420, 420, 420, 420, 420, 420, 420, 420, 420, 420, 420, 420, 420, 420, 420, 420, 420, 420, 420, 420, 420, 420, 420, 420, 420, 420, 420, 420, 420, 420, 420, 420, 420, 420, 420, 420, 420, 420, 420, 420, 420, 420, 420, 420, 420, 420, 420, 420, 420, 420, 420, 420, 420, 420, 420, 420, 420, 420, 420, 420, 420, 420, 420, 420, 420, 420, 420, 420, 420, 420, 420, 420, 420, 420, 420, 420, 420, 420, 420, 420, 420, 420, 420, 420, 420, 420, 420, 420, 420, 420, 420, 420, 420, 420, 420, 420, 420, 420, 420, 420, 420, 420, 420, 420, 420, 420, 420, 420, 420, 420, 420, 420, 420, 420, 420, 420, 420, 420, 420, 420, 420, 420, 420, 420, 420, 420, 420, 420, 420, 420, 420, 420, 420, 420, 420, 420, 420, 420, 420, 420, 420, 420, 420, 420, 420, 420, 420, 420, 420, 420, 420, 420, 420, 420, 420, 420, 420, 420, 420, 420, 420, 420, 420, 420, 420, 420, 420, 420, 420, 420, 420, 420, 420, 420, 420, 420, 420, 420, 420, 420, 420, 420, 420, 420, 420, 420, 420, 420, 420, 420, 420, 420, 420, 420, 420, 420, 420, 420, 420, 420, 420, 420, 420, 420, 420, 420, 420, 420, 420, 420, 420, 420, 420, 420, 420, 420, 420, 420, 420, 420, 420, 420, 420, 420, 420, 420, 420, 420, 420, 420, 420, 420, 420, 420, 420, 420, 420, 420, 420, 420, 420, 420, 420, 420, 420, 420, 420, 420, 420, 420, 420, 420, 420, 420, 420, 420, 420, 420, 420, 420, 420, 420, 420, 420, 420, 420, 420, 420, 420, 420, 420, 420, 420]

ep115
Train step Loss: [0.9468140602111816, 0.9466866850852966, 0.9464688301086426, 0.9465777277946472, 0.9468026161193848, 0.9467536807060242, 0.946700930595398, 0.9465339183807373, 0.9466599225997925, 0.9467365741729736, 0.9466090202331543, 0.9466099143028259, 0.9466140270233154, 0.9465410113334656, 0.9465133547782898, 0.946702778339386, 0.9466798305511475, 0.9471167325973511, 0.9466614127159119, 0.9466010332107544, 0.946706235408783, 0.946636438369751, 0.9465804100036621, 0.9464987516403198, 0.9466861486434937, 0.9465122222900391, 0.9466190338134766, 0.946586549282074, 0.9466812610626221, 0.9467554092407227, 0.9466295838356018, 0.9466528296470642, 0.9466750025749207, 0.9467017650604248, 0.9467036724090576, 0.9466043710708618, 0.9466810822486877, 0.9467386603355408, 0.946596622467041, 0.9466422200202942, 0.9464725255966187, 0.9465808272361755, 0.9467231631278992, 0.9466180801391602, 0.9470454454421997, 0.9466431736946106, 0.9466354846954346, 0.9467133283615112, 0.946715235710144, 0.9466052651405334, 0.9466014504432678, 0.9466432332992554, 0.9471055269241333, 0.9468242526054382, 0.9467176198959351, 0.9466530084609985, 0.9466593861579895, 0.9466789960861206, 0.946581244468689, 0.9466325640678406, 0.9471840858459473, 0.9466840624809265, 0.9466187953948975, 0.9466401934623718, 0.9466335773468018, 0.9466307163238525, 0.9467260837554932, 0.9466935992240906, 0.9466493129730225, 0.9465444684028625, 0.9467180371284485, 0.94652259349823, 0.9466265439987183, 0.947006106376648, 0.9465936422348022, 0.9465938210487366, 0.9466392993927002, 0.9467371106147766, 0.9467196464538574, 0.9465832114219666, 0.9466136693954468, 0.946675181388855, 0.9466274380683899, 0.9466748237609863, 0.9465705752372742, 0.9466880559921265, 0.9464914798736572, 0.9467503428459167, 0.9466373920440674, 0.9465436935424805, 0.946554958820343, 0.9468083381652832, 0.9466129541397095, 0.9466391205787659, 0.9465914964675903, 0.9465758800506592, 0.946678638458252, 0.9466532468795776, 0.9465530514717102, 0.946540117263794, 0.9465322494506836, 0.9467324018478394, 0.9465731382369995, 0.946686327457428, 0.9466849565505981]
val step Loss: [0.948323130607605, 0.9476580619812012, 0.9479409456253052, 0.9477831721305847, 0.9479726552963257, 0.9478023648262024, 0.9477872252464294, 0.947873055934906, 0.9479837417602539, 0.9483652710914612, 0.9480217695236206, 0.9477131366729736, 0.9476350545883179, 0.9499533176422119, 0.9529287815093994, 0.9492665529251099, 0.9486823081970215, 0.9478963017463684, 0.9488516449928284, 0.9481096267700195, 0.9477694034576416, 0.9477989077568054, 0.947931170463562, 0.9482430219650269, 0.9491598010063171, 0.9517757296562195, 0.9476479291915894]
Train step Accs: [1.0, 1.0, 1.0, 1.0, 1.0, 1.0, 1.0, 1.0, 1.0, 1.0, 1.0, 1.0, 1.0, 1.0, 1.0, 1.0, 1.0, 1.0, 1.0, 1.0, 1.0, 1.0, 1.0, 1.0, 1.0, 1.0, 1.0, 1.0, 1.0, 1.0, 1.0, 1.0, 1.0, 1.0, 1.0, 1.0, 1.0, 1.0, 1.0, 1.0, 1.0, 1.0, 1.0, 1.0, 1.0, 1.0, 1.0, 1.0, 1.0, 1.0, 1.0, 1.0, 1.0, 1.0, 1.0, 1.0, 1.0, 1.0, 1.0, 1.0, 1.0, 1.0, 1.0, 1.0, 1.0, 1.0, 1.0, 1.0, 1.0, 1.0, 1.0, 1.0, 1.0, 1.0, 1.0, 1.0, 1.0, 1.0, 1.0, 1.0, 1.0, 1.0, 1.0, 1.0, 1.0, 1.0, 1.0, 1.0, 1.0, 1.0, 1.0, 1.0, 1.0, 1.0, 1.0, 1.0, 1.0, 1.0, 1.0, 1.0, 1.0, 1.0, 1.0, 1.0, 1.0]
val step Accs: [1.0, 1.0, 1.0, 1.0, 1.0, 1.0, 1.0, 1.0, 1.0, 1.0, 1.0, 1.0, 1.0, 0.9996405463695184, 0.999057936881771, 0.9998422712933754, 0.9998445998445998, 1.0, 0.9998052959501558, 1.0, 1.0, 1.0, 1.0, 1.0, 0.9998014691284495, 0.9993117687543015, 1.0]
Preds: [17, 17, 32, 239, 384, 377, 371, 374, 374, 374, 132, 8, 8, 259, 354, 354, 180, 180, 443, 120, 120, 120, 120, 120, 240, 240, 240, 216, 285, 84, 84, 302, 302, 100, 375, 375, 375, 98, 98, 98, 229, 229, 247, 312, 312, 187, 1, 101, 101, 101, 321, 321, 287, 287, 287, 287, 284, 284, 284, 206, 167, 348, 379, 77, 77, 478, 66, 323, 323, 172, 115, 273, 273, 273, 151, 240, 240, 285, 199, 111, 111, 111, 111, 438, 438, 438, 219, 324, 324, 464, 464, 464, 464, 301, 301, 143, 35, 74, 437, 437, 437, 284, 284, 285, 285, 106, 284, 284, 284, 284, 426, 426, 293, 293, 293, 182, 346, 346, 284, 284, 284, 284, 426, 481, 293, 293, 43, 43, 276, 276, 276, 174, 387, 348, 10, 398, 398, 398, 398, 374, 378, 406, 406, 406, 88, 88, 81, 81, 337, 337, 146, 324, 219, 219, 219, 152, 152, 58, 58, 27, 351, 486, 486, 486, 486, 486, 460, 460, 460, 167, 35, 35, 219, 219, 219, 485, 485, 477, 374, 374, 374, 374, 374, 304, 304, 337, 41, 19, 19, 454, 454, 229, 229, 229, 312, 312, 187, 187, 23, 23, 23, 260, 391, 391, 321, 321, 320, 320, 345, 100, 100, 497, 497, 497, 122, 216, 453, 168, 5, 258, 38, 99, 99, 338, 338, 338, 338, 338, 400, 400, 444, 171, 171, 171, 171, 171, 464, 464, 335, 14, 14, 287, 145, 145, 111, 111, 240, 240, 146, 219, 219, 219, 464, 464, 464, 222, 84, 245, 245, 245, 43, 43, 43, 364, 276, 276, 276, 276, 276, 346, 346, 346, 284, 284, 206, 206, 206, 167, 167, 35, 14, 411, 411, 411, 424, 424, 424, 153, 182, 182, 182, 182, 182, 182, 182, 122, 122, 250, 303, 195, 195, 195, 303, 117, 98, 117, 117, 48, 48, 48, 414, 170, 244, 244, 392, 244, 392, 392, 392, 244, 73, 7, 7, 321, 7, 7, 127, 451, 30, 30, 324, 301, 301, 378, 325, 114, 114, 114, 180, 486, 486, 486, 315, 460, 285, 285, 285, 467, 85, 111, 403, 146, 207, 299, 299, 434, 434, 250, 250, 413, 271, 186, 186, 99, 99, 338, 338, 395, 395, 273, 273, 432, 432, 330, 240, 240, 385, 35, 77, 164, 164, 115, 273, 273, 180, 151, 151, 151, 206, 130, 130, 402, 183, 219, 219, 219, 213, 213, 213, 246, 246, 246, 246, 301, 301, 378, 43, 43, 276, 276, 153, 153, 387, 413, 413, 360, 219, 246, 246, 246, 246, 246, 246, 246, 19, 17, 420, 374, 420, 420, 420, 420, 420, 420, 420, 420, 420, 420, 420, 420, 420, 420, 420, 420, 420, 420, 420, 420, 420, 420, 420, 420, 420, 420, 420, 420, 420, 420, 420, 420, 420, 420, 420, 420, 420, 420, 420, 420, 420, 420, 420, 420, 420, 420, 420, 420, 420, 420, 420, 420, 420, 420, 420, 420, 420, 420, 420, 420, 420, 420, 420, 420, 420, 420, 420, 420, 420, 420, 420, 420, 420, 420, 420, 420, 420, 420, 420, 420, 420, 420, 420, 420, 420, 420, 420, 420, 420, 420, 420, 420, 420, 420, 420, 420, 420, 420, 420, 420, 420, 420, 420, 420, 420, 420, 420, 420, 420, 420, 420, 420, 420, 420, 420, 420, 420, 420, 420, 420, 420, 420, 420, 420, 420, 420, 420, 420, 420, 420, 420, 420, 420, 420, 420, 420, 420, 420, 420, 420, 420, 420, 420, 420, 420, 420, 420, 420, 420, 420, 420, 420, 420, 420, 420, 420, 420, 420, 420, 420, 420, 420, 420, 420, 420, 420, 420, 420, 420, 420, 420, 420]

ep116
Train step Loss: [0.9466531872749329, 0.9467543363571167, 0.9466423988342285, 0.9465972185134888, 0.9466015696525574, 0.9466466307640076, 0.9465547800064087, 0.9466046094894409, 0.9466817378997803, 0.9470549821853638, 0.9465852379798889, 0.9465234875679016, 0.9467818140983582, 0.946638286113739, 0.9466525912284851, 0.946826696395874, 0.9464901089668274, 0.9465665221214294, 0.9465283155441284, 0.9465876817703247, 0.9466163516044617, 0.9465333223342896, 0.946536660194397, 0.9466464519500732, 0.9466729164123535, 0.9466865062713623, 0.9466559886932373, 0.9466860890388489, 0.9465929269790649, 0.9464901685714722, 0.947020411491394, 0.9466959238052368, 0.9465728402137756, 0.9466530680656433, 0.9465283155441284, 0.9465241432189941, 0.946639895439148, 0.9466834664344788, 0.9465060234069824, 0.9467068910598755, 0.9465656876564026, 0.9466960430145264, 0.9465377330780029, 0.9465775489807129, 0.9468376636505127, 0.9465698599815369, 0.9466331005096436, 0.9466938972473145, 0.9465956091880798, 0.9465960264205933, 0.9466331005096436, 0.9465992450714111, 0.9467955231666565, 0.9466742873191833, 0.9466888904571533, 0.9466245174407959, 0.9464678764343262, 0.9466400146484375, 0.9466269612312317, 0.9472137093544006, 0.9465845823287964, 0.9465879201889038, 0.9465982913970947, 0.9466816186904907, 0.9466503858566284, 0.9465284943580627, 0.946658194065094, 0.9465770721435547, 0.9467298984527588, 0.9466224312782288, 0.9466500282287598, 0.9466201066970825, 0.9466025233268738, 0.946546196937561, 0.9465656280517578, 0.9465577006340027, 0.9467250108718872, 0.9465542435646057, 0.9465689659118652, 0.9466390609741211, 0.9467920064926147, 0.9467755556106567, 0.9468792676925659, 0.946720540523529, 0.9467747807502747, 0.946516215801239, 0.9467231035232544, 0.9466650485992432, 0.9466180205345154, 0.9466837644577026, 0.9466878771781921, 0.9465531706809998, 0.9465314745903015, 0.9469123482704163, 0.9468480944633484, 0.9466317892074585, 0.946635901927948, 0.9466219544410706, 0.9466128945350647, 0.9464975595474243, 0.9466310143470764, 0.9467778205871582, 0.9467055201530457, 0.9467347860336304, 0.9466293454170227]
val step Loss: [0.9486002922058105, 0.9480539560317993, 0.9476643800735474, 0.9477050304412842, 0.9488832950592041, 0.9477758407592773, 0.9476976990699768, 0.9478563070297241, 0.9477944374084473, 0.9476516246795654, 0.94781494140625, 0.9489205479621887, 0.9480772018432617, 0.9483336806297302, 0.9477691054344177, 0.9478843212127686, 0.9479191899299622, 0.951910138130188, 0.9479239583015442, 0.948006808757782, 0.9488521218299866, 0.9480044841766357, 0.9479107856750488, 0.9495328068733215, 0.952735185623169, 0.9479430317878723, 0.9481604099273682]
Train step Accs: [1.0, 1.0, 1.0, 1.0, 1.0, 1.0, 1.0, 1.0, 1.0, 1.0, 1.0, 1.0, 1.0, 1.0, 1.0, 1.0, 1.0, 1.0, 1.0, 1.0, 1.0, 1.0, 1.0, 1.0, 1.0, 1.0, 1.0, 1.0, 1.0, 1.0, 1.0, 1.0, 1.0, 1.0, 1.0, 1.0, 1.0, 1.0, 1.0, 1.0, 1.0, 1.0, 1.0, 1.0, 1.0, 1.0, 1.0, 1.0, 1.0, 1.0, 1.0, 1.0, 1.0, 1.0, 1.0, 1.0, 1.0, 1.0, 1.0, 1.0, 1.0, 1.0, 1.0, 1.0, 1.0, 1.0, 1.0, 1.0, 1.0, 1.0, 1.0, 1.0, 1.0, 1.0, 1.0, 1.0, 1.0, 1.0, 1.0, 1.0, 1.0, 1.0, 1.0, 1.0, 1.0, 1.0, 1.0, 1.0, 1.0, 1.0, 1.0, 1.0, 1.0, 1.0, 1.0, 1.0, 1.0, 1.0, 1.0, 1.0, 1.0, 1.0, 1.0, 1.0, 1.0]
val step Accs: [0.9998643516006511, 1.0, 1.0, 1.0, 0.9998321866084914, 1.0, 1.0, 1.0, 1.0, 1.0, 1.0, 0.9998530708198649, 1.0, 1.0, 1.0, 1.0, 1.0, 0.9992343032159265, 1.0, 1.0, 0.999817050859861, 1.0, 1.0, 0.9996948428440647, 0.9990838295923041, 1.0, 1.0]
Preds: [17, 17, 445, 464, 171, 171, 171, 171, 252, 252, 314, 32, 239, 36, 107, 107, 395, 213, 213, 213, 213, 246, 19, 454, 229, 229, 247, 126, 126, 126, 126, 326, 326, 408, 408, 408, 391, 228, 244, 320, 7, 7, 32, 32, 239, 108, 371, 371, 278, 278, 422, 236, 239, 239, 384, 449, 371, 470, 180, 443, 443, 443, 443, 403, 403, 171, 438, 203, 399, 217, 250, 250, 250, 138, 153, 88, 132, 374, 219, 219, 219, 219, 219, 464, 464, 171, 171, 171, 171, 246, 246, 246, 246, 24, 24, 239, 239, 384, 384, 420, 324, 324, 340, 116, 10, 10, 309, 479, 479, 331, 106, 153, 426, 426, 293, 293, 293, 98, 98, 335, 335, 226, 226, 209, 188, 188, 213, 324, 301, 8, 8, 239, 354, 354, 106, 355, 355, 376, 376, 460, 452, 263, 263, 263, 13, 229, 229, 82, 312, 23, 23, 23, 408, 149, 228, 244, 320, 479, 479, 398, 324, 422, 143, 465, 465, 354, 354, 346, 284, 486, 206, 169, 150, 342, 342, 164, 164, 224, 273, 470, 403, 403, 464, 464, 464, 355, 178, 143, 129, 458, 208, 208, 441, 100, 387, 387, 313, 236, 239, 239, 310, 107, 107, 395, 278, 443, 443, 240, 215, 215, 129, 259, 354, 284, 206, 460, 240, 35, 36, 164, 342, 351, 180, 486, 460, 460, 178, 178, 233, 458, 192, 192, 41, 41, 41, 41, 19, 19, 19, 454, 454, 229, 229, 82, 126, 126, 292, 326, 408, 408, 149, 244, 244, 373, 338, 338, 338, 395, 494, 374, 416, 8, 32, 239, 354, 65, 65, 481, 481, 481, 293, 143, 35, 458, 208, 100, 100, 387, 387, 122, 236, 129, 259, 310, 108, 323, 224, 397, 106, 88, 88, 387, 203, 399, 217, 473, 473, 398, 324, 464, 422, 416, 143, 458, 144, 208, 27, 441, 125, 125, 387, 206, 175, 251, 251, 241, 431, 486, 460, 460, 167, 178, 35, 77, 342, 342, 342, 224, 267, 267, 444, 324, 246, 246, 477, 301, 313, 325, 325, 34, 324, 324, 301, 422, 24, 239, 384, 371, 180, 486, 486, 460, 240, 240, 24, 239, 310, 107, 395, 255, 416, 143, 129, 401, 259, 320, 354, 354, 109, 337, 41, 324, 19, 19, 454, 454, 229, 229, 247, 312, 187, 187, 187, 408, 408, 391, 391, 73, 244, 320, 7, 7, 371, 398, 324, 301, 116, 251, 251, 331, 106, 88, 88, 88, 106, 284, 405, 206, 206, 178, 35, 35, 401, 259, 354, 106, 284, 405, 405, 206, 178, 178, 35, 233, 401, 401, 320, 7, 276, 100, 375, 98, 98, 98, 249, 305, 305, 170, 244, 28, 28, 392, 392, 392, 63, 63, 392, 63, 63, 63, 392, 63, 63, 63, 63, 63, 244, 195, 305, 211, 211, 17, 420, 420, 420, 420, 420, 420, 420, 420, 420, 420, 420, 420, 420, 420, 420, 420, 420, 420, 420, 420, 420, 420, 420, 420, 420, 420, 420, 420, 420, 420, 420, 420, 420, 420, 420, 420, 420, 420, 420, 420, 420, 420, 420, 420, 420, 420, 420, 420, 420, 420, 420, 420, 420, 420, 420, 420, 420, 420, 420, 420, 420, 420, 420, 420, 420, 420, 420, 420, 420, 420, 420, 420, 420, 420, 420, 420, 420, 420, 420, 420, 420, 420, 420, 420, 420, 420, 420, 420, 420, 420, 420, 420, 420, 420, 420, 420, 420, 420, 420, 420, 420, 420, 420, 420, 420, 420, 420, 420, 420, 420, 420, 420, 420, 420, 420, 420, 420, 420, 420, 420, 420, 420, 420, 420, 420, 420, 420, 420, 420, 420, 420, 420, 420, 420, 420, 420, 420, 420]

ep117
Train step Loss: [0.9466158151626587, 0.9466110467910767, 0.9466156959533691, 0.9470123648643494, 0.9466993808746338, 0.9465453624725342, 0.946682870388031, 0.9465416669845581, 0.946506679058075, 0.9466273784637451, 0.9467681646347046, 0.946675181388855, 0.9465386867523193, 0.946611762046814, 0.9464896321296692, 0.946712851524353, 0.9465804100036621, 0.9466145038604736, 0.9466241002082825, 0.946669340133667, 0.9466167092323303, 0.9469281435012817, 0.946603536605835, 0.9466475248336792, 0.9466037154197693, 0.9466243386268616, 0.9466738104820251, 0.9465784430503845, 0.9466880559921265, 0.9467315673828125, 0.9465864300727844, 0.9467127919197083, 0.9466290473937988, 0.9466062784194946, 0.9465945363044739, 0.9466331005096436, 0.9465981721878052, 0.9466649889945984, 0.9466007947921753, 0.9466128349304199, 0.9466568231582642, 0.9466724991798401, 0.9466874003410339, 0.9466493129730225, 0.9465916752815247, 0.9465362429618835, 0.9464465379714966, 0.9466345906257629, 0.9465084075927734, 0.9466637969017029, 0.9466155171394348, 0.9466134905815125, 0.9466224908828735, 0.9466590881347656, 0.9465263485908508, 0.9470586180686951, 0.9465884566307068, 0.9465444087982178, 0.9466390013694763, 0.9466478228569031, 0.9465614557266235, 0.9467165470123291, 0.9466537237167358, 0.9466046690940857, 0.9467047452926636, 0.9466770887374878, 0.9465596675872803, 0.9466184377670288, 0.9466718435287476, 0.9465817213058472, 0.9467383623123169, 0.9465784430503845, 0.9465534687042236, 0.9466177225112915, 0.9467399716377258, 0.9465910196304321, 0.9465704560279846, 0.9465420246124268, 0.9466903209686279, 0.9466406106948853, 0.946587324142456, 0.94664466381073, 0.9467577934265137, 0.9465793967247009, 0.9466139078140259, 0.9467988610267639, 0.9465486407279968, 0.9465749263763428, 0.94673091173172, 0.9465960264205933, 0.9466336965560913, 0.9466380476951599, 0.9470449686050415, 0.9466532468795776, 0.9465867280960083, 0.9466642141342163, 0.9465832710266113, 0.9465193152427673, 0.946605920791626, 0.9466344118118286, 0.946672797203064, 0.9467641115188599, 0.9469535946846008, 0.9465559124946594, 0.9465392827987671]
val step Loss: [0.948095977306366, 0.9477792978286743, 0.9530076384544373, 0.9478111863136292, 0.9477859735488892, 0.9479128122329712, 0.9475447535514832, 0.9533138871192932, 0.9477224349975586, 0.9479315876960754, 0.9477806091308594, 0.9478461742401123, 0.9478416442871094, 0.9481325149536133, 0.9478998184204102, 0.9478657841682434, 0.9478127360343933, 0.9492800831794739, 0.9477621912956238, 0.9477136135101318, 0.9509456157684326, 0.9486755132675171, 0.9475737810134888, 0.9478161334991455, 0.9478415250778198, 0.9477644562721252, 0.9477109909057617]
Train step Accs: [1.0, 1.0, 1.0, 1.0, 1.0, 1.0, 1.0, 1.0, 1.0, 1.0, 1.0, 1.0, 1.0, 1.0, 1.0, 1.0, 1.0, 1.0, 1.0, 1.0, 1.0, 1.0, 1.0, 1.0, 1.0, 1.0, 1.0, 1.0, 1.0, 1.0, 1.0, 1.0, 1.0, 1.0, 1.0, 1.0, 1.0, 1.0, 1.0, 1.0, 1.0, 1.0, 1.0, 1.0, 1.0, 1.0, 1.0, 1.0, 1.0, 1.0, 1.0, 1.0, 1.0, 1.0, 1.0, 1.0, 1.0, 1.0, 1.0, 1.0, 1.0, 1.0, 1.0, 1.0, 1.0, 1.0, 1.0, 1.0, 1.0, 1.0, 1.0, 1.0, 1.0, 1.0, 1.0, 1.0, 1.0, 1.0, 1.0, 1.0, 1.0, 1.0, 1.0, 1.0, 1.0, 1.0, 1.0, 1.0, 1.0, 1.0, 1.0, 1.0, 1.0, 1.0, 1.0, 1.0, 1.0, 1.0, 1.0, 1.0, 1.0, 1.0, 1.0, 1.0, 1.0]
val step Accs: [1.0, 1.0, 0.9990766389658357, 1.0, 1.0, 1.0, 1.0, 0.9990444338270426, 1.0, 1.0, 1.0, 1.0, 1.0, 1.0, 1.0, 1.0, 1.0, 0.9997970367363507, 1.0, 1.0, 0.9994667614646285, 0.9998385794995964, 1.0, 1.0, 1.0, 1.0, 1.0]
Preds: [17, 17, 32, 239, 384, 377, 371, 374, 374, 374, 132, 8, 8, 259, 354, 354, 180, 180, 443, 120, 120, 120, 120, 120, 240, 240, 240, 216, 285, 84, 84, 302, 302, 100, 375, 375, 375, 98, 98, 98, 229, 229, 247, 312, 312, 187, 1, 101, 101, 101, 321, 321, 287, 287, 287, 287, 284, 284, 284, 206, 167, 348, 379, 77, 77, 478, 66, 323, 323, 172, 115, 273, 273, 273, 151, 240, 240, 285, 199, 111, 111, 111, 111, 438, 438, 438, 219, 324, 324, 464, 464, 464, 464, 301, 301, 143, 35, 74, 437, 437, 437, 284, 284, 285, 285, 106, 284, 284, 284, 284, 426, 426, 293, 293, 293, 182, 346, 346, 284, 284, 284, 284, 426, 481, 293, 293, 43, 43, 276, 276, 276, 174, 387, 348, 10, 398, 398, 398, 398, 374, 378, 406, 406, 406, 88, 88, 81, 81, 337, 337, 146, 324, 219, 219, 219, 152, 152, 58, 58, 27, 351, 486, 486, 486, 486, 486, 460, 460, 460, 167, 35, 35, 219, 219, 219, 485, 485, 477, 374, 374, 374, 374, 374, 304, 304, 337, 41, 19, 19, 454, 454, 229, 229, 229, 312, 312, 187, 187, 23, 23, 23, 260, 391, 391, 321, 321, 320, 320, 345, 100, 100, 497, 497, 497, 122, 216, 453, 168, 5, 258, 38, 99, 99, 338, 338, 338, 338, 338, 400, 400, 444, 171, 171, 171, 171, 171, 464, 464, 335, 14, 14, 287, 145, 145, 111, 111, 240, 240, 146, 219, 219, 219, 464, 464, 464, 222, 84, 245, 245, 245, 43, 43, 43, 364, 276, 276, 276, 276, 276, 346, 346, 346, 284, 284, 206, 206, 206, 167, 167, 35, 14, 411, 411, 411, 424, 424, 424, 153, 182, 182, 182, 182, 182, 182, 182, 122, 122, 250, 303, 195, 195, 195, 303, 117, 98, 117, 117, 48, 48, 48, 414, 170, 244, 244, 392, 244, 392, 392, 392, 244, 73, 7, 7, 321, 7, 7, 127, 451, 30, 30, 324, 301, 301, 378, 325, 114, 114, 114, 180, 486, 486, 486, 315, 460, 285, 285, 285, 467, 85, 111, 403, 146, 207, 299, 299, 434, 434, 250, 250, 413, 271, 186, 186, 99, 99, 338, 338, 395, 395, 273, 273, 432, 432, 330, 240, 240, 385, 35, 77, 164, 164, 115, 273, 273, 180, 151, 151, 151, 206, 130, 130, 402, 183, 219, 219, 219, 213, 213, 213, 246, 246, 246, 246, 301, 301, 378, 43, 43, 276, 276, 153, 153, 387, 413, 413, 360, 219, 246, 246, 246, 246, 246, 246, 246, 19, 17, 420, 420, 420, 420, 420, 420, 420, 420, 420, 420, 420, 420, 420, 420, 420, 420, 420, 420, 420, 420, 420, 420, 420, 420, 420, 420, 420, 420, 420, 420, 420, 420, 420, 420, 420, 420, 420, 420, 420, 420, 420, 420, 420, 420, 420, 420, 420, 420, 420, 420, 420, 420, 420, 420, 420, 420, 420, 420, 420, 420, 420, 420, 420, 420, 420, 420, 420, 420, 420, 420, 420, 420, 420, 420, 420, 420, 420, 420, 420, 420, 420, 420, 420, 420, 420, 420, 420, 420, 420, 420, 420, 420, 420, 420, 420, 420, 420, 420, 420, 420, 420, 420, 420, 420, 420, 420, 420, 420, 420, 420, 420, 420, 420, 420, 420, 420, 420, 420, 420, 420, 420, 420, 420, 420, 420, 420, 420, 420, 420, 420, 420, 420, 420, 420, 420, 420, 420, 420, 420, 420, 420, 420, 420, 420, 420, 420, 420, 420, 420, 420, 420, 420, 420, 420, 420, 420, 420, 420, 420, 420, 420, 420, 420, 420, 420, 420, 420, 420, 420, 420, 420, 420, 420, 420]

ep118
Train step Loss: [0.9466792345046997, 0.9465920925140381, 0.9464892745018005, 0.946593165397644, 0.9465986490249634, 0.9466691613197327, 0.9466331005096436, 0.9465563297271729, 0.9466899037361145, 0.9466918706893921, 0.9465723037719727, 0.9466217756271362, 0.9465897083282471, 0.9466203451156616, 0.9466651678085327, 0.9466909170150757, 0.9466525316238403, 0.9466592073440552, 0.9466570019721985, 0.9467729330062866, 0.9466604590415955, 0.9466950297355652, 0.9465600252151489, 0.9466527700424194, 0.9465797543525696, 0.9466632008552551, 0.9466907978057861, 0.9466116428375244, 0.9468830823898315, 0.9465896487236023, 0.9466300010681152, 0.9466542601585388, 0.9466492533683777, 0.9465663433074951, 0.9465880393981934, 0.9466221332550049, 0.9466759562492371, 0.946566104888916, 0.9466490745544434, 0.9466979503631592, 0.9466013312339783, 0.9465366005897522, 0.946620762348175, 0.9466850757598877, 0.9466608762741089, 0.9464994072914124, 0.9464975595474243, 0.9465346336364746, 0.9465552568435669, 0.946673572063446, 0.9466438293457031, 0.9466479420661926, 0.9465261697769165, 0.946573793888092, 0.9466455578804016, 0.9464834928512573, 0.9468756318092346, 0.9467114210128784, 0.9465727806091309, 0.9465555548667908, 0.9466367959976196, 0.9466457366943359, 0.9465007781982422, 0.9466386437416077, 0.9465000629425049, 0.9466086626052856, 0.9466174244880676, 0.946591854095459, 0.9469670653343201, 0.9465707540512085, 0.9465172290802002, 0.9465885758399963, 0.9469900131225586, 0.9465126395225525, 0.9465449452400208, 0.9466277360916138, 0.9466521739959717, 0.946665346622467, 0.9466886520385742, 0.946946382522583, 0.9466188549995422, 0.9464797377586365, 0.946478545665741, 0.9466186165809631, 0.9465588927268982, 0.946556031703949, 0.9465864896774292, 0.946545422077179, 0.946593701839447, 0.9470006227493286, 0.9466685056686401, 0.9466591477394104, 0.9466397762298584, 0.9465644955635071, 0.9466185569763184, 0.946577787399292, 0.9466301202774048, 0.9466443061828613, 0.9466216564178467, 0.9466297626495361, 0.9465986490249634, 0.9464856386184692, 0.9468351006507874, 0.9465293288230896, 0.9467493295669556]
val step Loss: [0.94764643907547, 0.9493750333786011, 0.9478874206542969, 0.9522796273231506, 0.9475290775299072, 0.9478773474693298, 0.9491943120956421, 0.9537597894668579, 0.9478391408920288, 0.947668194770813, 0.9480296969413757, 0.947817325592041, 0.9477986693382263, 0.9477676749229431, 0.9477708339691162, 0.9480059146881104, 0.9475840330123901, 0.9479119181632996, 0.9497450590133667, 0.9478181004524231, 0.9480441808700562, 0.9478120803833008, 0.9475304484367371, 0.947725236415863, 0.9481508731842041, 0.947849690914154, 0.9480791687965393]
Train step Accs: [1.0, 1.0, 1.0, 1.0, 1.0, 1.0, 1.0, 1.0, 1.0, 1.0, 1.0, 1.0, 1.0, 1.0, 1.0, 1.0, 1.0, 1.0, 1.0, 1.0, 1.0, 1.0, 1.0, 1.0, 1.0, 1.0, 1.0, 1.0, 1.0, 1.0, 1.0, 1.0, 1.0, 1.0, 1.0, 1.0, 1.0, 1.0, 1.0, 1.0, 1.0, 1.0, 1.0, 1.0, 1.0, 1.0, 1.0, 1.0, 1.0, 1.0, 1.0, 1.0, 1.0, 1.0, 1.0, 1.0, 1.0, 1.0, 1.0, 1.0, 1.0, 1.0, 1.0, 1.0, 1.0, 1.0, 1.0, 1.0, 1.0, 1.0, 1.0, 1.0, 1.0, 1.0, 1.0, 1.0, 1.0, 1.0, 1.0, 1.0, 1.0, 1.0, 1.0, 1.0, 1.0, 1.0, 1.0, 1.0, 1.0, 1.0, 1.0, 1.0, 1.0, 1.0, 1.0, 1.0, 1.0, 1.0, 1.0, 1.0, 1.0, 1.0, 1.0, 1.0, 1.0]
val step Accs: [1.0, 0.9997117740308402, 1.0, 0.9992240844196152, 1.0, 1.0, 0.999822883457315, 0.9988884772137829, 1.0, 1.0, 1.0, 1.0, 1.0, 1.0, 1.0, 1.0, 1.0, 1.0, 0.9996577686516085, 1.0, 1.0, 1.0, 1.0, 1.0, 1.0, 1.0, 1.0]
Preds: [17, 17, 296, 479, 479, 278, 278, 252, 143, 143, 129, 259, 144, 445, 445, 180, 403, 403, 403, 290, 290, 290, 434, 246, 246, 246, 246, 246, 246, 19, 19, 19, 454, 414, 442, 414, 170, 244, 244, 187, 408, 392, 244, 244, 244, 244, 244, 7, 152, 152, 152, 422, 349, 234, 234, 261, 25, 106, 106, 499, 284, 306, 306, 406, 406, 467, 284, 284, 287, 284, 284, 284, 450, 450, 450, 293, 413, 413, 251, 251, 251, 241, 431, 431, 428, 428, 428, 428, 146, 146, 146, 358, 465, 164, 352, 164, 352, 25, 34, 324, 324, 301, 301, 8, 205, 261, 25, 106, 100, 153, 43, 43, 182, 182, 387, 387, 169, 169, 349, 352, 352, 397, 397, 133, 43, 43, 276, 276, 346, 346, 387, 387, 215, 35, 401, 259, 345, 345, 387, 240, 236, 129, 75, 164, 27, 351, 355, 355, 355, 240, 215, 8, 239, 354, 354, 420, 324, 324, 416, 143, 401, 82, 244, 354, 420, 278, 154, 178, 143, 458, 82, 192, 27, 351, 443, 443, 240, 240, 325, 34, 34, 324, 324, 339, 339, 94, 398, 398, 340, 116, 10, 10, 479, 398, 398, 374, 374, 330, 468, 406, 406, 467, 88, 387, 387, 169, 186, 99, 338, 338, 338, 338, 395, 395, 432, 330, 330, 388, 348, 10, 10, 479, 331, 331, 84, 350, 387, 387, 240, 251, 251, 251, 114, 114, 278, 278, 278, 31, 99, 338, 338, 338, 338, 338, 395, 395, 464, 464, 120, 355, 355, 355, 169, 215, 349, 205, 261, 25, 420, 324, 422, 143, 458, 244, 208, 208, 441, 441, 141, 141, 38, 162, 232, 232, 232, 68, 68, 68, 115, 115, 267, 267, 267, 213, 246, 246, 19, 454, 229, 247, 126, 126, 326, 326, 326, 101, 101, 101, 149, 149, 228, 321, 83, 287, 111, 55, 438, 299, 299, 434, 339, 10, 10, 10, 309, 479, 398, 213, 213, 213, 246, 246, 246, 301, 143, 129, 129, 401, 259, 354, 354, 106, 486, 486, 460, 215, 215, 401, 244, 75, 354, 346, 284, 206, 240, 236, 36, 36, 342, 115, 273, 180, 499, 486, 460, 178, 178, 233, 82, 192, 192, 445, 445, 213, 41, 41, 19, 19, 17, 420, 420, 420, 420, 420, 420, 420, 420, 420, 420, 420, 420, 420, 420, 420, 420, 420, 420, 420, 420, 420, 420, 420, 420, 420, 420, 420, 420, 420, 420, 420, 420, 420, 420, 420, 420, 420, 420, 420, 420, 420, 420, 420, 420, 420, 420, 420, 420, 420, 420, 420, 420, 420, 420, 420, 420, 420, 420, 420, 420, 420, 420, 420, 420, 420, 420, 420, 420, 420, 420, 420, 420, 420, 420, 420, 420, 420, 420, 420, 420, 420, 420, 420, 420, 420, 420, 420, 420, 420, 420, 420, 420, 420, 420, 420, 420, 420, 420, 420, 420, 420, 420, 420, 420, 420, 420, 420, 420, 420, 420, 420, 420, 420, 420, 420, 420, 420, 420, 420, 420, 420, 420, 420, 420, 420, 420, 420, 420, 420, 420, 420, 420, 420, 420, 420, 420, 420, 420, 420, 420, 420, 420, 420, 420, 420, 420, 420, 420, 420, 420, 420, 420, 420, 420, 420, 420, 420, 420, 420, 420, 420, 420, 420, 420, 420, 420, 420, 420, 420, 420, 420, 420, 420, 420, 420, 420, 420, 420, 420, 420, 420, 420, 420, 420, 420, 420, 420, 420, 420, 420, 420, 420, 420, 420, 420, 420, 420, 420, 420, 420, 420, 420, 420, 420, 420, 420, 420, 420, 420, 420, 420, 420, 420, 420, 420, 420, 420, 420, 420, 420, 420, 420, 420, 420, 420, 420, 420, 420, 420, 420, 420]

ep119
Train step Loss: [0.9466712474822998, 0.9465928673744202, 0.9466513395309448, 0.9465391635894775, 0.9467206597328186, 0.946570098400116, 0.9465955495834351, 0.9466227293014526, 0.946546196937561, 0.9466457366943359, 0.9465618133544922, 0.946666419506073, 0.946599006652832, 0.9465533494949341, 0.9467214941978455, 0.9465862512588501, 0.9465458393096924, 0.946484386920929, 0.9465500712394714, 0.946694552898407, 0.9466609954833984, 0.9466215968132019, 0.9465514421463013, 0.9467524290084839, 0.9465161561965942, 0.9465804100036621, 0.946599006652832, 0.9464713335037231, 0.9465326070785522, 0.9465972185134888, 0.9466514587402344, 0.9465659260749817, 0.9465367794036865, 0.9469125866889954, 0.9466394186019897, 0.9465715289115906, 0.9466854333877563, 0.9464724063873291, 0.9467440843582153, 0.9465255737304688, 0.9465721845626831, 0.9470245242118835, 0.9464931488037109, 0.9465097188949585, 0.9465215802192688, 0.9470497965812683, 0.9466860294342041, 0.9466933012008667, 0.9465168714523315, 0.9467453360557556, 0.946617603302002, 0.9466077089309692, 0.9466496109962463, 0.946628749370575, 0.9469810128211975, 0.9466471672058105, 0.9466263055801392, 0.9470789432525635, 0.9466378092765808, 0.9464445114135742, 0.9465699195861816, 0.9466919898986816, 0.9466153383255005, 0.9464545249938965, 0.9466173052787781, 0.946556568145752, 0.9466296434402466, 0.9466171860694885, 0.9465433955192566, 0.9464935064315796, 0.9467111825942993, 0.9466720819473267, 0.9466583132743835, 0.9465510845184326, 0.9466350078582764, 0.9465397000312805, 0.9466193914413452, 0.9467263221740723, 0.9465551972389221, 0.9465582370758057, 0.9466831684112549, 0.9465333819389343, 0.9466024041175842, 0.9466456770896912, 0.9465261101722717, 0.9464723467826843, 0.9464965462684631, 0.9465800523757935, 0.9465532898902893, 0.9465914368629456, 0.9465252757072449, 0.946494996547699, 0.9467065334320068, 0.9464396238327026, 0.9464466571807861, 0.9466061592102051, 0.9466074705123901, 0.9467484354972839, 0.9466846585273743, 0.9465667009353638, 0.9466930627822876, 0.9464097023010254, 0.9465728998184204, 0.9467756152153015, 0.9465855360031128]
val step Loss: [0.9518567323684692, 0.9477758407592773, 0.9481313228607178, 0.9475818872451782, 0.9473058581352234, 0.9475135207176208, 0.947964072227478, 0.9476259350776672, 0.947659969329834, 0.947922945022583, 0.947801411151886, 0.9477547407150269, 0.9488300085067749, 0.949448823928833, 0.9528155326843262, 0.9479413032531738, 0.9479352235794067, 0.9477569460868835, 0.9476698637008667, 0.9478073716163635, 0.9476426243782043, 0.950360894203186, 0.9475547075271606, 0.947908878326416, 0.9478664398193359, 0.9473750591278076, 0.9476118683815002]
Train step Accs: [1.0, 1.0, 1.0, 1.0, 1.0, 1.0, 1.0, 1.0, 1.0, 1.0, 1.0, 1.0, 1.0, 1.0, 1.0, 1.0, 1.0, 1.0, 1.0, 1.0, 1.0, 1.0, 1.0, 1.0, 1.0, 1.0, 1.0, 1.0, 1.0, 1.0, 1.0, 1.0, 1.0, 1.0, 1.0, 1.0, 1.0, 1.0, 1.0, 1.0, 1.0, 1.0, 1.0, 1.0, 1.0, 1.0, 1.0, 1.0, 1.0, 1.0, 1.0, 1.0, 1.0, 1.0, 1.0, 1.0, 1.0, 1.0, 1.0, 1.0, 1.0, 1.0, 1.0, 1.0, 1.0, 1.0, 1.0, 1.0, 1.0, 1.0, 1.0, 1.0, 1.0, 1.0, 1.0, 1.0, 1.0, 1.0, 1.0, 1.0, 1.0, 1.0, 1.0, 1.0, 1.0, 1.0, 1.0, 1.0, 1.0, 1.0, 1.0, 1.0, 1.0, 1.0, 1.0, 1.0, 1.0, 1.0, 1.0, 1.0, 1.0, 1.0, 1.0, 1.0, 1.0]
val step Accs: [0.9992225461613217, 1.0, 1.0, 1.0, 1.0, 1.0, 1.0, 1.0, 1.0, 1.0, 1.0, 1.0, 0.999844840961986, 0.9997143673236218, 0.9990339719851876, 1.0, 1.0, 1.0, 1.0, 1.0, 1.0, 0.9994934143870314, 1.0, 1.0, 1.0, 1.0, 1.0]
Preds: [17, 17, 17, 451, 152, 152, 374, 378, 42, 406, 406, 499, 387, 387, 387, 387, 337, 219, 219, 219, 324, 324, 434, 339, 10, 10, 309, 479, 398, 324, 278, 301, 143, 129, 401, 244, 321, 354, 354, 265, 428, 428, 146, 146, 146, 324, 324, 301, 215, 32, 32, 102, 354, 354, 106, 106, 284, 265, 206, 282, 282, 388, 303, 212, 219, 324, 324, 301, 116, 10, 94, 479, 331, 331, 428, 428, 428, 146, 146, 252, 252, 239, 239, 310, 310, 107, 107, 395, 374, 374, 132, 132, 219, 286, 464, 464, 464, 355, 355, 355, 460, 452, 263, 263, 263, 78, 170, 170, 244, 392, 392, 392, 392, 392, 392, 392, 392, 244, 73, 244, 209, 83, 55, 443, 240, 314, 314, 32, 32, 354, 354, 180, 264, 264, 84, 84, 406, 406, 406, 406, 413, 413, 413, 399, 217, 217, 473, 65, 464, 464, 171, 252, 143, 143, 239, 82, 310, 107, 395, 400, 324, 286, 464, 464, 464, 443, 355, 355, 460, 240, 169, 35, 224, 224, 494, 494, 8, 196, 217, 479, 473, 283, 278, 422, 143, 36, 75, 310, 107, 395, 485, 324, 301, 251, 251, 219, 398, 374, 374, 374, 26, 251, 251, 241, 431, 367, 496, 497, 43, 233, 233, 401, 244, 208, 100, 100, 100, 98, 98, 98, 17, 17, 420, 374, 374, 374, 374, 374, 374, 374, 374, 374, 374, 374, 374, 374, 374, 374, 374, 374, 374, 374, 374, 374, 374, 374, 374, 374, 374, 374, 374, 374, 374, 374, 374, 374, 374, 374, 374, 374, 374, 374, 374, 374, 374, 374, 374, 374, 374, 374, 374, 374, 374, 374, 374, 374, 374, 374, 374, 374, 374, 374, 374, 374, 374, 374, 374, 374, 374, 374, 374, 374, 374, 374, 374, 374, 374, 374, 374, 374, 374, 374, 374, 374, 374, 374, 374, 374, 374, 374, 374, 374, 374, 374, 374, 374, 374, 374, 374, 374, 374, 374, 374, 374, 374, 374, 374, 374, 374, 374, 374, 374, 374, 374, 374, 374, 374, 374, 374, 374, 374, 374, 374, 374, 374, 374, 374, 374, 374, 374, 374, 374, 374, 374, 374, 374, 374, 374, 374, 374, 374, 374, 374, 374, 374, 374, 374, 374, 374, 374, 374, 374, 374, 374, 374, 374, 374, 374, 374, 374, 374, 374, 374, 374, 374, 374, 374, 374, 374, 374, 374, 374, 374, 374, 374, 374, 374, 374, 374, 374, 374, 374, 374, 374, 374, 374, 374, 374, 374, 374, 374, 374, 374, 374, 374, 374, 374, 374, 374, 374, 374, 374, 374, 374, 374, 374, 374, 374, 374, 374, 374, 374, 374, 374, 374, 374, 374, 374, 374, 374, 374, 374, 374, 374, 374, 374, 374, 374, 374, 374, 374, 374, 374, 374, 374, 374, 374, 374, 374, 374, 374, 374, 374, 374, 374, 374, 374, 374, 374, 374, 374, 374, 374, 374, 374, 374, 374, 374, 374, 374, 374, 374, 374, 374, 374, 374, 374, 374, 374, 374, 374, 374, 374, 374, 374, 374, 374, 374, 374, 374, 374, 374, 374, 374, 374, 374, 374, 374, 374, 374, 374, 374, 374, 374, 374, 374, 374, 374, 374, 374, 374, 374, 374, 374, 374, 374, 374, 374, 374, 374, 374, 374, 374, 374, 374, 374, 374, 374, 374, 374, 374, 374, 374, 374, 374, 374, 374, 374, 374, 374, 374, 374, 374, 374, 374, 374, 374, 374, 374, 374, 374, 374, 374, 374, 374, 374, 374, 374, 374, 374, 374, 374, 374, 374, 374, 374, 374, 374, 374, 374, 374, 374, 374, 374, 374, 374, 374, 374, 374, 374, 374, 374, 374, 374, 374, 374, 374, 374, 374, 374]

ep120
Train step Loss: [0.9465125799179077, 0.9465857148170471, 0.9466605186462402, 0.9469906091690063, 0.9467403292655945, 0.9466967582702637, 0.9465810656547546, 0.946724534034729, 0.9466654062271118, 0.9465429186820984, 0.9465482831001282, 0.9465758800506592, 0.9465407133102417, 0.9466029405593872, 0.9465925693511963, 0.9465904235839844, 0.9469105005264282, 0.9466489553451538, 0.9464837312698364, 0.9464754462242126, 0.9464311003684998, 0.9465539455413818, 0.946547269821167, 0.9466575980186462, 0.9465831518173218, 0.946524977684021, 0.946632981300354, 0.9466252326965332, 0.9468271136283875, 0.9465830326080322, 0.9465045928955078, 0.9465430974960327, 0.9465842247009277, 0.9465519785881042, 0.9467187523841858, 0.9467301964759827, 0.9465652108192444, 0.9467044472694397, 0.9465411901473999, 0.9466489553451538, 0.9467207193374634, 0.9466495513916016, 0.9466586709022522, 0.9465960264205933, 0.9465581178665161, 0.9465343356132507, 0.9464929103851318, 0.9466769099235535, 0.9465930461883545, 0.9467060565948486, 0.9466168284416199, 0.9465557932853699, 0.9465193152427673, 0.9466259479522705, 0.9466145038604736, 0.9469285011291504, 0.9464478492736816, 0.9465085864067078, 0.9465852975845337, 0.9465153217315674, 0.9465872049331665, 0.946543276309967, 0.9469508528709412, 0.9465529918670654, 0.9465991258621216, 0.9466696381568909, 0.9465029835700989, 0.9467138648033142, 0.946694552898407, 0.9465228915214539, 0.9465200304985046, 0.946544885635376, 0.9465094208717346, 0.9466288685798645, 0.9464312791824341, 0.9465904235839844, 0.9466691017150879, 0.9465323686599731, 0.9464014172554016, 0.946523904800415, 0.9466128349304199, 0.9464290142059326, 0.9466277360916138, 0.9464811086654663, 0.9465395212173462, 0.9465256929397583, 0.9465839266777039, 0.9465526342391968, 0.9465426206588745, 0.9467405080795288, 0.9465268850326538, 0.9466060996055603, 0.9465617537498474, 0.9466709494590759, 0.9466479420661926, 0.946525514125824, 0.9465724229812622, 0.9465785026550293, 0.9466167092323303, 0.9466046094894409, 0.9465656280517578, 0.9464529156684875, 0.9465746879577637, 0.9466361999511719, 0.9466418623924255]
val step Loss: [0.9532437920570374, 0.9517565965652466, 0.9488269090652466, 0.9477625489234924, 0.9480180144309998, 0.947819709777832, 0.9476063251495361, 0.9480591416358948, 0.9476926326751709, 0.9480014443397522, 0.9477214217185974, 0.9478943943977356, 0.9477231502532959, 0.9491279125213623, 0.9497882127761841, 0.9477905035018921, 0.9486585259437561, 0.9479310512542725, 0.9476370811462402, 0.9480865597724915, 0.9478169083595276, 0.947609543800354, 0.9476587176322937, 0.947948694229126, 0.9477192163467407, 0.9479354023933411, 0.9477851986885071]
Train step Accs: [1.0, 1.0, 1.0, 1.0, 1.0, 1.0, 1.0, 1.0, 1.0, 1.0, 1.0, 1.0, 1.0, 1.0, 1.0, 1.0, 1.0, 1.0, 1.0, 1.0, 1.0, 1.0, 1.0, 1.0, 1.0, 1.0, 1.0, 1.0, 1.0, 1.0, 1.0, 1.0, 1.0, 1.0, 1.0, 1.0, 1.0, 1.0, 1.0, 1.0, 1.0, 1.0, 1.0, 1.0, 1.0, 1.0, 1.0, 1.0, 1.0, 1.0, 1.0, 1.0, 1.0, 1.0, 1.0, 1.0, 1.0, 1.0, 1.0, 1.0, 1.0, 1.0, 1.0, 1.0, 1.0, 1.0, 1.0, 1.0, 1.0, 1.0, 1.0, 1.0, 1.0, 1.0, 1.0, 1.0, 1.0, 1.0, 1.0, 1.0, 1.0, 1.0, 1.0, 1.0, 1.0, 1.0, 1.0, 1.0, 1.0, 1.0, 1.0, 1.0, 1.0, 1.0, 1.0, 1.0, 1.0, 1.0, 1.0, 1.0, 1.0, 1.0, 1.0, 1.0, 1.0]
val step Accs: [0.9989718985606579, 0.9992581602373887, 0.9998372925479987, 1.0, 1.0, 1.0, 1.0, 1.0, 1.0, 1.0, 1.0, 1.0, 1.0, 0.9998165137614679, 0.9996558251591808, 1.0, 0.999820014398848, 1.0, 1.0, 1.0, 1.0, 1.0, 1.0, 1.0, 1.0, 1.0, 1.0]
Preds: [17, 17, 296, 17, 17, 17, 17, 363, 363, 363, 363, 363, 101, 149, 321, 321, 287, 287, 287, 284, 206, 167, 35, 320, 320, 29, 287, 287, 111, 111, 468, 468, 467, 146, 146, 443, 330, 330, 330, 348, 175, 65, 65, 106, 293, 293, 293, 293, 413, 348, 348, 466, 479, 479, 331, 331, 486, 486, 486, 460, 240, 173, 8, 280, 29, 106, 284, 284, 240, 285, 285, 467, 180, 180, 486, 486, 486, 486, 460, 240, 175, 175, 81, 431, 431, 85, 403, 403, 403, 207, 207, 207, 246, 246, 246, 246, 246, 19, 19, 454, 229, 259, 321, 247, 126, 126, 408, 408, 408, 408, 228, 321, 75, 66, 68, 172, 115, 115, 267, 444, 278, 378, 378, 345, 345, 100, 100, 497, 497, 186, 99, 338, 338, 400, 400, 400, 301, 301, 378, 345, 109, 499, 499, 151, 151, 253, 453, 342, 168, 168, 180, 151, 151, 460, 178, 178, 192, 192, 445, 451, 41, 41, 41, 41, 19, 19, 19, 454, 454, 13, 414, 170, 244, 244, 244, 392, 244, 392, 392, 321, 321, 321, 7, 479, 479, 331, 331, 331, 480, 319, 111, 460, 438, 416, 216, 192, 114, 180, 180, 443, 443, 443, 139, 139, 293, 274, 274, 35, 192, 445, 464, 464, 171, 171, 252, 416, 458, 192, 445, 180, 464, 264, 264, 264, 264, 315, 315, 113, 450, 450, 293, 169, 150, 150, 54, 54, 142, 397, 397, 196, 147, 147, 109, 288, 403, 171, 171, 252, 252, 24, 310, 310, 107, 395, 395, 286, 286, 120, 120, 120, 120, 37, 37, 385, 385, 197, 75, 164, 164, 196, 196, 116, 33, 33, 248, 394, 212, 75, 199, 275, 275, 275, 275, 303, 303, 17, 420, 374, 374, 374, 374, 374, 374, 374, 374, 374, 374, 374, 374, 374, 374, 374, 374, 374, 374, 374, 374, 374, 374, 374, 374, 374, 374, 374, 374, 374, 374, 374, 374, 374, 374, 374, 374, 374, 374, 374, 374, 374, 374, 374, 374, 374, 374, 374, 374, 374, 374, 374, 374, 374, 374, 374, 374, 374, 374, 374, 374, 374, 374, 374, 374, 374, 374, 374, 374, 374, 374, 374, 374, 374, 374, 374, 374, 374, 374, 374, 374, 374, 374, 374, 374, 374, 374, 374, 374, 374, 374, 374, 374, 374, 374, 374, 374, 374, 374, 374, 374, 374, 374, 374, 374, 374, 374, 374, 374, 374, 374, 374, 374, 374, 374, 374, 374, 374, 374, 374, 374, 374, 374, 374, 374, 374, 374, 374, 374, 374, 374, 374, 374, 374, 374, 374, 374, 374, 374, 374, 374, 374, 374, 374, 374, 374, 374, 374, 374, 374, 374, 374, 374, 374, 374, 374, 374, 374, 374, 374, 374, 374, 374, 374, 374, 374, 374, 374, 374, 374, 374, 374, 374, 374, 374, 374, 374, 374, 374, 374, 374, 374, 374, 374, 374, 374, 374, 374, 374, 374, 374, 374, 374, 374, 374, 374, 374, 374, 374, 374, 374, 374, 374, 374, 374, 374, 374, 374, 374, 374, 374, 374, 374, 374, 374, 374, 374, 374, 374, 374, 374, 374, 374, 374, 374, 374, 374, 374, 374, 374, 374, 374, 374, 374, 374, 374, 374, 374, 374, 374, 374, 374, 374, 374, 374, 374, 374, 374, 374, 374, 374, 374, 374, 374, 374, 374, 374, 374, 374, 374, 374, 374, 374, 374, 374, 374, 374, 374, 374, 374, 374, 374, 374, 374, 374, 374, 374, 374, 374, 374, 374, 374, 374, 374, 374, 374, 374, 374, 374, 374, 374, 374, 374, 374, 374, 374, 374, 374, 374, 374, 374, 374, 374, 374, 374, 374, 374, 374, 374, 374, 374, 374, 374, 374]

ep121
Train step Loss: [0.9466384649276733, 0.9465564489364624, 0.9465693235397339, 0.9467428922653198, 0.9464905858039856, 0.9465731978416443, 0.9465376138687134, 0.946647047996521, 0.9466511011123657, 0.9465160965919495, 0.946559488773346, 0.9467847943305969, 0.9466820955276489, 0.9465659260749817, 0.9465633630752563, 0.9469392895698547, 0.9466036558151245, 0.9465731978416443, 0.9464534521102905, 0.9466197490692139, 0.9465442895889282, 0.9466266632080078, 0.9465954303741455, 0.9465559124946594, 0.9465267658233643, 0.9467681050300598, 0.9467707872390747, 0.9465576410293579, 0.9466248750686646, 0.9465698003768921, 0.946628749370575, 0.9464350938796997, 0.9469625949859619, 0.9466164112091064, 0.9465793371200562, 0.9466370344161987, 0.9465669989585876, 0.946554958820343, 0.9465206861495972, 0.9465141296386719, 0.9465557932853699, 0.9465484619140625, 0.9465903639793396, 0.9465457201004028, 0.9465874433517456, 0.9464942216873169, 0.9464848041534424, 0.9465870261192322, 0.9465540051460266, 0.9465398192405701, 0.9465352296829224, 0.9468858242034912, 0.9466787576675415, 0.9465271830558777, 0.9468597769737244, 0.9465653300285339, 0.9464963674545288, 0.9465518593788147, 0.9464678764343262, 0.9466776847839355, 0.9466153979301453, 0.9464989304542542, 0.9465505480766296, 0.9465042352676392, 0.9465068578720093, 0.9465779662132263, 0.9465938806533813, 0.9464771747589111, 0.9465401768684387, 0.9465674161911011, 0.9465684294700623, 0.9464863538742065, 0.9465969204902649, 0.946521520614624, 0.9465436935424805, 0.946687638759613, 0.9465832114219666, 0.9466525912284851, 0.9465964436531067, 0.9465751051902771, 0.9465616941452026, 0.9466043710708618, 0.9468902349472046, 0.946456789970398, 0.9465333223342896, 0.946536660194397, 0.9466239213943481, 0.9465451240539551, 0.9467311501502991, 0.9466763138771057, 0.9466041326522827, 0.9464499950408936, 0.9466183185577393, 0.9467465281486511, 0.9464590549468994, 0.9465097188949585, 0.9466265439987183, 0.9465646743774414, 0.946720540523529, 0.9465535283088684, 0.9465395212173462, 0.9464258551597595, 0.9465329051017761, 0.9465013742446899, 0.9467107057571411]
val step Loss: [0.9489409923553467, 0.947615385055542, 0.9478428959846497, 0.9531363844871521, 0.9486539363861084, 0.9478808045387268, 0.9496899247169495, 0.9479812383651733, 0.9479801654815674, 0.9478095769882202, 0.9477576017379761, 0.9488513469696045, 0.9479588866233826, 0.9478622078895569, 0.9476240873336792, 0.9490447640419006, 0.9477062225341797, 0.9475535750389099, 0.9478440880775452, 0.9511579275131226, 0.9479321837425232, 0.9478105306625366, 0.9477736353874207, 0.9483568072319031, 0.9477624893188477, 0.9479291439056396, 0.9481585025787354]
Train step Accs: [1.0, 1.0, 1.0, 1.0, 1.0, 1.0, 1.0, 1.0, 1.0, 1.0, 1.0, 1.0, 1.0, 1.0, 1.0, 1.0, 1.0, 1.0, 1.0, 1.0, 1.0, 1.0, 1.0, 1.0, 1.0, 1.0, 1.0, 1.0, 1.0, 1.0, 1.0, 1.0, 1.0, 1.0, 1.0, 1.0, 1.0, 1.0, 1.0, 1.0, 1.0, 1.0, 1.0, 1.0, 1.0, 1.0, 1.0, 1.0, 1.0, 1.0, 1.0, 1.0, 1.0, 1.0, 1.0, 1.0, 1.0, 1.0, 1.0, 1.0, 1.0, 1.0, 1.0, 1.0, 1.0, 1.0, 1.0, 1.0, 1.0, 1.0, 1.0, 1.0, 1.0, 1.0, 1.0, 1.0, 1.0, 1.0, 1.0, 1.0, 1.0, 1.0, 1.0, 1.0, 1.0, 1.0, 1.0, 1.0, 1.0, 1.0, 1.0, 1.0, 1.0, 1.0, 1.0, 1.0, 1.0, 1.0, 1.0, 1.0, 1.0, 1.0, 1.0, 1.0, 1.0]
val step Accs: [0.9998274374460742, 1.0, 1.0, 0.9989821882951654, 0.9998191354675349, 1.0, 0.9996372211137312, 1.0, 1.0, 1.0, 1.0, 0.9998376096135109, 1.0, 1.0, 1.0, 0.9998164127042408, 1.0, 1.0, 1.0, 0.9993567063364426, 1.0, 1.0, 1.0, 1.0, 1.0, 1.0, 1.0]
Preds: [17, 17, 296, 217, 217, 473, 65, 443, 443, 443, 443, 240, 169, 150, 77, 164, 164, 164, 164, 164, 164, 273, 106, 106, 375, 375, 375, 98, 98, 48, 13, 170, 20, 170, 20, 20, 187, 187, 187, 408, 408, 20, 391, 391, 20, 184, 20, 20, 7, 188, 152, 152, 422, 99, 54, 54, 224, 400, 400, 30, 324, 324, 464, 464, 139, 139, 355, 387, 355, 240, 388, 94, 94, 398, 324, 301, 416, 32, 239, 144, 27, 180, 180, 284, 486, 428, 206, 240, 240, 314, 8, 32, 354, 354, 100, 497, 43, 8, 8, 32, 354, 354, 100, 387, 255, 251, 251, 241, 431, 106, 498, 498, 406, 313, 313, 285, 337, 464, 464, 464, 145, 315, 315, 450, 450, 450, 43, 43, 276, 276, 345, 109, 109, 403, 207, 324, 3, 301, 42, 42, 147, 456, 337, 324, 422, 422, 349, 349, 234, 234, 261, 261, 25, 148, 153, 153, 413, 413, 10, 10, 309, 398, 398, 464, 139, 139, 481, 182, 182, 387, 387, 122, 122, 236, 129, 259, 108, 377, 123, 374, 153, 153, 387, 372, 406, 406, 406, 467, 182, 375, 375, 375, 98, 98, 13, 229, 229, 20, 312, 126, 126, 23, 326, 23, 23, 101, 149, 149, 228, 20, 412, 287, 287, 460, 460, 178, 215, 458, 465, 164, 164, 442, 225, 7, 7, 217, 217, 473, 65, 476, 171, 252, 416, 239, 239, 445, 445, 485, 324, 301, 314, 325, 34, 34, 191, 191, 116, 251, 251, 251, 241, 81, 431, 367, 496, 274, 43, 8, 129, 259, 208, 208, 441, 441, 153, 497, 497, 399, 70, 70, 70, 473, 65, 264, 264, 264, 264, 468, 468, 468, 406, 337, 337, 324, 252, 24, 239, 239, 384, 449, 324, 324, 301, 26, 251, 241, 431, 367, 496, 274, 43, 416, 458, 144, 208, 100, 100, 496, 274, 122, 143, 143, 17, 420, 374, 374, 374, 374, 374, 374, 374, 374, 374, 374, 374, 374, 374, 374, 374, 374, 374, 374, 374, 374, 374, 374, 374, 374, 374, 374, 374, 374, 374, 374, 374, 374, 374, 374, 374, 374, 374, 374, 374, 374, 374, 374, 374, 374, 374, 374, 374, 374, 374, 374, 374, 374, 374, 374, 374, 374, 374, 374, 374, 374, 374, 374, 374, 374, 374, 374, 374, 374, 374, 374, 374, 374, 374, 374, 374, 374, 374, 374, 374, 374, 374, 374, 374, 374, 374, 374, 374, 374, 374, 374, 374, 374, 374, 374, 374, 374, 374, 374, 374, 374, 374, 374, 374, 374, 374, 374, 374, 374, 374, 374, 374, 374, 374, 374, 374, 374, 374, 374, 374, 374, 374, 374, 374, 374, 374, 374, 374, 374, 374, 374, 374, 374, 374, 374, 374, 374, 374, 374, 374, 374, 374, 374, 374, 374, 374, 374, 374, 374, 374, 374, 374, 374, 374, 374, 374, 374, 374, 374, 374, 374, 374, 374, 374, 374, 374, 374, 374, 374, 374, 374, 374, 374, 374, 374, 374, 374, 374, 374, 374, 374, 374, 374, 374, 374, 374, 374, 374, 374, 374, 374, 374, 374, 374, 374, 374, 374, 374, 374, 374, 374, 374, 374, 374, 374, 374, 374, 374, 374, 374, 374, 374, 374, 374, 374, 374, 374, 374, 374, 374, 374, 374, 374, 374, 374, 374, 374, 374, 374, 374, 374, 374, 374, 374, 374, 374, 374, 374, 374, 374, 374, 374, 374, 374, 374, 374, 374, 374, 374, 374, 374, 374, 374, 374, 374, 374, 374, 374, 374, 374, 374, 374, 374, 374, 374, 374, 374, 374, 374, 374, 374, 374, 374, 374, 374, 374, 374, 374, 374, 374, 374, 374, 374, 374, 374, 374, 374]

ep122
Train step Loss: [0.9465610980987549, 0.9468636512756348, 0.9465821385383606, 0.9464945793151855, 0.9465793371200562, 0.9465367794036865, 0.9466322064399719, 0.9465741515159607, 0.9465845227241516, 0.9468392133712769, 0.9465169906616211, 0.9465028643608093, 0.9466067552566528, 0.9469389319419861, 0.9469076991081238, 0.9466085433959961, 0.9465587139129639, 0.9465701580047607, 0.9465417265892029, 0.9465001225471497, 0.9466490149497986, 0.9466168880462646, 0.9466797113418579, 0.9466021656990051, 0.9464364051818848, 0.9464088082313538, 0.9466060400009155, 0.9464309215545654, 0.946575403213501, 0.9466121792793274, 0.9465988874435425, 0.9465137720108032, 0.9465917944908142, 0.9465124607086182, 0.9465088844299316, 0.9465683698654175, 0.946637749671936, 0.9465199708938599, 0.9464613199234009, 0.946540117263794, 0.9465208649635315, 0.9466175436973572, 0.9466110467910767, 0.9465201497077942, 0.9465479254722595, 0.9466078281402588, 0.9465641379356384, 0.9465696215629578, 0.9465426206588745, 0.9465172290802002, 0.9467115998268127, 0.9467069506645203, 0.946582555770874, 0.9465186595916748, 0.94647616147995, 0.9466936588287354, 0.9465906620025635, 0.9467377662658691, 0.9465059041976929, 0.946718692779541, 0.9465475082397461, 0.946452260017395, 0.946587860584259, 0.9464881420135498, 0.9465378522872925, 0.9465731978416443, 0.9466300010681152, 0.9466277360916138, 0.9464690685272217, 0.9466450810432434, 0.9465330243110657, 0.9465848207473755, 0.9464808106422424, 0.9465212225914001, 0.9466139078140259, 0.9465084075927734, 0.9464819431304932, 0.946511447429657, 0.9466376900672913, 0.946591854095459, 0.9465335607528687, 0.9466572999954224, 0.946603536605835, 0.9466222524642944, 0.9464112520217896, 0.9465842247009277, 0.9464359283447266, 0.9466747641563416, 0.9465575218200684, 0.9466406106948853, 0.946478009223938, 0.9465805292129517, 0.9465751647949219, 0.9465946555137634, 0.9466341137886047, 0.9465722441673279, 0.9465796947479248, 0.9469314813613892, 0.9466740489006042, 0.9466187357902527, 0.9465493559837341, 0.9466426968574524, 0.9464746713638306, 0.946560263633728, 0.9464457631111145]
val step Loss: [0.9477958679199219, 0.9475783109664917, 0.9489995837211609, 0.9476943016052246, 0.9475153684616089, 0.9477741718292236, 0.9478884935379028, 0.9480407238006592, 0.9537339210510254, 0.9496620297431946, 0.9478270411491394, 0.9476019740104675, 0.947672426700592, 0.9479219317436218, 0.9484182000160217, 0.9490769505500793, 0.9511351585388184, 0.9485772252082825, 0.9478294849395752, 0.9476591944694519, 0.9477154016494751, 0.9475818276405334, 0.9476770162582397, 0.9479652047157288, 0.9477533102035522, 0.9478333592414856, 0.9476299285888672]
Train step Accs: [1.0, 1.0, 1.0, 1.0, 1.0, 1.0, 1.0, 1.0, 1.0, 1.0, 1.0, 1.0, 1.0, 1.0, 1.0, 1.0, 1.0, 1.0, 1.0, 1.0, 1.0, 1.0, 1.0, 1.0, 1.0, 1.0, 1.0, 1.0, 1.0, 1.0, 1.0, 1.0, 1.0, 1.0, 1.0, 1.0, 1.0, 1.0, 1.0, 1.0, 1.0, 1.0, 1.0, 1.0, 1.0, 1.0, 1.0, 1.0, 1.0, 1.0, 1.0, 1.0, 1.0, 1.0, 1.0, 1.0, 1.0, 1.0, 1.0, 1.0, 1.0, 1.0, 1.0, 1.0, 1.0, 1.0, 1.0, 1.0, 1.0, 1.0, 1.0, 1.0, 1.0, 1.0, 1.0, 1.0, 1.0, 1.0, 1.0, 1.0, 1.0, 1.0, 1.0, 1.0, 1.0, 1.0, 1.0, 1.0, 1.0, 1.0, 1.0, 1.0, 1.0, 1.0, 1.0, 1.0, 1.0, 1.0, 1.0, 1.0, 1.0, 1.0, 1.0, 1.0, 1.0]
val step Accs: [1.0, 1.0, 0.9998086124401914, 1.0, 1.0, 1.0, 1.0, 1.0, 0.9989512323020451, 0.9996449494052903, 1.0, 1.0, 1.0, 1.0, 0.9998378991732858, 0.9998368412465328, 0.999336540056394, 0.9998325799430772, 1.0, 1.0, 1.0, 1.0, 1.0, 1.0, 1.0, 1.0, 1.0]
Preds: [17, 17, 441, 441, 153, 387, 387, 240, 348, 24, 24, 384, 371, 180, 180, 486, 376, 376, 282, 263, 263, 229, 229, 247, 312, 363, 363, 363, 408, 408, 149, 228, 228, 244, 320, 7, 479, 331, 278, 301, 378, 8, 129, 354, 109, 180, 486, 486, 460, 240, 240, 35, 36, 342, 224, 351, 196, 479, 331, 331, 315, 450, 450, 450, 88, 88, 88, 109, 337, 207, 301, 143, 129, 401, 244, 354, 354, 100, 389, 425, 425, 251, 331, 106, 302, 497, 43, 43, 43, 276, 276, 276, 346, 284, 284, 284, 450, 450, 293, 43, 43, 276, 345, 109, 109, 116, 116, 10, 398, 398, 398, 374, 374, 495, 406, 406, 380, 134, 387, 387, 109, 337, 324, 219, 246, 246, 301, 301, 8, 8, 354, 354, 180, 180, 486, 486, 206, 240, 240, 314, 129, 401, 401, 32, 354, 354, 100, 153, 153, 153, 153, 182, 182, 182, 132, 132, 132, 132, 303, 303, 303, 442, 442, 442, 229, 229, 170, 170, 244, 187, 1, 1, 408, 408, 408, 244, 228, 228, 412, 287, 287, 287, 284, 284, 460, 169, 215, 35, 35, 75, 208, 441, 148, 153, 153, 387, 387, 122, 348, 64, 466, 479, 331, 242, 242, 348, 466, 466, 479, 331, 307, 307, 319, 206, 240, 251, 251, 359, 34, 166, 278, 278, 278, 173, 8, 8, 70, 70, 65, 65, 46, 46, 46, 46, 206, 215, 215, 129, 401, 354, 354, 106, 106, 180, 284, 315, 315, 315, 315, 315, 450, 450, 450, 450, 203, 250, 364, 276, 276, 345, 109, 109, 207, 324, 324, 3, 301, 26, 251, 241, 241, 431, 486, 486, 282, 282, 330, 388, 94, 303, 199, 331, 375, 375, 98, 98, 13, 244, 170, 170, 392, 63, 63, 63, 63, 63, 63, 63, 244, 40, 40, 40, 63, 40, 244, 40, 63, 244, 63, 73, 244, 244, 289, 320, 188, 188, 213, 324, 422, 416, 32, 239, 354, 114, 180, 180, 486, 460, 460, 178, 215, 129, 401, 244, 321, 354, 276, 148, 148, 153, 387, 387, 387, 387, 167, 122, 35, 321, 75, 449, 273, 180, 486, 486, 460, 240, 215, 215, 129, 239, 354, 420, 420, 213, 213, 324, 464, 464, 464, 443, 240, 314, 314, 239, 239, 239, 384, 371, 371, 324, 324, 324, 324, 324, 464, 464, 464, 180, 145, 486, 460, 240, 240, 314, 35, 75, 131, 377, 87, 32, 32, 32, 354, 354, 100, 100, 153, 153, 153, 182, 43, 43, 8, 196, 303, 303, 303, 303, 303, 48, 48, 48, 170, 244, 392, 392, 392, 392, 392, 392, 392, 392, 392, 392, 73, 73, 73, 320, 320, 188, 188, 171, 213, 246, 246, 246, 246, 246, 246, 422, 143, 36, 478, 323, 482, 224, 224, 273, 485, 374, 139, 153, 387, 387, 387, 387, 413, 348, 348, 64, 394, 32, 32, 32, 32, 239, 384, 377, 371, 444, 213, 213, 246, 434, 434, 434, 3, 335, 14, 14, 287, 145, 287, 145, 460, 240, 215, 129, 32, 354, 354, 109, 499, 486, 486, 264, 240, 285, 467, 145, 145, 486, 85, 85, 85, 468, 468, 406, 406, 467, 337, 337, 277, 301, 143, 129, 401, 244, 75, 74, 190, 190, 487, 499, 151, 487, 442, 193, 17, 17, 420, 420, 420, 420, 420, 420, 420, 420, 420, 420, 420, 420, 420, 420, 420, 420, 420, 420, 420, 420, 420, 420, 420, 420, 420, 420, 420, 420, 420, 420, 420, 420, 420, 420, 420, 420, 420, 420, 420, 420, 420, 420, 420, 420, 420, 420, 420, 420, 420, 420, 420, 420, 420, 420, 420, 420, 420, 420, 420, 420]

ep123
Train step Loss: [0.9467014074325562, 0.9465152025222778, 0.9465423822402954, 0.9465501308441162, 0.9464741945266724, 0.9466385841369629, 0.9464753866195679, 0.9466491937637329, 0.9466765522956848, 0.9465185403823853, 0.946550726890564, 0.9465194940567017, 0.9466034770011902, 0.9465947151184082, 0.9465345144271851, 0.9465240836143494, 0.9465084075927734, 0.9465024471282959, 0.9465857744216919, 0.9465259313583374, 0.9466201663017273, 0.9464837908744812, 0.9465513825416565, 0.9465039372444153, 0.946479082107544, 0.9465389251708984, 0.9465410113334656, 0.9466190338134766, 0.9467082023620605, 0.946503221988678, 0.9465827345848083, 0.9465063214302063, 0.9465370774269104, 0.9464058876037598, 0.9465049505233765, 0.946529746055603, 0.9465116262435913, 0.9464878439903259, 0.9465417861938477, 0.9465305805206299, 0.9466602206230164, 0.9465967416763306, 0.9466397762298584, 0.9465757012367249, 0.9464959502220154, 0.9465888142585754, 0.9465498924255371, 0.9464854598045349, 0.9466147422790527, 0.9466105103492737, 0.9464704990386963, 0.9465098977088928, 0.9465892910957336, 0.946621298789978, 0.946567952632904, 0.9465041756629944, 0.9466350674629211, 0.9465250372886658, 0.9465368986129761, 0.9464845061302185, 0.9466687440872192, 0.9469019174575806, 0.9465354681015015, 0.9464699029922485, 0.9464567303657532, 0.9464602470397949, 0.9464931488037109, 0.9465819597244263, 0.9469115138053894, 0.9464637637138367, 0.946745753288269, 0.9466145038604736, 0.9465402960777283, 0.946399986743927, 0.9464461207389832, 0.9465115070343018, 0.9465327262878418, 0.9464624524116516, 0.9466056823730469, 0.9466429352760315, 0.9467814564704895, 0.9465004801750183, 0.9465261697769165, 0.9465579390525818, 0.9465242028236389, 0.9464804530143738, 0.9466091990470886, 0.9464991092681885, 0.946527361869812, 0.9469553828239441, 0.9468984007835388, 0.9467002749443054, 0.9465380311012268, 0.9465512633323669, 0.9465898275375366, 0.9465916156768799, 0.9465937614440918, 0.9465535283088684, 0.9465247392654419, 0.9466639161109924, 0.9466041922569275, 0.9464361667633057, 0.9465054869651794, 0.946446418762207, 0.9465123414993286]
val step Loss: [0.9518911838531494, 0.9479045867919922, 0.9476819038391113, 0.9478310942649841, 0.9477951526641846, 0.9477535486221313, 0.9477955102920532, 0.9475211501121521, 0.9474835395812988, 0.9500442743301392, 0.9493041038513184, 0.9485436081886292, 0.9482390284538269, 0.9476902484893799, 0.9475709199905396, 0.9479230642318726, 0.9529333114624023, 0.9475669264793396, 0.9476245045661926, 0.9475781321525574, 0.9476029872894287, 0.9475910663604736, 0.9475258588790894, 0.9475693702697754, 0.9485678672790527, 0.9476349353790283, 0.9476488828659058]
Train step Accs: [1.0, 1.0, 1.0, 1.0, 1.0, 1.0, 1.0, 1.0, 1.0, 1.0, 1.0, 1.0, 1.0, 1.0, 1.0, 1.0, 1.0, 1.0, 1.0, 1.0, 1.0, 1.0, 1.0, 1.0, 1.0, 1.0, 1.0, 1.0, 1.0, 1.0, 1.0, 1.0, 1.0, 1.0, 1.0, 1.0, 1.0, 1.0, 1.0, 1.0, 1.0, 1.0, 1.0, 1.0, 1.0, 1.0, 1.0, 1.0, 1.0, 1.0, 1.0, 1.0, 1.0, 1.0, 1.0, 1.0, 1.0, 1.0, 1.0, 1.0, 1.0, 1.0, 1.0, 1.0, 1.0, 1.0, 1.0, 1.0, 1.0, 1.0, 1.0, 1.0, 1.0, 1.0, 1.0, 1.0, 1.0, 1.0, 1.0, 1.0, 1.0, 1.0, 1.0, 1.0, 1.0, 1.0, 1.0, 1.0, 1.0, 1.0, 1.0, 1.0, 1.0, 1.0, 1.0, 1.0, 1.0, 1.0, 1.0, 1.0, 1.0, 1.0, 1.0, 1.0, 1.0]
val step Accs: [0.9992310649750096, 1.0, 1.0, 1.0, 1.0, 1.0, 1.0, 1.0, 1.0, 0.9996184662342618, 0.9998051821546854, 0.9998466963053809, 0.9998353367363741, 1.0, 1.0, 1.0, 0.9990202482037883, 1.0, 1.0, 1.0, 1.0, 1.0, 1.0, 1.0, 0.9998241603657464, 1.0, 1.0]
Preds: [17, 30, 340, 340, 116, 10, 479, 479, 65, 65, 284, 284, 481, 293, 293, 43, 43, 43, 364, 364, 276, 276, 346, 346, 284, 284, 284, 284, 284, 206, 206, 293, 43, 43, 364, 276, 276, 276, 346, 297, 497, 497, 43, 349, 129, 401, 205, 205, 208, 441, 441, 153, 153, 153, 387, 387, 387, 387, 29, 29, 337, 337, 337, 152, 178, 143, 129, 401, 208, 208, 208, 441, 441, 387, 387, 387, 274, 416, 8, 32, 32, 32, 354, 354, 180, 180, 376, 376, 376, 376, 460, 240, 385, 233, 36, 155, 155, 155, 25, 397, 494, 32, 32, 219, 219, 219, 464, 464, 93, 403, 403, 171, 171, 171, 246, 246, 246, 246, 246, 246, 246, 19, 48, 48, 48, 20, 170, 170, 170, 20, 187, 187, 187, 408, 408, 391, 20, 391, 73, 73, 20, 20, 320, 7, 251, 241, 331, 431, 486, 486, 460, 460, 215, 35, 35, 75, 77, 164, 342, 224, 183, 485, 485, 464, 139, 139, 387, 387, 387, 122, 8, 32, 239, 75, 354, 354, 441, 441, 276, 346, 346, 265, 265, 265, 85, 85, 167, 385, 32, 32, 239, 82, 108, 107, 395, 106, 106, 106, 153, 387, 387, 387, 85, 146, 207, 207, 207, 246, 246, 246, 246, 246, 19, 422, 129, 401, 401, 20, 445, 445, 351, 278, 403, 171, 171, 171, 219, 219, 219, 219, 477, 152, 422, 186, 349, 205, 205, 401, 20, 261, 261, 397, 441, 345, 374, 374, 213, 213, 213, 213, 422, 99, 338, 338, 338, 395, 395, 459, 459, 120, 385, 385, 233, 20, 75, 208, 27, 487, 441, 442, 219, 464, 464, 355, 355, 355, 355, 167, 167, 226, 80, 80, 80, 20, 80, 80, 7, 219, 219, 422, 422, 162, 232, 232, 68, 68, 68, 115, 267, 267, 444, 278, 26, 251, 241, 81, 403, 403, 403, 207, 19, 420, 420, 420, 420, 420, 420, 420, 420, 420, 420, 420, 420, 420, 420, 420, 420, 420, 420, 420, 420, 420, 420, 420, 420, 420, 420, 420, 420, 420, 420, 420, 420, 420, 420, 420, 420, 420, 420, 420, 420, 420, 420, 420, 420, 420, 420, 420, 420, 420, 420, 420, 420, 420, 420, 420, 420, 420, 420, 420, 420, 420, 420, 420, 420, 420, 420, 420, 420, 420, 420, 420, 420, 420, 420, 420, 420, 420, 420, 420, 420, 420, 420, 420, 420, 420, 420, 420, 420, 420, 420, 420, 420, 420, 420, 420, 420, 420, 420, 420, 420, 420, 420, 420, 420, 420, 420, 420, 420, 420, 420, 420, 420, 420, 420, 420, 420, 420, 420, 420, 420, 420, 420, 420, 420, 420, 420, 420, 420, 420, 420, 420, 420, 420, 420, 420, 420, 420, 420, 420, 420, 420, 420, 420, 420, 420, 420, 420, 420, 420, 420, 420, 420, 420, 420, 420, 420, 420, 420, 420, 420, 420, 420, 420, 420, 420, 420, 420, 420, 420, 420, 420, 420, 420, 420, 420, 420, 420, 420, 420, 420, 420, 420, 420, 420, 420, 420, 420, 420, 420, 420, 420, 420, 420, 420, 420, 420, 420, 420, 420, 420, 420, 420, 420, 420, 420, 420, 420, 420, 420, 420, 420, 420, 420, 420, 420, 420, 420, 420, 420, 420, 420, 420, 420, 420, 420, 420, 420, 420, 420, 420, 420, 420, 420, 420, 420, 420, 420, 420, 420, 420, 420, 420, 420, 420, 420, 420, 420, 420, 420, 420, 420, 420, 420, 420, 420, 420, 420, 420, 420, 420, 420, 420, 420, 420, 420, 420, 420, 420, 420, 420, 420, 420, 420, 420, 420, 420, 420, 420, 420, 420, 420, 420, 420, 420, 420, 420, 420, 420, 420]

ep124
Train step Loss: [0.9464008808135986, 0.9464880228042603, 0.946612536907196, 0.9466837644577026, 0.9464831948280334, 0.9466190934181213, 0.9466010332107544, 0.9465298652648926, 0.9466944336891174, 0.9465659856796265, 0.9467054605484009, 0.9465153217315674, 0.9467052221298218, 0.9465948343276978, 0.9465265870094299, 0.9466794729232788, 0.9466325044631958, 0.9466326236724854, 0.9466428160667419, 0.946526825428009, 0.9465882778167725, 0.9465197920799255, 0.9464419484138489, 0.9465547204017639, 0.946906566619873, 0.9464633464813232, 0.9465802311897278, 0.9464636445045471, 0.9466062784194946, 0.9466119408607483, 0.9465276002883911, 0.9465354681015015, 0.9464741945266724, 0.9465612769126892, 0.9465929865837097, 0.9464083313941956, 0.9465709924697876, 0.9465582966804504, 0.9467143416404724, 0.9464771151542664, 0.9465486407279968, 0.9465343356132507, 0.9464656710624695, 0.9465031027793884, 0.9466308951377869, 0.9466071128845215, 0.9465102553367615, 0.9465528726577759, 0.9465541839599609, 0.9466201066970825, 0.946558952331543, 0.9465174078941345, 0.9469563364982605, 0.9465538263320923, 0.9466137290000916, 0.9463914036750793, 0.9464502334594727, 0.9465361833572388, 0.9465579986572266, 0.9465906023979187, 0.946540355682373, 0.946480393409729, 0.9466051459312439, 0.9467862844467163, 0.9465905427932739, 0.9470332860946655, 0.946498692035675, 0.9464771151542664, 0.9465092420578003, 0.9464855790138245, 0.9464060664176941, 0.9466047286987305, 0.9465214610099792, 0.946546196937561, 0.9467318058013916, 0.9465633630752563, 0.9465234279632568, 0.9465500116348267, 0.9465816020965576, 0.9464707374572754, 0.9464588761329651, 0.9465590715408325, 0.9465655088424683, 0.9466095566749573, 0.9464919567108154, 0.9465083479881287, 0.9465781450271606, 0.9464477896690369, 0.9464808106422424, 0.9466388821601868, 0.9465197920799255, 0.9465656280517578, 0.9466800689697266, 0.9469228386878967, 0.9465402960777283, 0.946574866771698, 0.9465466141700745, 0.946530282497406, 0.9465303421020508, 0.9466186165809631, 0.9465337991714478, 0.9466047286987305, 0.946580708026886, 0.9464876055717468, 0.9466034770011902]
val step Loss: [0.9477800726890564, 0.947705864906311, 0.9475141763687134, 0.9477292895317078, 0.9492629170417786, 0.9477406740188599, 0.9515820145606995, 0.9474287629127502, 0.9488441348075867, 0.9476186633110046, 0.9488492012023926, 0.9476885795593262, 0.947772204875946, 0.9477131366729736, 0.9487832188606262, 0.9478189945220947, 0.9481510519981384, 0.947752058506012, 0.9489185810089111, 0.9539278745651245, 0.9477206468582153, 0.9477581977844238, 0.9478074908256531, 0.9478783011436462, 0.9477618932723999, 0.9476262331008911, 0.9473591446876526]
Train step Accs: [1.0, 1.0, 1.0, 1.0, 1.0, 1.0, 1.0, 1.0, 1.0, 1.0, 1.0, 1.0, 1.0, 1.0, 1.0, 1.0, 1.0, 1.0, 1.0, 1.0, 1.0, 1.0, 1.0, 1.0, 1.0, 1.0, 1.0, 1.0, 1.0, 1.0, 1.0, 1.0, 1.0, 1.0, 1.0, 1.0, 1.0, 1.0, 1.0, 1.0, 1.0, 1.0, 1.0, 1.0, 1.0, 1.0, 1.0, 1.0, 1.0, 1.0, 1.0, 1.0, 1.0, 1.0, 1.0, 1.0, 1.0, 1.0, 1.0, 1.0, 1.0, 1.0, 1.0, 1.0, 1.0, 1.0, 1.0, 1.0, 1.0, 1.0, 1.0, 1.0, 1.0, 1.0, 1.0, 1.0, 1.0, 1.0, 1.0, 1.0, 1.0, 1.0, 1.0, 1.0, 1.0, 1.0, 1.0, 1.0, 1.0, 1.0, 1.0, 1.0, 1.0, 1.0, 1.0, 1.0, 1.0, 1.0, 1.0, 1.0, 1.0, 1.0, 1.0, 1.0, 1.0]
val step Accs: [1.0, 1.0, 1.0, 1.0, 0.9997001499250375, 1.0, 0.9992916592881176, 1.0, 0.9998160073597057, 1.0, 0.9998458455372283, 1.0, 1.0, 1.0, 0.9998409416255766, 1.0, 1.0, 1.0, 0.9998001998001999, 0.9988751406074241, 1.0, 1.0, 1.0, 1.0, 1.0, 1.0, 1.0]
Preds: [17, 17, 217, 217, 473, 473, 65, 443, 443, 443, 171, 171, 252, 24, 239, 239, 239, 107, 395, 180, 84, 84, 355, 355, 98, 98, 98, 263, 229, 229, 82, 247, 312, 126, 126, 326, 326, 326, 101, 101, 149, 228, 320, 82, 7, 473, 473, 65, 476, 171, 252, 143, 143, 36, 449, 449, 395, 324, 324, 252, 325, 325, 34, 324, 324, 324, 301, 301, 251, 251, 251, 331, 431, 84, 496, 274, 274, 43, 8, 8, 239, 354, 208, 441, 441, 98, 98, 98, 48, 48, 417, 170, 82, 244, 392, 392, 392, 244, 312, 312, 187, 23, 23, 260, 260, 260, 391, 391, 391, 435, 435, 435, 435, 73, 73, 73, 244, 287, 287, 287, 284, 284, 293, 43, 43, 276, 276, 276, 346, 387, 387, 387, 406, 406, 406, 467, 337, 337, 278, 258, 31, 342, 342, 342, 224, 224, 224, 494, 494, 494, 203, 399, 217, 10, 473, 473, 398, 398, 286, 286, 286, 468, 406, 406, 380, 380, 499, 284, 426, 375, 98, 98, 98, 98, 13, 13, 414, 170, 47, 392, 392, 102, 102, 244, 320, 7, 7, 7, 217, 217, 473, 473, 264, 264, 264, 264, 264, 468, 468, 406, 406, 337, 337, 337, 324, 301, 359, 251, 359, 81, 444, 324, 324, 324, 301, 301, 251, 251, 241, 241, 431, 106, 84, 293, 497, 416, 8, 239, 144, 27, 106, 387, 206, 240, 385, 36, 36, 342, 224, 224, 273, 355, 355, 355, 374, 420, 374, 374, 374, 374, 374, 374, 374, 374, 374, 374, 374, 374, 374, 374, 374, 374, 374, 374, 374, 374, 374, 374, 374, 374, 374, 374, 374, 374, 374, 374, 374, 374, 374, 374, 374, 374, 374, 374, 374, 374, 374, 374, 374, 374, 374, 374, 374, 374, 374, 374, 374, 374, 374, 374, 374, 374, 374, 374, 374, 374, 374, 374, 374, 374, 374, 374, 374, 374, 374, 374, 374, 374, 374, 374, 374, 374, 374, 374, 374, 374, 374, 374, 374, 374, 374, 374, 374, 374, 374, 374, 374, 374, 374, 374, 374, 374, 374, 374, 374, 374, 374, 374, 374, 374, 374, 374, 374, 374, 374, 374, 374, 374, 374, 374, 374, 374, 374, 374, 374, 374, 374, 374, 374, 374, 374, 374, 374, 374, 374, 374, 374, 374, 374, 374, 374, 374, 374, 374, 374, 374, 374, 374, 374, 374, 374, 374, 374, 374, 374, 374, 374, 374, 374, 374, 374, 374, 374, 374, 374, 374, 374, 374, 374, 374, 374, 374, 374, 374, 374, 374, 374, 374, 374, 374, 374, 374, 374, 374, 374, 374, 374, 374, 374, 374, 374, 374, 374, 374, 374, 374, 374, 374, 374, 374, 374, 374, 374, 374, 374, 374, 374, 374, 374, 374, 374, 374, 374, 374, 374, 374, 374, 374, 374, 374, 374, 374, 374, 374, 374, 374, 374, 374, 374, 374, 374, 374, 374, 374, 374, 374, 374, 374, 374, 374, 374, 374, 374, 374, 374, 374, 374, 374, 374, 374, 374, 374, 374, 374, 374, 374, 374, 374, 374, 374, 374, 374, 374, 374, 374, 374, 374, 374, 374, 374, 374, 374, 374, 374, 374, 374, 374, 374, 374, 374, 374, 374, 374, 374, 374, 374, 374, 374, 374, 374, 374, 374, 374, 374, 374, 374, 374, 374, 374, 374, 374, 374, 374, 374, 374, 374, 374, 374, 374, 374, 374, 374, 374, 374, 374, 374, 374, 374, 374, 374, 374, 374, 374, 374, 374, 374, 374, 374, 374, 374, 374, 374, 374, 374, 374, 374, 374, 374, 374, 374, 374, 374, 374, 374, 374, 374, 374, 374, 374, 374, 374, 374, 374, 374, 374, 374, 374, 374, 374, 374]

ep125
Train step Loss: [0.9466440081596375, 0.9465563893318176, 0.9465361833572388, 0.9465896487236023, 0.9465099573135376, 0.9463851451873779, 0.9465330839157104, 0.9465764164924622, 0.9464645385742188, 0.946589469909668, 0.9465117454528809, 0.9465314745903015, 0.9465095400810242, 0.946531355381012, 0.9466095566749573, 0.9463678002357483, 0.9467232823371887, 0.9465543031692505, 0.9465507864952087, 0.9465142488479614, 0.9465982913970947, 0.9464733004570007, 0.9465686082839966, 0.946521520614624, 0.9465468525886536, 0.9465445876121521, 0.9465203285217285, 0.9465785026550293, 0.946540117263794, 0.9465765953063965, 0.9465382099151611, 0.9463908672332764, 0.9465197920799255, 0.9466116428375244, 0.9465630054473877, 0.9465978145599365, 0.9464768767356873, 0.9467653036117554, 0.9465793371200562, 0.9465517401695251, 0.9465951323509216, 0.9465550184249878, 0.9464740753173828, 0.9463798403739929, 0.9465824365615845, 0.9464963674545288, 0.9464814066886902, 0.946572482585907, 0.9464555978775024, 0.9464119076728821, 0.9465071558952332, 0.9470100998878479, 0.9465785026550293, 0.9465575814247131, 0.9466284513473511, 0.9464859962463379, 0.9466497898101807, 0.9465368390083313, 0.946519672870636, 0.9465112686157227, 0.9466217160224915, 0.9464706182479858, 0.9466925859451294, 0.9466884136199951, 0.9465309381484985, 0.9465288519859314, 0.9465070962905884, 0.9468356370925903, 0.9466253519058228, 0.9466319680213928, 0.9464795589447021, 0.946515679359436, 0.9464659690856934, 0.9465404748916626, 0.9465368986129761, 0.9468511343002319, 0.9464871287345886, 0.9465521574020386, 0.9466040134429932, 0.946465015411377, 0.9464015364646912, 0.946516215801239, 0.9464794397354126, 0.9466122388839722, 0.9466189742088318, 0.9465708136558533, 0.9467265009880066, 0.9465811252593994, 0.946513295173645, 0.9466068148612976, 0.9465903043746948, 0.9465280175209045, 0.9466262459754944, 0.9466092586517334, 0.9465315341949463, 0.9466385245323181, 0.9466859698295593, 0.9464917778968811, 0.9465025663375854, 0.9463977813720703, 0.9465011358261108, 0.9464595913887024, 0.9466754794120789, 0.9464949369430542, 0.9466049075126648]
val step Loss: [0.9480360746383667, 0.9478536248207092, 0.9475763440132141, 0.9476838111877441, 0.9476869702339172, 0.9479197263717651, 0.9478088021278381, 0.9499367475509644, 0.9476656317710876, 0.9477506279945374, 0.9477654695510864, 0.9478968381881714, 0.947621762752533, 0.9478746056556702, 0.9478034377098083, 0.948914647102356, 0.9493416547775269, 0.9478045701980591, 0.9477731585502625, 0.9477474689483643, 0.9479047656059265, 0.9477115869522095, 0.9577764868736267, 0.9487020373344421, 0.9476480484008789, 0.9477615356445312, 0.9473729729652405]
Train step Accs: [1.0, 1.0, 1.0, 1.0, 1.0, 1.0, 1.0, 1.0, 1.0, 1.0, 1.0, 1.0, 1.0, 1.0, 1.0, 1.0, 1.0, 1.0, 1.0, 1.0, 1.0, 1.0, 1.0, 1.0, 1.0, 1.0, 1.0, 1.0, 1.0, 1.0, 1.0, 1.0, 1.0, 1.0, 1.0, 1.0, 1.0, 1.0, 1.0, 1.0, 1.0, 1.0, 1.0, 1.0, 1.0, 1.0, 1.0, 1.0, 1.0, 1.0, 1.0, 1.0, 1.0, 1.0, 1.0, 1.0, 1.0, 1.0, 1.0, 1.0, 1.0, 1.0, 1.0, 1.0, 1.0, 1.0, 1.0, 1.0, 1.0, 1.0, 1.0, 1.0, 1.0, 1.0, 1.0, 1.0, 1.0, 1.0, 1.0, 1.0, 1.0, 1.0, 1.0, 1.0, 1.0, 1.0, 1.0, 1.0, 1.0, 1.0, 1.0, 1.0, 1.0, 1.0, 1.0, 1.0, 1.0, 1.0, 1.0, 1.0, 1.0, 1.0, 1.0, 1.0, 1.0]
val step Accs: [1.0, 1.0, 1.0, 1.0, 1.0, 1.0, 1.0, 0.9996294237539374, 1.0, 1.0, 1.0, 1.0, 1.0, 1.0, 1.0, 0.9998338042213728, 0.9996866186148543, 1.0, 1.0, 1.0, 1.0, 1.0, 0.9981283922889762, 0.9998435054773083, 1.0, 1.0, 1.0]
Preds: [17, 17, 17, 287, 284, 284, 284, 293, 43, 43, 364, 364, 276, 276, 346, 284, 284, 284, 284, 284, 206, 206, 169, 215, 35, 244, 205, 205, 205, 261, 25, 437, 284, 265, 265, 85, 388, 348, 64, 64, 212, 398, 324, 324, 324, 324, 324, 246, 246, 246, 252, 32, 239, 239, 82, 384, 371, 371, 213, 213, 213, 422, 236, 239, 259, 310, 107, 107, 395, 395, 286, 464, 464, 464, 315, 315, 315, 315, 450, 450, 450, 43, 43, 364, 276, 276, 138, 138, 182, 182, 182, 375, 98, 98, 197, 401, 80, 244, 244, 208, 441, 441, 153, 153, 153, 153, 497, 497, 387, 81, 81, 337, 41, 324, 324, 3, 143, 401, 244, 244, 192, 188, 188, 278, 278, 240, 143, 129, 239, 384, 34, 191, 191, 324, 178, 143, 458, 401, 244, 320, 354, 109, 41, 41, 171, 171, 19, 454, 229, 229, 170, 392, 392, 392, 392, 244, 244, 73, 244, 73, 244, 320, 287, 287, 287, 284, 481, 293, 43, 276, 276, 346, 284, 405, 405, 206, 169, 215, 35, 401, 244, 320, 354, 106, 106, 428, 428, 240, 388, 94, 64, 473, 398, 324, 324, 324, 213, 324, 422, 239, 239, 239, 384, 371, 371, 213, 213, 422, 143, 239, 239, 310, 310, 107, 395, 395, 278, 278, 385, 143, 233, 401, 401, 320, 29, 374, 374, 132, 185, 186, 186, 323, 323, 68, 68, 68, 160, 160, 112, 17, 17, 420, 374, 374, 374, 374, 374, 374, 374, 374, 374, 374, 374, 374, 374, 374, 374, 374, 374, 374, 374, 374, 374, 374, 374, 374, 374, 374, 374, 374, 374, 374, 374, 374, 374, 374, 374, 374, 374, 374, 374, 374, 374, 374, 374, 374, 374, 374, 374, 374, 374, 374, 374, 374, 374, 374, 374, 374, 374, 374, 374, 374, 374, 374, 374, 374, 374, 374, 374, 374, 374, 374, 374, 374, 374, 374, 374, 374, 374, 374, 374, 374, 374, 374, 374, 374, 374, 374, 374, 374, 374, 374, 374, 374, 374, 374, 374, 374, 374, 374, 374, 374, 374, 374, 374, 374, 374, 374, 374, 374, 374, 374, 374, 374, 374, 374, 374, 374, 374, 374, 374, 374, 374, 374, 374, 374, 374, 374, 374, 374, 374, 374, 374, 374, 374, 374, 374, 374, 374, 374, 374, 374, 374, 374, 374, 374, 374, 374, 374, 374, 374, 374, 374, 374, 374, 374, 374, 374, 374, 374, 374, 374, 374, 374, 374, 374, 374, 374, 374, 374, 374, 374, 374, 374, 374, 374, 374, 374, 374, 374, 374, 374, 374, 374, 374, 374, 374, 374, 374, 374, 374, 374, 374, 374, 374, 374, 374, 374, 374, 374, 374, 374, 374, 374, 374, 374, 374, 374, 374, 374, 374, 374, 374, 374, 374, 374, 374, 374, 374, 374, 374, 374, 374, 374, 374, 374, 374, 374, 374, 374, 374, 374, 374, 374, 374, 374, 374, 374, 374, 374, 374, 374, 374, 374, 374, 374, 374, 374, 374, 374, 374, 374, 374, 374, 374, 374, 374, 374, 374, 374, 374, 374, 374, 374, 374, 374, 374, 374, 374, 374, 374, 374, 374, 374, 374, 374, 374, 374, 374, 374, 374, 374, 374, 374, 374, 374, 374, 374, 374, 374, 374, 374, 374, 374, 374, 374, 374, 374, 374, 374, 374, 374, 374, 374, 374, 374, 374, 374, 374, 374, 374, 374, 374, 374, 374, 374, 374, 374, 374, 374, 374, 374, 374, 374, 374, 374, 374, 374, 374, 374, 374, 374, 374, 374, 374, 374, 374, 374, 374, 374, 374, 374, 374, 374, 374, 374, 374, 374, 374, 374, 374, 374, 374, 374, 374, 374, 374, 374, 374, 374]

ep126
Train step Loss: [0.9464250206947327, 0.9465482831001282, 0.946378231048584, 0.9466065168380737, 0.9464591145515442, 0.9465661644935608, 0.9465764760971069, 0.9464613199234009, 0.9464065432548523, 0.9466728568077087, 0.9465794563293457, 0.9464563131332397, 0.9465055465698242, 0.946459174156189, 0.9463831186294556, 0.9465775489807129, 0.946465790271759, 0.946406364440918, 0.9464559555053711, 0.9464491605758667, 0.946520984172821, 0.9464643597602844, 0.9464856386184692, 0.9464806914329529, 0.9464768171310425, 0.9464463591575623, 0.9463766813278198, 0.9464408755302429, 0.9464103579521179, 0.9464554786682129, 0.9465498328208923, 0.9464437961578369, 0.9464741349220276, 0.9464572668075562, 0.9465625882148743, 0.9466404914855957, 0.9465489983558655, 0.9464907050132751, 0.9463528990745544, 0.9463422894477844, 0.946508526802063, 0.9465236663818359, 0.9469150304794312, 0.9464465379714966, 0.9463781118392944, 0.9465098977088928, 0.946524977684021, 0.9464887976646423, 0.9465335011482239, 0.9465271830558777, 0.9464641809463501, 0.9464946985244751, 0.9464150667190552, 0.9464766979217529, 0.9468041062355042, 0.946452796459198, 0.9464389681816101, 0.946567177772522, 0.9465623497962952, 0.9465372562408447, 0.9464948177337646, 0.9468697309494019, 0.946408212184906, 0.9464565515518188, 0.9464704394340515, 0.9464344382286072, 0.9465250372886658, 0.9464617371559143, 0.9465058445930481, 0.9464678764343262, 0.946403980255127, 0.9465081691741943, 0.9465191960334778, 0.946564793586731, 0.9463309049606323, 0.9465606808662415, 0.9464439749717712, 0.9465271830558777, 0.9465023875236511, 0.9467650651931763, 0.9464719891548157, 0.9463840126991272, 0.9465381503105164, 0.9465095400810242, 0.9464902877807617, 0.9464200139045715, 0.9463940858840942, 0.9465604424476624, 0.9463896751403809, 0.9464641809463501, 0.9463965892791748, 0.9465512037277222, 0.9464038014411926, 0.9464717507362366, 0.9464260339736938, 0.9465423822402954, 0.9464200139045715, 0.9464315176010132, 0.9464496970176697, 0.9463982582092285, 0.9465031623840332, 0.9463322162628174, 0.9463075399398804, 0.9464439749717712, 0.9465119242668152]
val step Loss: [0.9498315453529358, 0.9492123126983643, 0.9472368955612183, 0.9534007906913757, 0.9476121068000793, 0.9473156332969666, 0.9474961161613464, 0.9475551843643188, 0.9479309320449829, 0.9479334354400635, 0.9474442601203918, 0.9472725987434387, 0.9475361704826355, 0.9475858807563782, 0.9477131366729736, 0.9474780559539795, 0.9484842419624329, 0.9476165771484375, 0.9475499391555786, 0.9475259780883789, 0.9483649134635925, 0.9475957155227661, 0.9515349864959717, 0.947714626789093, 0.94753497838974, 0.947890043258667, 0.9475526809692383]
Train step Accs: [1.0, 1.0, 1.0, 1.0, 1.0, 1.0, 1.0, 1.0, 1.0, 1.0, 1.0, 1.0, 1.0, 1.0, 1.0, 1.0, 1.0, 1.0, 1.0, 1.0, 1.0, 1.0, 1.0, 1.0, 1.0, 1.0, 1.0, 1.0, 1.0, 1.0, 1.0, 1.0, 1.0, 1.0, 1.0, 1.0, 1.0, 1.0, 1.0, 1.0, 1.0, 1.0, 1.0, 1.0, 1.0, 1.0, 1.0, 1.0, 1.0, 1.0, 1.0, 1.0, 1.0, 1.0, 1.0, 1.0, 1.0, 1.0, 1.0, 1.0, 1.0, 1.0, 1.0, 1.0, 1.0, 1.0, 1.0, 1.0, 1.0, 1.0, 1.0, 1.0, 1.0, 1.0, 1.0, 1.0, 1.0, 1.0, 1.0, 1.0, 1.0, 1.0, 1.0, 1.0, 1.0, 1.0, 1.0, 1.0, 1.0, 1.0, 1.0, 1.0, 1.0, 1.0, 1.0, 1.0, 1.0, 1.0, 1.0, 1.0, 1.0, 1.0, 1.0, 1.0, 1.0]
val step Accs: [0.9996630727762803, 0.9997021593447506, 1.0, 0.9989165763813651, 1.0, 1.0, 1.0, 1.0, 1.0, 1.0, 1.0, 1.0, 1.0, 1.0, 1.0, 1.0, 0.9998456551937027, 1.0, 1.0, 1.0, 0.9998104624715694, 1.0, 0.9993044687880369, 1.0, 1.0, 1.0, 1.0]
Preds: [17, 17, 152, 152, 152, 378, 378, 43, 276, 345, 345, 109, 174, 284, 319, 240, 240, 240, 314, 239, 82, 82, 449, 371, 444, 213, 324, 324, 324, 286, 301, 132, 42, 42, 147, 380, 380, 288, 443, 432, 330, 330, 388, 33, 33, 64, 394, 398, 219, 464, 464, 464, 180, 315, 315, 450, 450, 293, 43, 43, 43, 364, 276, 276, 276, 276, 346, 346, 284, 284, 284, 284, 376, 376, 206, 206, 85, 85, 240, 388, 251, 251, 251, 251, 251, 251, 241, 431, 355, 355, 452, 263, 263, 263, 420, 374, 374, 374, 374, 374, 374, 374, 374, 374, 374, 374, 374, 374, 374, 374, 374, 374, 374, 374, 374, 374, 374, 374, 374, 374, 374, 374, 374, 374, 374, 374, 374, 374, 374, 374, 374, 374, 374, 374, 374, 374, 374, 374, 374, 374, 374, 374, 374, 374, 374, 374, 374, 374, 374, 374, 374, 374, 374, 374, 374, 374, 374, 374, 374, 374, 374, 374, 374, 374, 374, 374, 374, 374, 374, 374, 374, 374, 374, 374, 374, 374, 374, 374, 374, 374, 374, 374, 374, 374, 374, 374, 374, 374, 374, 374, 374, 374, 374, 374, 374, 374, 374, 374, 374, 374, 374, 374, 374, 374, 374, 374, 374, 374, 374, 374, 374, 374, 374, 374, 374, 374, 374, 374, 374, 374, 374, 374, 374, 374, 374, 374, 374, 374, 374, 374, 374, 374, 374, 374, 374, 374, 374, 374, 374, 374, 374, 374, 374, 374, 374, 374, 374, 374, 374, 374, 374, 374, 374, 374, 374, 374, 374, 374, 374, 374, 374, 374, 374, 374, 374, 374, 374, 374, 374, 374, 374, 374, 374, 374, 374, 374, 374, 374, 374, 374, 374, 374, 374, 374, 374, 374, 374, 374, 374, 374, 374, 374, 374, 374, 374, 374, 374, 374, 374, 374, 374, 374, 374, 374, 374, 374, 374, 374, 374, 374, 374, 374, 374, 374, 374, 374, 374, 374, 374, 374, 374, 374, 374, 374, 374, 374, 374, 374, 374, 374, 374, 374, 374, 374, 374, 374, 374, 374, 374, 374, 374, 374, 374, 374, 374, 374, 374, 374, 374, 374, 374, 374, 374, 374, 374, 374, 374, 374, 374, 374, 374, 374, 374, 374, 374, 374, 374, 374, 374, 374, 374, 374, 374, 374, 374, 374, 374, 374, 374, 374, 374, 374, 374, 374, 374, 374, 374, 374, 374, 374, 374, 374, 374, 374, 374, 374, 374, 374, 374, 374, 374, 374, 374, 374, 374, 374, 374, 374, 374, 374, 374, 374, 374, 374, 374, 374, 374, 374, 374, 374, 374, 374, 374, 374, 374, 374, 374, 374, 374, 374, 374, 374, 374, 374, 374, 374, 374, 374, 374, 374, 374, 374, 374, 374, 374, 374, 374, 374, 374, 374, 374, 374, 374, 374, 374, 374, 374, 374, 374, 374, 374, 374, 374, 374, 374, 374, 374, 374, 374, 374, 374, 374, 374, 374, 374, 374, 374, 374, 374, 374, 374, 374, 374, 374, 374, 374, 374, 374, 374, 374, 374, 374, 374, 374, 374, 374, 374, 374, 374, 374, 374, 374, 374, 374, 374, 374, 374, 374, 374, 374, 374, 374, 374, 374, 374, 374, 374, 374, 374, 374, 374, 374, 374, 374, 374, 374, 374, 374, 374, 374, 374, 374, 374, 374, 374, 374, 374, 374, 374, 374, 374, 374, 374, 374, 374, 374, 374, 374, 374, 374, 374, 374, 374, 374, 374, 374, 374, 374, 374, 374, 374, 374, 374, 374, 374, 374, 374, 374, 374, 374, 374, 374, 374, 374, 374, 374, 374, 374, 374, 374, 374, 374, 374, 374, 374, 374, 374, 374, 374, 374, 374, 374, 374, 374, 374, 374, 374, 374, 374, 374]

ep127
Train step Loss: [0.9463901519775391, 0.9465839862823486, 0.9463987350463867, 0.9468287825584412, 0.9467687010765076, 0.9463762044906616, 0.9465381503105164, 0.9464532732963562, 0.9463435411453247, 0.9464066028594971, 0.9464805126190186, 0.9465611577033997, 0.9464048743247986, 0.9465556144714355, 0.9463770389556885, 0.9464444518089294, 0.9468708038330078, 0.9465155005455017, 0.946410059928894, 0.9465659856796265, 0.9465014934539795, 0.9465173482894897, 0.9465558528900146, 0.9464170932769775, 0.9464276432991028, 0.9464240074157715, 0.9465072154998779, 0.9464375376701355, 0.9464742541313171, 0.9465761780738831, 0.9465301036834717, 0.9464325308799744, 0.9465645551681519, 0.9464038610458374, 0.9465540051460266, 0.9464251399040222, 0.9464529156684875, 0.946390688419342, 0.9464970231056213, 0.9464749097824097, 0.9464266300201416, 0.9464914798736572, 0.9465391635894775, 0.9464458227157593, 0.9464541077613831, 0.9465177059173584, 0.9464591145515442, 0.9464221000671387, 0.9464467167854309, 0.9464073181152344, 0.9463967680931091, 0.9465368986129761, 0.9465934038162231, 0.9463925957679749, 0.9465171694755554, 0.9464728236198425, 0.946506917476654, 0.9463232755661011, 0.9463391304016113, 0.9464426636695862, 0.9463495016098022, 0.9464327692985535, 0.9464659094810486, 0.9463686943054199, 0.9464863538742065, 0.9463585615158081, 0.9465546011924744, 0.9465609788894653, 0.9464350938796997, 0.9463083744049072, 0.9464578628540039, 0.9464976191520691, 0.9465010166168213, 0.9464319348335266, 0.9464731216430664, 0.9463719129562378, 0.9464638829231262, 0.9464167952537537, 0.9465364813804626, 0.94649338722229, 0.9464520812034607, 0.9463755488395691, 0.9464585781097412, 0.9464424848556519, 0.9464879035949707, 0.9464618563652039, 0.9465022683143616, 0.9465038180351257, 0.9464470744132996, 0.9464800953865051, 0.9465489983558655, 0.9464612603187561, 0.9463695287704468, 0.9464163780212402, 0.9464610815048218, 0.9464722275733948, 0.9465397000312805, 0.946441650390625, 0.9467549920082092, 0.9465765953063965, 0.9464950561523438, 0.9464118480682373, 0.9463838934898376, 0.9465560913085938, 0.9463976621627808]
val step Loss: [0.9477653503417969, 0.9474728107452393, 0.9475100040435791, 0.9474794268608093, 0.9476385116577148, 0.9484896659851074, 0.9485037922859192, 0.9479196667671204, 0.9475383162498474, 0.9475512504577637, 0.9474976658821106, 0.9588025212287903, 0.9476087093353271, 0.9474808573722839, 0.948704719543457, 0.9475296139717102, 0.947374701499939, 0.9476463794708252, 0.9477854371070862, 0.947659432888031, 0.9482997059822083, 0.9474191069602966, 0.9475404024124146, 0.947455883026123, 0.9476220011711121, 0.9475324153900146, 0.9474780559539795]
Train step Accs: [1.0, 1.0, 1.0, 1.0, 1.0, 1.0, 1.0, 1.0, 1.0, 1.0, 1.0, 1.0, 1.0, 1.0, 1.0, 1.0, 1.0, 1.0, 1.0, 1.0, 1.0, 1.0, 1.0, 1.0, 1.0, 1.0, 1.0, 1.0, 1.0, 1.0, 1.0, 1.0, 1.0, 1.0, 1.0, 1.0, 1.0, 1.0, 1.0, 1.0, 1.0, 1.0, 1.0, 1.0, 1.0, 1.0, 1.0, 1.0, 1.0, 1.0, 1.0, 1.0, 1.0, 1.0, 1.0, 1.0, 1.0, 1.0, 1.0, 1.0, 1.0, 1.0, 1.0, 1.0, 1.0, 1.0, 1.0, 1.0, 1.0, 1.0, 1.0, 1.0, 1.0, 1.0, 1.0, 1.0, 1.0, 1.0, 1.0, 1.0, 1.0, 1.0, 1.0, 1.0, 1.0, 1.0, 1.0, 1.0, 1.0, 1.0, 1.0, 1.0, 1.0, 1.0, 1.0, 1.0, 1.0, 1.0, 1.0, 1.0, 1.0, 1.0, 1.0, 1.0, 1.0]
val step Accs: [1.0, 1.0, 1.0, 1.0, 1.0, 0.99981556621173, 0.9998213009292352, 1.0, 1.0, 1.0, 1.0, 0.9979256698357822, 1.0, 1.0, 0.9998423707440101, 1.0, 1.0, 1.0, 1.0, 1.0, 0.9998325238653492, 1.0, 1.0, 1.0, 1.0, 1.0, 1.0]
Preds: [17, 17, 441, 153, 153, 153, 424, 387, 497, 497, 122, 122, 35, 35, 259, 384, 371, 180, 180, 84, 84, 139, 16, 16, 375, 375, 375, 375, 98, 98, 98, 13, 13, 414, 414, 249, 249, 20, 47, 312, 187, 187, 101, 101, 101, 101, 149, 149, 149, 321, 287, 287, 287, 287, 297, 297, 297, 293, 293, 293, 122, 216, 22, 106, 106, 106, 284, 284, 284, 284, 306, 306, 372, 245, 406, 406, 284, 65, 284, 284, 284, 376, 376, 282, 282, 169, 271, 150, 77, 342, 342, 168, 97, 483, 196, 196, 479, 199, 199, 199, 360, 360, 330, 252, 368, 310, 310, 395, 395, 213, 278, 278, 278, 252, 368, 77, 453, 453, 168, 485, 301, 301, 374, 199, 106, 84, 84, 84, 84, 496, 293, 215, 215, 8, 251, 241, 241, 106, 106, 106, 284, 426, 405, 387, 387, 406, 406, 467, 467, 337, 207, 207, 19, 358, 233, 414, 417, 417, 417, 417, 442, 442, 414, 170, 102, 491, 312, 292, 292, 292, 292, 326, 326, 408, 408, 408, 228, 321, 320, 451, 30, 30, 422, 99, 338, 338, 338, 338, 400, 400, 400, 400, 171, 171, 301, 301, 378, 43, 364, 345, 345, 109, 109, 476, 476, 171, 324, 324, 301, 301, 8, 259, 354, 354, 420, 420, 420, 324, 324, 301, 251, 251, 241, 241, 331, 443, 443, 443, 443, 120, 120, 120, 120, 207, 207, 207, 207, 37, 203, 399, 217, 217, 473, 473, 476, 476, 171, 171, 171, 171, 252, 252, 310, 453, 107, 395, 444, 213, 213, 360, 252, 252, 368, 77, 54, 54, 224, 168, 494, 278, 301, 116, 251, 251, 241, 431, 431, 486, 376, 376, 376, 376, 376, 460, 460, 460, 240, 240, 35, 198, 384, 371, 114, 180, 84, 84, 84, 387, 372, 467, 467, 467, 467, 467, 207, 207, 207, 19, 19, 17, 420, 374, 374, 374, 374, 374, 374, 374, 374, 374, 374, 374, 374, 374, 374, 374, 374, 374, 374, 374, 374, 374, 374, 374, 374, 374, 374, 374, 374, 374, 374, 374, 374, 374, 374, 374, 374, 374, 374, 374, 374, 374, 374, 374, 374, 374, 374, 374, 374, 374, 374, 374, 374, 374, 374, 374, 374, 374, 374, 374, 374, 374, 374, 374, 374, 374, 374, 374, 374, 374, 374, 374, 374, 374, 374, 374, 374, 374, 374, 374, 374, 374, 374, 374, 374, 374, 374, 374, 374, 374, 374, 374, 374, 374, 374, 374, 374, 374, 374, 374, 374, 374, 374, 374, 374, 374, 374, 374, 374, 374, 374, 374, 374, 374, 374, 374, 374, 374, 374, 374, 374, 374, 374, 374, 374, 374, 374, 374, 374, 374, 374, 374, 374, 374, 374, 374, 374, 374, 374, 374, 374, 374, 374, 374, 374, 374, 374, 374, 374, 374, 374, 374, 374, 374, 374, 374, 374, 374, 374, 374, 374, 374, 374, 374, 374, 374, 374, 374, 374, 374, 374, 374, 374, 374, 374, 374, 374, 374, 374, 374, 374, 374, 374, 374, 374, 374, 374, 374, 374, 374, 374, 374, 374, 374, 374, 374, 374, 374, 374, 374, 374, 374, 374, 374, 374, 374, 374, 374, 374, 374, 374, 374, 374, 374, 374, 374, 374, 374, 374, 374, 374, 374, 374, 374, 374, 374, 374, 374, 374, 374, 374, 374, 374, 374, 374, 374, 374, 374, 374, 374, 374, 374, 374, 374, 374, 374, 374, 374, 374, 374, 374, 374, 374, 374, 374, 374, 374, 374, 374, 374, 374, 374, 374, 374, 374, 374, 374, 374, 374, 374, 374, 374, 374, 374, 374, 374, 374, 374, 374, 374, 374, 374, 374, 374, 374, 374, 374, 374, 374, 374]

ep128
Train step Loss: [0.9463537931442261, 0.9463931322097778, 0.9464401602745056, 0.9464722871780396, 0.946509063243866, 0.9464172124862671, 0.9464749693870544, 0.9466566443443298, 0.946418821811676, 0.9463823437690735, 0.9464597702026367, 0.9464434385299683, 0.9463441371917725, 0.9463021755218506, 0.9464616775512695, 0.9464824199676514, 0.9464380741119385, 0.946448028087616, 0.946502149105072, 0.9464928507804871, 0.946438729763031, 0.9464086294174194, 0.9464913606643677, 0.946479320526123, 0.9464818835258484, 0.946444034576416, 0.9464890360832214, 0.9465028047561646, 0.946415364742279, 0.9464210271835327, 0.9464565515518188, 0.9464931488037109, 0.9464679956436157, 0.9464404582977295, 0.9464328289031982, 0.9465504884719849, 0.9464154839515686, 0.9466000199317932, 0.9465927481651306, 0.9467982053756714, 0.9465413093566895, 0.9465713500976562, 0.9464442133903503, 0.946487545967102, 0.946362316608429, 0.9464458227157593, 0.9465875029563904, 0.9464185833930969, 0.9467535018920898, 0.9464340209960938, 0.9465090036392212, 0.9463664293289185, 0.9464760422706604, 0.9464786648750305, 0.9464684128761292, 0.9464327692985535, 0.9465252161026001, 0.9464591145515442, 0.9464669227600098, 0.9464913606643677, 0.9465118050575256, 0.9464883804321289, 0.946320116519928, 0.9463962912559509, 0.9465174674987793, 0.9464074373245239, 0.946479082107544, 0.9463382363319397, 0.9467496871948242, 0.9465316534042358, 0.9463963508605957, 0.9464079737663269, 0.9464902877807617, 0.9464755654335022, 0.9463578462600708, 0.9463927745819092, 0.946427047252655, 0.9463704824447632, 0.9465444087982178, 0.9464007019996643, 0.946455717086792, 0.9464817047119141, 0.9464048743247986, 0.9463638067245483, 0.9464591145515442, 0.9463790059089661, 0.9463644027709961, 0.9465066194534302, 0.9464298486709595, 0.9464885592460632, 0.946337103843689, 0.9465142488479614, 0.9464746117591858, 0.9468548893928528, 0.9465347528457642, 0.9465227127075195, 0.946496307849884, 0.946479320526123, 0.9464429616928101, 0.9464510083198547, 0.9465254545211792, 0.9464309811592102, 0.946450412273407, 0.9463586211204529, 0.9463980793952942]
val step Loss: [0.947393000125885, 0.94737309217453, 0.9474380016326904, 0.947512149810791, 0.9475980401039124, 0.9474159479141235, 0.9474637508392334, 0.9474747180938721, 0.9477687478065491, 0.9485191106796265, 0.9475926756858826, 0.9475733637809753, 0.9474260210990906, 0.947699248790741, 0.9476163387298584, 0.947915256023407, 0.9527907371520996, 0.9509691596031189, 0.9484310150146484, 0.9490879774093628, 0.9476455450057983, 0.9474327564239502, 0.9475651383399963, 0.9483262896537781, 0.9492020606994629, 0.9475459456443787, 0.9474344849586487]
Train step Accs: [1.0, 1.0, 1.0, 1.0, 1.0, 1.0, 1.0, 1.0, 1.0, 1.0, 1.0, 1.0, 1.0, 1.0, 1.0, 1.0, 1.0, 1.0, 1.0, 1.0, 1.0, 1.0, 1.0, 1.0, 1.0, 1.0, 1.0, 1.0, 1.0, 1.0, 1.0, 1.0, 1.0, 1.0, 1.0, 1.0, 1.0, 1.0, 1.0, 1.0, 1.0, 1.0, 1.0, 1.0, 1.0, 1.0, 1.0, 1.0, 1.0, 1.0, 1.0, 1.0, 1.0, 1.0, 1.0, 1.0, 1.0, 1.0, 1.0, 1.0, 1.0, 1.0, 1.0, 1.0, 1.0, 1.0, 1.0, 1.0, 1.0, 1.0, 1.0, 1.0, 1.0, 1.0, 1.0, 1.0, 1.0, 1.0, 1.0, 1.0, 1.0, 1.0, 1.0, 1.0, 1.0, 1.0, 1.0, 1.0, 1.0, 1.0, 1.0, 1.0, 1.0, 1.0, 1.0, 1.0, 1.0, 1.0, 1.0, 1.0, 1.0, 1.0, 1.0, 1.0, 1.0]
val step Accs: [1.0, 1.0, 1.0, 1.0, 1.0, 1.0, 1.0, 1.0, 1.0, 0.99982341515098, 1.0, 1.0, 1.0, 1.0, 1.0, 1.0, 0.9990495802312688, 0.9993951308029638, 0.9998344370860928, 0.9997679275934092, 1.0, 1.0, 1.0, 0.999857020303117, 0.9996805622105095, 1.0, 1.0]
Preds: [17, 17, 17, 345, 442, 487, 152, 152, 152, 301, 378, 43, 276, 345, 109, 109, 284, 486, 460, 240, 240, 385, 314, 32, 239, 75, 384, 371, 191, 191, 240, 385, 143, 401, 244, 75, 127, 273, 180, 486, 486, 486, 460, 282, 167, 385, 457, 196, 196, 219, 398, 464, 464, 486, 486, 460, 460, 215, 215, 401, 401, 244, 321, 354, 420, 420, 324, 422, 77, 478, 68, 68, 68, 224, 273, 444, 444, 324, 301, 314, 217, 473, 398, 398, 324, 301, 10, 10, 309, 479, 380, 374, 213, 213, 213, 213, 246, 301, 301, 378, 29, 134, 134, 134, 203, 280, 337, 324, 324, 324, 324, 3, 464, 464, 145, 113, 206, 169, 349, 349, 205, 261, 261, 25, 100, 153, 153, 43, 43, 276, 276, 182, 387, 387, 387, 178, 129, 401, 244, 244, 208, 441, 100, 100, 100, 182, 182, 375, 98, 98, 229, 244, 244, 247, 126, 126, 326, 101, 101, 391, 228, 244, 244, 320, 287, 287, 287, 206, 240, 35, 36, 449, 449, 224, 168, 278, 464, 331, 315, 319, 450, 293, 43, 276, 182, 497, 497, 497, 122, 186, 349, 234, 234, 261, 25, 25, 106, 428, 428, 146, 146, 146, 171, 324, 324, 324, 324, 464, 464, 464, 464, 486, 486, 85, 85, 240, 251, 251, 251, 241, 431, 428, 428, 146, 146, 219, 219, 219, 219, 219, 464, 464, 443, 486, 486, 460, 460, 169, 169, 349, 352, 261, 25, 485, 152, 152, 422, 143, 458, 458, 75, 208, 441, 100, 100, 100, 98, 98, 48, 48, 17, 17, 420, 374, 420, 374, 374, 374, 374, 374, 374, 374, 374, 374, 374, 374, 374, 374, 374, 374, 374, 374, 374, 374, 374, 374, 374, 374, 374, 374, 374, 374, 374, 374, 374, 374, 374, 374, 374, 374, 374, 374, 374, 374, 374, 374, 374, 374, 374, 374, 374, 374, 374, 374, 374, 374, 374, 374, 374, 374, 374, 374, 374, 374, 374, 374, 374, 374, 374, 374, 374, 374, 374, 374, 374, 374, 374, 374, 374, 374, 374, 374, 374, 374, 374, 374, 374, 374, 374, 374, 374, 374, 374, 374, 374, 374, 374, 374, 374, 374, 374, 374, 374, 374, 374, 374, 374, 374, 374, 374, 374, 374, 374, 374, 374, 374, 374, 374, 374, 374, 374, 374, 374, 374, 374, 374, 374, 374, 374, 374, 374, 374, 374, 374, 374, 374, 374, 374, 374, 374, 374, 374, 374, 374, 374, 374, 374, 374, 374, 374, 374, 374, 374, 374, 374, 374, 374, 374, 374, 374, 374, 374, 374, 374, 374, 374, 374, 374, 374, 374, 374, 374, 374, 374, 374, 374, 374, 374, 374, 374, 374, 374, 374, 374, 374, 374, 374, 374, 374, 374, 374, 374, 374, 374, 374, 374, 374, 374, 374, 374, 374, 374, 374, 374, 374, 374, 374, 374, 374, 374, 374, 374, 374, 374, 374, 374, 374, 374, 374, 374, 374, 374, 374, 374, 374, 374, 374, 374, 374, 374, 374, 374, 374, 374, 374, 374, 374, 374, 374, 374, 374, 374, 374, 374, 374, 374, 374, 374, 374, 374, 374, 374, 374, 374, 374, 374, 374, 374, 374, 374, 374, 374, 374, 374, 374, 374, 374, 374, 374, 374, 374, 374, 374, 374, 374, 374, 374, 374, 374, 374, 374, 374, 374, 374, 374, 374, 374, 374, 374, 374, 374, 374, 374, 374, 374, 374, 374, 374, 374, 374, 374, 374, 374, 374, 374, 374, 374, 374, 374, 374, 374, 374, 374, 374, 374, 374, 374, 374, 374, 374, 374, 374, 374, 374, 374, 374, 374, 374, 374, 374, 374, 374, 374, 374, 374, 374, 374, 374, 374, 374]

ep129
Train step Loss: [0.9465911388397217, 0.9464832544326782, 0.9462846517562866, 0.9463847279548645, 0.9465891718864441, 0.9465395212173462, 0.9464966058731079, 0.9463440775871277, 0.9464499950408936, 0.9465252161026001, 0.9464141130447388, 0.9464167356491089, 0.946415901184082, 0.9463504552841187, 0.946311354637146, 0.9464969038963318, 0.9464837908744812, 0.946861982345581, 0.9464625120162964, 0.9464054107666016, 0.9464966058731079, 0.9464411735534668, 0.9463886022567749, 0.9463150501251221, 0.9464843273162842, 0.9463269114494324, 0.9464188814163208, 0.9463938474655151, 0.9464781284332275, 0.9465522170066833, 0.9464244842529297, 0.9464535713195801, 0.9464710354804993, 0.9464727640151978, 0.9465057253837585, 0.9464097619056702, 0.9464806318283081, 0.9465298056602478, 0.9464024901390076, 0.9464389085769653, 0.9462865591049194, 0.9463881254196167, 0.9465177059173584, 0.9464200139045715, 0.9467548131942749, 0.9464485049247742, 0.9464345574378967, 0.9465103149414062, 0.9465165138244629, 0.9464126229286194, 0.9464082717895508, 0.9464415311813354, 0.9468493461608887, 0.9466061592102051, 0.946491539478302, 0.9464479088783264, 0.9464648962020874, 0.9464786648750305, 0.9463873505592346, 0.9464388489723206, 0.9467971920967102, 0.9464840888977051, 0.9464271664619446, 0.9464451670646667, 0.9464372992515564, 0.946433961391449, 0.9465190172195435, 0.9464659094810486, 0.9464550018310547, 0.9463548064231873, 0.946489691734314, 0.946338415145874, 0.9464307427406311, 0.9467630982398987, 0.9463971853256226, 0.9463998079299927, 0.9464417695999146, 0.9465345740318298, 0.9465179443359375, 0.9463857412338257, 0.9464179277420044, 0.9464728832244873, 0.9464290142059326, 0.9464743733406067, 0.9463785290718079, 0.9464855194091797, 0.9463058114051819, 0.9465441703796387, 0.9464399218559265, 0.9463534355163574, 0.946372389793396, 0.9465845823287964, 0.9464131593704224, 0.9464494585990906, 0.9463963508605957, 0.9463828206062317, 0.9464802145957947, 0.9464542269706726, 0.9463614225387573, 0.9463477730751038, 0.9463468194007874, 0.9465213418006897, 0.946379542350769, 0.9464846849441528, 0.9464860558509827]
val step Loss: [0.9479368925094604, 0.9473183751106262, 0.9475862383842468, 0.9474557638168335, 0.9476182460784912, 0.9474437832832336, 0.9474087953567505, 0.9475299715995789, 0.9476286172866821, 0.9479545950889587, 0.9476242661476135, 0.9473713040351868, 0.9472901225090027, 0.9495769739151001, 0.9525708556175232, 0.9488552808761597, 0.9483396410942078, 0.9475508332252502, 0.9485152959823608, 0.9477325677871704, 0.9474232196807861, 0.9474487900733948, 0.9475752115249634, 0.9478567242622375, 0.9487936496734619, 0.9514145255088806, 0.947297215461731]
Train step Accs: [1.0, 1.0, 1.0, 1.0, 1.0, 1.0, 1.0, 1.0, 1.0, 1.0, 1.0, 1.0, 1.0, 1.0, 1.0, 1.0, 1.0, 1.0, 1.0, 1.0, 1.0, 1.0, 1.0, 1.0, 1.0, 1.0, 1.0, 1.0, 1.0, 1.0, 1.0, 1.0, 1.0, 1.0, 1.0, 1.0, 1.0, 1.0, 1.0, 1.0, 1.0, 1.0, 1.0, 1.0, 1.0, 1.0, 1.0, 1.0, 1.0, 1.0, 1.0, 1.0, 1.0, 1.0, 1.0, 1.0, 1.0, 1.0, 1.0, 1.0, 1.0, 1.0, 1.0, 1.0, 1.0, 1.0, 1.0, 1.0, 1.0, 1.0, 1.0, 1.0, 1.0, 1.0, 1.0, 1.0, 1.0, 1.0, 1.0, 1.0, 1.0, 1.0, 1.0, 1.0, 1.0, 1.0, 1.0, 1.0, 1.0, 1.0, 1.0, 1.0, 1.0, 1.0, 1.0, 1.0, 1.0, 1.0, 1.0, 1.0, 1.0, 1.0, 1.0, 1.0, 1.0]
val step Accs: [1.0, 1.0, 1.0, 1.0, 1.0, 1.0, 1.0, 1.0, 1.0, 1.0, 1.0, 1.0, 1.0, 0.9996405463695184, 0.999057936881771, 0.9998422712933754, 0.9998445998445998, 1.0, 0.9998052959501558, 1.0, 1.0, 1.0, 1.0, 1.0, 0.9998014691284495, 0.9993117687543015, 1.0]
Preds: [17, 17, 32, 239, 384, 377, 371, 374, 374, 374, 132, 8, 8, 259, 354, 354, 180, 180, 443, 120, 120, 120, 120, 120, 240, 240, 240, 216, 285, 84, 84, 302, 302, 100, 375, 375, 375, 98, 98, 98, 229, 229, 247, 312, 312, 187, 1, 101, 101, 101, 321, 321, 287, 287, 287, 287, 284, 284, 284, 206, 167, 348, 379, 77, 77, 478, 66, 323, 323, 172, 115, 273, 273, 273, 151, 240, 240, 285, 199, 111, 111, 111, 111, 438, 438, 438, 219, 324, 324, 464, 464, 464, 464, 301, 301, 143, 35, 74, 437, 437, 437, 284, 284, 285, 285, 106, 284, 284, 284, 284, 426, 426, 293, 293, 293, 182, 346, 346, 284, 284, 284, 284, 426, 481, 293, 293, 43, 43, 276, 276, 276, 174, 387, 348, 10, 398, 398, 398, 398, 374, 378, 406, 406, 406, 88, 88, 81, 81, 337, 337, 146, 324, 219, 219, 219, 152, 152, 58, 58, 27, 351, 486, 486, 486, 486, 486, 460, 460, 460, 167, 35, 35, 219, 219, 219, 485, 485, 477, 374, 374, 374, 374, 374, 304, 304, 337, 41, 19, 19, 454, 454, 229, 229, 229, 312, 312, 187, 187, 23, 23, 23, 260, 391, 391, 321, 321, 320, 320, 345, 100, 100, 497, 497, 497, 122, 216, 453, 168, 5, 258, 38, 99, 99, 338, 338, 338, 338, 338, 400, 400, 444, 171, 171, 171, 171, 171, 464, 464, 335, 14, 14, 287, 145, 145, 111, 111, 240, 240, 146, 219, 219, 219, 464, 464, 464, 222, 84, 245, 245, 245, 43, 43, 43, 364, 276, 276, 276, 276, 276, 346, 346, 346, 284, 284, 206, 206, 206, 167, 167, 35, 14, 411, 411, 411, 424, 424, 424, 153, 182, 182, 182, 182, 182, 182, 182, 122, 122, 250, 303, 195, 195, 195, 303, 117, 98, 117, 117, 48, 48, 48, 414, 170, 244, 244, 392, 244, 392, 392, 392, 244, 73, 7, 7, 321, 7, 7, 127, 451, 30, 30, 324, 301, 301, 378, 325, 114, 114, 114, 180, 486, 486, 486, 315, 460, 285, 285, 285, 467, 85, 111, 403, 146, 207, 299, 299, 434, 434, 250, 250, 413, 271, 186, 186, 99, 99, 338, 338, 395, 395, 273, 273, 432, 432, 330, 240, 240, 385, 35, 77, 164, 164, 115, 273, 273, 180, 151, 151, 151, 206, 130, 130, 402, 183, 219, 219, 219, 213, 213, 213, 246, 246, 246, 246, 301, 301, 378, 43, 43, 276, 276, 153, 153, 387, 413, 413, 360, 219, 246, 246, 246, 246, 246, 246, 246, 19, 17, 420, 374, 374, 374, 374, 374, 374, 374, 374, 374, 374, 374, 374, 374, 374, 374, 374, 374, 374, 374, 374, 374, 374, 374, 374, 374, 374, 374, 374, 374, 374, 374, 374, 374, 374, 374, 374, 374, 374, 374, 374, 374, 374, 374, 374, 374, 374, 374, 374, 374, 374, 374, 374, 374, 374, 374, 374, 374, 374, 374, 374, 374, 374, 374, 374, 374, 374, 374, 374, 374, 374, 374, 374, 374, 374, 374, 374, 374, 374, 374, 374, 374, 374, 374, 374, 374, 374, 374, 374, 374, 374, 374, 374, 374, 374, 374, 374, 374, 374, 374, 374, 374, 374, 374, 374, 374, 374, 374, 374, 374, 374, 374, 374, 374, 374, 374, 374, 374, 374, 374, 374, 374, 374, 374, 374, 374, 374, 374, 374, 374, 374, 374, 374, 374, 374, 374, 374, 374, 374, 374, 374, 374, 374, 374, 374, 374, 374, 374, 374, 374, 374, 374, 374, 374, 374, 374, 374, 374, 374, 374, 374, 374, 374, 374, 374, 374, 374, 374, 374, 374, 374, 374, 374, 374]

ep130
Train step Loss: [0.9464512467384338, 0.9465434551239014, 0.9464497566223145, 0.9463998675346375, 0.9464033246040344, 0.9464429616928101, 0.9463627934455872, 0.9464106559753418, 0.9464765191078186, 0.9468028545379639, 0.9463908076286316, 0.9463372826576233, 0.9465751051902771, 0.9464429020881653, 0.9464528560638428, 0.9465834498405457, 0.9463065266609192, 0.9463562369346619, 0.9463409185409546, 0.9463987350463867, 0.9464162588119507, 0.9463455677032471, 0.9463509917259216, 0.9464478492736816, 0.9464703798294067, 0.9464912414550781, 0.9464593529701233, 0.9464829564094543, 0.9463984966278076, 0.9463034272193909, 0.9467675089836121, 0.9464926719665527, 0.9463744163513184, 0.9464563131332397, 0.9463433623313904, 0.9463355541229248, 0.9464443325996399, 0.9464858174324036, 0.9463176131248474, 0.9465053677558899, 0.9463770389556885, 0.9464979767799377, 0.946352481842041, 0.9463873505592346, 0.9465980529785156, 0.9463804960250854, 0.9464378356933594, 0.9464948773384094, 0.9464028477668762, 0.9464031457901001, 0.9464303851127625, 0.9464130401611328, 0.9465517997741699, 0.9464782476425171, 0.9464980363845825, 0.9464249014854431, 0.9462843537330627, 0.9464444518089294, 0.9464321136474609, 0.9468462467193604, 0.9463909864425659, 0.9463972449302673, 0.946408748626709, 0.9464725255966187, 0.9464544653892517, 0.9463378190994263, 0.9464582204818726, 0.9463869333267212, 0.9465193748474121, 0.9464223384857178, 0.9464559555053711, 0.9464256763458252, 0.9464112520217896, 0.9463582038879395, 0.9463746547698975, 0.9463672041893005, 0.9465264081954956, 0.9463658332824707, 0.9463797807693481, 0.9464457631111145, 0.9465609788894653, 0.946570873260498, 0.9466363191604614, 0.9465205669403076, 0.9465711712837219, 0.9463381767272949, 0.9465179443359375, 0.946471095085144, 0.9464185237884521, 0.9464861154556274, 0.9464887380599976, 0.9463672637939453, 0.9463428258895874, 0.9466664791107178, 0.9466056227684021, 0.9464313983917236, 0.946444034576416, 0.9464285373687744, 0.9464265704154968, 0.946311891078949, 0.9464367032051086, 0.9465730786323547, 0.9465056657791138, 0.9465095400810242, 0.9464337825775146]
val step Loss: [0.9482682347297668, 0.9477018117904663, 0.9473423957824707, 0.9473732709884644, 0.9485383033752441, 0.9474384784698486, 0.9473668336868286, 0.9475125074386597, 0.947462260723114, 0.9473278522491455, 0.9474568367004395, 0.9485438466072083, 0.9477332234382629, 0.9479396939277649, 0.9474374055862427, 0.9475427269935608, 0.9475799798965454, 0.9515848755836487, 0.9475826025009155, 0.9476178288459778, 0.9485175609588623, 0.9476531147956848, 0.9475734829902649, 0.9491996765136719, 0.9524128437042236, 0.947607159614563, 0.9478132128715515]
Train step Accs: [1.0, 1.0, 1.0, 1.0, 1.0, 1.0, 1.0, 1.0, 1.0, 1.0, 1.0, 1.0, 1.0, 1.0, 1.0, 1.0, 1.0, 1.0, 1.0, 1.0, 1.0, 1.0, 1.0, 1.0, 1.0, 1.0, 1.0, 1.0, 1.0, 1.0, 1.0, 1.0, 1.0, 1.0, 1.0, 1.0, 1.0, 1.0, 1.0, 1.0, 1.0, 1.0, 1.0, 1.0, 1.0, 1.0, 1.0, 1.0, 1.0, 1.0, 1.0, 1.0, 1.0, 1.0, 1.0, 1.0, 1.0, 1.0, 1.0, 1.0, 1.0, 1.0, 1.0, 1.0, 1.0, 1.0, 1.0, 1.0, 1.0, 1.0, 1.0, 1.0, 1.0, 1.0, 1.0, 1.0, 1.0, 1.0, 1.0, 1.0, 1.0, 1.0, 1.0, 1.0, 1.0, 1.0, 1.0, 1.0, 1.0, 1.0, 1.0, 1.0, 1.0, 1.0, 1.0, 1.0, 1.0, 1.0, 1.0, 1.0, 1.0, 1.0, 1.0, 1.0, 1.0]
val step Accs: [0.9998643516006511, 1.0, 1.0, 1.0, 0.9998321866084914, 1.0, 1.0, 1.0, 1.0, 1.0, 1.0, 0.9998530708198649, 1.0, 1.0, 1.0, 1.0, 1.0, 0.9992343032159265, 1.0, 1.0, 0.999817050859861, 1.0, 1.0, 0.9996948428440647, 0.9990838295923041, 1.0, 1.0]
Preds: [17, 17, 445, 464, 171, 171, 171, 171, 252, 252, 314, 32, 239, 36, 107, 107, 395, 213, 213, 213, 213, 246, 19, 454, 229, 229, 247, 126, 126, 126, 126, 326, 326, 408, 408, 408, 391, 228, 244, 320, 7, 7, 32, 32, 239, 108, 371, 371, 278, 278, 422, 236, 239, 239, 384, 449, 371, 470, 180, 443, 443, 443, 443, 403, 403, 171, 438, 203, 399, 217, 250, 250, 250, 138, 153, 88, 132, 374, 219, 219, 219, 219, 219, 464, 464, 171, 171, 171, 171, 246, 246, 246, 246, 24, 24, 239, 239, 384, 384, 420, 324, 324, 340, 116, 10, 10, 309, 479, 479, 331, 106, 153, 426, 426, 293, 293, 293, 98, 98, 335, 335, 226, 226, 209, 188, 188, 213, 324, 301, 8, 8, 239, 354, 354, 106, 355, 355, 376, 376, 460, 452, 263, 263, 263, 13, 229, 229, 82, 312, 23, 23, 23, 408, 149, 228, 244, 320, 479, 479, 398, 324, 422, 143, 465, 465, 354, 354, 346, 284, 486, 206, 169, 150, 342, 342, 164, 164, 224, 273, 470, 403, 403, 464, 464, 464, 355, 178, 143, 129, 458, 208, 208, 441, 100, 387, 387, 313, 236, 239, 239, 310, 107, 107, 395, 278, 443, 443, 240, 215, 215, 129, 259, 354, 284, 206, 460, 240, 35, 36, 164, 342, 351, 180, 486, 460, 460, 178, 178, 233, 458, 192, 192, 41, 41, 41, 41, 19, 19, 19, 454, 454, 229, 229, 82, 126, 126, 292, 326, 408, 408, 149, 244, 244, 373, 338, 338, 338, 395, 494, 374, 416, 8, 32, 239, 354, 65, 65, 481, 481, 481, 293, 143, 35, 458, 208, 100, 100, 387, 387, 122, 236, 129, 259, 310, 108, 323, 224, 397, 106, 88, 88, 387, 203, 399, 217, 473, 473, 398, 324, 464, 422, 416, 143, 458, 144, 208, 27, 441, 125, 125, 387, 206, 175, 251, 251, 241, 431, 486, 460, 460, 167, 178, 35, 77, 342, 342, 342, 224, 267, 267, 444, 324, 246, 246, 477, 301, 313, 325, 325, 34, 324, 324, 301, 422, 24, 239, 384, 371, 180, 486, 486, 460, 240, 240, 24, 239, 310, 107, 395, 255, 416, 143, 129, 401, 259, 320, 354, 354, 109, 337, 41, 324, 19, 19, 454, 454, 229, 229, 247, 312, 187, 187, 187, 408, 408, 391, 391, 73, 244, 320, 7, 7, 371, 398, 324, 301, 116, 251, 251, 331, 106, 88, 88, 88, 106, 284, 405, 206, 206, 178, 35, 35, 401, 259, 354, 106, 284, 405, 405, 206, 178, 178, 35, 233, 401, 401, 320, 7, 276, 100, 375, 98, 98, 98, 249, 305, 305, 170, 244, 28, 28, 392, 392, 392, 63, 63, 392, 63, 63, 63, 392, 63, 63, 63, 63, 63, 244, 195, 305, 211, 211, 17, 420, 374, 420, 374, 374, 374, 374, 374, 374, 374, 374, 374, 374, 374, 374, 374, 374, 374, 374, 374, 374, 374, 374, 374, 374, 374, 374, 374, 374, 374, 374, 374, 374, 374, 374, 374, 374, 374, 374, 374, 374, 374, 374, 374, 374, 374, 374, 374, 374, 374, 374, 374, 374, 374, 374, 374, 374, 374, 374, 374, 374, 374, 374, 374, 374, 374, 374, 374, 374, 374, 374, 374, 374, 374, 374, 374, 374, 374, 374, 374, 374, 374, 374, 374, 374, 374, 374, 374, 374, 374, 374, 374, 374, 374, 374, 374, 374, 374, 374, 374, 374, 374, 374, 374, 374, 374, 374, 374, 374, 374, 374, 374, 374, 374, 374, 374, 374, 374, 374, 374, 374, 374, 374, 374, 374, 374, 374, 374, 374, 374, 374, 374, 374, 374, 374, 374, 374, 374]

ep131
Train step Loss: [0.9464230537414551, 0.9464147686958313, 0.946426510810852, 0.9467651844024658, 0.9464949369430542, 0.9463537931442261, 0.9464820623397827, 0.9463269114494324, 0.9463252425193787, 0.9464364051818848, 0.9465644955635071, 0.9464747309684753, 0.9463533163070679, 0.9464209079742432, 0.9463061690330505, 0.9465082883834839, 0.9463897943496704, 0.946423351764679, 0.9464282989501953, 0.946468710899353, 0.9464227557182312, 0.9466935396194458, 0.946410596370697, 0.9464503526687622, 0.9464128613471985, 0.9464316368103027, 0.9464791417121887, 0.9463837146759033, 0.946488082408905, 0.9465175271034241, 0.946388840675354, 0.946509838104248, 0.9464313387870789, 0.9464122653007507, 0.9463995695114136, 0.9464221596717834, 0.9464018940925598, 0.9464638233184814, 0.9464081525802612, 0.94642573595047, 0.946463406085968, 0.9464771747589111, 0.9464884996414185, 0.9464515447616577, 0.946380615234375, 0.9463462829589844, 0.946270763874054, 0.9464418888092041, 0.9463196396827698, 0.946465790271759, 0.9464179873466492, 0.9464173913002014, 0.9464213252067566, 0.9464640617370605, 0.9463381767272949, 0.9466882348060608, 0.9463934898376465, 0.9463564157485962, 0.9464355707168579, 0.9464429616928101, 0.9463772773742676, 0.946517825126648, 0.9464569687843323, 0.9464146494865417, 0.9465016722679138, 0.946468710899353, 0.9463721513748169, 0.9464213252067566, 0.9464737772941589, 0.9463766813278198, 0.9465270042419434, 0.9463850259780884, 0.9463621377944946, 0.9463979601860046, 0.9465070366859436, 0.9464016556739807, 0.9463827013969421, 0.9463531374931335, 0.9464920163154602, 0.9464449286460876, 0.9463977813720703, 0.9464406967163086, 0.9465551376342773, 0.9463859796524048, 0.946419358253479, 0.9465909004211426, 0.946353554725647, 0.946382462978363, 0.9465259909629822, 0.9464015364646912, 0.9464393854141235, 0.9464430212974548, 0.9467976093292236, 0.9464572668075562, 0.9463959336280823, 0.9464682936668396, 0.9463894963264465, 0.9463368058204651, 0.946413516998291, 0.9464165568351746, 0.9464753866195679, 0.9465373754501343, 0.946704089641571, 0.9463728666305542, 0.9463532567024231]
val step Loss: [0.9477197527885437, 0.9474411010742188, 0.9526529312133789, 0.9474737048149109, 0.9474427700042725, 0.9475613236427307, 0.9472273588180542, 0.9529256224632263, 0.9473909735679626, 0.9475845694541931, 0.9474492073059082, 0.9475071430206299, 0.9475026726722717, 0.9477848410606384, 0.9475501179695129, 0.9475165009498596, 0.9474713206291199, 0.9489209055900574, 0.9474257826805115, 0.9473784565925598, 0.9505634307861328, 0.9483319520950317, 0.9472429156303406, 0.9474760293960571, 0.9475037455558777, 0.9473863244056702, 0.9473986625671387]
Train step Accs: [1.0, 1.0, 1.0, 1.0, 1.0, 1.0, 1.0, 1.0, 1.0, 1.0, 1.0, 1.0, 1.0, 1.0, 1.0, 1.0, 1.0, 1.0, 1.0, 1.0, 1.0, 1.0, 1.0, 1.0, 1.0, 1.0, 1.0, 1.0, 1.0, 1.0, 1.0, 1.0, 1.0, 1.0, 1.0, 1.0, 1.0, 1.0, 1.0, 1.0, 1.0, 1.0, 1.0, 1.0, 1.0, 1.0, 1.0, 1.0, 1.0, 1.0, 1.0, 1.0, 1.0, 1.0, 1.0, 1.0, 1.0, 1.0, 1.0, 1.0, 1.0, 1.0, 1.0, 1.0, 1.0, 1.0, 1.0, 1.0, 1.0, 1.0, 1.0, 1.0, 1.0, 1.0, 1.0, 1.0, 1.0, 1.0, 1.0, 1.0, 1.0, 1.0, 1.0, 1.0, 1.0, 1.0, 1.0, 1.0, 1.0, 1.0, 1.0, 1.0, 1.0, 1.0, 1.0, 1.0, 1.0, 1.0, 1.0, 1.0, 1.0, 1.0, 1.0, 1.0, 1.0]
val step Accs: [1.0, 1.0, 0.9990766389658357, 1.0, 1.0, 1.0, 1.0, 0.9990444338270426, 1.0, 1.0, 1.0, 1.0, 1.0, 1.0, 1.0, 1.0, 1.0, 0.9997970367363507, 1.0, 1.0, 0.9994667614646285, 0.9998385794995964, 1.0, 1.0, 1.0, 1.0, 1.0]
Preds: [17, 17, 32, 239, 384, 377, 371, 374, 374, 374, 132, 8, 8, 259, 354, 354, 180, 180, 443, 120, 120, 120, 120, 120, 240, 240, 240, 216, 285, 84, 84, 302, 302, 100, 375, 375, 375, 98, 98, 98, 229, 229, 247, 312, 312, 187, 1, 101, 101, 101, 321, 321, 287, 287, 287, 287, 284, 284, 284, 206, 167, 348, 379, 77, 77, 478, 66, 323, 323, 172, 115, 273, 273, 273, 151, 240, 240, 285, 199, 111, 111, 111, 111, 438, 438, 438, 219, 324, 324, 464, 464, 464, 464, 301, 301, 143, 35, 74, 437, 437, 437, 284, 284, 285, 285, 106, 284, 284, 284, 284, 426, 426, 293, 293, 293, 182, 346, 346, 284, 284, 284, 284, 426, 481, 293, 293, 43, 43, 276, 276, 276, 174, 387, 348, 10, 398, 398, 398, 398, 374, 378, 406, 406, 406, 88, 88, 81, 81, 337, 337, 146, 324, 219, 219, 219, 152, 152, 58, 58, 27, 351, 486, 486, 486, 486, 486, 460, 460, 460, 167, 35, 35, 219, 219, 219, 485, 485, 477, 374, 374, 374, 374, 374, 304, 304, 337, 41, 19, 19, 454, 454, 229, 229, 229, 312, 312, 187, 187, 23, 23, 23, 260, 391, 391, 321, 321, 320, 320, 345, 100, 100, 497, 497, 497, 122, 216, 453, 168, 5, 258, 38, 99, 99, 338, 338, 338, 338, 338, 400, 400, 444, 171, 171, 171, 171, 171, 464, 464, 335, 14, 14, 287, 145, 145, 111, 111, 240, 240, 146, 219, 219, 219, 464, 464, 464, 222, 84, 245, 245, 245, 43, 43, 43, 364, 276, 276, 276, 276, 276, 346, 346, 346, 284, 284, 206, 206, 206, 167, 167, 35, 14, 411, 411, 411, 424, 424, 424, 153, 182, 182, 182, 182, 182, 182, 182, 122, 122, 250, 303, 195, 195, 195, 303, 117, 98, 117, 117, 48, 48, 48, 414, 170, 244, 244, 392, 244, 392, 392, 392, 244, 73, 7, 7, 321, 7, 7, 127, 451, 30, 30, 324, 301, 301, 378, 325, 114, 114, 114, 180, 486, 486, 486, 315, 460, 285, 285, 285, 467, 85, 111, 403, 146, 207, 299, 299, 434, 434, 250, 250, 413, 271, 186, 186, 99, 99, 338, 338, 395, 395, 273, 273, 432, 432, 330, 240, 240, 385, 35, 77, 164, 164, 115, 273, 273, 180, 151, 151, 151, 206, 130, 130, 402, 183, 219, 219, 219, 213, 213, 213, 246, 246, 246, 246, 301, 301, 378, 43, 43, 276, 276, 153, 153, 387, 413, 413, 360, 219, 246, 246, 246, 246, 246, 246, 246, 19, 17, 420, 374, 374, 374, 374, 374, 374, 374, 374, 374, 374, 374, 374, 374, 374, 374, 374, 374, 374, 374, 374, 374, 374, 374, 374, 374, 374, 374, 374, 374, 374, 374, 374, 374, 374, 374, 374, 374, 374, 374, 374, 374, 374, 374, 374, 374, 374, 374, 374, 374, 374, 374, 374, 374, 374, 374, 374, 374, 374, 374, 374, 374, 374, 374, 374, 374, 374, 374, 374, 374, 374, 374, 374, 374, 374, 374, 374, 374, 374, 374, 374, 374, 374, 374, 374, 374, 374, 374, 374, 374, 374, 374, 374, 374, 374, 374, 374, 374, 374, 374, 374, 374, 374, 374, 374, 374, 374, 374, 374, 374, 374, 374, 374, 374, 374, 374, 374, 374, 374, 374, 374, 374, 374, 374, 374, 374, 374, 374, 374, 374, 374, 374, 374, 374, 374, 374, 374, 374, 374, 374, 374, 374, 374, 374, 374, 374, 374, 374, 374, 374, 374, 374, 374, 374, 374, 374, 374, 374, 374, 374, 374, 374, 374, 374, 374, 374, 374, 374, 374, 374, 374, 374, 374, 374]

ep132
Train step Loss: [0.946485698223114, 0.9463990926742554, 0.9463105201721191, 0.9463896155357361, 0.9464091062545776, 0.9464671611785889, 0.9464402198791504, 0.946370005607605, 0.9464912414550781, 0.9464917778968811, 0.9463840126991272, 0.9464262127876282, 0.9464001655578613, 0.9464259147644043, 0.9464612007141113, 0.9464889764785767, 0.9464526772499084, 0.9464607834815979, 0.9464565515518188, 0.9465758800506592, 0.946464478969574, 0.9464900493621826, 0.9463727474212646, 0.946448802947998, 0.9463933110237122, 0.9464673399925232, 0.9464917182922363, 0.9464226961135864, 0.9466443657875061, 0.9464001655578613, 0.9464316368103027, 0.9464516043663025, 0.9464575052261353, 0.9463786482810974, 0.946399986743927, 0.9464236497879028, 0.9464807510375977, 0.946378231048584, 0.9464347958564758, 0.9464990496635437, 0.9464100003242493, 0.946349024772644, 0.946426272392273, 0.9464860558509827, 0.9464634656906128, 0.9463189244270325, 0.9463158845901489, 0.946346640586853, 0.9463695883750916, 0.9464768171310425, 0.9464505314826965, 0.9464564919471741, 0.946345865726471, 0.9463884234428406, 0.9464560151100159, 0.9463041424751282, 0.9466071724891663, 0.946499228477478, 0.9463714361190796, 0.9463647603988647, 0.9464421272277832, 0.9464496374130249, 0.9463193416595459, 0.9464455246925354, 0.9463189244270325, 0.9464164972305298, 0.9464306235313416, 0.9463998079299927, 0.94672691822052, 0.9463846683502197, 0.9463350176811218, 0.9464007616043091, 0.9466412663459778, 0.9463314414024353, 0.9463578462600708, 0.9464390277862549, 0.9464563727378845, 0.9464635848999023, 0.9464855194091797, 0.9467064142227173, 0.9464351534843445, 0.94630366563797, 0.9462974071502686, 0.9464242458343506, 0.9463710784912109, 0.9463709592819214, 0.9463968276977539, 0.9463529586791992, 0.9464006423950195, 0.9467604160308838, 0.9464659690856934, 0.946467936038971, 0.9464539289474487, 0.9463793635368347, 0.9464293718338013, 0.9463874101638794, 0.9464382529258728, 0.9464487433433533, 0.9464280009269714, 0.9464357495307922, 0.9464023113250732, 0.9463023543357849, 0.946591317653656, 0.9463483691215515, 0.9465060234069824]
val step Loss: [0.9473257660865784, 0.9490430355072021, 0.9475544691085815, 0.951892614364624, 0.9472070336341858, 0.9475448131561279, 0.9488130807876587, 0.9534232020378113, 0.947504997253418, 0.9473404288291931, 0.9476389288902283, 0.9474820494651794, 0.9474525451660156, 0.9474343657493591, 0.9474329948425293, 0.9476147890090942, 0.9472527503967285, 0.9475534558296204, 0.9494023323059082, 0.9474797248840332, 0.9476864337921143, 0.9474729895591736, 0.9472053050994873, 0.9473951458930969, 0.9477881193161011, 0.9475135207176208, 0.9477546811103821]
Train step Accs: [1.0, 1.0, 1.0, 1.0, 1.0, 1.0, 1.0, 1.0, 1.0, 1.0, 1.0, 1.0, 1.0, 1.0, 1.0, 1.0, 1.0, 1.0, 1.0, 1.0, 1.0, 1.0, 1.0, 1.0, 1.0, 1.0, 1.0, 1.0, 1.0, 1.0, 1.0, 1.0, 1.0, 1.0, 1.0, 1.0, 1.0, 1.0, 1.0, 1.0, 1.0, 1.0, 1.0, 1.0, 1.0, 1.0, 1.0, 1.0, 1.0, 1.0, 1.0, 1.0, 1.0, 1.0, 1.0, 1.0, 1.0, 1.0, 1.0, 1.0, 1.0, 1.0, 1.0, 1.0, 1.0, 1.0, 1.0, 1.0, 1.0, 1.0, 1.0, 1.0, 1.0, 1.0, 1.0, 1.0, 1.0, 1.0, 1.0, 1.0, 1.0, 1.0, 1.0, 1.0, 1.0, 1.0, 1.0, 1.0, 1.0, 1.0, 1.0, 1.0, 1.0, 1.0, 1.0, 1.0, 1.0, 1.0, 1.0, 1.0, 1.0, 1.0, 1.0, 1.0, 1.0]
val step Accs: [1.0, 0.9997117740308402, 1.0, 0.9992240844196152, 1.0, 1.0, 0.999822883457315, 0.9988884772137829, 1.0, 1.0, 1.0, 1.0, 1.0, 1.0, 1.0, 1.0, 1.0, 1.0, 0.9996577686516085, 1.0, 1.0, 1.0, 1.0, 1.0, 1.0, 1.0, 1.0]
Preds: [17, 17, 296, 479, 479, 278, 278, 252, 143, 143, 129, 259, 144, 445, 445, 180, 403, 403, 403, 290, 290, 290, 434, 246, 246, 246, 246, 246, 246, 19, 19, 19, 454, 414, 442, 414, 170, 244, 244, 187, 408, 392, 244, 244, 244, 244, 244, 7, 152, 152, 152, 422, 349, 234, 234, 261, 25, 106, 106, 499, 284, 306, 306, 406, 406, 467, 284, 284, 287, 284, 284, 284, 450, 450, 450, 293, 413, 413, 251, 251, 251, 241, 431, 431, 428, 428, 428, 428, 146, 146, 146, 358, 465, 164, 352, 164, 352, 25, 34, 324, 324, 301, 301, 8, 205, 261, 25, 106, 100, 153, 43, 43, 182, 182, 387, 387, 169, 169, 349, 352, 352, 397, 397, 133, 43, 43, 276, 276, 346, 346, 387, 387, 215, 35, 401, 259, 345, 345, 387, 240, 236, 129, 75, 164, 27, 351, 355, 355, 355, 240, 215, 8, 239, 354, 354, 420, 324, 324, 416, 143, 401, 82, 244, 354, 420, 278, 154, 178, 143, 458, 82, 192, 27, 351, 443, 443, 240, 240, 325, 34, 34, 324, 324, 339, 339, 94, 398, 398, 340, 116, 10, 10, 479, 398, 398, 374, 374, 330, 468, 406, 406, 467, 88, 387, 387, 169, 186, 99, 338, 338, 338, 338, 395, 395, 432, 330, 330, 388, 348, 10, 10, 479, 331, 331, 84, 350, 387, 387, 240, 251, 251, 251, 114, 114, 278, 278, 278, 31, 99, 338, 338, 338, 338, 338, 395, 395, 464, 464, 120, 355, 355, 355, 169, 215, 349, 205, 261, 25, 420, 324, 422, 143, 458, 244, 208, 208, 441, 441, 141, 141, 38, 162, 232, 232, 232, 68, 68, 68, 115, 115, 267, 267, 267, 213, 246, 246, 19, 454, 229, 247, 126, 126, 326, 326, 326, 101, 101, 101, 149, 149, 228, 321, 83, 287, 111, 55, 438, 299, 299, 434, 339, 10, 10, 10, 309, 479, 398, 213, 213, 213, 246, 246, 246, 301, 143, 129, 129, 401, 259, 354, 354, 106, 486, 486, 460, 215, 215, 401, 244, 75, 354, 346, 284, 206, 240, 236, 36, 36, 342, 115, 273, 180, 499, 486, 460, 178, 178, 233, 82, 192, 192, 445, 445, 213, 41, 41, 19, 19, 17, 420, 374, 374, 374, 374, 374, 374, 374, 374, 374, 374, 374, 374, 374, 374, 374, 374, 374, 374, 374, 374, 374, 374, 374, 374, 374, 374, 374, 374, 374, 374, 374, 374, 374, 374, 374, 374, 374, 374, 374, 374, 374, 374, 374, 374, 374, 374, 374, 374, 374, 374, 374, 374, 374, 374, 374, 374, 374, 374, 374, 374, 374, 374, 374, 374, 374, 374, 374, 374, 374, 374, 374, 374, 374, 374, 374, 374, 374, 374, 374, 374, 374, 374, 374, 374, 374, 374, 374, 374, 374, 374, 374, 374, 374, 374, 374, 374, 374, 374, 374, 374, 374, 374, 374, 374, 374, 374, 374, 374, 374, 374, 374, 374, 374, 374, 374, 374, 374, 374, 374, 374, 374, 374, 374, 374, 374, 374, 374, 374, 374, 374, 374, 374, 374, 374, 374, 374, 374, 374, 374, 374, 374, 374, 374, 374, 374, 374, 374, 374, 374, 374, 374, 374, 374, 374, 374, 374, 374, 374, 374, 374, 374, 374, 374, 374, 374, 374, 374, 374, 374, 374, 374, 374, 374, 374, 374, 374, 374, 374, 374, 374, 374, 374, 374, 374, 374, 374, 374, 374, 374, 374, 374, 374, 374, 374, 374, 374, 374, 374, 374, 374, 374, 374, 374, 374, 374, 374, 374, 374, 374, 374, 374, 374, 374, 374, 374, 374, 374, 374, 374, 374, 374, 374, 374, 374, 374, 374, 374, 374, 374, 374]

ep133
Train step Loss: [0.9464715719223022, 0.9464018940925598, 0.9464486241340637, 0.9463545083999634, 0.9465165734291077, 0.9463825821876526, 0.9464046955108643, 0.9464317560195923, 0.9463619589805603, 0.9464543461799622, 0.9463772177696228, 0.9464731216430664, 0.946402370929718, 0.9463714957237244, 0.9465228319168091, 0.9463942646980286, 0.9463607668876648, 0.9463015198707581, 0.9463670253753662, 0.9464985728263855, 0.9464690685272217, 0.9464309811592102, 0.9463628530502319, 0.9465276598930359, 0.9463390111923218, 0.9463896751403809, 0.9464111924171448, 0.9462865591049194, 0.9463494420051575, 0.946405291557312, 0.9464654326438904, 0.9463797807693481, 0.94635009765625, 0.946670651435852, 0.946445107460022, 0.9463765621185303, 0.9464848637580872, 0.9462990164756775, 0.946536660194397, 0.9463162422180176, 0.9463798403739929, 0.9466952681541443, 0.94631427526474, 0.9463090896606445, 0.9463379383087158, 0.9468038082122803, 0.9464899301528931, 0.9464970231056213, 0.9463323354721069, 0.9465218186378479, 0.9464250206947327, 0.9464176297187805, 0.9464592337608337, 0.9464357495307922, 0.9467400908470154, 0.9464568495750427, 0.9464365839958191, 0.946833074092865, 0.9464402794837952, 0.9462714195251465, 0.9463797211647034, 0.9464845061302185, 0.9464231729507446, 0.9462743401527405, 0.9464277029037476, 0.9463765621185303, 0.9464445114135742, 0.9464236497879028, 0.9463579654693604, 0.9463152885437012, 0.9465181827545166, 0.9464765787124634, 0.9464673399925232, 0.9463652968406677, 0.9464433193206787, 0.9463545680046082, 0.94642573595047, 0.9465081691741943, 0.9463748335838318, 0.9463735818862915, 0.946469247341156, 0.9463431239128113, 0.946415901184082, 0.9464549422264099, 0.9463375210762024, 0.9462980031967163, 0.9463160634040833, 0.9463919401168823, 0.946365475654602, 0.9464079737663269, 0.9463453888893127, 0.9463145732879639, 0.9465134739875793, 0.9462622404098511, 0.9462704062461853, 0.9464160203933716, 0.9464170336723328, 0.9465205669403076, 0.9464932084083557, 0.9463872909545898, 0.9464988112449646, 0.9462335109710693, 0.9463934302330017, 0.9465700387954712, 0.9464006423950195]
val step Loss: [0.9515226483345032, 0.9474416375160217, 0.9477410316467285, 0.9472475051879883, 0.9470005035400391, 0.9471984505653381, 0.9475855827331543, 0.9472973942756653, 0.9473223686218262, 0.9475688338279724, 0.9474325180053711, 0.9474193453788757, 0.9484582543373108, 0.9491087794303894, 0.952488362789154, 0.9475952386856079, 0.9475818872451782, 0.9474276304244995, 0.9473432302474976, 0.9474659562110901, 0.9473249316215515, 0.9500279426574707, 0.9472247362136841, 0.9475617408752441, 0.9475213885307312, 0.9470693469047546, 0.9472745060920715]
Train step Accs: [1.0, 1.0, 1.0, 1.0, 1.0, 1.0, 1.0, 1.0, 1.0, 1.0, 1.0, 1.0, 1.0, 1.0, 1.0, 1.0, 1.0, 1.0, 1.0, 1.0, 1.0, 1.0, 1.0, 1.0, 1.0, 1.0, 1.0, 1.0, 1.0, 1.0, 1.0, 1.0, 1.0, 1.0, 1.0, 1.0, 1.0, 1.0, 1.0, 1.0, 1.0, 1.0, 1.0, 1.0, 1.0, 1.0, 1.0, 1.0, 1.0, 1.0, 1.0, 1.0, 1.0, 1.0, 1.0, 1.0, 1.0, 1.0, 1.0, 1.0, 1.0, 1.0, 1.0, 1.0, 1.0, 1.0, 1.0, 1.0, 1.0, 1.0, 1.0, 1.0, 1.0, 1.0, 1.0, 1.0, 1.0, 1.0, 1.0, 1.0, 1.0, 1.0, 1.0, 1.0, 1.0, 1.0, 1.0, 1.0, 1.0, 1.0, 1.0, 1.0, 1.0, 1.0, 1.0, 1.0, 1.0, 1.0, 1.0, 1.0, 1.0, 1.0, 1.0, 1.0, 1.0]
val step Accs: [0.9992225461613217, 1.0, 1.0, 1.0, 1.0, 1.0, 1.0, 1.0, 1.0, 1.0, 1.0, 1.0, 0.999844840961986, 0.9997143673236218, 0.9990339719851876, 1.0, 1.0, 1.0, 1.0, 1.0, 1.0, 0.9994934143870314, 1.0, 1.0, 1.0, 1.0, 1.0]
Preds: [17, 17, 17, 451, 152, 152, 374, 378, 42, 406, 406, 499, 387, 387, 387, 387, 337, 219, 219, 219, 324, 324, 434, 339, 10, 10, 309, 479, 398, 324, 278, 301, 143, 129, 401, 244, 321, 354, 354, 265, 428, 428, 146, 146, 146, 324, 324, 301, 215, 32, 32, 102, 354, 354, 106, 106, 284, 265, 206, 282, 282, 388, 303, 212, 219, 324, 324, 301, 116, 10, 94, 479, 331, 331, 428, 428, 428, 146, 146, 252, 252, 239, 239, 310, 310, 107, 107, 395, 374, 374, 132, 132, 219, 286, 464, 464, 464, 355, 355, 355, 460, 452, 263, 263, 263, 78, 170, 170, 244, 392, 392, 392, 392, 392, 392, 392, 392, 244, 73, 244, 209, 83, 55, 443, 240, 314, 314, 32, 32, 354, 354, 180, 264, 264, 84, 84, 406, 406, 406, 406, 413, 413, 413, 399, 217, 217, 473, 65, 464, 464, 171, 252, 143, 143, 239, 82, 310, 107, 395, 400, 324, 286, 464, 464, 464, 443, 355, 355, 460, 240, 169, 35, 224, 224, 494, 494, 8, 196, 217, 479, 473, 283, 278, 422, 143, 36, 75, 310, 107, 395, 485, 324, 301, 251, 251, 219, 398, 374, 374, 374, 26, 251, 251, 241, 431, 367, 496, 497, 43, 233, 233, 401, 244, 208, 100, 100, 100, 98, 98, 98, 17, 17, 420, 374, 374, 374, 374, 374, 374, 374, 374, 374, 374, 374, 374, 374, 374, 374, 374, 374, 374, 374, 374, 374, 374, 374, 374, 374, 374, 374, 374, 374, 374, 374, 374, 374, 374, 374, 374, 374, 374, 374, 374, 374, 374, 374, 374, 374, 374, 374, 374, 374, 374, 374, 374, 374, 374, 374, 374, 374, 374, 374, 374, 374, 374, 374, 374, 374, 374, 374, 374, 374, 374, 374, 374, 374, 374, 374, 374, 374, 374, 374, 374, 374, 374, 374, 374, 374, 374, 374, 374, 374, 374, 374, 374, 374, 374, 374, 374, 374, 374, 374, 374, 374, 374, 374, 374, 374, 374, 374, 374, 374, 374, 374, 374, 374, 374, 374, 374, 374, 374, 374, 374, 374, 374, 374, 374, 374, 374, 374, 374, 374, 374, 374, 374, 374, 374, 374, 374, 374, 374, 374, 374, 374, 374, 374, 374, 374, 374, 374, 374, 374, 374, 374, 374, 374, 374, 374, 374, 374, 374, 374, 374, 374, 374, 374, 374, 374, 374, 374, 374, 374, 374, 374, 374, 374, 374, 374, 374, 374, 374, 374, 374, 374, 374, 374, 374, 374, 374, 374, 374, 374, 374, 374, 374, 374, 374, 374, 374, 374, 374, 374, 374, 374, 374, 374, 374, 374, 374, 374, 374, 374, 374, 374, 374, 374, 374, 374, 374, 374, 374, 374, 374, 374, 374, 374, 374, 374, 374, 374, 374, 374, 374, 374, 374, 374, 374, 374, 374, 374, 374, 374, 374, 374, 374, 374, 374, 374, 374, 374, 374, 374, 374, 374, 374, 374, 374, 374, 374, 374, 374, 374, 374, 374, 374, 374, 374, 374, 374, 374, 374, 374, 374, 374, 374, 374, 374, 374, 374, 374, 374, 374, 374, 374, 374, 374, 374, 374, 374, 374, 374, 374, 374, 374, 374, 374, 374, 374, 374, 374, 374, 374, 374, 374, 374, 374, 374, 374, 374, 374, 374, 374, 374, 374, 374, 374, 374, 374, 374, 374, 374, 374, 374, 374, 374, 374, 374, 374, 374, 374, 374, 374, 374, 374, 374, 374, 374, 374, 374, 374, 374, 374, 374, 374, 374, 374, 374, 374, 374, 374, 374, 374, 374, 374, 374, 374, 374, 374, 374, 374, 374, 374, 374, 374, 374, 374, 374, 374, 374, 374, 374, 374, 374, 374, 374, 374, 374, 374, 374, 374]

ep134
Train step Loss: [0.9463315606117249, 0.9463987350463867, 0.9464708566665649, 0.9467432498931885, 0.9465467929840088, 0.9465029835700989, 0.9463890194892883, 0.946527898311615, 0.9464682340621948, 0.9463545680046082, 0.9463657736778259, 0.9463925361633301, 0.9463595747947693, 0.9463959336280823, 0.946409285068512, 0.9464023113250732, 0.9466762542724609, 0.9464589357376099, 0.9463129043579102, 0.9462984800338745, 0.9462573528289795, 0.946368396282196, 0.9463620185852051, 0.946456789970398, 0.9463794231414795, 0.9463409781455994, 0.9464415311813354, 0.9464322328567505, 0.9465972185134888, 0.9463950395584106, 0.9463192224502563, 0.9463529586791992, 0.9463970065116882, 0.9463676810264587, 0.9465166330337524, 0.9465225338935852, 0.9463794231414795, 0.9465086460113525, 0.9463589787483215, 0.9464594721794128, 0.9465093612670898, 0.9464596509933472, 0.9464690089225769, 0.946410596370697, 0.9463748931884766, 0.9463587999343872, 0.946309506893158, 0.9464786648750305, 0.9464064836502075, 0.9465136528015137, 0.946428656578064, 0.946373701095581, 0.946340024471283, 0.9464259743690491, 0.9464245438575745, 0.9466216564178467, 0.9462771415710449, 0.9463317394256592, 0.9464059472084045, 0.9463438391685486, 0.946402370929718, 0.9463614225387573, 0.9467344880104065, 0.9463680982589722, 0.9464010000228882, 0.9464537501335144, 0.9463252425193787, 0.9465173482894897, 0.9464987516403198, 0.946346640586853, 0.9463361501693726, 0.9463669061660767, 0.9463305473327637, 0.9464439749717712, 0.9462642669677734, 0.9464018940925598, 0.946482241153717, 0.9463323354721069, 0.9462292790412903, 0.9463430643081665, 0.9464287161827087, 0.9462583065032959, 0.946435272693634, 0.9462980031967163, 0.9463512897491455, 0.9463462829589844, 0.9463921785354614, 0.9463703036308289, 0.9463644027709961, 0.9465453028678894, 0.946345329284668, 0.9464163780212402, 0.9463785886764526, 0.9464827179908752, 0.9464622139930725, 0.9463472366333008, 0.9463898539543152, 0.946395993232727, 0.9464253783226013, 0.9464229941368103, 0.9463784694671631, 0.946281373500824, 0.9463862180709839, 0.9464482665061951, 0.9464606046676636]
val step Loss: [0.9529076814651489, 0.9514015316963196, 0.9484781622886658, 0.9474160671234131, 0.9476611018180847, 0.9474726319313049, 0.9472717046737671, 0.9476697444915771, 0.9473546147346497, 0.9476039409637451, 0.9473845958709717, 0.9475570917129517, 0.9473859667778015, 0.9487302303314209, 0.9494403600692749, 0.9474614262580872, 0.9483187198638916, 0.9475869536399841, 0.9472973346710205, 0.9477145671844482, 0.9474823474884033, 0.9472671747207642, 0.9473263621330261, 0.9475974440574646, 0.9473772644996643, 0.9475823640823364, 0.9474446177482605]
Train step Accs: [1.0, 1.0, 1.0, 1.0, 1.0, 1.0, 1.0, 1.0, 1.0, 1.0, 1.0, 1.0, 1.0, 1.0, 1.0, 1.0, 1.0, 1.0, 1.0, 1.0, 1.0, 1.0, 1.0, 1.0, 1.0, 1.0, 1.0, 1.0, 1.0, 1.0, 1.0, 1.0, 1.0, 1.0, 1.0, 1.0, 1.0, 1.0, 1.0, 1.0, 1.0, 1.0, 1.0, 1.0, 1.0, 1.0, 1.0, 1.0, 1.0, 1.0, 1.0, 1.0, 1.0, 1.0, 1.0, 1.0, 1.0, 1.0, 1.0, 1.0, 1.0, 1.0, 1.0, 1.0, 1.0, 1.0, 1.0, 1.0, 1.0, 1.0, 1.0, 1.0, 1.0, 1.0, 1.0, 1.0, 1.0, 1.0, 1.0, 1.0, 1.0, 1.0, 1.0, 1.0, 1.0, 1.0, 1.0, 1.0, 1.0, 1.0, 1.0, 1.0, 1.0, 1.0, 1.0, 1.0, 1.0, 1.0, 1.0, 1.0, 1.0, 1.0, 1.0, 1.0, 1.0]
val step Accs: [0.9989718985606579, 0.9992581602373887, 0.9998372925479987, 1.0, 1.0, 1.0, 1.0, 1.0, 1.0, 1.0, 1.0, 1.0, 1.0, 0.9998165137614679, 0.9996558251591808, 1.0, 0.999820014398848, 1.0, 1.0, 1.0, 1.0, 1.0, 1.0, 1.0, 1.0, 1.0, 1.0]
Preds: [17, 17, 296, 17, 17, 17, 17, 363, 363, 363, 363, 363, 101, 149, 321, 321, 287, 287, 287, 284, 206, 167, 35, 320, 320, 29, 287, 287, 111, 111, 468, 468, 467, 146, 146, 443, 330, 330, 330, 348, 175, 65, 65, 106, 293, 293, 293, 293, 413, 348, 348, 466, 479, 479, 331, 331, 486, 486, 486, 460, 240, 173, 8, 280, 29, 106, 284, 284, 240, 285, 285, 467, 180, 180, 486, 486, 486, 486, 460, 240, 175, 175, 81, 431, 431, 85, 403, 403, 403, 207, 207, 207, 246, 246, 246, 246, 246, 19, 19, 454, 229, 259, 321, 247, 126, 126, 408, 408, 408, 408, 228, 321, 75, 66, 68, 172, 115, 115, 267, 444, 278, 378, 378, 345, 345, 100, 100, 497, 497, 186, 99, 338, 338, 400, 400, 400, 301, 301, 378, 345, 109, 499, 499, 151, 151, 253, 453, 342, 168, 168, 180, 151, 151, 460, 178, 178, 192, 192, 445, 451, 41, 41, 41, 41, 19, 19, 19, 454, 454, 13, 414, 170, 244, 244, 244, 392, 244, 392, 392, 321, 321, 321, 7, 479, 479, 331, 331, 331, 480, 319, 111, 460, 438, 416, 216, 192, 114, 180, 180, 443, 443, 443, 139, 139, 293, 274, 274, 35, 192, 445, 464, 464, 171, 171, 252, 416, 458, 192, 445, 180, 464, 264, 264, 264, 264, 315, 315, 113, 450, 450, 293, 169, 150, 150, 54, 54, 142, 397, 397, 196, 147, 147, 109, 288, 403, 171, 171, 252, 252, 24, 310, 310, 107, 395, 395, 286, 286, 120, 120, 120, 120, 37, 37, 385, 385, 197, 75, 164, 164, 196, 196, 116, 33, 33, 248, 394, 212, 75, 199, 275, 275, 275, 275, 303, 303, 17, 420, 374, 374, 374, 374, 374, 374, 374, 374, 374, 374, 374, 374, 374, 374, 374, 374, 374, 374, 374, 374, 374, 374, 374, 374, 374, 374, 374, 374, 374, 374, 374, 374, 374, 374, 374, 374, 374, 374, 374, 374, 374, 374, 374, 374, 374, 374, 374, 374, 374, 374, 374, 374, 374, 374, 374, 374, 374, 374, 374, 374, 374, 374, 374, 374, 374, 374, 374, 374, 374, 374, 374, 374, 374, 374, 374, 374, 374, 374, 374, 374, 374, 374, 374, 374, 374, 374, 374, 374, 374, 374, 374, 374, 374, 374, 374, 374, 374, 374, 374, 374, 374, 374, 374, 374, 374, 374, 374, 374, 374, 374, 374, 374, 374, 374, 374, 374, 374, 374, 374, 374, 374, 374, 374, 374, 374, 374, 374, 374, 374, 374, 374, 374, 374, 374, 374, 374, 374, 374, 374, 374, 374, 374, 374, 374, 374, 374, 374, 374, 374, 374, 374, 374, 374, 374, 374, 374, 374, 374, 374, 374, 374, 374, 374, 374, 374, 374, 374, 374, 374, 374, 374, 374, 374, 374, 374, 374, 374, 374, 374, 374, 374, 374, 374, 374, 374, 374, 374, 374, 374, 374, 374, 374, 374, 374, 374, 374, 374, 374, 374, 374, 374, 374, 374, 374, 374, 374, 374, 374, 374, 374, 374, 374, 374, 374, 374, 374, 374, 374, 374, 374, 374, 374, 374, 374, 374, 374, 374, 374, 374, 374, 374, 374, 374, 374, 374, 374, 374, 374, 374, 374, 374, 374, 374, 374, 374, 374, 374, 374, 374, 374, 374, 374, 374, 374, 374, 374, 374, 374, 374, 374, 374, 374, 374, 374, 374, 374, 374, 374, 374, 374, 374, 374, 374, 374, 374, 374, 374, 374, 374, 374, 374, 374, 374, 374, 374, 374, 374, 374, 374, 374, 374, 374, 374, 374, 374, 374, 374, 374, 374, 374, 374, 374, 374, 374, 374, 374, 374, 374, 374, 374, 374, 374, 374]

ep135
Train step Loss: [0.9464513063430786, 0.9463754296302795, 0.9463909268379211, 0.9465402364730835, 0.9463133811950684, 0.9463903307914734, 0.9463587403297424, 0.9464563131332397, 0.9464603066444397, 0.946338951587677, 0.9463801383972168, 0.9465855956077576, 0.9464865326881409, 0.9463855624198914, 0.9463770985603333, 0.9467071890830994, 0.946414053440094, 0.9463883638381958, 0.9462803602218628, 0.9464302659034729, 0.9463598132133484, 0.9464289546012878, 0.9464111328125, 0.9463770389556885, 0.9463465809822083, 0.9465531706809998, 0.946553647518158, 0.9463704824447632, 0.9464362859725952, 0.9463871121406555, 0.9464430212974548, 0.9462672472000122, 0.9466593861579895, 0.9464296102523804, 0.946395218372345, 0.9464474320411682, 0.9463831782341003, 0.9463678002357483, 0.946341872215271, 0.9463344812393188, 0.946372389793396, 0.9463674426078796, 0.9464086294174194, 0.9463659524917603, 0.9463893175125122, 0.9463180899620056, 0.946307361125946, 0.9464001655578613, 0.9463735222816467, 0.9463631510734558, 0.946357786655426, 0.9466554522514343, 0.9464758634567261, 0.946351945400238, 0.9466372728347778, 0.9463773965835571, 0.9463168978691101, 0.9463730454444885, 0.9462917447090149, 0.9464843273162842, 0.946435809135437, 0.946322500705719, 0.9463757872581482, 0.9463061094284058, 0.9463291764259338, 0.9463981986045837, 0.9464145302772522, 0.946302592754364, 0.94636070728302, 0.9463889598846436, 0.9463849663734436, 0.946311891078949, 0.9464127421379089, 0.9463450908660889, 0.9463669657707214, 0.9464797973632812, 0.9464026689529419, 0.9464684724807739, 0.9464156031608582, 0.9463733434677124, 0.946373701095581, 0.9464199542999268, 0.9466578960418701, 0.9462832808494568, 0.946355938911438, 0.9463570713996887, 0.9464378356933594, 0.9463689923286438, 0.9465293288230896, 0.9464847445487976, 0.9464221596717834, 0.9462810158729553, 0.9464260935783386, 0.9465468525886536, 0.9462820887565613, 0.9463324546813965, 0.9464370012283325, 0.9463835954666138, 0.9465097784996033, 0.9463671445846558, 0.9463585615158081, 0.9462583065032959, 0.9463520050048828, 0.9463258385658264, 0.9465169906616211]
val step Loss: [0.9486017227172852, 0.9472977519035339, 0.947504460811615, 0.9528229832649231, 0.9483283162117004, 0.9475462436676025, 0.9493606090545654, 0.9476299285888672, 0.9476383924484253, 0.9474677443504333, 0.9474288821220398, 0.9485073685646057, 0.9476160407066345, 0.9475200176239014, 0.9472974538803101, 0.9486647248268127, 0.9473572969436646, 0.9472354054450989, 0.947502613067627, 0.9508355855941772, 0.9476000666618347, 0.9474800825119019, 0.9474362730979919, 0.9479261040687561, 0.9474397301673889, 0.9475882053375244, 0.9477986097335815]
Train step Accs: [1.0, 1.0, 1.0, 1.0, 1.0, 1.0, 1.0, 1.0, 1.0, 1.0, 1.0, 1.0, 1.0, 1.0, 1.0, 1.0, 1.0, 1.0, 1.0, 1.0, 1.0, 1.0, 1.0, 1.0, 1.0, 1.0, 1.0, 1.0, 1.0, 1.0, 1.0, 1.0, 1.0, 1.0, 1.0, 1.0, 1.0, 1.0, 1.0, 1.0, 1.0, 1.0, 1.0, 1.0, 1.0, 1.0, 1.0, 1.0, 1.0, 1.0, 1.0, 1.0, 1.0, 1.0, 1.0, 1.0, 1.0, 1.0, 1.0, 1.0, 1.0, 1.0, 1.0, 1.0, 1.0, 1.0, 1.0, 1.0, 1.0, 1.0, 1.0, 1.0, 1.0, 1.0, 1.0, 1.0, 1.0, 1.0, 1.0, 1.0, 1.0, 1.0, 1.0, 1.0, 1.0, 1.0, 1.0, 1.0, 1.0, 1.0, 1.0, 1.0, 1.0, 1.0, 1.0, 1.0, 1.0, 1.0, 1.0, 1.0, 1.0, 1.0, 1.0, 1.0, 1.0]
val step Accs: [0.9998274374460742, 1.0, 1.0, 0.9989821882951654, 0.9998191354675349, 1.0, 0.9996372211137312, 1.0, 1.0, 1.0, 1.0, 0.9998376096135109, 1.0, 1.0, 1.0, 0.9998164127042408, 1.0, 1.0, 1.0, 0.9993567063364426, 1.0, 1.0, 1.0, 1.0, 1.0, 1.0, 1.0]
Preds: [17, 17, 296, 217, 217, 473, 65, 443, 443, 443, 443, 240, 169, 150, 77, 164, 164, 164, 164, 164, 164, 273, 106, 106, 375, 375, 375, 98, 98, 48, 13, 170, 20, 170, 20, 20, 187, 187, 187, 408, 408, 20, 391, 391, 20, 184, 20, 20, 7, 188, 152, 152, 422, 99, 54, 54, 224, 400, 400, 30, 324, 324, 464, 464, 139, 139, 355, 387, 355, 240, 388, 94, 94, 398, 324, 301, 416, 32, 239, 144, 27, 180, 180, 284, 486, 428, 206, 240, 240, 314, 8, 32, 354, 354, 100, 497, 43, 8, 8, 32, 354, 354, 100, 387, 255, 251, 251, 241, 431, 106, 498, 498, 406, 313, 313, 285, 337, 464, 464, 464, 145, 315, 315, 450, 450, 450, 43, 43, 276, 276, 345, 109, 109, 403, 207, 324, 3, 301, 42, 42, 147, 456, 337, 324, 422, 422, 349, 349, 234, 234, 261, 261, 25, 148, 153, 153, 413, 413, 10, 10, 309, 398, 398, 464, 139, 139, 481, 182, 182, 387, 387, 122, 122, 236, 129, 259, 108, 377, 123, 374, 153, 153, 387, 372, 406, 406, 406, 467, 182, 375, 375, 375, 98, 98, 13, 229, 229, 20, 312, 126, 126, 23, 326, 23, 23, 101, 149, 149, 228, 20, 412, 287, 287, 460, 460, 178, 215, 458, 465, 164, 164, 442, 225, 7, 7, 217, 217, 473, 65, 476, 171, 252, 416, 239, 239, 445, 445, 485, 324, 301, 314, 325, 34, 34, 191, 191, 116, 251, 251, 251, 241, 81, 431, 367, 496, 274, 43, 8, 129, 259, 208, 208, 441, 441, 153, 497, 497, 399, 70, 70, 70, 473, 65, 264, 264, 264, 264, 468, 468, 468, 406, 337, 337, 324, 252, 24, 239, 239, 384, 449, 324, 324, 301, 26, 251, 241, 431, 367, 496, 274, 43, 416, 458, 144, 208, 100, 100, 496, 274, 122, 143, 143, 17, 420, 374, 374, 374, 374, 374, 374, 374, 374, 374, 374, 374, 374, 374, 374, 374, 374, 374, 374, 374, 374, 374, 374, 374, 374, 374, 374, 374, 374, 374, 374, 374, 374, 374, 374, 374, 374, 374, 374, 374, 374, 374, 374, 374, 374, 374, 374, 374, 374, 374, 374, 374, 374, 374, 374, 374, 374, 374, 374, 374, 374, 374, 374, 374, 374, 374, 374, 374, 374, 374, 374, 374, 374, 374, 374, 374, 374, 374, 374, 374, 374, 374, 374, 374, 374, 374, 374, 374, 374, 374, 374, 374, 374, 374, 374, 374, 374, 374, 374, 374, 374, 374, 374, 374, 374, 374, 374, 374, 374, 374, 374, 374, 374, 374, 374, 374, 374, 374, 374, 374, 374, 374, 374, 374, 374, 374, 374, 374, 374, 374, 374, 374, 374, 374, 374, 374, 374, 374, 374, 374, 374, 374, 374, 374, 374, 374, 374, 374, 374, 374, 374, 374, 374, 374, 374, 374, 374, 374, 374, 374, 374, 374, 374, 374, 374, 374, 374, 374, 374, 374, 374, 374, 374, 374, 374, 374, 374, 374, 374, 374, 374, 374, 374, 374, 374, 374, 374, 374, 374, 374, 374, 374, 374, 374, 374, 374, 374, 374, 374, 374, 374, 374, 374, 374, 374, 374, 374, 374, 374, 374, 374, 374, 374, 374, 374, 374, 374, 374, 374, 374, 374, 374, 374, 374, 374, 374, 374, 374, 374, 374, 374, 374, 374, 374, 374, 374, 374, 374, 374, 374, 374, 374, 374, 374, 374, 374, 374, 374, 374, 374, 374, 374, 374, 374, 374, 374, 374, 374, 374, 374, 374, 374, 374, 374, 374, 374, 374, 374, 374, 374, 374, 374, 374, 374, 374, 374, 374, 374, 374, 374, 374, 374, 374, 374, 374, 374, 374]

ep136
Train step Loss: [0.9463793635368347, 0.9466163516044617, 0.9463975429534912, 0.9463168382644653, 0.9463952779769897, 0.9463558197021484, 0.9464491605758667, 0.9463912844657898, 0.9463999271392822, 0.9466211795806885, 0.9463381171226501, 0.9463227391242981, 0.9464242458343506, 0.9466465711593628, 0.9466792941093445, 0.946427047252655, 0.9463819861412048, 0.9463932514190674, 0.9463644623756409, 0.9463253021240234, 0.9464606642723083, 0.9464293718338013, 0.9464879631996155, 0.9464144110679626, 0.9462672472000122, 0.9462407231330872, 0.9464212656021118, 0.9462591409683228, 0.9463944435119629, 0.946427047252655, 0.9464143514633179, 0.9463366270065308, 0.946406364440918, 0.9463380575180054, 0.9463323950767517, 0.9463852047920227, 0.9464547038078308, 0.9463449120521545, 0.9462877511978149, 0.9463615417480469, 0.9463461637496948, 0.9464353322982788, 0.9464269280433655, 0.9463373422622681, 0.9463682770729065, 0.9464230537414551, 0.9463855028152466, 0.9463891983032227, 0.9463657140731812, 0.9463405609130859, 0.9465034008026123, 0.9465028047561646, 0.9463983774185181, 0.9463375210762024, 0.9463004469871521, 0.9465003609657288, 0.9464168548583984, 0.9465216994285583, 0.9463244080543518, 0.9465105533599854, 0.9463669061660767, 0.9462820887565613, 0.9464004039764404, 0.9463108777999878, 0.9463580846786499, 0.9463890194892883, 0.9464320540428162, 0.9464398622512817, 0.9463039040565491, 0.9464547634124756, 0.9463530778884888, 0.946397602558136, 0.9463043212890625, 0.9463430047035217, 0.9464350938796997, 0.9463308453559875, 0.9463052153587341, 0.9463391900062561, 0.9464523196220398, 0.9464095830917358, 0.9463562965393066, 0.9464535713195801, 0.9464126229286194, 0.9464387893676758, 0.9462454319000244, 0.9464061260223389, 0.9462708234786987, 0.9464892148971558, 0.9463852047920227, 0.9464446306228638, 0.9463087916374207, 0.9463964104652405, 0.9463894963264465, 0.9464112520217896, 0.9464462995529175, 0.9463958144187927, 0.9464040398597717, 0.9466898441314697, 0.9464902281761169, 0.9464340209960938, 0.9463743567466736, 0.9464519023895264, 0.946298360824585, 0.9463875889778137, 0.9462751746177673]
val step Loss: [0.9474611282348633, 0.9472501277923584, 0.948668897151947, 0.9473705291748047, 0.94720059633255, 0.9474302530288696, 0.9475436210632324, 0.947692334651947, 0.9533661007881165, 0.94931560754776, 0.9474954605102539, 0.9472765922546387, 0.9473437070846558, 0.9475908279418945, 0.9480903148651123, 0.9486591815948486, 0.950819194316864, 0.9482546448707581, 0.9475002288818359, 0.9473439455032349, 0.9473896622657776, 0.9472694993019104, 0.9473568201065063, 0.9476231336593628, 0.947422444820404, 0.9474872350692749, 0.9472975134849548]
Train step Accs: [1.0, 1.0, 1.0, 1.0, 1.0, 1.0, 1.0, 1.0, 1.0, 1.0, 1.0, 1.0, 1.0, 1.0, 1.0, 1.0, 1.0, 1.0, 1.0, 1.0, 1.0, 1.0, 1.0, 1.0, 1.0, 1.0, 1.0, 1.0, 1.0, 1.0, 1.0, 1.0, 1.0, 1.0, 1.0, 1.0, 1.0, 1.0, 1.0, 1.0, 1.0, 1.0, 1.0, 1.0, 1.0, 1.0, 1.0, 1.0, 1.0, 1.0, 1.0, 1.0, 1.0, 1.0, 1.0, 1.0, 1.0, 1.0, 1.0, 1.0, 1.0, 1.0, 1.0, 1.0, 1.0, 1.0, 1.0, 1.0, 1.0, 1.0, 1.0, 1.0, 1.0, 1.0, 1.0, 1.0, 1.0, 1.0, 1.0, 1.0, 1.0, 1.0, 1.0, 1.0, 1.0, 1.0, 1.0, 1.0, 1.0, 1.0, 1.0, 1.0, 1.0, 1.0, 1.0, 1.0, 1.0, 1.0, 1.0, 1.0, 1.0, 1.0, 1.0, 1.0, 1.0]
val step Accs: [1.0, 1.0, 0.9998086124401914, 1.0, 1.0, 1.0, 1.0, 1.0, 0.9989512323020451, 0.9996449494052903, 1.0, 1.0, 1.0, 1.0, 0.9998378991732858, 0.9998368412465328, 0.999336540056394, 0.9998325799430772, 1.0, 1.0, 1.0, 1.0, 1.0, 1.0, 1.0, 1.0, 1.0]
Preds: [17, 17, 441, 441, 153, 387, 387, 240, 348, 24, 24, 384, 371, 180, 180, 486, 376, 376, 282, 263, 263, 229, 229, 247, 312, 363, 363, 363, 408, 408, 149, 228, 228, 244, 320, 7, 479, 331, 278, 301, 378, 8, 129, 354, 109, 180, 486, 486, 460, 240, 240, 35, 36, 342, 224, 351, 196, 479, 331, 331, 315, 450, 450, 450, 88, 88, 88, 109, 337, 207, 301, 143, 129, 401, 244, 354, 354, 100, 389, 425, 425, 251, 331, 106, 302, 497, 43, 43, 43, 276, 276, 276, 346, 284, 284, 284, 450, 450, 293, 43, 43, 276, 345, 109, 109, 116, 116, 10, 398, 398, 398, 374, 374, 495, 406, 406, 380, 134, 387, 387, 109, 337, 324, 219, 246, 246, 301, 301, 8, 8, 354, 354, 180, 180, 486, 486, 206, 240, 240, 314, 129, 401, 401, 32, 354, 354, 100, 153, 153, 153, 153, 182, 182, 182, 132, 132, 132, 132, 303, 303, 303, 442, 442, 442, 229, 229, 170, 170, 244, 187, 1, 1, 408, 408, 408, 244, 228, 228, 412, 287, 287, 287, 284, 284, 460, 169, 215, 35, 35, 75, 208, 441, 148, 153, 153, 387, 387, 122, 348, 64, 466, 479, 331, 242, 242, 348, 466, 466, 479, 331, 307, 307, 319, 206, 240, 251, 251, 359, 34, 166, 278, 278, 278, 173, 8, 8, 70, 70, 65, 65, 46, 46, 46, 46, 206, 215, 215, 129, 401, 354, 354, 106, 106, 180, 284, 315, 315, 315, 315, 315, 450, 450, 450, 450, 203, 250, 364, 276, 276, 345, 109, 109, 207, 324, 324, 3, 301, 26, 251, 241, 241, 431, 486, 486, 282, 282, 330, 388, 94, 303, 199, 331, 375, 375, 98, 98, 13, 244, 170, 170, 392, 63, 63, 63, 63, 63, 63, 63, 244, 40, 40, 40, 63, 40, 244, 40, 63, 244, 63, 73, 244, 244, 289, 320, 188, 188, 213, 324, 422, 416, 32, 239, 354, 114, 180, 180, 486, 460, 460, 178, 215, 129, 401, 244, 321, 354, 276, 148, 148, 153, 387, 387, 387, 387, 167, 122, 35, 321, 75, 449, 273, 180, 486, 486, 460, 240, 215, 215, 129, 239, 354, 420, 420, 213, 213, 324, 464, 464, 464, 443, 240, 314, 314, 239, 239, 239, 384, 371, 371, 324, 324, 324, 324, 324, 464, 464, 464, 180, 145, 486, 460, 240, 240, 314, 35, 75, 131, 377, 87, 32, 32, 32, 354, 354, 100, 100, 153, 153, 153, 182, 43, 43, 8, 196, 303, 303, 303, 303, 303, 48, 48, 48, 170, 244, 392, 392, 392, 392, 392, 392, 392, 392, 392, 392, 73, 73, 73, 320, 320, 188, 188, 171, 213, 246, 246, 246, 246, 246, 246, 422, 143, 36, 478, 323, 482, 224, 224, 273, 485, 374, 139, 153, 387, 387, 387, 387, 413, 348, 348, 64, 394, 32, 32, 32, 32, 239, 384, 377, 371, 444, 213, 213, 246, 434, 434, 434, 3, 335, 14, 14, 287, 145, 287, 145, 460, 240, 215, 129, 32, 354, 354, 109, 499, 486, 486, 264, 240, 285, 467, 145, 145, 486, 85, 85, 85, 468, 468, 406, 406, 467, 337, 337, 277, 301, 143, 129, 401, 244, 75, 74, 190, 190, 487, 499, 151, 487, 442, 193, 17, 17, 420, 374, 374, 374, 374, 374, 374, 374, 374, 374, 374, 374, 374, 374, 374, 374, 374, 374, 374, 374, 374, 374, 374, 374, 374, 374, 374, 374, 374, 374, 374, 374, 374, 374, 374, 374, 374, 374, 374, 374, 374, 374, 374, 374, 374, 374, 374, 374, 374, 374, 374, 374, 374, 374, 374, 374, 374, 374, 374, 374]

ep137
Train step Loss: [0.9465007185935974, 0.946333646774292, 0.9463637471199036, 0.9463750720024109, 0.9463059902191162, 0.9464501142501831, 0.9463056921958923, 0.9464598298072815, 0.9464912414550781, 0.9463522434234619, 0.9463698863983154, 0.9463430047035217, 0.9464181661605835, 0.9464096426963806, 0.9463584423065186, 0.9463503360748291, 0.9463328123092651, 0.946315586566925, 0.9464070796966553, 0.9463491439819336, 0.9464378356933594, 0.9463075399398804, 0.9463784098625183, 0.9463307857513428, 0.9463116526603699, 0.9463606476783752, 0.946363091468811, 0.946428120136261, 0.9465200901031494, 0.9463245272636414, 0.9464008212089539, 0.9463377594947815, 0.9463654160499573, 0.946243941783905, 0.9463309049606323, 0.9463529586791992, 0.9463295340538025, 0.9463164210319519, 0.9463635683059692, 0.9463468790054321, 0.9464790225028992, 0.9464128017425537, 0.9464582800865173, 0.9463988542556763, 0.9463182091712952, 0.9464014768600464, 0.9463773369789124, 0.9463124871253967, 0.9464319348335266, 0.9464244246482849, 0.9462968111038208, 0.9463380575180054, 0.9464074969291687, 0.9464402198791504, 0.9463903903961182, 0.9463370442390442, 0.9464598894119263, 0.9463549256324768, 0.9463599324226379, 0.9463115930557251, 0.946462094783783, 0.9466778635978699, 0.9463618397712708, 0.9462953209877014, 0.9462843537330627, 0.946294903755188, 0.9463192224502563, 0.9464006423950195, 0.9466862678527832, 0.9462915062904358, 0.9465342164039612, 0.9464280605316162, 0.9463630318641663, 0.9462332725524902, 0.9462780952453613, 0.946338415145874, 0.9463562369346619, 0.9462944269180298, 0.9464241862297058, 0.9464498162269592, 0.9465183019638062, 0.946329653263092, 0.946351170539856, 0.946382462978363, 0.9463521838188171, 0.9463090896606445, 0.9464281797409058, 0.946328341960907, 0.9463499784469604, 0.9467238187789917, 0.9466765522956848, 0.9465116858482361, 0.9463685750961304, 0.9463639259338379, 0.9464062452316284, 0.9464160203933716, 0.9463953375816345, 0.9463785290718079, 0.9463505744934082, 0.9464795589447021, 0.9464277625083923, 0.9462701082229614, 0.9463334679603577, 0.9462792873382568, 0.9463369250297546]
val step Loss: [0.9515657424926758, 0.9475420713424683, 0.9473690390586853, 0.9474962949752808, 0.9474688768386841, 0.9474195241928101, 0.9474626779556274, 0.9472090005874634, 0.9471758604049683, 0.9496746063232422, 0.9489102959632874, 0.9482295513153076, 0.9479368925094604, 0.9473647475242615, 0.9472423195838928, 0.9475782513618469, 0.9526268839836121, 0.9472493529319763, 0.9473098516464233, 0.947269856929779, 0.9472817778587341, 0.9472774267196655, 0.9472165703773499, 0.9472501873970032, 0.9482437968254089, 0.947328507900238, 0.9473506212234497]
Train step Accs: [1.0, 1.0, 1.0, 1.0, 1.0, 1.0, 1.0, 1.0, 1.0, 1.0, 1.0, 1.0, 1.0, 1.0, 1.0, 1.0, 1.0, 1.0, 1.0, 1.0, 1.0, 1.0, 1.0, 1.0, 1.0, 1.0, 1.0, 1.0, 1.0, 1.0, 1.0, 1.0, 1.0, 1.0, 1.0, 1.0, 1.0, 1.0, 1.0, 1.0, 1.0, 1.0, 1.0, 1.0, 1.0, 1.0, 1.0, 1.0, 1.0, 1.0, 1.0, 1.0, 1.0, 1.0, 1.0, 1.0, 1.0, 1.0, 1.0, 1.0, 1.0, 1.0, 1.0, 1.0, 1.0, 1.0, 1.0, 1.0, 1.0, 1.0, 1.0, 1.0, 1.0, 1.0, 1.0, 1.0, 1.0, 1.0, 1.0, 1.0, 1.0, 1.0, 1.0, 1.0, 1.0, 1.0, 1.0, 1.0, 1.0, 1.0, 1.0, 1.0, 1.0, 1.0, 1.0, 1.0, 1.0, 1.0, 1.0, 1.0, 1.0, 1.0, 1.0, 1.0, 1.0]
val step Accs: [0.9992310649750096, 1.0, 1.0, 1.0, 1.0, 1.0, 1.0, 1.0, 1.0, 0.9996184662342618, 0.9998051821546854, 0.9998466963053809, 0.9998353367363741, 1.0, 1.0, 1.0, 0.9990202482037883, 1.0, 1.0, 1.0, 1.0, 1.0, 1.0, 1.0, 0.9998241603657464, 1.0, 1.0]
Preds: [17, 30, 340, 340, 116, 10, 479, 479, 65, 65, 284, 284, 481, 293, 293, 43, 43, 43, 364, 364, 276, 276, 346, 346, 284, 284, 284, 284, 284, 206, 206, 293, 43, 43, 364, 276, 276, 276, 346, 297, 497, 497, 43, 349, 129, 401, 205, 205, 208, 441, 441, 153, 153, 153, 387, 387, 387, 387, 29, 29, 337, 337, 337, 152, 178, 143, 129, 401, 208, 208, 208, 441, 441, 387, 387, 387, 274, 416, 8, 32, 32, 32, 354, 354, 180, 180, 376, 376, 376, 376, 460, 240, 385, 233, 36, 155, 155, 155, 25, 397, 494, 32, 32, 219, 219, 219, 464, 464, 93, 403, 403, 171, 171, 171, 246, 246, 246, 246, 246, 246, 246, 19, 48, 48, 48, 20, 170, 170, 170, 20, 187, 187, 187, 408, 408, 391, 20, 391, 73, 73, 20, 20, 320, 7, 251, 241, 331, 431, 486, 486, 460, 460, 215, 35, 35, 75, 77, 164, 342, 224, 183, 485, 485, 464, 139, 139, 387, 387, 387, 122, 8, 32, 239, 75, 354, 354, 441, 441, 276, 346, 346, 265, 265, 265, 85, 85, 167, 385, 32, 32, 239, 82, 108, 107, 395, 106, 106, 106, 153, 387, 387, 387, 85, 146, 207, 207, 207, 246, 246, 246, 246, 246, 19, 422, 129, 401, 401, 20, 445, 445, 351, 278, 403, 171, 171, 171, 219, 219, 219, 219, 477, 152, 422, 186, 349, 205, 205, 401, 20, 261, 261, 397, 441, 345, 374, 374, 213, 213, 213, 213, 422, 99, 338, 338, 338, 395, 395, 459, 459, 120, 385, 385, 233, 20, 75, 208, 27, 487, 441, 442, 219, 464, 464, 355, 355, 355, 355, 167, 167, 226, 80, 80, 80, 20, 80, 80, 7, 219, 219, 422, 422, 162, 232, 232, 68, 68, 68, 115, 267, 267, 444, 278, 26, 251, 241, 81, 403, 403, 403, 207, 19, 420, 374, 374, 374, 374, 374, 374, 374, 374, 374, 374, 374, 374, 374, 374, 374, 374, 374, 374, 374, 374, 374, 374, 374, 374, 374, 374, 374, 374, 374, 374, 374, 374, 374, 374, 374, 374, 374, 374, 374, 374, 374, 374, 374, 374, 374, 374, 374, 374, 374, 374, 374, 374, 374, 374, 374, 374, 374, 374, 374, 374, 374, 374, 374, 374, 374, 374, 374, 374, 374, 374, 374, 374, 374, 374, 374, 374, 374, 374, 374, 374, 374, 374, 374, 374, 374, 374, 374, 374, 374, 374, 374, 374, 374, 374, 374, 374, 374, 374, 374, 374, 374, 374, 374, 374, 374, 374, 374, 374, 374, 374, 374, 374, 374, 374, 374, 374, 374, 374, 374, 374, 374, 374, 374, 374, 374, 374, 374, 374, 374, 374, 374, 374, 374, 374, 374, 374, 374, 374, 374, 374, 374, 374, 374, 374, 374, 374, 374, 374, 374, 374, 374, 374, 374, 374, 374, 374, 374, 374, 374, 374, 374, 374, 374, 374, 374, 374, 374, 374, 374, 374, 374, 374, 374, 374, 374, 374, 374, 374, 374, 374, 374, 374, 374, 374, 374, 374, 374, 374, 374, 374, 374, 374, 374, 374, 374, 374, 374, 374, 374, 374, 374, 374, 374, 374, 374, 374, 374, 374, 374, 374, 374, 374, 374, 374, 374, 374, 374, 374, 374, 374, 374, 374, 374, 374, 374, 374, 374, 374, 374, 374, 374, 374, 374, 374, 374, 374, 374, 374, 374, 374, 374, 374, 374, 374, 374, 374, 374, 374, 374, 374, 374, 374, 374, 374, 374, 374, 374, 374, 374, 374, 374, 374, 374, 374, 374, 374, 374, 374, 374, 374, 374, 374, 374, 374, 374, 374, 374, 374, 374, 374, 374, 374, 374, 374, 374, 374, 374, 374]

ep138
Train step Loss: [0.9462344646453857, 0.9463114142417908, 0.9464114904403687, 0.9464932680130005, 0.946294367313385, 0.9464350938796997, 0.9464092254638672, 0.946352481842041, 0.9464757442474365, 0.9463849067687988, 0.9465094804763794, 0.946334958076477, 0.9464932084083557, 0.9464083313941956, 0.9463436603546143, 0.9464944005012512, 0.9464426040649414, 0.9464467763900757, 0.9464536309242249, 0.9463456273078918, 0.9464015960693359, 0.9463398456573486, 0.9462687373161316, 0.946372389793396, 0.9466671943664551, 0.9462698101997375, 0.9463968276977539, 0.9462873339653015, 0.9464184045791626, 0.9464209079742432, 0.9463499188423157, 0.9463579654693604, 0.9463019967079163, 0.9463785886764526, 0.9464041590690613, 0.9462370872497559, 0.9463910460472107, 0.9463728666305542, 0.9465086460113525, 0.9463010430335999, 0.9463640451431274, 0.9463522434234619, 0.9462923407554626, 0.9463251829147339, 0.9464452862739563, 0.9464236497879028, 0.946336030960083, 0.9463724493980408, 0.9463765621185303, 0.9464302659034729, 0.9463812708854675, 0.9463319778442383, 0.9467256665229797, 0.9463734030723572, 0.9464269280433655, 0.9462223052978516, 0.9462769627571106, 0.9463585615158081, 0.9463759064674377, 0.946406900882721, 0.9463602304458618, 0.946302056312561, 0.9464196562767029, 0.9465889930725098, 0.946408748626709, 0.946770966053009, 0.9463311433792114, 0.9462949633598328, 0.9463286399841309, 0.9463101625442505, 0.9462341666221619, 0.9464231729507446, 0.9463381767272949, 0.9463684558868408, 0.9464673399925232, 0.9463704824447632, 0.946343719959259, 0.9463706612586975, 0.9464026689529419, 0.9462960958480835, 0.9462834596633911, 0.9463780522346497, 0.9463856220245361, 0.9464278221130371, 0.946321964263916, 0.9463295936584473, 0.9463933706283569, 0.9462777972221375, 0.9463077783584595, 0.9464517831802368, 0.9463375806808472, 0.9463858604431152, 0.9464777708053589, 0.9466870427131653, 0.9463595151901245, 0.9463953375816345, 0.9463590383529663, 0.9463555812835693, 0.9463476538658142, 0.9464309811592102, 0.9463520646095276, 0.9464172720909119, 0.9464044570922852, 0.9463115930557251, 0.9464262127876282]
val step Loss: [0.9474467039108276, 0.947381854057312, 0.9472043514251709, 0.9474057555198669, 0.948929488658905, 0.9474115967750549, 0.9512378573417664, 0.9471205472946167, 0.9485093355178833, 0.9472891688346863, 0.9484741687774658, 0.9473573565483093, 0.9474338293075562, 0.9473576545715332, 0.9484456777572632, 0.9474821090698242, 0.9477580189704895, 0.9474235773086548, 0.9485687017440796, 0.9535914659500122, 0.9473978877067566, 0.9474371075630188, 0.9474709033966064, 0.94754558801651, 0.9474308490753174, 0.947295606136322, 0.9470561742782593]
Train step Accs: [1.0, 1.0, 1.0, 1.0, 1.0, 1.0, 1.0, 1.0, 1.0, 1.0, 1.0, 1.0, 1.0, 1.0, 1.0, 1.0, 1.0, 1.0, 1.0, 1.0, 1.0, 1.0, 1.0, 1.0, 1.0, 1.0, 1.0, 1.0, 1.0, 1.0, 1.0, 1.0, 1.0, 1.0, 1.0, 1.0, 1.0, 1.0, 1.0, 1.0, 1.0, 1.0, 1.0, 1.0, 1.0, 1.0, 1.0, 1.0, 1.0, 1.0, 1.0, 1.0, 1.0, 1.0, 1.0, 1.0, 1.0, 1.0, 1.0, 1.0, 1.0, 1.0, 1.0, 1.0, 1.0, 1.0, 1.0, 1.0, 1.0, 1.0, 1.0, 1.0, 1.0, 1.0, 1.0, 1.0, 1.0, 1.0, 1.0, 1.0, 1.0, 1.0, 1.0, 1.0, 1.0, 1.0, 1.0, 1.0, 1.0, 1.0, 1.0, 1.0, 1.0, 1.0, 1.0, 1.0, 1.0, 1.0, 1.0, 1.0, 1.0, 1.0, 1.0, 1.0, 1.0]
val step Accs: [1.0, 1.0, 1.0, 1.0, 0.9997001499250375, 1.0, 0.9992916592881176, 1.0, 0.9998160073597057, 1.0, 0.9998458455372283, 1.0, 1.0, 1.0, 0.9998409416255766, 1.0, 1.0, 1.0, 0.9998001998001999, 0.9988751406074241, 1.0, 1.0, 1.0, 1.0, 1.0, 1.0, 1.0]
Preds: [17, 17, 217, 217, 473, 473, 65, 443, 443, 443, 171, 171, 252, 24, 239, 239, 239, 107, 395, 180, 84, 84, 355, 355, 98, 98, 98, 263, 229, 229, 82, 247, 312, 126, 126, 326, 326, 326, 101, 101, 149, 228, 320, 82, 7, 473, 473, 65, 476, 171, 252, 143, 143, 36, 449, 449, 395, 324, 324, 252, 325, 325, 34, 324, 324, 324, 301, 301, 251, 251, 251, 331, 431, 84, 496, 274, 274, 43, 8, 8, 239, 354, 208, 441, 441, 98, 98, 98, 48, 48, 417, 170, 82, 244, 392, 392, 392, 244, 312, 312, 187, 23, 23, 260, 260, 260, 391, 391, 391, 435, 435, 435, 435, 73, 73, 73, 244, 287, 287, 287, 284, 284, 293, 43, 43, 276, 276, 276, 346, 387, 387, 387, 406, 406, 406, 467, 337, 337, 278, 258, 31, 342, 342, 342, 224, 224, 224, 494, 494, 494, 203, 399, 217, 10, 473, 473, 398, 398, 286, 286, 286, 468, 406, 406, 380, 380, 499, 284, 426, 375, 98, 98, 98, 98, 13, 13, 414, 170, 47, 392, 392, 102, 102, 244, 320, 7, 7, 7, 217, 217, 473, 473, 264, 264, 264, 264, 264, 468, 468, 406, 406, 337, 337, 337, 324, 301, 359, 251, 359, 81, 444, 324, 324, 324, 301, 301, 251, 251, 241, 241, 431, 106, 84, 293, 497, 416, 8, 239, 144, 27, 106, 387, 206, 240, 385, 36, 36, 342, 224, 224, 273, 355, 355, 355, 374, 374, 374, 374, 374, 374, 374, 374, 374, 374, 374, 374, 374, 374, 374, 374, 374, 374, 374, 374, 374, 374, 374, 374, 374, 374, 374, 374, 374, 374, 374, 374, 374, 374, 374, 374, 374, 374, 374, 374, 374, 374, 374, 374, 374, 374, 374, 374, 374, 374, 374, 374, 374, 374, 374, 374, 374, 374, 374, 374, 374, 374, 374, 374, 374, 374, 374, 374, 374, 374, 374, 374, 374, 374, 374, 374, 374, 374, 374, 374, 374, 374, 374, 374, 374, 374, 374, 374, 374, 374, 374, 374, 374, 374, 374, 374, 374, 374, 374, 374, 374, 374, 374, 374, 374, 374, 374, 374, 374, 374, 374, 374, 374, 374, 374, 374, 374, 374, 374, 374, 374, 374, 374, 374, 374, 374, 374, 374, 374, 374, 374, 374, 374, 374, 374, 374, 374, 374, 374, 374, 374, 374, 374, 374, 374, 374, 374, 374, 374, 374, 374, 374, 374, 374, 374, 374, 374, 374, 374, 374, 374, 374, 374, 374, 374, 374, 374, 374, 374, 374, 374, 374, 374, 374, 374, 374, 374, 374, 374, 374, 374, 374, 374, 374, 374, 374, 374, 374, 374, 374, 374, 374, 374, 374, 374, 374, 374, 374, 374, 374, 374, 374, 374, 374, 374, 374, 374, 374, 374, 374, 374, 374, 374, 374, 374, 374, 374, 374, 374, 374, 374, 374, 374, 374, 374, 374, 374, 374, 374, 374, 374, 374, 374, 374, 374, 374, 374, 374, 374, 374, 374, 374, 374, 374, 374, 374, 374, 374, 374, 374, 374, 374, 374, 374, 374, 374, 374, 374, 374, 374, 374, 374, 374, 374, 374, 374, 374, 374, 374, 374, 374, 374, 374, 374, 374, 374, 374, 374, 374, 374, 374, 374, 374, 374, 374, 374, 374, 374, 374, 374, 374, 374, 374, 374, 374, 374, 374, 374, 374, 374, 374, 374, 374, 374, 374, 374, 374, 374, 374, 374, 374, 374, 374, 374, 374, 374, 374, 374, 374, 374, 374, 374, 374, 374, 374, 374, 374, 374, 374, 374, 374, 374, 374, 374, 374, 374, 374, 374, 374, 374, 374, 374, 374, 374, 374, 374, 374, 374, 374, 374, 374, 374, 374, 374, 374, 374]

ep139
Train step Loss: [0.9464375376701355, 0.9463787078857422, 0.9463590979576111, 0.9464083313941956, 0.9463369846343994, 0.9462162256240845, 0.9463630318641663, 0.9463951587677002, 0.9462934136390686, 0.9464088082313538, 0.9463260173797607, 0.9463530778884888, 0.946333110332489, 0.9463560581207275, 0.9464260339736938, 0.9461995363235474, 0.9465106129646301, 0.9463750720024109, 0.9463686347007751, 0.9463396072387695, 0.9464154243469238, 0.9462919235229492, 0.9463911652565002, 0.9463430643081665, 0.946365237236023, 0.9463651180267334, 0.946342945098877, 0.9463947415351868, 0.9463654160499573, 0.9464025497436523, 0.9463598132133484, 0.9462230801582336, 0.9463455677032471, 0.946426272392273, 0.9463850259780884, 0.946414589881897, 0.9463081359863281, 0.9465437531471252, 0.9463969469070435, 0.9463785290718079, 0.9464148283004761, 0.9463666677474976, 0.9462997913360596, 0.9462138414382935, 0.9463815689086914, 0.9463154077529907, 0.946306049823761, 0.9463931322097778, 0.9462827444076538, 0.9462440013885498, 0.9463350176811218, 0.9467527866363525, 0.9463980197906494, 0.9463730454444885, 0.9464394450187683, 0.946313202381134, 0.946463406085968, 0.9463578462600708, 0.9463426470756531, 0.9463344812393188, 0.9464427828788757, 0.9463006258010864, 0.9464861154556274, 0.9464960098266602, 0.9463543891906738, 0.9463498592376709, 0.946330189704895, 0.9466044306755066, 0.9464364051818848, 0.9464474320411682, 0.946302056312561, 0.9463355541229248, 0.9462941288948059, 0.9463558197021484, 0.946357011795044, 0.9465753436088562, 0.9463130235671997, 0.9463673830032349, 0.9464260935783386, 0.9462921619415283, 0.9462345242500305, 0.9463433027267456, 0.946302592754364, 0.9464290142059326, 0.9464321732521057, 0.9463931322097778, 0.9465336203575134, 0.9464040398597717, 0.9463430047035217, 0.9464069604873657, 0.946408748626709, 0.9463573098182678, 0.9464430809020996, 0.9464274644851685, 0.9463351964950562, 0.9464473724365234, 0.9464963674545288, 0.9463201761245728, 0.9463246464729309, 0.9462323784828186, 0.9463299512863159, 0.9462913274765015, 0.9464830756187439, 0.9463224411010742, 0.9464226961135864]
val step Loss: [0.9477044343948364, 0.9475287795066833, 0.9472643136978149, 0.9473646283149719, 0.9473721385002136, 0.947590172290802, 0.9474943280220032, 0.9495638608932495, 0.9473135471343994, 0.9474287033081055, 0.9474589824676514, 0.9475761651992798, 0.9473151564598083, 0.9475408792495728, 0.9474775195121765, 0.9485800266265869, 0.9490333199501038, 0.9474779367446899, 0.9474393129348755, 0.9474307894706726, 0.947542667388916, 0.9473875761032104, 0.9574633836746216, 0.9483759999275208, 0.9473441243171692, 0.9474433660507202, 0.9470823407173157]
Train step Accs: [1.0, 1.0, 1.0, 1.0, 1.0, 1.0, 1.0, 1.0, 1.0, 1.0, 1.0, 1.0, 1.0, 1.0, 1.0, 1.0, 1.0, 1.0, 1.0, 1.0, 1.0, 1.0, 1.0, 1.0, 1.0, 1.0, 1.0, 1.0, 1.0, 1.0, 1.0, 1.0, 1.0, 1.0, 1.0, 1.0, 1.0, 1.0, 1.0, 1.0, 1.0, 1.0, 1.0, 1.0, 1.0, 1.0, 1.0, 1.0, 1.0, 1.0, 1.0, 1.0, 1.0, 1.0, 1.0, 1.0, 1.0, 1.0, 1.0, 1.0, 1.0, 1.0, 1.0, 1.0, 1.0, 1.0, 1.0, 1.0, 1.0, 1.0, 1.0, 1.0, 1.0, 1.0, 1.0, 1.0, 1.0, 1.0, 1.0, 1.0, 1.0, 1.0, 1.0, 1.0, 1.0, 1.0, 1.0, 1.0, 1.0, 1.0, 1.0, 1.0, 1.0, 1.0, 1.0, 1.0, 1.0, 1.0, 1.0, 1.0, 1.0, 1.0, 1.0, 1.0, 1.0]
val step Accs: [1.0, 1.0, 1.0, 1.0, 1.0, 1.0, 1.0, 0.9996294237539374, 1.0, 1.0, 1.0, 1.0, 1.0, 1.0, 1.0, 0.9998338042213728, 0.9996866186148543, 1.0, 1.0, 1.0, 1.0, 1.0, 0.9981283922889762, 0.9998435054773083, 1.0, 1.0, 1.0]
Preds: [17, 17, 17, 287, 284, 284, 284, 293, 43, 43, 364, 364, 276, 276, 346, 284, 284, 284, 284, 284, 206, 206, 169, 215, 35, 244, 205, 205, 205, 261, 25, 437, 284, 265, 265, 85, 388, 348, 64, 64, 212, 398, 324, 324, 324, 324, 324, 246, 246, 246, 252, 32, 239, 239, 82, 384, 371, 371, 213, 213, 213, 422, 236, 239, 259, 310, 107, 107, 395, 395, 286, 464, 464, 464, 315, 315, 315, 315, 450, 450, 450, 43, 43, 364, 276, 276, 138, 138, 182, 182, 182, 375, 98, 98, 197, 401, 80, 244, 244, 208, 441, 441, 153, 153, 153, 153, 497, 497, 387, 81, 81, 337, 41, 324, 324, 3, 143, 401, 244, 244, 192, 188, 188, 278, 278, 240, 143, 129, 239, 384, 34, 191, 191, 324, 178, 143, 458, 401, 244, 320, 354, 109, 41, 41, 171, 171, 19, 454, 229, 229, 170, 392, 392, 392, 392, 244, 244, 73, 244, 73, 244, 320, 287, 287, 287, 284, 481, 293, 43, 276, 276, 346, 284, 405, 405, 206, 169, 215, 35, 401, 244, 320, 354, 106, 106, 428, 428, 240, 388, 94, 64, 473, 398, 324, 324, 324, 213, 324, 422, 239, 239, 239, 384, 371, 371, 213, 213, 422, 143, 239, 239, 310, 310, 107, 395, 395, 278, 278, 385, 143, 233, 401, 401, 320, 29, 374, 374, 132, 185, 186, 186, 323, 323, 68, 68, 68, 160, 160, 112, 17, 17, 420, 374, 374, 374, 374, 374, 374, 374, 374, 374, 374, 374, 374, 374, 374, 374, 374, 374, 374, 374, 374, 374, 374, 374, 374, 374, 374, 374, 374, 374, 374, 374, 374, 374, 374, 374, 374, 374, 374, 374, 374, 374, 374, 374, 374, 374, 374, 374, 374, 374, 374, 374, 374, 374, 374, 374, 374, 374, 374, 374, 374, 374, 374, 374, 374, 374, 374, 374, 374, 374, 374, 374, 374, 374, 374, 374, 374, 374, 374, 374, 374, 374, 374, 374, 374, 374, 374, 374, 374, 374, 374, 374, 374, 374, 374, 374, 374, 374, 374, 374, 374, 374, 374, 374, 374, 374, 374, 374, 374, 374, 374, 374, 374, 374, 374, 374, 374, 374, 374, 374, 374, 374, 374, 374, 374, 374, 374, 374, 374, 374, 374, 374, 374, 374, 374, 374, 374, 374, 374, 374, 374, 374, 374, 374, 374, 374, 374, 374, 374, 374, 374, 374, 374, 374, 374, 374, 374, 374, 374, 374, 374, 374, 374, 374, 374, 374, 374, 374, 374, 374, 374, 374, 374, 374, 374, 374, 374, 374, 374, 374, 374, 374, 374, 374, 374, 374, 374, 374, 374, 374, 374, 374, 374, 374, 374, 374, 374, 374, 374, 374, 374, 374, 374, 374, 374, 374, 374, 374, 374, 374, 374, 374, 374, 374, 374, 374, 374, 374, 374, 374, 374, 374, 374, 374, 374, 374, 374, 374, 374, 374, 374, 374, 374, 374, 374, 374, 374, 374, 374, 374, 374, 374, 374, 374, 374, 374, 374, 374, 374, 374, 374, 374, 374, 374, 374, 374, 374, 374, 374, 374, 374, 374, 374, 374, 374, 374, 374, 374, 374, 374, 374, 374, 374, 374, 374, 374, 374, 374, 374, 374, 374, 374, 374, 374, 374, 374, 374, 374, 374, 374, 374, 374, 374, 374, 374, 374, 374, 374, 374, 374, 374, 374, 374, 374, 374, 374, 374, 374, 374, 374, 374, 374, 374, 374, 374, 374, 374, 374, 374, 374, 374, 374, 374, 374, 374, 374, 374, 374, 374, 374, 374, 374, 374, 374, 374, 374, 374, 374, 374, 374, 374, 374, 374, 374, 374, 374, 374, 374, 374, 374, 374, 374, 374, 374, 374, 374, 374, 374, 374]

ep140
Train step Loss: [0.9463797211647034, 0.946469783782959, 0.9464994668960571, 0.9463411569595337, 0.946408212184906, 0.9464408755302429, 0.9464020133018494, 0.9463908672332764, 0.9464872479438782, 0.9464300274848938, 0.9464038014411926, 0.9463337659835815, 0.9462901949882507, 0.9463241100311279, 0.9464014172554016, 0.9465010762214661, 0.9462577104568481, 0.9464030861854553, 0.9463533163070679, 0.9463940858840942, 0.9463883638381958, 0.9464411735534668, 0.9464355707168579, 0.9464199542999268, 0.9463837146759033, 0.9466989040374756, 0.9463123083114624, 0.9463405609130859, 0.9464348554611206, 0.9463636875152588, 0.9464325904846191, 0.9464819431304932, 0.9463083744049072, 0.9463992714881897, 0.9462344646453857, 0.9463177919387817, 0.9463602900505066, 0.9462862610816956, 0.9464459419250488, 0.9463794231414795, 0.9464045763015747, 0.9464237093925476, 0.9464631080627441, 0.9464301466941833, 0.9463842511177063, 0.9463299512863159, 0.9463151097297668, 0.9464418292045593, 0.9463376998901367, 0.9463580846786499, 0.9462001919746399, 0.9464982748031616, 0.9462530016899109, 0.946388840675354, 0.9462435245513916, 0.9462727308273315, 0.9464769959449768, 0.9463047385215759, 0.9464194178581238, 0.9463397860527039, 0.9462379813194275, 0.946456789970398, 0.9463202357292175, 0.9464044570922852, 0.946298360824585, 0.9463193416595459, 0.9463520050048828, 0.9464095830917358, 0.9463479518890381, 0.9464380741119385, 0.9463602304458618, 0.9463285803794861, 0.9468023180961609, 0.9463003277778625, 0.9463310837745667, 0.9463008642196655, 0.9463810324668884, 0.9466804265975952, 0.9463326930999756, 0.9463883638381958, 0.9463513493537903, 0.9463275671005249, 0.9464874863624573, 0.9464393854141235, 0.9463467597961426, 0.9463943243026733, 0.9463577270507812, 0.9462907314300537, 0.9464282989501953, 0.9463724493980408, 0.9463075995445251, 0.9465491771697998, 0.9462798833847046, 0.9463369250297546, 0.9462353587150574, 0.9463196992874146, 0.9463712573051453, 0.9464104771614075, 0.9462728500366211, 0.9462838768959045, 0.9463988542556763, 0.9464001655578613, 0.946331262588501, 0.9464100003242493, 0.9463162422180176]
val step Loss: [0.9472828507423401, 0.9474188089370728, 0.9472840428352356, 0.9473087787628174, 0.9508609771728516, 0.9472070336341858, 0.9522445201873779, 0.9472613334655762, 0.947256863117218, 0.9472994208335876, 0.9487026333808899, 0.9473028182983398, 0.9481906890869141, 0.9486314058303833, 0.9475273489952087, 0.9475395083427429, 0.9472813010215759, 0.9471596479415894, 0.947613000869751, 0.9471709132194519, 0.9489478468894958, 0.947216272354126, 0.9488868713378906, 0.9472084045410156, 0.9470754861831665, 0.9471326470375061, 0.9472472667694092]
Train step Accs: [1.0, 1.0, 1.0, 1.0, 1.0, 1.0, 1.0, 1.0, 1.0, 1.0, 1.0, 1.0, 1.0, 1.0, 1.0, 1.0, 1.0, 1.0, 1.0, 1.0, 1.0, 1.0, 1.0, 1.0, 1.0, 1.0, 1.0, 1.0, 1.0, 1.0, 1.0, 1.0, 1.0, 1.0, 1.0, 1.0, 1.0, 1.0, 1.0, 1.0, 1.0, 1.0, 1.0, 1.0, 1.0, 1.0, 1.0, 1.0, 1.0, 1.0, 1.0, 1.0, 1.0, 1.0, 1.0, 1.0, 1.0, 1.0, 1.0, 1.0, 1.0, 1.0, 1.0, 1.0, 1.0, 1.0, 1.0, 1.0, 1.0, 1.0, 1.0, 1.0, 1.0, 1.0, 1.0, 1.0, 1.0, 1.0, 1.0, 1.0, 1.0, 1.0, 1.0, 1.0, 1.0, 1.0, 1.0, 1.0, 1.0, 1.0, 1.0, 1.0, 1.0, 1.0, 1.0, 1.0, 1.0, 1.0, 1.0, 1.0, 1.0, 1.0, 1.0, 1.0, 1.0]
val step Accs: [1.0, 1.0, 1.0, 1.0, 0.9993287464339654, 1.0, 0.9990786240786241, 1.0, 1.0, 1.0, 0.9998126288176878, 1.0, 0.9998259961719158, 0.9998147462022972, 1.0, 1.0, 1.0, 1.0, 1.0, 1.0, 0.9996751137102015, 1.0, 0.9997977346278317, 1.0, 1.0, 1.0, 1.0]
Preds: [17, 17, 359, 371, 371, 278, 278, 330, 251, 251, 251, 479, 331, 331, 84, 16, 16, 274, 274, 438, 219, 219, 219, 219, 219, 219, 246, 246, 246, 246, 246, 19, 19, 454, 229, 414, 414, 392, 392, 392, 73, 73, 73, 73, 209, 287, 287, 145, 460, 460, 460, 178, 35, 75, 36, 108, 224, 494, 494, 191, 236, 239, 384, 371, 371, 420, 324, 236, 314, 239, 239, 384, 371, 180, 180, 315, 315, 315, 315, 450, 450, 450, 43, 43, 364, 276, 276, 276, 346, 346, 284, 284, 206, 206, 206, 240, 251, 251, 251, 241, 431, 486, 113, 206, 167, 215, 349, 321, 155, 155, 155, 441, 148, 387, 88, 337, 337, 324, 324, 324, 301, 203, 399, 217, 70, 70, 138, 138, 138, 138, 375, 98, 98, 13, 13, 170, 392, 392, 392, 392, 392, 392, 73, 73, 244, 287, 287, 111, 460, 460, 385, 35, 36, 164, 164, 224, 351, 420, 464, 180, 315, 113, 450, 293, 43, 88, 345, 109, 403, 171, 171, 171, 252, 252, 24, 239, 384, 34, 191, 340, 116, 116, 94, 479, 331, 84, 496, 496, 236, 32, 239, 321, 75, 445, 445, 213, 324, 422, 314, 239, 384, 371, 278, 258, 31, 31, 68, 68, 68, 224, 224, 444, 444, 324, 314, 325, 325, 34, 166, 324, 301, 236, 285, 285, 106, 106, 106, 499, 428, 428, 85, 146, 146, 37, 233, 36, 270, 66, 68, 68, 68, 97, 221, 219, 219, 219, 219, 464, 464, 120, 207, 207, 207, 37, 233, 170, 170, 392, 392, 392, 392, 244, 392, 63, 63, 63, 73, 73, 244, 289, 320, 7, 219, 219, 219, 152, 152, 139, 139, 139, 293, 293, 274, 122, 219, 239, 239, 310, 107, 395, 395, 459, 120, 154, 143, 129, 259, 75, 445, 445, 445, 445, 464, 180, 315, 315, 315, 450, 450, 293, 43, 43, 345, 109, 337, 41, 324, 301, 422, 143, 259, 321, 377, 397, 123, 43, 43, 43, 276, 345, 387, 387, 387, 146, 219, 219, 219, 324, 324, 422, 99, 338, 338, 338, 338, 338, 395, 400, 286, 286, 286, 171, 171, 3, 3, 219, 219, 464, 464, 464, 180, 355, 355, 240, 271, 35, 77, 342, 323, 224, 273, 302, 302, 375, 215, 233, 233, 401, 244, 321, 7, 48, 48, 170, 392, 73, 392, 244, 320, 354, 333, 374, 19, 19, 17, 17, 420, 374, 374, 374, 374, 374, 374, 374, 374, 374, 374, 374, 374, 374, 374, 374, 374, 374, 374, 374, 374, 374, 374, 374, 374, 374, 374, 374, 374, 374, 374, 374, 374, 374, 374, 374, 374, 374, 374, 374, 374, 374, 374, 374, 374, 374, 374, 374, 374, 374, 374, 374, 374, 374, 374, 374, 374, 374, 374, 374, 374, 374, 374, 374, 374, 374, 374, 374, 374, 374, 374, 374, 374, 374, 374, 374, 374, 374, 374, 374, 374, 374, 374, 374, 374, 374, 374, 374, 374, 374, 374, 374, 374, 374, 374, 374, 374, 374, 374, 374, 374, 374, 374, 374, 374, 374, 374, 374, 374, 374, 374, 374, 374, 374, 374, 374, 374, 374, 374, 374, 374, 374, 374, 374, 374, 374, 374, 374, 374, 374, 374, 374, 374, 374, 374, 374, 374, 374, 374, 374, 374, 374, 374, 374, 374, 374, 374, 374, 374, 374, 374, 374, 374, 374, 374, 374, 374, 374, 374, 374, 374, 374, 374, 374, 374, 374, 374, 374, 374, 374, 374, 374, 374, 374, 374, 374, 374, 374, 374, 374, 374, 374, 374, 374, 374, 374, 374, 374, 374, 374, 374, 374, 374, 374, 374, 374, 374, 374, 374, 374, 374, 374, 374, 374]

ep141
Train step Loss: [0.946302592754364, 0.9463889598846436, 0.9462909698486328, 0.9463193416595459, 0.9463878870010376, 0.9463991522789001, 0.9463402628898621, 0.9464481472969055, 0.9463227987289429, 0.946348249912262, 0.946196436882019, 0.9463524222373962, 0.9463382959365845, 0.9462707042694092, 0.946311354637146, 0.9463479518890381, 0.9464092254638672, 0.9463225603103638, 0.9463832378387451, 0.9463698863983154, 0.9464357495307922, 0.9462774991989136, 0.9463868141174316, 0.9463005065917969, 0.946338951587677, 0.9464664459228516, 0.9463274478912354, 0.9464792609214783, 0.9464104175567627, 0.9464796781539917, 0.9463812708854675, 0.9463061094284058, 0.946459174156189, 0.9463103413581848, 0.9463990926742554, 0.9462452530860901, 0.9465318918228149, 0.9463319182395935, 0.9463897347450256, 0.9463517069816589, 0.9463542699813843, 0.9463785886764526, 0.9462466239929199, 0.9462732672691345, 0.9463409185409546, 0.9463174939155579, 0.9463581442832947, 0.9463646411895752, 0.9463483095169067, 0.946391224861145, 0.9466548562049866, 0.9464578628540039, 0.9464676976203918, 0.9463797211647034, 0.9462152123451233, 0.9463781714439392, 0.9463291764259338, 0.9463191628456116, 0.9463161826133728, 0.9463517665863037, 0.946297824382782, 0.9463604092597961, 0.9463089108467102, 0.9463743567466736, 0.9463645815849304, 0.9464024305343628, 0.9463635683059692, 0.9463262557983398, 0.9463988542556763, 0.946251392364502, 0.9463052153587341, 0.946272075176239, 0.9463818073272705, 0.9463880062103271, 0.946313202381134, 0.9463858604431152, 0.9464048743247986, 0.9463659524917603, 0.9463430047035217, 0.9463495016098022, 0.9464108943939209, 0.9466496109962463, 0.9462679028511047, 0.9464234113693237, 0.9463281035423279, 0.946722149848938, 0.9464637041091919, 0.946264386177063, 0.9464828968048096, 0.9463120102882385, 0.9463693499565125, 0.9462093114852905, 0.9463070631027222, 0.9462750554084778, 0.9463319778442383, 0.9463184475898743, 0.946366012096405, 0.9467236399650574, 0.94638991355896, 0.9465478658676147, 0.9462903738021851, 0.9464784264564514, 0.9463463425636292, 0.946305513381958, 0.9462828040122986]
val step Loss: [0.9471123218536377, 0.9473154544830322, 0.9480329751968384, 0.9474831223487854, 0.9472415447235107, 0.9528101682662964, 0.9474114179611206, 0.949753999710083, 0.9473371505737305, 0.947248101234436, 0.9473440647125244, 0.9472663402557373, 0.94837486743927, 0.9472837448120117, 0.9471815824508667, 0.9495487213134766, 0.9472787976264954, 0.9474506378173828, 0.9472774267196655, 0.9473455548286438, 0.9473482370376587, 0.9510942101478577, 0.9471092224121094, 0.9472877383232117, 0.9473044872283936, 0.9471464157104492, 0.9472137093544006]
Train step Accs: [1.0, 1.0, 1.0, 1.0, 1.0, 1.0, 1.0, 1.0, 1.0, 1.0, 1.0, 1.0, 1.0, 1.0, 1.0, 1.0, 1.0, 1.0, 1.0, 1.0, 1.0, 1.0, 1.0, 1.0, 1.0, 1.0, 1.0, 1.0, 1.0, 1.0, 1.0, 1.0, 1.0, 1.0, 1.0, 1.0, 1.0, 1.0, 1.0, 1.0, 1.0, 1.0, 1.0, 1.0, 1.0, 1.0, 1.0, 1.0, 1.0, 1.0, 1.0, 1.0, 1.0, 1.0, 1.0, 1.0, 1.0, 1.0, 1.0, 1.0, 1.0, 1.0, 1.0, 1.0, 1.0, 1.0, 1.0, 1.0, 1.0, 1.0, 1.0, 1.0, 1.0, 1.0, 1.0, 1.0, 1.0, 1.0, 1.0, 1.0, 1.0, 1.0, 1.0, 1.0, 1.0, 1.0, 1.0, 1.0, 1.0, 1.0, 1.0, 1.0, 1.0, 1.0, 1.0, 1.0, 1.0, 1.0, 1.0, 1.0, 1.0, 1.0, 1.0, 1.0, 1.0]
val step Accs: [1.0, 1.0, 0.9998473282442748, 1.0, 1.0, 0.9989557953358859, 1.0, 0.9996017522899243, 1.0, 1.0, 1.0, 1.0, 0.9998150887573964, 1.0, 1.0, 0.9996266567108456, 1.0, 1.0, 1.0, 1.0, 1.0, 0.9992895204262877, 1.0, 1.0, 1.0, 1.0, 1.0]
Preds: [17, 17, 30, 30, 213, 213, 324, 464, 464, 464, 464, 443, 443, 443, 282, 240, 388, 216, 465, 29, 29, 302, 496, 319, 242, 240, 337, 219, 219, 324, 324, 324, 324, 252, 301, 301, 183, 183, 183, 278, 278, 278, 258, 258, 271, 31, 162, 54, 54, 482, 482, 224, 224, 273, 273, 470, 180, 443, 443, 355, 450, 169, 173, 130, 402, 402, 183, 242, 360, 360, 324, 219, 219, 464, 464, 464, 106, 153, 88, 88, 346, 346, 346, 284, 284, 405, 206, 206, 206, 293, 293, 43, 276, 276, 276, 182, 182, 182, 182, 182, 182, 387, 387, 330, 330, 330, 379, 379, 77, 478, 323, 54, 172, 224, 224, 273, 273, 397, 153, 153, 100, 497, 497, 497, 122, 122, 205, 205, 261, 25, 351, 213, 213, 213, 252, 143, 99, 99, 436, 436, 60, 60, 298, 298, 116, 303, 303, 48, 229, 229, 321, 247, 312, 292, 292, 23, 408, 408, 408, 321, 321, 320, 188, 152, 152, 374, 374, 301, 301, 378, 378, 259, 354, 106, 106, 284, 284, 284, 284, 284, 376, 206, 206, 206, 169, 169, 150, 150, 323, 323, 323, 224, 273, 106, 106, 151, 443, 240, 240, 388, 175, 175, 241, 431, 431, 443, 443, 460, 240, 385, 35, 440, 440, 440, 207, 207, 207, 207, 19, 19, 219, 219, 219, 219, 219, 144, 144, 27, 27, 156, 499, 499, 468, 59, 59, 452, 452, 193, 17, 420, 374, 374, 374, 374, 374, 374, 374, 374, 374, 374, 374, 374, 374, 374, 374, 374, 374, 374, 374, 374, 374, 374, 374, 374, 374, 374, 374, 374, 374, 374, 374, 374, 374, 374, 374, 374, 374, 374, 374, 374, 374, 374, 374, 374, 374, 374, 374, 374, 374, 374, 374, 374, 374, 374, 374, 374, 374, 374, 374, 374, 374, 374, 374, 374, 374, 374, 374, 374, 374, 374, 374, 374, 374, 374, 374, 374, 374, 374, 374, 374, 374, 374, 374, 374, 374, 374, 374, 374, 374, 374, 374, 374, 374, 374, 374, 374, 374, 374, 374, 374, 374, 374, 374, 374, 374, 374, 374, 374, 374, 374, 374, 374, 374, 374, 374, 374, 374, 374, 374, 374, 374, 374, 374, 374, 374, 374, 374, 374, 374, 374, 374, 374, 374, 374, 374, 374, 374, 374, 374, 374, 374, 374, 374, 374, 374, 374, 374, 374, 374, 374, 374, 374, 374, 374, 374, 374, 374, 374, 374, 374, 374, 374, 374, 374, 374, 374, 374, 374, 374, 374, 374, 374, 374, 374, 374, 374, 374, 374, 374, 374, 374, 374, 374, 374, 374, 374, 374, 374, 374, 374, 374, 374, 374, 374, 374, 374, 374, 374, 374, 374, 374, 374, 374, 374, 374, 374, 374, 374, 374, 374, 374, 374, 374, 374, 374, 374, 374, 374, 374, 374, 374, 374, 374, 374, 374, 374, 374, 374, 374, 374, 374, 374, 374, 374, 374, 374, 374, 374, 374, 374, 374, 374, 374, 374, 374, 374, 374, 374, 374, 374, 374, 374, 374, 374, 374, 374, 374, 374, 374, 374, 374, 374, 374, 374, 374, 374, 374, 374, 374, 374, 374, 374, 374, 374, 374, 374, 374, 374, 374, 374, 374, 374, 374, 374, 374, 374, 374, 374, 374, 374, 374, 374, 374, 374, 374, 374, 374, 374, 374, 374, 374, 374, 374, 374, 374, 374, 374, 374, 374, 374, 374, 374, 374, 374, 374, 374, 374, 374, 374, 374, 374, 374, 374, 374, 374, 374, 374, 374, 374, 374, 374, 374, 374, 374, 374, 374, 374, 374, 374, 374, 374, 374, 374, 374, 374, 374, 374, 374, 374, 374, 374, 374, 374, 374, 374, 374, 374, 374, 374, 374]

ep142
Train step Loss: [0.9464524984359741, 0.9466349482536316, 0.9463194608688354, 0.9463307857513428, 0.9464486837387085, 0.946338415145874, 0.9462958574295044, 0.9463553428649902, 0.9464902281761169, 0.9462693929672241, 0.9463894963264465, 0.9466037154197693, 0.9465377330780029, 0.9464662075042725, 0.9464136958122253, 0.9464290142059326, 0.9463638067245483, 0.9462981820106506, 0.9463881254196167, 0.9463812112808228, 0.9463174939155579, 0.9463671445846558, 0.9463882446289062, 0.9463803768157959, 0.9463372826576233, 0.9463656544685364, 0.9463814496994019, 0.9463021755218506, 0.9463292360305786, 0.9463900327682495, 0.9463755488395691, 0.9464021921157837, 0.9464083909988403, 0.946260929107666, 0.9463355541229248, 0.9463106393814087, 0.9462751150131226, 0.9462929964065552, 0.9462715983390808, 0.9463242292404175, 0.9462351202964783, 0.9463368058204651, 0.9462829828262329, 0.9464216828346252, 0.9463908672332764, 0.9463815689086914, 0.9464661478996277, 0.9464657306671143, 0.9463276863098145, 0.9463427066802979, 0.9463809728622437, 0.9463145732879639, 0.9463218450546265, 0.9463948011398315, 0.9462422728538513, 0.9463747143745422, 0.9463261961936951, 0.9462225437164307, 0.9462774395942688, 0.946401834487915, 0.946304976940155, 0.9463919997215271, 0.9462830424308777, 0.9463710188865662, 0.946448802947998, 0.9462389945983887, 0.9463163018226624, 0.9462506175041199, 0.9463618993759155, 0.9463802576065063, 0.9463282823562622, 0.9463110566139221, 0.9462516903877258, 0.9462838172912598, 0.9464417695999146, 0.946405827999115, 0.9462550282478333, 0.9463388919830322, 0.9462773203849792, 0.9463245868682861, 0.9463838934898376, 0.9464848041534424, 0.946220338344574, 0.9464747905731201, 0.9463508129119873, 0.946467936038971, 0.9462840557098389, 0.9462586641311646, 0.9463226199150085, 0.9463045597076416, 0.9464178085327148, 0.9466035962104797, 0.9464182257652283, 0.9462399482727051, 0.9463534951210022, 0.9462777376174927, 0.9466893672943115, 0.946186363697052, 0.9463315010070801, 0.9462650418281555, 0.9463446140289307, 0.946185827255249, 0.9464271664619446, 0.9463939666748047, 0.9463481307029724]
val step Loss: [0.947287917137146, 0.9474035501480103, 0.9471938014030457, 0.9482634663581848, 0.9473726749420166, 0.9507867097854614, 0.9474661946296692, 0.9475561380386353, 0.947550892829895, 0.9471864104270935, 0.9486387968063354, 0.9474236965179443, 0.9488458633422852, 0.9474551677703857, 0.9484702944755554, 0.9483078718185425, 0.9472234845161438, 0.9525645971298218, 0.9473892450332642, 0.9472799897193909, 0.9471234083175659, 0.9472540616989136, 0.9472488164901733, 0.9474937319755554, 0.9471232295036316, 0.947149932384491, 0.947689950466156]
Train step Accs: [1.0, 1.0, 1.0, 1.0, 1.0, 1.0, 1.0, 1.0, 1.0, 1.0, 1.0, 1.0, 1.0, 1.0, 1.0, 1.0, 1.0, 1.0, 1.0, 1.0, 1.0, 1.0, 1.0, 1.0, 1.0, 1.0, 1.0, 1.0, 1.0, 1.0, 1.0, 1.0, 1.0, 1.0, 1.0, 1.0, 1.0, 1.0, 1.0, 1.0, 1.0, 1.0, 1.0, 1.0, 1.0, 1.0, 1.0, 1.0, 1.0, 1.0, 1.0, 1.0, 1.0, 1.0, 1.0, 1.0, 1.0, 1.0, 1.0, 1.0, 1.0, 1.0, 1.0, 1.0, 1.0, 1.0, 1.0, 1.0, 1.0, 1.0, 1.0, 1.0, 1.0, 1.0, 1.0, 1.0, 1.0, 1.0, 1.0, 1.0, 1.0, 1.0, 1.0, 1.0, 1.0, 1.0, 1.0, 1.0, 1.0, 1.0, 1.0, 1.0, 1.0, 1.0, 1.0, 1.0, 1.0, 1.0, 1.0, 1.0, 1.0, 1.0, 1.0, 1.0, 1.0]
val step Accs: [1.0, 1.0, 1.0, 0.9998216833095578, 1.0, 0.9993641710379908, 1.0, 1.0, 1.0, 1.0, 0.9997835966241073, 1.0, 0.9996942363552973, 1.0, 0.9998456075343524, 0.9998393058010606, 1.0, 0.9990480723465016, 1.0, 1.0, 1.0, 1.0, 1.0, 1.0, 1.0, 1.0, 1.0]
Preds: [17, 17, 17, 70, 70, 70, 70, 65, 65, 284, 284, 315, 315, 315, 460, 406, 406, 406, 406, 406, 467, 134, 375, 98, 98, 98, 98, 13, 13, 229, 82, 82, 312, 126, 292, 292, 326, 408, 408, 408, 408, 228, 228, 244, 320, 7, 188, 152, 152, 374, 374, 406, 406, 467, 288, 456, 134, 378, 43, 43, 43, 276, 346, 346, 346, 284, 376, 460, 206, 240, 385, 35, 77, 342, 342, 86, 183, 219, 152, 152, 378, 88, 274, 497, 43, 416, 8, 239, 208, 208, 441, 153, 387, 387, 274, 122, 236, 239, 239, 310, 107, 107, 107, 395, 395, 180, 315, 315, 319, 450, 450, 43, 43, 276, 276, 109, 109, 403, 146, 324, 301, 301, 251, 251, 251, 241, 431, 403, 171, 171, 171, 171, 301, 378, 43, 364, 364, 364, 276, 345, 345, 141, 186, 31, 342, 342, 342, 224, 273, 483, 106, 284, 284, 206, 206, 175, 251, 241, 431, 486, 486, 460, 240, 240, 314, 239, 239, 384, 114, 180, 486, 486, 486, 282, 388, 94, 94, 94, 199, 41, 19, 19, 19, 454, 454, 229, 170, 392, 392, 392, 392, 392, 187, 187, 12, 12, 23, 23, 23, 23, 101, 391, 391, 228, 73, 73, 321, 287, 287, 287, 284, 284, 450, 43, 88, 276, 174, 109, 109, 438, 146, 324, 324, 301, 301, 251, 251, 251, 241, 431, 403, 403, 171, 171, 171, 171, 301, 301, 378, 43, 43, 364, 276, 276, 345, 387, 141, 186, 162, 232, 54, 172, 172, 172, 115, 273, 106, 375, 375, 98, 98, 98, 98, 98, 13, 13, 414, 229, 82, 247, 312, 126, 23, 23, 23, 408, 391, 391, 391, 73, 73, 73, 73, 244, 209, 287, 287, 284, 284, 450, 293, 43, 43, 276, 276, 174, 109, 109, 438, 146, 324, 324, 422, 186, 99, 338, 338, 338, 338, 338, 338, 395, 395, 470, 264, 264, 264, 264, 120, 120, 240, 240, 175, 175, 431, 431, 486, 486, 460, 240, 240, 314, 239, 239, 384, 371, 180, 180, 486, 486, 282, 282, 388, 94, 94, 10, 303, 199, 41, 19, 19, 19, 454, 229, 170, 170, 392, 392, 244, 392, 392, 392, 63, 63, 392, 392, 73, 73, 244, 320, 7, 473, 473, 476, 171, 171, 252, 24, 239, 310, 107, 395, 324, 324, 26, 26, 359, 81, 166, 191, 324, 301, 251, 251, 251, 241, 431, 106, 496, 274, 416, 8, 239, 144, 208, 106, 387, 387, 206, 240, 35, 36, 36, 108, 224, 273, 355, 355, 355, 452, 420, 374, 374, 374, 374, 374, 374, 374, 374, 374, 374, 374, 374, 374, 374, 374, 374, 374, 374, 374, 374, 374, 374, 374, 374, 374, 374, 374, 374, 374, 374, 374, 374, 374, 374, 374, 374, 374, 374, 374, 374, 374, 374, 374, 374, 374, 374, 374, 374, 374, 374, 374, 374, 374, 374, 374, 374, 374, 374, 374, 374, 374, 374, 374, 374, 374, 374, 374, 374, 374, 374, 374, 374, 374, 374, 374, 374, 374, 374, 374, 374, 374, 374, 374, 374, 374, 374, 374, 374, 374, 374, 374, 374, 374, 374, 374, 374, 374, 374, 374, 374, 374, 374, 374, 374, 374, 374, 374, 374, 374, 374, 374, 374, 374, 374, 374, 374, 374, 374, 374, 374, 374, 374, 374, 374, 374, 374, 374, 374, 374, 374, 374, 374, 374, 374, 374, 374, 374, 374, 374, 374, 374, 374, 374, 374, 374, 374, 374, 374, 374, 374, 374, 374, 374, 374, 374, 374, 374, 374, 374, 374, 374, 374, 374, 374, 374, 374, 374, 374, 374, 374, 374, 374, 374, 374, 374, 374, 374, 374, 374]

ep143
Train step Loss: [0.9462994933128357, 0.9463098645210266, 0.9463056325912476, 0.9463610053062439, 0.9463215470314026, 0.9462921619415283, 0.9463220834732056, 0.9463632702827454, 0.9463475346565247, 0.9463585615158081, 0.946354866027832, 0.9463645219802856, 0.9462664723396301, 0.9463854432106018, 0.9464071393013, 0.9464089274406433, 0.9463901519775391, 0.9462735652923584, 0.946499228477478, 0.9463812708854675, 0.9463352560997009, 0.9463127255439758, 0.9463610649108887, 0.9462341070175171, 0.9462871551513672, 0.946273922920227, 0.9463927745819092, 0.9463740587234497, 0.9464504718780518, 0.9462600350379944, 0.946376383304596, 0.946388304233551, 0.9462538957595825, 0.9463183879852295, 0.9462506771087646, 0.9463658332824707, 0.9464576244354248, 0.9463430643081665, 0.9463125467300415, 0.9462335705757141, 0.9463929533958435, 0.9463015794754028, 0.946371853351593, 0.9463191032409668, 0.9463729858398438, 0.9463178515434265, 0.946248471736908, 0.9464099407196045, 0.9465142488479614, 0.9462952613830566, 0.9463637471199036, 0.9464510083198547, 0.9464519619941711, 0.9462904334068298, 0.9463179707527161, 0.9463474154472351, 0.9462645053863525, 0.9462623596191406, 0.9463537335395813, 0.946348249912262, 0.9464764595031738, 0.9463069438934326, 0.9464608430862427, 0.9461840391159058, 0.9463092684745789, 0.9466509222984314, 0.9463372826576233, 0.9463720917701721, 0.9463015794754028, 0.9462781548500061, 0.9463375806808472, 0.9462747573852539, 0.9466055631637573, 0.946359395980835, 0.9463923573493958, 0.9463653564453125, 0.9463092088699341, 0.9464224576950073, 0.9463720321655273, 0.946313738822937, 0.9464403390884399, 0.9462688565254211, 0.946265697479248, 0.9463050365447998, 0.9463334679603577, 0.9463833570480347, 0.946265459060669, 0.9465516805648804, 0.9463168382644653, 0.9463058710098267, 0.9463729858398438, 0.9463276863098145, 0.9467007517814636, 0.9463262557983398, 0.9463342428207397, 0.9463502168655396, 0.9463589787483215, 0.9463192224502563, 0.9461761713027954, 0.946343183517456, 0.9463291764259338, 0.946347713470459, 0.9463407397270203, 0.946235179901123, 0.946393609046936]
val step Loss: [0.9472586512565613, 0.947261393070221, 0.9482776522636414, 0.9471703767776489, 0.9472439289093018, 0.9486099481582642, 0.9491056203842163, 0.947075605392456, 0.9472151398658752, 0.9476022720336914, 0.9481194615364075, 0.9470881223678589, 0.9473375082015991, 0.9472849369049072, 0.9473023414611816, 0.9508874416351318, 0.9473923444747925, 0.9482631683349609, 0.9471859931945801, 0.9471635818481445, 0.9472385048866272, 0.9472781419754028, 0.9472201466560364, 0.9472852945327759, 0.9472023844718933, 0.9528795480728149, 0.9473056793212891]
Train step Accs: [1.0, 1.0, 1.0, 1.0, 1.0, 1.0, 1.0, 1.0, 1.0, 1.0, 1.0, 1.0, 1.0, 1.0, 1.0, 1.0, 1.0, 1.0, 1.0, 1.0, 1.0, 1.0, 1.0, 1.0, 1.0, 1.0, 1.0, 1.0, 1.0, 1.0, 1.0, 1.0, 1.0, 1.0, 1.0, 1.0, 1.0, 1.0, 1.0, 1.0, 1.0, 1.0, 1.0, 1.0, 1.0, 1.0, 1.0, 1.0, 1.0, 1.0, 1.0, 1.0, 1.0, 1.0, 1.0, 1.0, 1.0, 1.0, 1.0, 1.0, 1.0, 1.0, 1.0, 1.0, 1.0, 1.0, 1.0, 1.0, 1.0, 1.0, 1.0, 1.0, 1.0, 1.0, 1.0, 1.0, 1.0, 1.0, 1.0, 1.0, 1.0, 1.0, 1.0, 1.0, 1.0, 1.0, 1.0, 1.0, 1.0, 1.0, 1.0, 1.0, 1.0, 1.0, 1.0, 1.0, 1.0, 1.0, 1.0, 1.0, 1.0, 1.0, 1.0, 1.0, 1.0]
val step Accs: [1.0, 1.0, 0.9998276753403412, 1.0, 1.0, 0.999827258593885, 0.9996812749003984, 1.0, 1.0, 1.0, 0.9998281786941581, 1.0, 1.0, 1.0, 1.0, 0.9993227226549272, 1.0, 0.9998596688184115, 1.0, 1.0, 1.0, 1.0, 1.0, 1.0, 1.0, 0.9989438479140996, 1.0]
Preds: [17, 17, 217, 217, 473, 473, 65, 443, 443, 443, 171, 171, 416, 416, 32, 239, 239, 107, 395, 180, 84, 84, 355, 355, 98, 98, 98, 13, 13, 229, 229, 247, 312, 312, 126, 126, 326, 101, 101, 149, 149, 20, 289, 320, 7, 473, 473, 65, 476, 171, 252, 143, 36, 36, 449, 449, 400, 324, 324, 301, 325, 325, 34, 166, 324, 324, 324, 301, 251, 251, 251, 241, 431, 106, 496, 274, 274, 43, 8, 8, 32, 354, 208, 441, 441, 442, 98, 98, 48, 48, 170, 20, 170, 20, 20, 28, 20, 28, 312, 187, 187, 187, 2, 2, 2, 2, 163, 163, 20, 163, 163, 73, 20, 73, 289, 20, 209, 287, 287, 284, 284, 111, 450, 43, 43, 276, 276, 276, 276, 387, 387, 387, 406, 406, 406, 467, 337, 337, 278, 258, 31, 342, 54, 86, 224, 224, 224, 302, 302, 497, 413, 399, 217, 217, 473, 473, 398, 398, 398, 286, 286, 468, 406, 406, 380, 380, 499, 284, 426, 426, 98, 98, 98, 13, 414, 414, 170, 47, 47, 47, 47, 80, 80, 20, 80, 7, 7, 7, 217, 217, 473, 473, 65, 264, 264, 264, 264, 468, 468, 406, 406, 337, 337, 337, 324, 301, 359, 251, 251, 241, 166, 324, 324, 324, 301, 301, 251, 251, 241, 241, 431, 84, 84, 293, 497, 416, 8, 239, 208, 27, 106, 387, 206, 240, 385, 36, 108, 342, 224, 224, 273, 355, 355, 355, 374, 374, 374, 374, 374, 374, 374, 374, 374, 374, 374, 374, 374, 374, 374, 374, 374, 374, 374, 374, 374, 374, 374, 374, 374, 374, 374, 374, 374, 374, 374, 374, 374, 374, 374, 374, 374, 374, 374, 374, 374, 374, 374, 374, 374, 374, 374, 374, 374, 374, 374, 374, 374, 374, 374, 374, 374, 374, 374, 374, 374, 374, 374, 374, 374, 374, 374, 374, 374, 374, 374, 374, 374, 374, 374, 374, 374, 374, 374, 374, 374, 374, 374, 374, 374, 374, 374, 374, 374, 374, 374, 374, 374, 374, 374, 374, 374, 374, 374, 374, 374, 374, 374, 374, 374, 374, 374, 374, 374, 374, 374, 374, 374, 374, 374, 374, 374, 374, 374, 374, 374, 374, 374, 374, 374, 374, 374, 374, 374, 374, 374, 374, 374, 374, 374, 374, 374, 374, 374, 374, 374, 374, 374, 374, 374, 374, 374, 374, 374, 374, 374, 374, 374, 374, 374, 374, 374, 374, 374, 374, 374, 374, 374, 374, 374, 374, 374, 374, 374, 374, 374, 374, 374, 374, 374, 374, 374, 374, 374, 374, 374, 374, 374, 374, 374, 374, 374, 374, 374, 374, 374, 374, 374, 374, 374, 374, 374, 374, 374, 374, 374, 374, 374, 374, 374, 374, 374, 374, 374, 374, 374, 374, 374, 374, 374, 374, 374, 374, 374, 374, 374, 374, 374, 374, 374, 374, 374, 374, 374, 374, 374, 374, 374, 374, 374, 374, 374, 374, 374, 374, 374, 374, 374, 374, 374, 374, 374, 374, 374, 374, 374, 374, 374, 374, 374, 374, 374, 374, 374, 374, 374, 374, 374, 374, 374, 374, 374, 374, 374, 374, 374, 374, 374, 374, 374, 374, 374, 374, 374, 374, 374, 374, 374, 374, 374, 374, 374, 374, 374, 374, 374, 374, 374, 374, 374, 374, 374, 374, 374, 374, 374, 374, 374, 374, 374, 374, 374, 374, 374, 374, 374, 374, 374, 374, 374, 374, 374, 374, 374, 374, 374, 374, 374, 374, 374, 374, 374, 374, 374, 374, 374, 374, 374, 374, 374, 374, 374, 374, 374, 374, 374, 374, 374, 374, 374, 374, 374, 374, 374, 374, 374, 374, 374, 374, 374, 374]

ep144
Train step Loss: [0.9463468790054321, 0.9464955925941467, 0.9463725686073303, 0.9463508725166321, 0.9463821649551392, 0.9462580680847168, 0.9462782144546509, 0.9462772607803345, 0.9462387561798096, 0.946268618106842, 0.946239709854126, 0.9464326500892639, 0.9466350078582764, 0.9463499784469604, 0.9463416337966919, 0.9463421106338501, 0.9462248682975769, 0.9463607668876648, 0.9463706016540527, 0.9462953209877014, 0.946338415145874, 0.9462895393371582, 0.9462648630142212, 0.9462645649909973, 0.9463057518005371, 0.9462493062019348, 0.9463904500007629, 0.9463275671005249, 0.946374773979187, 0.9462177157402039, 0.9465484619140625, 0.9463677406311035, 0.9466314911842346, 0.9463995695114136, 0.9463251829147339, 0.9463306665420532, 0.9462878108024597, 0.9463332295417786, 0.9463331699371338, 0.9465175867080688, 0.9463422894477844, 0.9463692903518677, 0.9462093710899353, 0.94633948802948, 0.9463192224502563, 0.9462907314300537, 0.9463133811950684, 0.9462994337081909, 0.9464353919029236, 0.9463158249855042, 0.9462985992431641, 0.9462551474571228, 0.9462894797325134, 0.9463552832603455, 0.9462854862213135, 0.9463238716125488, 0.9462127089500427, 0.946426510810852, 0.9463353157043457, 0.9462780952453613, 0.9463437795639038, 0.946291446685791, 0.946338951587677, 0.9463216662406921, 0.946311354637146, 0.9462970495223999, 0.9463160634040833, 0.9463419318199158, 0.9462915658950806, 0.9462834000587463, 0.9463459849357605, 0.9463013410568237, 0.946358859539032, 0.9462808966636658, 0.9464579224586487, 0.9463748931884766, 0.9462767839431763, 0.9463233947753906, 0.946226179599762, 0.946308970451355, 0.9463090300559998, 0.9466851949691772, 0.9464224576950073, 0.9462766051292419, 0.9463553428649902, 0.946349024772644, 0.9463071823120117, 0.9463011026382446, 0.9464682340621948, 0.9463004469871521, 0.9461944699287415, 0.9462147951126099, 0.9464077353477478, 0.9463631510734558, 0.9463306069374084, 0.9463068246841431, 0.9463257193565369, 0.9463796019554138, 0.946353018283844, 0.9463627338409424, 0.9464098811149597, 0.946367084980011, 0.9462553262710571, 0.9463959336280823, 0.9462462663650513]
val step Loss: [0.9487555623054504, 0.9471132755279541, 0.9471861720085144, 0.9473438858985901, 0.9472173452377319, 0.947261393070221, 0.9481834173202515, 0.9510371685028076, 0.9472533464431763, 0.9471197128295898, 0.9473793506622314, 0.9473251104354858, 0.9473205804824829, 0.947356104850769, 0.9470508098602295, 0.9472139477729797, 0.94832444190979, 0.9477939009666443, 0.9472542405128479, 0.9471344351768494, 0.9471713304519653, 0.9473433494567871, 0.9471042156219482, 0.9484947919845581, 0.9472556114196777, 0.9517244696617126, 0.9470943808555603]
Train step Accs: [1.0, 1.0, 1.0, 1.0, 1.0, 1.0, 1.0, 1.0, 1.0, 1.0, 1.0, 1.0, 1.0, 1.0, 1.0, 1.0, 1.0, 1.0, 1.0, 1.0, 1.0, 1.0, 1.0, 1.0, 1.0, 1.0, 1.0, 1.0, 1.0, 1.0, 1.0, 1.0, 1.0, 1.0, 1.0, 1.0, 1.0, 1.0, 1.0, 1.0, 1.0, 1.0, 1.0, 1.0, 1.0, 1.0, 1.0, 1.0, 1.0, 1.0, 1.0, 1.0, 1.0, 1.0, 1.0, 1.0, 1.0, 1.0, 1.0, 1.0, 1.0, 1.0, 1.0, 1.0, 1.0, 1.0, 1.0, 1.0, 1.0, 1.0, 1.0, 1.0, 1.0, 1.0, 1.0, 1.0, 1.0, 1.0, 1.0, 1.0, 1.0, 1.0, 1.0, 1.0, 1.0, 1.0, 1.0, 1.0, 1.0, 1.0, 1.0, 1.0, 1.0, 1.0, 1.0, 1.0, 1.0, 1.0, 1.0, 1.0, 1.0, 1.0, 1.0, 1.0, 1.0]
val step Accs: [0.999692733138731, 1.0, 1.0, 1.0, 1.0, 1.0, 0.9998268997749697, 0.9992831541218637, 1.0, 1.0, 1.0, 1.0, 1.0, 1.0, 1.0, 1.0, 0.999847607436757, 0.9998498723915328, 1.0, 1.0, 1.0, 1.0, 1.0, 0.9998180825905039, 1.0, 0.9991507430997877, 1.0]
Preds: [17, 17, 70, 70, 70, 70, 65, 65, 284, 486, 315, 315, 315, 315, 468, 406, 406, 406, 406, 406, 406, 467, 134, 302, 375, 375, 98, 98, 48, 48, 229, 229, 244, 247, 312, 312, 126, 326, 326, 101, 101, 149, 149, 228, 82, 83, 287, 287, 284, 450, 43, 43, 276, 276, 276, 276, 346, 387, 387, 387, 406, 42, 42, 147, 337, 337, 324, 278, 31, 162, 54, 54, 482, 482, 482, 224, 273, 494, 494, 203, 399, 217, 217, 217, 473, 398, 219, 219, 286, 286, 301, 406, 406, 380, 380, 499, 499, 284, 426, 98, 98, 98, 98, 13, 414, 414, 170, 244, 392, 392, 392, 244, 187, 187, 12, 201, 201, 392, 392, 392, 392, 392, 392, 73, 73, 244, 209, 188, 188, 264, 264, 264, 264, 468, 468, 406, 406, 147, 337, 337, 337, 324, 324, 301, 26, 251, 251, 251, 251, 241, 431, 486, 376, 376, 376, 376, 460, 169, 169, 263, 263, 225, 225, 237, 237, 249, 82, 237, 225, 225, 225, 197, 197, 82, 209, 411, 157, 153, 387, 387, 143, 143, 129, 129, 458, 82, 208, 208, 441, 437, 100, 153, 182, 375, 98, 98, 98, 17, 420, 374, 420, 374, 374, 374, 374, 374, 374, 374, 374, 374, 374, 374, 374, 374, 374, 374, 374, 374, 374, 374, 374, 374, 374, 374, 374, 374, 374, 374, 374, 374, 374, 374, 374, 374, 374, 374, 374, 374, 374, 374, 374, 374, 374, 374, 374, 374, 374, 374, 374, 374, 374, 374, 374, 374, 374, 374, 374, 374, 374, 374, 374, 374, 374, 374, 374, 374, 374, 374, 374, 374, 374, 374, 374, 374, 374, 374, 374, 374, 374, 374, 374, 374, 374, 374, 374, 374, 374, 374, 374, 374, 374, 374, 374, 374, 374, 374, 374, 374, 374, 374, 374, 374, 374, 374, 374, 374, 374, 374, 374, 374, 374, 374, 374, 374, 374, 374, 374, 374, 374, 374, 374, 374, 374, 374, 374, 374, 374, 374, 374, 374, 374, 374, 374, 374, 374, 374, 374, 374, 374, 374, 374, 374, 374, 374, 374, 374, 374, 374, 374, 374, 374, 374, 374, 374, 374, 374, 374, 374, 374, 374, 374, 374, 374, 374, 374, 374, 374, 374, 374, 374, 374, 374, 374, 374, 374, 374, 374, 374, 374, 374, 374, 374, 374, 374, 374, 374, 374, 374, 374, 374, 374, 374, 374, 374, 374, 374, 374, 374, 374, 374, 374, 374, 374, 374, 374, 374, 374, 374, 374, 374, 374, 374, 374, 374, 374, 374, 374, 374, 374, 374, 374, 374, 374, 374, 374, 374, 374, 374, 374, 374, 374, 374, 374, 374, 374, 374, 374, 374, 374, 374, 374, 374, 374, 374, 374, 374, 374, 374, 374, 374, 374, 374, 374, 374, 374, 374, 374, 374, 374, 374, 374, 374, 374, 374, 374, 374, 374, 374, 374, 374, 374, 374, 374, 374, 374, 374, 374, 374, 374, 374, 374, 374, 374, 374, 374, 374, 374, 374, 374, 374, 374, 374, 374, 374, 374, 374, 374, 374, 374, 374, 374, 374, 374, 374, 374, 374, 374, 374, 374, 374, 374, 374, 374, 374, 374, 374, 374, 374, 374, 374, 374, 374, 374, 374, 374, 374, 374, 374, 374, 374, 374, 374, 374, 374, 374, 374, 374, 374, 374, 374, 374, 374, 374, 374, 374, 374, 374, 374, 374, 374, 374, 374, 374, 374, 374, 374, 374, 374, 374, 374, 374, 374, 374, 374, 374, 374, 374, 374, 374, 374, 374, 374, 374, 374, 374, 374, 374, 374, 374, 374, 374, 374, 374, 374, 374, 374, 374, 374, 374, 374, 374, 374, 374, 374, 374, 374, 374, 374, 374, 374]

ep145
Train step Loss: [0.9464364051818848, 0.9463905096054077, 0.946243405342102, 0.9462953209877014, 0.9462834000587463, 0.9463633298873901, 0.9461670517921448, 0.9463769793510437, 0.9464173913002014, 0.946523904800415, 0.9463964700698853, 0.9463465809822083, 0.9463539123535156, 0.9463995099067688, 0.9463644027709961, 0.9463428854942322, 0.946245551109314, 0.9462831616401672, 0.9463151097297668, 0.9462651014328003, 0.9463003873825073, 0.946284294128418, 0.9462912678718567, 0.9462808966636658, 0.946343183517456, 0.9463320970535278, 0.9463357329368591, 0.9463725090026855, 0.946304440498352, 0.9464219808578491, 0.9463319778442383, 0.9463844299316406, 0.9462487101554871, 0.9463202357292175, 0.9463657140731812, 0.946334719657898, 0.9463364481925964, 0.9462944865226746, 0.9463561773300171, 0.9462549686431885, 0.9462776780128479, 0.946199357509613, 0.9463250637054443, 0.9462531805038452, 0.9462897181510925, 0.9463629722595215, 0.9463108777999878, 0.9463421702384949, 0.9463949203491211, 0.9465736150741577, 0.9461812376976013, 0.9466274380683899, 0.9462807774543762, 0.9463164806365967, 0.9463359713554382, 0.9463382959365845, 0.946386456489563, 0.9463802576065063, 0.9464519619941711, 0.9462897777557373, 0.9463393092155457, 0.9462675452232361, 0.9464051723480225, 0.9463008642196655, 0.9465567469596863, 0.946312427520752, 0.9462667107582092, 0.94630366563797, 0.9463222622871399, 0.9463387727737427, 0.9463047385215759, 0.9462695121765137, 0.9463040828704834, 0.9465516805648804, 0.94624263048172, 0.9463472962379456, 0.9463210701942444, 0.9463719725608826, 0.9463592767715454, 0.9463086128234863, 0.9462843537330627, 0.94619220495224, 0.9462794065475464, 0.9462904930114746, 0.9462147355079651, 0.9462231397628784, 0.9463579654693604, 0.9464399814605713, 0.9462106823921204, 0.9462259411811829, 0.9461418390274048, 0.9463358521461487, 0.9462518095970154, 0.9462497234344482, 0.9462038278579712, 0.9462873935699463, 0.9462082386016846, 0.9463958144187927, 0.9464098215103149, 0.9462131857872009, 0.9462712407112122, 0.9463583827018738, 0.946314811706543, 0.9463434815406799, 0.9463681578636169]
val step Loss: [0.9473267197608948, 0.9471359252929688, 0.947313129901886, 0.9483631253242493, 0.9472323656082153, 0.9471234679222107, 0.9470689296722412, 0.9513785243034363, 0.9471446871757507, 0.9473263621330261, 0.9472332000732422, 0.9472228288650513, 0.9483124613761902, 0.9480211138725281, 0.9471535682678223, 0.947227954864502, 0.9490218758583069, 0.9481097459793091, 0.9527462124824524, 0.9473350644111633, 0.9473010897636414, 0.9471533298492432, 0.9473478198051453, 0.9471515417098999, 0.9473292231559753, 0.9472918510437012, 0.9470508098602295]
Train step Accs: [1.0, 1.0, 1.0, 1.0, 1.0, 1.0, 1.0, 1.0, 1.0, 1.0, 1.0, 1.0, 1.0, 1.0, 1.0, 1.0, 1.0, 1.0, 1.0, 1.0, 1.0, 1.0, 1.0, 1.0, 1.0, 1.0, 1.0, 1.0, 1.0, 1.0, 1.0, 1.0, 1.0, 1.0, 1.0, 1.0, 1.0, 1.0, 1.0, 1.0, 1.0, 1.0, 1.0, 1.0, 1.0, 1.0, 1.0, 1.0, 1.0, 1.0, 1.0, 1.0, 1.0, 1.0, 1.0, 1.0, 1.0, 1.0, 1.0, 1.0, 1.0, 1.0, 1.0, 1.0, 1.0, 1.0, 1.0, 1.0, 1.0, 1.0, 1.0, 1.0, 1.0, 1.0, 1.0, 1.0, 1.0, 1.0, 1.0, 1.0, 1.0, 1.0, 1.0, 1.0, 1.0, 1.0, 1.0, 1.0, 1.0, 1.0, 1.0, 1.0, 1.0, 1.0, 1.0, 1.0, 1.0, 1.0, 1.0, 1.0, 1.0, 1.0, 1.0, 1.0, 1.0]
val step Accs: [1.0, 1.0, 1.0, 0.9998432601880878, 1.0, 1.0, 1.0, 0.9992458521870287, 1.0, 1.0, 1.0, 1.0, 0.999812874251497, 0.9998348745046235, 1.0, 1.0, 0.9996758508914101, 0.9998331108144193, 0.9989869998311667, 1.0, 1.0, 1.0, 1.0, 1.0, 1.0, 1.0, 1.0]
Preds: [17, 17, 17, 287, 284, 450, 450, 293, 293, 43, 43, 250, 276, 276, 346, 346, 284, 284, 284, 284, 206, 206, 169, 169, 150, 150, 342, 168, 219, 152, 152, 152, 374, 374, 374, 301, 314, 321, 259, 354, 114, 145, 443, 443, 330, 330, 348, 457, 43, 276, 276, 276, 174, 346, 346, 346, 284, 284, 284, 284, 284, 113, 450, 450, 293, 88, 88, 43, 276, 276, 297, 297, 297, 297, 297, 182, 182, 182, 182, 182, 182, 182, 375, 98, 98, 259, 441, 441, 441, 441, 153, 153, 153, 387, 387, 387, 387, 109, 109, 443, 443, 120, 403, 388, 325, 325, 41, 41, 41, 41, 41, 246, 19, 19, 19, 19, 19, 454, 229, 82, 229, 82, 126, 126, 292, 326, 408, 408, 244, 321, 321, 287, 287, 111, 111, 111, 111, 240, 240, 175, 175, 241, 431, 431, 431, 315, 284, 284, 113, 84, 293, 293, 293, 43, 43, 182, 182, 182, 182, 497, 497, 497, 497, 497, 122, 122, 122, 32, 239, 310, 310, 107, 107, 395, 395, 395, 470, 171, 171, 171, 171, 171, 171, 171, 246, 246, 246, 246, 19, 19, 17, 420, 374, 374, 374, 374, 374, 374, 374, 374, 374, 374, 374, 374, 374, 374, 374, 374, 374, 374, 374, 374, 374, 374, 374, 374, 374, 374, 374, 374, 374, 374, 374, 374, 374, 374, 374, 374, 374, 374, 374, 374, 374, 374, 374, 374, 374, 374, 374, 374, 374, 374, 374, 374, 374, 374, 374, 374, 374, 374, 374, 374, 374, 374, 374, 374, 374, 374, 374, 374, 374, 374, 374, 374, 374, 374, 374, 374, 374, 374, 374, 374, 374, 374, 374, 374, 374, 374, 374, 374, 374, 374, 374, 374, 374, 374, 374, 374, 374, 374, 374, 374, 374, 374, 374, 374, 374, 374, 374, 374, 374, 374, 374, 374, 374, 374, 374, 374, 374, 374, 374, 374, 374, 374, 374, 374, 374, 374, 374, 374, 374, 374, 374, 374, 374, 374, 374, 374, 374, 374, 374, 374, 374, 374, 374, 374, 374, 374, 374, 374, 374, 374, 374, 374, 374, 374, 374, 374, 374, 374, 374, 374, 374, 374, 374, 374, 374, 374, 374, 374, 374, 374, 374, 374, 374, 374, 374, 374, 374, 374, 374, 374, 374, 374, 374, 374, 374, 374, 374, 374, 374, 374, 374, 374, 374, 374, 374, 374, 374, 374, 374, 374, 374, 374, 374, 374, 374, 374, 374, 374, 374, 374, 374, 374, 374, 374, 374, 374, 374, 374, 374, 374, 374, 374, 374, 374, 374, 374, 374, 374, 374, 374, 374, 374, 374, 374, 374, 374, 374, 374, 374, 374, 374, 374, 374, 374, 374, 374, 374, 374, 374, 374, 374, 374, 374, 374, 374, 374, 374, 374, 374, 374, 374, 374, 374, 374, 374, 374, 374, 374, 374, 374, 374, 374, 374, 374, 374, 374, 374, 374, 374, 374, 374, 374, 374, 374, 374, 374, 374, 374, 374, 374, 374, 374, 374, 374, 374, 374, 374, 374, 374, 374, 374, 374, 374, 374, 374, 374, 374, 374, 374, 374, 374, 374, 374, 374, 374, 374, 374, 374, 374, 374, 374, 374, 374, 374, 374, 374, 374, 374, 374, 374, 374, 374, 374, 374, 374, 374, 374, 374, 374, 374, 374, 374, 374, 374, 374, 374, 374, 374, 374, 374, 374, 374, 374, 374, 374, 374, 374, 374, 374, 374, 374, 374, 374, 374, 374, 374, 374, 374, 374, 374, 374, 374, 374, 374, 374, 374, 374, 374, 374, 374, 374, 374, 374, 374, 374, 374, 374, 374, 374, 374, 374, 374, 374, 374, 374, 374, 374, 374, 374, 374, 374, 374, 374, 374, 374, 374, 374, 374]

ep146
Train step Loss: [0.9463040232658386, 0.9462516903877258, 0.9463736414909363, 0.9462367296218872, 0.9462829232215881, 0.9462117552757263, 0.9462725520133972, 0.9462578296661377, 0.9462060332298279, 0.9462615251541138, 0.9463275074958801, 0.9463034272193909, 0.9462540745735168, 0.9463074207305908, 0.9463840126991272, 0.9463359117507935, 0.9462960958480835, 0.946244478225708, 0.9462777972221375, 0.946234405040741, 0.9462090730667114, 0.9461777806282043, 0.9462605118751526, 0.946300745010376, 0.9464223384857178, 0.9462374448776245, 0.9461643099784851, 0.9463515281677246, 0.9462721943855286, 0.9462857246398926, 0.9464341402053833, 0.9462592601776123, 0.9463576674461365, 0.946357250213623, 0.9461917877197266, 0.9463291764259338, 0.9462844729423523, 0.9464516639709473, 0.9463291168212891, 0.9463014006614685, 0.9463138580322266, 0.9461989998817444, 0.9463292360305786, 0.9461959004402161, 0.9463198184967041, 0.9462754130363464, 0.9463381767272949, 0.9462682604789734, 0.9462792873382568, 0.9462459087371826, 0.9465519189834595, 0.9463168382644653, 0.9465295672416687, 0.9462817311286926, 0.9462548494338989, 0.9462196826934814, 0.9462459683418274, 0.946425199508667, 0.9464004039764404, 0.9462075233459473, 0.9462798833847046, 0.9462005496025085, 0.9463291168212891, 0.9462559819221497, 0.9463354349136353, 0.9462620615959167, 0.9463531374931335, 0.946266770362854, 0.9462820887565613, 0.9463291764259338, 0.9463672637939453, 0.9463723301887512, 0.9462966322898865, 0.9465499520301819, 0.9463234543800354, 0.9462688565254211, 0.9463754892349243, 0.9462114572525024, 0.9462839365005493, 0.9463286995887756, 0.9463118314743042, 0.9463856816291809, 0.946554958820343, 0.9462994337081909, 0.9466332197189331, 0.9462480545043945, 0.946412205696106, 0.9462872743606567, 0.9463797807693481, 0.9464089274406433, 0.9463265538215637, 0.9462770223617554, 0.9462624192237854, 0.9463418126106262, 0.9462926387786865, 0.9462983012199402, 0.946365475654602, 0.9461933374404907, 0.9463914632797241, 0.9462031126022339, 0.9462709426879883, 0.9467746615409851, 0.9462925791740417, 0.9463496804237366, 0.9462532997131348]
val step Loss: [0.9473102688789368, 0.9489855170249939, 0.9474666714668274, 0.9470757842063904, 0.9470798969268799, 0.9483376741409302, 0.9470091462135315, 0.9471445679664612, 0.9480857849121094, 0.9473437070846558, 0.947406530380249, 0.9520851373672485, 0.9532812833786011, 0.9470728635787964, 0.9472470283508301, 0.9470984935760498, 0.9471258521080017, 0.947138249874115, 0.9475322365760803, 0.9472817778587341, 0.9471551179885864, 0.9480509161949158, 0.9481536746025085, 0.9471269249916077, 0.9471264481544495, 0.9471747875213623, 0.9471217393875122]
Train step Accs: [1.0, 1.0, 1.0, 1.0, 1.0, 1.0, 1.0, 1.0, 1.0, 1.0, 1.0, 1.0, 1.0, 1.0, 1.0, 1.0, 1.0, 1.0, 1.0, 1.0, 1.0, 1.0, 1.0, 1.0, 1.0, 1.0, 1.0, 1.0, 1.0, 1.0, 1.0, 1.0, 1.0, 1.0, 1.0, 1.0, 1.0, 1.0, 1.0, 1.0, 1.0, 1.0, 1.0, 1.0, 1.0, 1.0, 1.0, 1.0, 1.0, 1.0, 1.0, 1.0, 1.0, 1.0, 1.0, 1.0, 1.0, 1.0, 1.0, 1.0, 1.0, 1.0, 1.0, 1.0, 1.0, 1.0, 1.0, 1.0, 1.0, 1.0, 1.0, 1.0, 1.0, 1.0, 1.0, 1.0, 1.0, 1.0, 1.0, 1.0, 1.0, 1.0, 1.0, 1.0, 1.0, 1.0, 1.0, 1.0, 1.0, 1.0, 1.0, 1.0, 1.0, 1.0, 1.0, 1.0, 1.0, 1.0, 1.0, 1.0, 1.0, 1.0, 1.0, 1.0, 1.0]
val step Accs: [1.0, 0.9996781461216607, 1.0, 1.0, 1.0, 0.9998389953308646, 1.0, 1.0, 0.9998232903339813, 1.0, 1.0, 0.9991144564976755, 0.9988694177501414, 1.0, 1.0, 1.0, 1.0, 1.0, 1.0, 1.0, 1.0, 0.9998194293968942, 0.9998169838945827, 1.0, 1.0, 1.0, 1.0]
Preds: [17, 17, 287, 111, 111, 240, 167, 17, 17, 259, 75, 273, 106, 494, 293, 293, 215, 35, 458, 144, 27, 27, 437, 437, 284, 284, 284, 284, 284, 306, 206, 206, 387, 406, 406, 406, 467, 467, 467, 134, 134, 375, 98, 98, 98, 98, 98, 48, 13, 229, 229, 170, 170, 47, 47, 244, 47, 391, 244, 244, 321, 321, 321, 320, 441, 441, 441, 346, 346, 293, 293, 293, 58, 29, 29, 242, 242, 348, 216, 199, 34, 188, 188, 420, 120, 120, 330, 37, 422, 310, 183, 395, 351, 351, 443, 443, 443, 486, 460, 460, 169, 150, 323, 395, 395, 395, 382, 382, 313, 313, 313, 99, 219, 395, 395, 374, 374, 213, 171, 360, 252, 252, 143, 196, 70, 473, 398, 374, 374, 374, 374, 374, 374, 374, 152, 318, 257, 186, 31, 162, 482, 482, 482, 142, 397, 273, 153, 153, 276, 473, 473, 288, 290, 290, 213, 246, 246, 246, 246, 246, 301, 422, 143, 259, 259, 22, 283, 250, 153, 153, 153, 276, 153, 153, 182, 182, 182, 387, 387, 372, 250, 147, 147, 380, 380, 499, 499, 265, 265, 85, 85, 85, 169, 169, 368, 99, 107, 107, 395, 400, 41, 41, 324, 324, 19, 19, 19, 454, 229, 229, 82, 247, 126, 126, 292, 292, 292, 292, 326, 326, 101, 101, 149, 149, 320, 7, 219, 152, 152, 286, 464, 301, 301, 378, 399, 399, 473, 65, 65, 65, 284, 284, 486, 460, 460, 169, 169, 150, 99, 338, 338, 338, 400, 183, 451, 451, 171, 171, 171, 171, 301, 301, 173, 8, 280, 29, 109, 109, 355, 355, 443, 113, 206, 206, 206, 240, 240, 216, 8, 345, 345, 100, 153, 153, 497, 497, 43, 43, 364, 276, 276, 276, 346, 346, 346, 426, 426, 426, 426, 426, 426, 450, 182, 182, 250, 276, 276, 138, 138, 182, 182, 182, 375, 98, 98, 98, 229, 229, 247, 247, 312, 1, 1, 101, 101, 101, 321, 287, 287, 287, 287, 284, 206, 206, 169, 215, 35, 35, 29, 29, 287, 499, 499, 499, 206, 206, 460, 169, 150, 478, 342, 68, 68, 172, 115, 115, 267, 267, 267, 267, 213, 213, 246, 246, 246, 246, 464, 464, 114, 443, 443, 443, 443, 271, 271, 150, 150, 323, 323, 224, 273, 106, 153, 297, 297, 182, 182, 182, 387, 387, 42, 406, 147, 380, 380, 499, 499, 499, 265, 85, 85, 85, 85, 146, 240, 368, 368, 310, 107, 107, 395, 400, 41, 41, 19, 19, 17, 420, 374, 374, 374, 374, 374, 374, 374, 374, 374, 374, 374, 374, 374, 374, 374, 374, 374, 374, 374, 374, 374, 374, 374, 374, 374, 374, 374, 374, 374, 374, 374, 374, 374, 374, 374, 374, 374, 374, 374, 374, 374, 374, 374, 374, 374, 374, 374, 374, 374, 374, 374, 374, 374, 374, 374, 374, 374, 374, 374, 374, 374, 374, 374, 374, 374, 374, 374, 374, 374, 374, 374, 374, 374, 374, 374, 374, 374, 374, 374, 374, 374, 374, 374, 374, 374, 374, 374, 374, 374, 374, 374, 374, 374, 374, 374, 374, 374, 374, 374, 374, 374, 374, 374, 374, 374, 374, 374, 374, 374, 374, 374, 374, 374, 374, 374, 374, 374, 374, 374, 374, 374, 374, 374, 374, 374, 374, 374, 374, 374, 374, 374, 374, 374, 374, 374, 374, 374, 374, 374, 374, 374, 374, 374, 374, 374, 374, 374, 374, 374, 374, 374, 374, 374, 374, 374, 374, 374, 374, 374, 374, 374, 374, 374, 374, 374, 374, 374, 374, 374, 374, 374, 374, 374, 374, 374, 374, 374, 374, 374, 374, 374, 374]

ep147
Train step Loss: [0.9462639689445496, 0.9462912678718567, 0.9462571740150452, 0.9462360739707947, 0.9463576078414917, 0.9462500214576721, 0.9464439153671265, 0.946171760559082, 0.9462648034095764, 0.946338415145874, 0.9463086724281311, 0.9462038278579712, 0.9462622404098511, 0.9463122487068176, 0.9462607502937317, 0.946312427520752, 0.9462876319885254, 0.9462289810180664, 0.9462361335754395, 0.946334719657898, 0.9463475942611694, 0.9462207555770874, 0.9462540149688721, 0.9462392926216125, 0.9463138580322266, 0.9462012648582458, 0.9463036060333252, 0.9463051557540894, 0.9462698698043823, 0.9463185667991638, 0.946269154548645, 0.9463396668434143, 0.946342408657074, 0.9462648034095764, 0.9463885426521301, 0.9464019536972046, 0.9462255239486694, 0.9463433027267456, 0.9463981986045837, 0.9462430477142334, 0.9462120532989502, 0.9461992979049683, 0.9461574554443359, 0.946294903755188, 0.9462340474128723, 0.9463048577308655, 0.9465416073799133, 0.946325957775116, 0.9463545083999634, 0.9465892910957336, 0.9462457895278931, 0.9461987018585205, 0.9465988874435425, 0.9461861252784729, 0.9463143348693848, 0.9461969137191772, 0.9463561177253723, 0.9463205337524414, 0.9465035200119019, 0.946303129196167, 0.9462231993675232, 0.9463658928871155, 0.946229100227356, 0.9462939500808716, 0.9462107419967651, 0.9461861848831177, 0.9462851285934448, 0.9462265968322754, 0.9462575912475586, 0.9464195370674133, 0.9462884068489075, 0.9463089108467102, 0.9462383389472961, 0.9464434385299683, 0.9462518095970154, 0.9463289380073547, 0.94632488489151, 0.9463592767715454, 0.9463443756103516, 0.9463006258010864, 0.9464110136032104, 0.9462205171585083, 0.9464330077171326, 0.9463472962379456, 0.9462946057319641, 0.9463490843772888, 0.9462664127349854, 0.9463353157043457, 0.9465599656105042, 0.9463779926300049, 0.9463021755218506, 0.9463486671447754, 0.946222722530365, 0.9462379813194275, 0.9461815357208252, 0.946206271648407, 0.9463441371917725, 0.9462980031967163, 0.9463975429534912, 0.9462451338768005, 0.9463534355163574, 0.9463304281234741, 0.94630366563797, 0.9463258981704712, 0.9463094472885132]
val step Loss: [0.947084367275238, 0.9471111297607422, 0.9471029043197632, 0.947151243686676, 0.9471323490142822, 0.947105884552002, 0.9482300281524658, 0.9471369981765747, 0.9470620155334473, 0.9471518993377686, 0.9473129510879517, 0.9472208619117737, 0.9471883773803711, 0.9469941854476929, 0.9470492601394653, 0.952708899974823, 0.9471018314361572, 0.9468218088150024, 0.9521492123603821, 0.9469165802001953, 0.9468923807144165, 0.9501250386238098, 0.9481669664382935, 0.9472478628158569, 0.9471885561943054, 0.9473590850830078, 0.9472494721412659]
Train step Accs: [1.0, 1.0, 1.0, 1.0, 1.0, 1.0, 1.0, 1.0, 1.0, 1.0, 1.0, 1.0, 1.0, 1.0, 1.0, 1.0, 1.0, 1.0, 1.0, 1.0, 1.0, 1.0, 1.0, 1.0, 1.0, 1.0, 1.0, 1.0, 1.0, 1.0, 1.0, 1.0, 1.0, 1.0, 1.0, 1.0, 1.0, 1.0, 1.0, 1.0, 1.0, 1.0, 1.0, 1.0, 1.0, 1.0, 1.0, 1.0, 1.0, 1.0, 1.0, 1.0, 1.0, 1.0, 1.0, 1.0, 1.0, 1.0, 1.0, 1.0, 1.0, 1.0, 1.0, 1.0, 1.0, 1.0, 1.0, 1.0, 1.0, 1.0, 1.0, 1.0, 1.0, 1.0, 1.0, 1.0, 1.0, 1.0, 1.0, 1.0, 1.0, 1.0, 1.0, 1.0, 1.0, 1.0, 1.0, 1.0, 1.0, 1.0, 1.0, 1.0, 1.0, 1.0, 1.0, 1.0, 1.0, 1.0, 1.0, 1.0, 1.0, 1.0, 1.0, 1.0, 1.0]
val step Accs: [1.0, 1.0, 1.0, 1.0, 1.0, 1.0, 0.9998206599713056, 1.0, 1.0, 1.0, 1.0, 1.0, 1.0, 1.0, 1.0, 0.998993288590604, 1.0, 1.0, 0.9991523987116461, 1.0, 1.0, 0.9994255074684029, 0.9998090509833875, 1.0, 1.0, 1.0, 1.0]
Preds: [17, 17, 17, 287, 287, 287, 284, 293, 293, 43, 43, 276, 276, 174, 174, 174, 206, 206, 438, 219, 219, 219, 219, 152, 152, 152, 374, 374, 378, 14, 88, 109, 62, 443, 240, 240, 216, 216, 114, 114, 180, 486, 376, 460, 460, 169, 58, 35, 441, 441, 100, 153, 153, 387, 387, 98, 458, 208, 441, 100, 100, 481, 481, 481, 481, 375, 375, 98, 98, 98, 13, 229, 229, 82, 244, 312, 312, 292, 23, 23, 101, 101, 149, 149, 321, 321, 287, 287, 287, 111, 111, 111, 146, 146, 438, 438, 339, 212, 465, 58, 110, 443, 486, 486, 460, 460, 460, 146, 335, 183, 188, 188, 340, 340, 340, 116, 466, 127, 22, 114, 382, 382, 382, 396, 406, 285, 335, 145, 145, 145, 315, 315, 315, 450, 450, 450, 406, 42, 42, 42, 147, 147, 147, 288, 337, 41, 41, 246, 246, 246, 246, 246, 19, 19, 19, 454, 454, 229, 414, 244, 244, 312, 292, 292, 408, 408, 408, 408, 408, 321, 320, 320, 127, 127, 114, 431, 443, 319, 240, 167, 167, 58, 219, 398, 331, 180, 486, 284, 284, 284, 450, 35, 29, 109, 109, 403, 171, 171, 324, 252, 301, 280, 152, 152, 286, 286, 468, 406, 406, 467, 467, 460, 460, 460, 35, 183, 183, 451, 451, 30, 301, 143, 354, 29, 467, 382, 313, 116, 10, 466, 479, 331, 84, 84, 496, 274, 274, 274, 219, 219, 485, 286, 286, 468, 406, 406, 467, 467, 139, 139, 175, 175, 81, 166, 171, 171, 171, 171, 324, 324, 99, 99, 338, 338, 338, 395, 395, 395, 470, 443, 443, 443, 443, 460, 169, 169, 402, 402, 402, 485, 152, 152, 477, 374, 132, 458, 208, 441, 441, 100, 153, 497, 413, 250, 117, 17, 420, 374, 374, 374, 374, 374, 374, 374, 374, 374, 374, 374, 374, 374, 374, 374, 374, 374, 374, 374, 374, 374, 374, 374, 374, 374, 374, 374, 374, 374, 374, 374, 374, 374, 374, 374, 374, 374, 374, 374, 374, 374, 374, 374, 374, 374, 374, 374, 374, 374, 374, 374, 374, 374, 374, 374, 374, 374, 374, 374, 374, 374, 374, 374, 374, 374, 374, 374, 374, 374, 374, 374, 374, 374, 374, 374, 374, 374, 374, 374, 374, 374, 374, 374, 374, 374, 374, 374, 374, 374, 374, 374, 374, 374, 374, 374, 374, 374, 374, 374, 374, 374, 374, 374, 374, 374, 374, 374, 374, 374, 374, 374, 374, 374, 374, 374, 374, 374, 374, 374, 374, 374, 374, 374, 374, 374, 374, 374, 374, 374, 374, 374, 374, 374, 374, 374, 374, 374, 374, 374, 374, 374, 374, 374, 374, 374, 374, 374, 374, 374, 374, 374, 374, 374, 374, 374, 374, 374, 374, 374, 374, 374, 374, 374, 374, 374, 374, 374, 374, 374, 374, 374, 374, 374, 374, 374, 374, 374, 374, 374, 374, 374, 374, 374, 374, 374, 374, 374, 374, 374, 374, 374, 374, 374, 374, 374, 374, 374, 374, 374, 374, 374, 374, 374, 374, 374, 374, 374, 374, 374, 374, 374, 374, 374, 374, 374, 374, 374, 374, 374, 374, 374, 374, 374, 374, 374, 374, 374, 374, 374, 374, 374, 374, 374, 374, 374, 374, 374, 374, 374, 374, 374, 374, 374, 374, 374, 374, 374, 374, 374, 374, 374, 374, 374, 374, 374, 374, 374, 374, 374, 374, 374, 374, 374, 374, 374, 374, 374, 374, 374, 374, 374, 374, 374, 374, 374, 374, 374, 374, 374, 374, 374, 374, 374, 374, 374, 374, 374, 374, 374, 374, 374, 374, 374, 374, 374, 374, 374, 374, 374, 374, 374, 374, 374]

ep148
Train step Loss: [0.94632488489151, 0.9461959004402161, 0.94627445936203, 0.9462211728096008, 0.9462867975234985, 0.9462592005729675, 0.9463305473327637, 0.9463331699371338, 0.9462908506393433, 0.946301281452179, 0.9463322162628174, 0.9463992714881897, 0.9463011026382446, 0.9463521838188171, 0.9464379549026489, 0.946245014667511, 0.9462230205535889, 0.9462503790855408, 0.946333646774292, 0.9462650418281555, 0.9463011026382446, 0.946321964263916, 0.9463301301002502, 0.9461637735366821, 0.9462571144104004, 0.9462907910346985, 0.9466463327407837, 0.9463017582893372, 0.9462944269180298, 0.946355938911438, 0.9463448524475098, 0.94627845287323, 0.946556031703949, 0.9462409615516663, 0.9462886452674866, 0.9462504982948303, 0.9463980793952942, 0.9462529420852661, 0.9461963772773743, 0.9462115168571472, 0.946417510509491, 0.9462449550628662, 0.9462088942527771, 0.9462087154388428, 0.946326732635498, 0.9463154077529907, 0.9464436769485474, 0.9463191628456116, 0.9463634490966797, 0.9463462829589844, 0.9463120102882385, 0.9462765455245972, 0.9462581872940063, 0.9463717341423035, 0.9462205171585083, 0.946251392364502, 0.946376621723175, 0.9463277459144592, 0.9463427066802979, 0.9462780356407166, 0.9462703466415405, 0.9463343620300293, 0.946307897567749, 0.9462317228317261, 0.9462053775787354, 0.9463385343551636, 0.9462734460830688, 0.9462553262710571, 0.9463446140289307, 0.9462102055549622, 0.9465174674987793, 0.9462732076644897, 0.9462106823921204, 0.9462546110153198, 0.9462316632270813, 0.9462432861328125, 0.9464135766029358, 0.9462999105453491, 0.9463468194007874, 0.9465172290802002, 0.9463344216346741, 0.9463199377059937, 0.9462293386459351, 0.946257472038269, 0.9463135004043579, 0.9462207555770874, 0.9462730884552002, 0.9463563561439514, 0.9462301135063171, 0.9462667107582092, 0.9462785720825195, 0.9464734792709351, 0.9463601112365723, 0.9463173747062683, 0.9464054703712463, 0.9463460445404053, 0.946307897567749, 0.9461953639984131, 0.9462002515792847, 0.9462361335754395, 0.9462825655937195, 0.9463178515434265, 0.9462648034095764, 0.946367621421814, 0.9463329315185547]
val step Loss: [0.9471191167831421, 0.9483372569084167, 0.9473688006401062, 0.947335422039032, 0.9517795443534851, 0.9471901655197144, 0.9473352432250977, 0.9507308006286621, 0.9473347067832947, 0.9473045468330383, 0.9469767808914185, 0.9482890963554382, 0.9474263191223145, 0.9470929503440857, 0.9481139183044434, 0.949035108089447, 0.9472959041595459, 0.947018027305603, 0.9473521113395691, 0.9472799897193909, 0.9471646547317505, 0.9471814632415771, 0.9474328756332397, 0.9471322298049927, 0.9478467702865601, 0.9472928047180176, 0.947008490562439]
Train step Accs: [1.0, 1.0, 1.0, 1.0, 1.0, 1.0, 1.0, 1.0, 1.0, 1.0, 1.0, 1.0, 1.0, 1.0, 1.0, 1.0, 1.0, 1.0, 1.0, 1.0, 1.0, 1.0, 1.0, 1.0, 1.0, 1.0, 1.0, 1.0, 1.0, 1.0, 1.0, 1.0, 1.0, 1.0, 1.0, 1.0, 1.0, 1.0, 1.0, 1.0, 1.0, 1.0, 1.0, 1.0, 1.0, 1.0, 1.0, 1.0, 1.0, 1.0, 1.0, 1.0, 1.0, 1.0, 1.0, 1.0, 1.0, 1.0, 1.0, 1.0, 1.0, 1.0, 1.0, 1.0, 1.0, 1.0, 1.0, 1.0, 1.0, 1.0, 1.0, 1.0, 1.0, 1.0, 1.0, 1.0, 1.0, 1.0, 1.0, 1.0, 1.0, 1.0, 1.0, 1.0, 1.0, 1.0, 1.0, 1.0, 1.0, 1.0, 1.0, 1.0, 1.0, 1.0, 1.0, 1.0, 1.0, 1.0, 1.0, 1.0, 1.0, 1.0, 1.0, 1.0, 1.0]
val step Accs: [1.0, 0.9998262984193156, 1.0, 1.0, 0.9991015274034142, 1.0, 1.0, 0.9993795563828137, 1.0, 1.0, 1.0, 0.999805900621118, 1.0, 1.0, 0.999809885931559, 0.9996424740793708, 1.0, 1.0, 1.0, 1.0, 1.0, 1.0, 1.0, 1.0, 0.9998324396782842, 1.0, 1.0]
Preds: [17, 152, 152, 378, 378, 43, 276, 276, 174, 174, 174, 319, 319, 330, 167, 7, 219, 34, 114, 374, 443, 443, 330, 313, 313, 368, 186, 453, 168, 114, 374, 374, 374, 464, 301, 378, 378, 43, 345, 109, 346, 428, 428, 428, 146, 240, 240, 36, 449, 377, 123, 382, 313, 337, 219, 324, 464, 464, 464, 464, 330, 330, 240, 143, 465, 75, 272, 377, 441, 441, 84, 274, 274, 274, 413, 348, 199, 331, 331, 84, 284, 481, 481, 293, 293, 43, 276, 276, 346, 284, 284, 284, 284, 481, 450, 413, 413, 42, 42, 42, 406, 406, 406, 406, 406, 134, 497, 497, 58, 183, 183, 451, 213, 213, 213, 301, 301, 173, 53, 29, 29, 275, 275, 98, 98, 98, 229, 229, 321, 244, 312, 292, 23, 23, 101, 149, 320, 320, 479, 331, 331, 486, 486, 460, 460, 169, 169, 77, 449, 494, 30, 422, 99, 338, 54, 54, 395, 273, 443, 443, 151, 460, 169, 215, 35, 465, 75, 75, 420, 420, 324, 324, 464, 464, 464, 180, 315, 284, 284, 450, 450, 293, 43, 43, 276, 346, 346, 346, 428, 146, 146, 219, 219, 219, 219, 464, 464, 464, 301, 173, 8, 354, 29, 499, 499, 151, 240, 240, 240, 216, 114, 114, 114, 443, 443, 403, 403, 403, 207, 207, 358, 19, 454, 458, 259, 354, 81, 431, 431, 443, 376, 376, 460, 240, 271, 271, 77, 449, 183, 183, 451, 30, 213, 286, 278, 120, 120, 120, 120, 385, 454, 414, 229, 321, 321, 247, 126, 126, 326, 101, 408, 149, 320, 7, 7, 219, 398, 152, 374, 374, 330, 378, 399, 70, 65, 284, 480, 480, 480, 85, 146, 146, 146, 219, 219, 378, 345, 109, 346, 346, 428, 428, 85, 146, 146, 146, 358, 143, 143, 259, 75, 371, 448, 324, 324, 324, 301, 301, 301, 251, 81, 81, 81, 403, 403, 171, 171, 246, 246, 301, 301, 173, 280, 109, 109, 355, 355, 355, 355, 452, 452, 263, 229, 229, 312, 23, 23, 101, 149, 320, 320, 7, 219, 219, 152, 464, 374, 315, 284, 319, 319, 348, 348, 285, 199, 84, 302, 293, 497, 281, 269, 9, 9, 168, 485, 477, 374, 139, 497, 497, 122, 216, 81, 431, 284, 284, 486, 486, 85, 85, 85, 85, 85, 85, 85, 282, 37, 271, 24, 310, 107, 395, 395, 477, 374, 374, 132, 17, 420, 374, 374, 374, 374, 374, 374, 374, 374, 374, 374, 374, 374, 374, 374, 374, 374, 374, 374, 374, 374, 374, 374, 374, 374, 374, 374, 374, 374, 374, 374, 374, 374, 374, 374, 374, 374, 374, 374, 374, 374, 374, 374, 374, 374, 374, 374, 374, 374, 374, 374, 374, 374, 374, 374, 374, 374, 374, 374, 374, 374, 374, 374, 374, 374, 374, 374, 374, 374, 374, 374, 374, 374, 374, 374, 374, 374, 374, 374, 374, 374, 374, 374, 374, 374, 374, 374, 374, 374, 374, 374, 374, 374, 374, 374, 374, 374, 374, 374, 374, 374, 374, 374, 374, 374, 374, 374, 374, 374, 374, 374, 374, 374, 374, 374, 374, 374, 374, 374, 374, 374, 374, 374, 374, 374, 374, 374, 374, 374, 374, 374, 374, 374, 374, 374, 374, 374, 374, 374, 374, 374, 374, 374, 374, 374, 374, 374, 374, 374, 374, 374, 374, 374, 374, 374, 374, 374, 374, 374, 374, 374, 374, 374, 374, 374, 374, 374, 374, 374, 374, 374, 374, 374, 374, 374, 374, 374, 374, 374, 374, 374, 374, 374, 374, 374, 374, 374, 374, 374, 374, 374, 374, 374, 374, 374, 374, 374, 374, 374, 374, 374, 374]

ep149
Train step Loss: [0.9463826417922974, 0.9462666511535645, 0.946256160736084, 0.9462742209434509, 0.9462777376174927, 0.9463707804679871, 0.9463671445846558, 0.9461961984634399, 0.9463512301445007, 0.9464304447174072, 0.9463258981704712, 0.9462459683418274, 0.9463039636611938, 0.9462530016899109, 0.9463097453117371, 0.9462985992431641, 0.9463410377502441, 0.9463438391685486, 0.9462908506393433, 0.9462709426879883, 0.9466142058372498, 0.946250319480896, 0.9463161826133728, 0.9462573528289795, 0.9463083148002625, 0.9462922215461731, 0.9462429881095886, 0.9462285041809082, 0.9462430477142334, 0.9462908506393433, 0.9463173151016235, 0.9462566375732422, 0.9463959336280823, 0.9462418556213379, 0.9462457895278931, 0.9463699460029602, 0.9462078213691711, 0.9462172985076904, 0.946284294128418, 0.9462411403656006, 0.9462430477142334, 0.9463211894035339, 0.9464156627655029, 0.9462429285049438, 0.9462857246398926, 0.9462488293647766, 0.9462288618087769, 0.9463798403739929, 0.946293830871582, 0.9462235569953918, 0.9463181495666504, 0.9462860226631165, 0.9463055729866028, 0.946317195892334, 0.946365237236023, 0.9463223814964294, 0.9462196826934814, 0.9463332295417786, 0.946199893951416, 0.9462509751319885, 0.9461774826049805, 0.9463089108467102, 0.9462778568267822, 0.9463220238685608, 0.9462209939956665, 0.9462704062461853, 0.9462147951126099, 0.9463447332382202, 0.9465388655662537, 0.9462891221046448, 0.9462956190109253, 0.9462999105453491, 0.9464674592018127, 0.9462948441505432, 0.9462983012199402, 0.946302592754364, 0.9463844299316406, 0.9464163780212402, 0.946283221244812, 0.9462248086929321, 0.946390688419342, 0.9462190270423889, 0.9462391138076782, 0.9462243914604187, 0.9463462233543396, 0.9462512135505676, 0.9462780952453613, 0.9466771483421326, 0.9462947845458984, 0.9462502002716064, 0.9463279843330383, 0.9463067650794983, 0.9463421702384949, 0.9463393688201904, 0.9462534189224243, 0.946312665939331, 0.9462118148803711, 0.9462719559669495, 0.946231484413147, 0.9463698267936707, 0.9461990594863892, 0.946357011795044, 0.9463528394699097, 0.9463093280792236, 0.9464196562767029]
val step Loss: [0.947321891784668, 0.9498285055160522, 0.9473063349723816, 0.9479658603668213, 0.9472410678863525, 0.9473096132278442, 0.9506796598434448, 0.9472503066062927, 0.9471599459648132, 0.9471455216407776, 0.9471881985664368, 0.9470241665840149, 0.9482876658439636, 0.9471753239631653, 0.9469940662384033, 0.9521262645721436, 0.9482336640357971, 0.9472877979278564, 0.9487152099609375, 0.9470571875572205, 0.946864664554596, 0.9473839402198792, 0.9471673369407654, 0.9471399188041687, 0.9471955895423889, 0.9470682740211487, 0.9471690654754639]
Train step Accs: [1.0, 1.0, 1.0, 1.0, 1.0, 1.0, 1.0, 1.0, 1.0, 1.0, 1.0, 1.0, 1.0, 1.0, 1.0, 1.0, 1.0, 1.0, 1.0, 1.0, 1.0, 1.0, 1.0, 1.0, 1.0, 1.0, 1.0, 1.0, 1.0, 1.0, 1.0, 1.0, 1.0, 1.0, 1.0, 1.0, 1.0, 1.0, 1.0, 1.0, 1.0, 1.0, 1.0, 1.0, 1.0, 1.0, 1.0, 1.0, 1.0, 1.0, 1.0, 1.0, 1.0, 1.0, 1.0, 1.0, 1.0, 1.0, 1.0, 1.0, 1.0, 1.0, 1.0, 1.0, 1.0, 1.0, 1.0, 1.0, 1.0, 1.0, 1.0, 1.0, 1.0, 1.0, 1.0, 1.0, 1.0, 1.0, 1.0, 1.0, 1.0, 1.0, 1.0, 1.0, 1.0, 1.0, 1.0, 1.0, 1.0, 1.0, 1.0, 1.0, 1.0, 1.0, 1.0, 1.0, 1.0, 1.0, 1.0, 1.0, 1.0, 1.0, 1.0, 1.0, 1.0]
val step Accs: [1.0, 0.9995268511947007, 1.0, 0.9998527896363903, 1.0, 1.0, 0.9993398250536392, 1.0, 1.0, 1.0, 1.0, 1.0, 0.9998272884283247, 1.0, 1.0, 0.9990509332489719, 0.9998307952622674, 1.0, 0.9997770345596433, 1.0, 1.0, 1.0, 1.0, 1.0, 1.0, 1.0, 1.0]
Preds: [17, 17, 17, 287, 284, 284, 284, 293, 88, 88, 276, 276, 174, 174, 387, 428, 146, 299, 434, 324, 324, 301, 24, 24, 239, 239, 227, 397, 397, 441, 43, 129, 401, 244, 244, 354, 354, 109, 443, 120, 120, 207, 207, 454, 263, 417, 414, 414, 414, 170, 244, 244, 305, 305, 244, 244, 187, 187, 12, 23, 23, 23, 101, 149, 149, 228, 244, 244, 209, 287, 287, 111, 240, 285, 285, 131, 34, 134, 43, 129, 129, 259, 354, 109, 109, 443, 240, 175, 251, 241, 431, 84, 84, 16, 88, 88, 88, 346, 106, 230, 293, 122, 416, 129, 458, 208, 79, 487, 337, 422, 31, 31, 164, 164, 6, 272, 114, 180, 486, 486, 206, 215, 215, 8, 239, 354, 354, 470, 264, 120, 139, 175, 251, 241, 106, 302, 100, 387, 497, 122, 8, 8, 32, 354, 354, 441, 148, 153, 182, 182, 182, 497, 442, 349, 349, 234, 234, 234, 234, 234, 261, 261, 25, 148, 148, 148, 153, 153, 387, 387, 387, 335, 457, 457, 188, 188, 152, 222, 406, 406, 406, 467, 467, 481, 481, 293, 251, 251, 251, 241, 431, 106, 496, 274, 43, 43, 364, 441, 276, 276, 153, 387, 387, 387, 387, 406, 42, 406, 467, 467, 288, 207, 207, 388, 116, 10, 10, 479, 398, 324, 324, 301, 314, 32, 239, 354, 354, 180, 443, 443, 403, 146, 146, 464, 378, 43, 43, 276, 276, 109, 109, 486, 486, 206, 240, 240, 24, 239, 384, 371, 324, 324, 422, 422, 239, 239, 384, 371, 371, 278, 278, 278, 236, 143, 36, 36, 342, 172, 224, 273, 273, 355, 355, 355, 355, 452, 263, 263, 229, 244, 82, 312, 126, 326, 326, 101, 101, 391, 391, 244, 73, 244, 82, 66, 66, 68, 172, 172, 115, 267, 267, 267, 213, 213, 246, 246, 3, 3, 14, 188, 188, 152, 378, 43, 43, 43, 276, 109, 109, 284, 486, 460, 206, 240, 314, 239, 239, 239, 384, 371, 444, 213, 213, 213, 213, 246, 246, 246, 246, 246, 246, 246, 246, 246, 246, 246, 246, 19, 19, 17, 420, 374, 374, 374, 374, 374, 374, 374, 374, 374, 374, 374, 374, 374, 374, 374, 374, 374, 374, 374, 374, 374, 374, 374, 374, 374, 374, 374, 374, 374, 374, 374, 374, 374, 374, 374, 374, 374, 374, 374, 374, 374, 374, 374, 374, 374, 374, 374, 374, 374, 374, 374, 374, 374, 374, 374, 374, 374, 374, 374, 374, 374, 374, 374, 374, 374, 374, 374, 374, 374, 374, 374, 374, 374, 374, 374, 374, 374, 374, 374, 374, 374, 374, 374, 374, 374, 374, 374, 374, 374, 374, 374, 374, 374, 374, 374, 374, 374, 374, 374, 374, 374, 374, 374, 374, 374, 374, 374, 374, 374, 374, 374, 374, 374, 374, 374, 374, 374, 374, 374, 374, 374, 374, 374, 374, 374, 374, 374, 374, 374, 374, 374, 374, 374, 374, 374, 374, 374, 374, 374, 374, 374, 374, 374, 374, 374, 374, 374, 374, 374, 374, 374, 374, 374, 374, 374, 374, 374, 374, 374, 374, 374, 374, 374, 374, 374, 374, 374, 374, 374, 374, 374, 374, 374, 374, 374, 374, 374, 374, 374, 374, 374, 374, 374, 374, 374, 374, 374, 374, 374, 374, 374, 374, 374, 374, 374, 374, 374, 374, 374, 374, 374, 374, 374, 374, 374, 374, 374, 374, 374, 374, 374, 374, 374, 374, 374, 374, 374, 374, 374, 374, 374, 374, 374, 374, 374, 374, 374, 374, 374, 374, 374, 374, 374, 374, 374, 374, 374, 374, 374, 374, 374, 374, 374, 374, 374, 374, 374, 374, 374]

ep150
Train step Loss: [0.9462915658950806, 0.9462225437164307, 0.9462810754776001, 0.9463151693344116, 0.9463497400283813, 0.9463785886764526, 0.9464437961578369, 0.9466272592544556, 0.9463436603546143, 0.9463140368461609, 0.94623202085495, 0.9463575482368469, 0.9466304779052734, 0.9462577700614929, 0.9463716745376587, 0.9462493658065796, 0.946291446685791, 0.9462732076644897, 0.9463851451873779, 0.9463062286376953, 0.94633549451828, 0.9462410807609558, 0.9462846517562866, 0.9462818503379822, 0.9461665153503418, 0.9462554454803467, 0.9464408755302429, 0.9462846517562866, 0.9463706612586975, 0.9463247656822205, 0.9463059902191162, 0.9462426900863647, 0.9462684392929077, 0.9461845755577087, 0.946289598941803, 0.9463119506835938, 0.9462790489196777, 0.9462387561798096, 0.9461627006530762, 0.9462202191352844, 0.9461623430252075, 0.9462571740150452, 0.9461691379547119, 0.9462748765945435, 0.9462556838989258, 0.9462953805923462, 0.9462351202964783, 0.9462048411369324, 0.9462907910346985, 0.9462729096412659, 0.9463586807250977, 0.9463513493537903, 0.9463222026824951, 0.9462610483169556, 0.9462606906890869, 0.9464511275291443, 0.9463571906089783, 0.9462544322013855, 0.9462490677833557, 0.9463540315628052, 0.9462328553199768, 0.9462531208992004, 0.9463992118835449, 0.9462884664535522, 0.9463230967521667, 0.9462055563926697, 0.9463145732879639, 0.9462850093841553, 0.9462271928787231, 0.9461842179298401, 0.9462427496910095, 0.9462544322013855, 0.9463480114936829, 0.9462639093399048, 0.9462613463401794, 0.9465228319168091, 0.9463420510292053, 0.9461997747421265, 0.9465932846069336, 0.9462729692459106, 0.9463160037994385, 0.946352481842041, 0.9463302493095398, 0.9463227391242981, 0.9462910890579224, 0.9462592005729675, 0.9462820291519165, 0.9465084671974182, 0.9462590217590332, 0.9463292360305786, 0.9463110566139221, 0.9462161064147949, 0.9463063478469849, 0.946197509765625, 0.946281373500824, 0.9463064670562744, 0.9462823867797852, 0.9463137984275818, 0.9462878704071045, 0.9462546110153198, 0.946225643157959, 0.946218729019165, 0.9461961388587952, 0.9462694525718689, 0.9464101791381836]
val step Loss: [0.9491939544677734, 0.9471195340156555, 0.9471937417984009, 0.9480355978012085, 0.9471819400787354, 0.9470964074134827, 0.953209400177002, 0.9470188021659851, 0.9472826719284058, 0.9472495913505554, 0.9471070170402527, 0.9473875761032104, 0.9470574259757996, 0.9472496509552002, 0.9489399194717407, 0.947097659111023, 0.9471305012702942, 0.9473607540130615, 0.94712895154953, 0.9483415484428406, 0.9469430446624756, 0.9472100734710693, 0.9472644329071045, 0.9471423625946045, 0.9507521986961365, 0.9472078084945679, 0.9486645460128784]
Train step Accs: [1.0, 1.0, 1.0, 1.0, 1.0, 1.0, 1.0, 1.0, 1.0, 1.0, 1.0, 1.0, 1.0, 1.0, 1.0, 1.0, 1.0, 1.0, 1.0, 1.0, 1.0, 1.0, 1.0, 1.0, 1.0, 1.0, 1.0, 1.0, 1.0, 1.0, 1.0, 1.0, 1.0, 1.0, 1.0, 1.0, 1.0, 1.0, 1.0, 1.0, 1.0, 1.0, 1.0, 1.0, 1.0, 1.0, 1.0, 1.0, 1.0, 1.0, 1.0, 1.0, 1.0, 1.0, 1.0, 1.0, 1.0, 1.0, 1.0, 1.0, 1.0, 1.0, 1.0, 1.0, 1.0, 1.0, 1.0, 1.0, 1.0, 1.0, 1.0, 1.0, 1.0, 1.0, 1.0, 1.0, 1.0, 1.0, 1.0, 1.0, 1.0, 1.0, 1.0, 1.0, 1.0, 1.0, 1.0, 1.0, 1.0, 1.0, 1.0, 1.0, 1.0, 1.0, 1.0, 1.0, 1.0, 1.0, 1.0, 1.0, 1.0, 1.0, 1.0, 1.0, 1.0]
val step Accs: [0.9996547557396859, 1.0, 1.0, 0.9998313090418354, 1.0, 1.0, 0.9988984762254453, 1.0, 1.0, 1.0, 1.0, 1.0, 1.0, 1.0, 0.9996765847347995, 1.0, 1.0, 1.0, 1.0, 0.9998297872340426, 1.0, 1.0, 1.0, 1.0, 0.9993547346346184, 1.0, 1.0]
Preds: [17, 17, 188, 152, 152, 152, 301, 301, 325, 199, 420, 171, 443, 278, 278, 240, 186, 186, 162, 54, 54, 54, 115, 273, 273, 470, 288, 288, 290, 171, 171, 434, 434, 434, 434, 339, 219, 398, 398, 398, 286, 464, 468, 468, 467, 355, 486, 486, 486, 282, 282, 388, 94, 199, 199, 136, 120, 120, 120, 207, 207, 358, 143, 36, 310, 449, 449, 377, 485, 152, 374, 374, 132, 132, 473, 398, 464, 464, 464, 464, 443, 486, 460, 460, 58, 58, 58, 72, 110, 110, 110, 264, 443, 443, 330, 330, 330, 173, 43, 345, 100, 100, 100, 497, 293, 387, 387, 14, 219, 219, 213, 213, 213, 213, 213, 246, 318, 99, 99, 107, 107, 447, 447, 400, 400, 454, 427, 56, 259, 247, 126, 126, 23, 23, 23, 101, 72, 486, 486, 486, 460, 460, 322, 322, 35, 35, 164, 451, 451, 451, 476, 171, 171, 171, 464, 318, 318, 368, 77, 453, 168, 168, 81, 81, 81, 81, 374, 337, 324, 324, 324, 324, 324, 301, 143, 259, 25, 106, 284, 284, 486, 486, 428, 206, 468, 468, 406, 467, 288, 403, 403, 290, 171, 171, 434, 358, 358, 454, 321, 75, 417, 351, 275, 275, 355, 303, 355, 282, 452, 263, 263, 13, 78, 170, 170, 392, 392, 244, 392, 392, 392, 244, 321, 249, 321, 321, 451, 451, 30, 213, 213, 301, 301, 8, 8, 354, 354, 106, 106, 284, 284, 265, 265, 265, 85, 85, 85, 146, 299, 299, 299, 14, 457, 219, 213, 213, 213, 30, 301, 301, 378, 280, 280, 331, 106, 84, 284, 284, 206, 293, 293, 167, 285, 29, 337, 337, 324, 324, 324, 464, 175, 331, 443, 403, 403, 403, 171, 171, 171, 171, 434, 252, 339, 8, 196, 196, 473, 429, 429, 360, 246, 246, 246, 246, 246, 3, 3, 14, 411, 411, 411, 145, 145, 290, 330, 330, 330, 330, 94, 94, 199, 199, 290, 290, 290, 330, 330, 330, 339, 33, 76, 465, 219, 219, 213, 213, 213, 213, 213, 360, 360, 301, 143, 458, 75, 192, 420, 420, 213, 213, 213, 246, 19, 19, 48, 414, 414, 417, 442, 80, 80, 80, 289, 321, 320, 7, 251, 251, 241, 278, 278, 278, 443, 443, 443, 240, 368, 368, 453, 449, 168, 168, 324, 301, 378, 378, 88, 106, 106, 284, 206, 206, 169, 150, 453, 168, 168, 273, 355, 486, 92, 460, 460, 169, 35, 321, 75, 75, 164, 351, 351, 470, 464, 464, 120, 282, 282, 282, 388, 251, 241, 331, 431, 284, 315, 113, 450, 450, 293, 293, 43, 43, 43, 182, 182, 182, 182, 182, 497, 497, 98, 58, 58, 72, 110, 110, 286, 253, 271, 31, 342, 342, 342, 115, 351, 351, 486, 315, 315, 315, 450, 450, 450, 88, 88, 109, 109, 109, 146, 146, 299, 340, 216, 22, 114, 114, 277, 207, 422, 143, 205, 261, 29, 109, 109, 264, 264, 264, 264, 264, 264, 264, 468, 468, 468, 207, 207, 207, 207, 37, 454, 17, 420, 374, 374, 374, 374, 374, 374, 374, 374, 374, 374, 374, 374, 374, 374, 374, 374, 374, 374, 374, 374, 374, 374, 374, 374, 374, 374, 374, 374, 374, 374, 374, 374, 374, 374, 374, 374, 374, 374, 374, 374, 374, 374, 374, 374, 374, 374, 374, 374, 374, 374, 374, 374, 374, 374, 374, 374, 374, 374, 374, 374, 374, 374, 374, 374, 374, 374, 374, 374, 374, 374, 374, 374, 374, 374, 374, 374, 374, 374, 374, 374, 374, 374, 374, 374, 374, 374, 374, 374, 374, 374, 374, 374, 374, 374, 374, 374, 374]

ep151
Train step Loss: [0.9462583661079407, 0.9462530016899109, 0.9462251663208008, 0.9462889432907104, 0.9462018013000488, 0.9463112354278564, 0.9462831616401672, 0.9461865425109863, 0.9463921189308167, 0.9463064074516296, 0.9462597370147705, 0.9463777542114258, 0.9462677240371704, 0.9462573528289795, 0.946283757686615, 0.9463359713554382, 0.9462989568710327, 0.946330189704895, 0.9463176131248474, 0.9465150833129883, 0.9462893009185791, 0.9462548494338989, 0.9462832808494568, 0.9463320374488831, 0.9463368058204651, 0.9463596940040588, 0.9462484121322632, 0.9462401270866394, 0.9462859630584717, 0.9463567137718201, 0.946327805519104, 0.9462803602218628, 0.9462639689445496, 0.9462289810180664, 0.9463005661964417, 0.9462487697601318, 0.9462069869041443, 0.9462875127792358, 0.9462727308273315, 0.9463165998458862, 0.9462324976921082, 0.9462552666664124, 0.9463198781013489, 0.9463678002357483, 0.9463120698928833, 0.9462783932685852, 0.9461635947227478, 0.9462265968322754, 0.9462920427322388, 0.9462410807609558, 0.9462946653366089, 0.9462367296218872, 0.9462584257125854, 0.9463434219360352, 0.9463104605674744, 0.9462695121765137, 0.9463256001472473, 0.9462750554084778, 0.9462425708770752, 0.9462209939956665, 0.9463257789611816, 0.9461885094642639, 0.9461652040481567, 0.9462554454803467, 0.9462584257125854, 0.9462319612503052, 0.946266770362854, 0.9463134407997131, 0.9461981058120728, 0.9462713003158569, 0.9462645649909973, 0.9462829828262329, 0.9462082386016846, 0.9462645649909973, 0.9464432001113892, 0.9465593695640564, 0.9463753700256348, 0.9462714195251465, 0.9462710618972778, 0.9461621046066284, 0.9463738203048706, 0.9464306831359863, 0.9462940096855164, 0.9462201595306396, 0.9462816119194031, 0.9462986588478088, 0.9463468194007874, 0.9461984038352966, 0.9463106393814087, 0.9463953375816345, 0.946330726146698, 0.9465240240097046, 0.9465950727462769, 0.9464635848999023, 0.9463093280792236, 0.946262776851654, 0.9461584687232971, 0.9462448358535767, 0.9463117122650146, 0.9462751746177673, 0.9463117122650146, 0.9462728500366211, 0.9464942216873169, 0.9462851881980896, 0.9462099075317383]
val step Loss: [0.9473592042922974, 0.9471408724784851, 0.9488586187362671, 0.9469166398048401, 0.9472521543502808, 0.9471739530563354, 0.9470848441123962, 0.9471350908279419, 0.9472094774246216, 0.9471898674964905, 0.9472203254699707, 0.9469203948974609, 0.947240948677063, 0.948117733001709, 0.9470710158348083, 0.9472612738609314, 0.9471886157989502, 0.94721519947052, 0.9472762942314148, 0.9477930068969727, 0.9508315920829773, 0.9542097449302673, 0.9481992721557617, 0.9472532272338867, 0.9472689628601074, 0.9479408860206604, 0.9473147392272949]
Train step Accs: [1.0, 1.0, 1.0, 1.0, 1.0, 1.0, 1.0, 1.0, 1.0, 1.0, 1.0, 1.0, 1.0, 1.0, 1.0, 1.0, 1.0, 1.0, 1.0, 1.0, 1.0, 1.0, 1.0, 1.0, 1.0, 1.0, 1.0, 1.0, 1.0, 1.0, 1.0, 1.0, 1.0, 1.0, 1.0, 1.0, 1.0, 1.0, 1.0, 1.0, 1.0, 1.0, 1.0, 1.0, 1.0, 1.0, 1.0, 1.0, 1.0, 1.0, 1.0, 1.0, 1.0, 1.0, 1.0, 1.0, 1.0, 1.0, 1.0, 1.0, 1.0, 1.0, 1.0, 1.0, 1.0, 1.0, 1.0, 1.0, 1.0, 1.0, 1.0, 1.0, 1.0, 1.0, 1.0, 1.0, 1.0, 1.0, 1.0, 1.0, 1.0, 1.0, 1.0, 1.0, 1.0, 1.0, 1.0, 1.0, 1.0, 1.0, 1.0, 1.0, 1.0, 1.0, 1.0, 1.0, 1.0, 1.0, 1.0, 1.0, 1.0, 1.0, 1.0, 1.0, 1.0]
val step Accs: [1.0, 1.0, 0.9996735759751918, 1.0, 1.0, 1.0, 1.0, 1.0, 1.0, 1.0, 1.0, 1.0, 1.0, 0.9998294388538291, 1.0, 1.0, 1.0, 1.0, 1.0, 1.0, 0.9993282955499581, 0.998724722171616, 0.9998407643312102, 1.0, 1.0, 0.9998282377189969, 1.0]
Preds: [17, 17, 441, 441, 153, 387, 387, 240, 348, 24, 24, 384, 371, 180, 180, 486, 376, 376, 282, 263, 263, 229, 229, 247, 312, 363, 363, 363, 408, 408, 149, 228, 228, 244, 320, 7, 479, 331, 278, 301, 378, 8, 129, 354, 109, 180, 486, 486, 460, 240, 240, 35, 36, 342, 224, 351, 196, 479, 331, 331, 315, 450, 450, 450, 88, 88, 88, 109, 337, 207, 301, 143, 129, 401, 244, 354, 354, 100, 389, 425, 425, 251, 331, 106, 302, 497, 43, 43, 43, 276, 276, 276, 346, 284, 284, 284, 450, 450, 293, 43, 43, 276, 345, 109, 109, 116, 116, 10, 398, 398, 398, 374, 374, 495, 406, 406, 380, 134, 387, 387, 109, 337, 324, 219, 246, 246, 301, 301, 8, 8, 354, 354, 180, 180, 486, 486, 206, 240, 240, 314, 129, 401, 401, 32, 354, 354, 100, 153, 153, 153, 153, 182, 182, 182, 132, 132, 132, 132, 303, 303, 303, 442, 442, 442, 229, 229, 170, 170, 244, 187, 1, 1, 408, 408, 408, 244, 228, 228, 412, 287, 287, 287, 284, 284, 460, 169, 215, 35, 35, 75, 208, 441, 148, 153, 153, 387, 387, 122, 348, 64, 466, 479, 331, 242, 242, 348, 466, 466, 479, 331, 307, 307, 319, 206, 240, 251, 251, 359, 34, 166, 278, 278, 278, 173, 8, 8, 70, 70, 65, 65, 46, 46, 46, 46, 206, 215, 215, 129, 401, 354, 354, 106, 106, 180, 284, 315, 315, 315, 315, 315, 450, 450, 450, 450, 203, 250, 364, 276, 276, 345, 109, 109, 207, 324, 324, 3, 301, 26, 251, 241, 241, 431, 486, 486, 282, 282, 330, 388, 94, 303, 199, 331, 375, 375, 98, 98, 13, 244, 170, 170, 392, 63, 63, 63, 63, 63, 63, 63, 244, 40, 40, 40, 63, 40, 244, 40, 63, 244, 63, 73, 244, 244, 289, 320, 188, 188, 213, 324, 422, 416, 32, 239, 354, 114, 180, 180, 486, 460, 460, 178, 215, 129, 401, 244, 321, 354, 276, 148, 148, 153, 387, 387, 387, 387, 167, 122, 35, 321, 75, 449, 273, 180, 486, 486, 460, 240, 215, 215, 129, 239, 354, 420, 420, 213, 213, 324, 464, 464, 464, 443, 240, 314, 314, 239, 239, 239, 384, 371, 371, 324, 324, 324, 324, 324, 464, 464, 464, 180, 145, 486, 460, 240, 240, 314, 35, 75, 131, 377, 87, 32, 32, 32, 354, 354, 100, 100, 153, 153, 153, 182, 43, 43, 8, 196, 303, 303, 303, 303, 303, 48, 48, 48, 170, 244, 392, 392, 392, 392, 392, 392, 392, 392, 392, 392, 73, 73, 73, 320, 320, 188, 188, 171, 213, 246, 246, 246, 246, 246, 246, 422, 143, 36, 478, 323, 482, 224, 224, 273, 485, 374, 139, 153, 387, 387, 387, 387, 413, 348, 348, 64, 394, 32, 32, 32, 32, 239, 384, 377, 371, 444, 213, 213, 246, 434, 434, 434, 3, 335, 14, 14, 287, 145, 287, 145, 460, 240, 215, 129, 32, 354, 354, 109, 499, 486, 486, 264, 240, 285, 467, 145, 145, 486, 85, 85, 85, 468, 468, 406, 406, 467, 337, 337, 277, 301, 143, 129, 401, 244, 75, 74, 190, 190, 487, 499, 151, 487, 442, 193, 17, 17, 420, 374, 374, 374, 374, 374, 374, 374, 374, 374, 374, 374, 374, 374, 374, 374, 374, 374, 374, 374, 374, 374, 374, 374, 374, 374, 374, 374, 374, 374, 374, 374, 374, 374, 374, 374, 374, 374, 374, 374, 374, 374, 374, 374, 374, 374, 374, 374, 374, 374, 374, 374, 374, 374, 374, 374, 374, 374, 374, 374]

ep152
Train step Loss: [0.9462407827377319, 0.9463652968406677, 0.9462558031082153, 0.946201503276825, 0.9461759328842163, 0.9462788701057434, 0.946266233921051, 0.9462472200393677, 0.9463081955909729, 0.9462500810623169, 0.9463722109794617, 0.9463724493980408, 0.9462372064590454, 0.9463054537773132, 0.946380615234375, 0.9463481307029724, 0.9462181925773621, 0.9463031888008118, 0.9463224411010742, 0.9462658762931824, 0.9462025761604309, 0.9462135434150696, 0.9462836384773254, 0.9462785124778748, 0.94632488489151, 0.9463085532188416, 0.9462846517562866, 0.9461946487426758, 0.9462321996688843, 0.9463365077972412, 0.9463250637054443, 0.9463464021682739, 0.946188747882843, 0.9463798403739929, 0.9465383887290955, 0.9462993144989014, 0.9465592503547668, 0.9462320804595947, 0.946209192276001, 0.94650799036026, 0.946222722530365, 0.9463867545127869, 0.946258544921875, 0.9462190270423889, 0.9462689757347107, 0.9463618397712708, 0.9464579820632935, 0.9463402032852173, 0.9462763071060181, 0.9462348222732544, 0.9462378025054932, 0.9462657570838928, 0.9463172554969788, 0.9462892413139343, 0.9463284015655518, 0.9463143348693848, 0.9462943077087402, 0.9462237358093262, 0.9461976885795593, 0.9462074637413025, 0.9461199045181274, 0.9463210105895996, 0.9463586807250977, 0.9461420178413391, 0.9463149905204773, 0.9463467001914978, 0.9462196230888367, 0.9463124871253967, 0.9463333487510681, 0.9462825059890747, 0.9462664127349854, 0.9462643265724182, 0.9463528394699097, 0.9462102055549622, 0.9463160634040833, 0.9461604356765747, 0.9462782740592957, 0.9463459253311157, 0.9465606212615967, 0.9462890625, 0.9462699890136719, 0.9463884234428406, 0.9462416172027588, 0.9461867809295654, 0.9462817311286926, 0.9465975165367126, 0.9462684392929077, 0.9461697936058044, 0.9462957382202148, 0.9462166428565979, 0.9463106393814087, 0.9462864995002747, 0.9462583065032959, 0.9462005496025085, 0.9463388919830322, 0.9463843703269958, 0.9463320970535278, 0.9462564587593079, 0.9462165832519531, 0.9462540745735168, 0.9461642503738403, 0.9463525414466858, 0.9461594820022583, 0.9462412595748901, 0.9462935924530029]
val step Loss: [0.9471043348312378, 0.9468328952789307, 0.9469698071479797, 0.9470294117927551, 0.9470533728599548, 0.9517731070518494, 0.9469647407531738, 0.9470062851905823, 0.9472019076347351, 0.9472649097442627, 0.9470601677894592, 0.9489983916282654, 0.9482726454734802, 0.9471495747566223, 0.9470430612564087, 0.9470696449279785, 0.9471293687820435, 0.9469829201698303, 0.9471359848976135, 0.9472112655639648, 0.9470459222793579, 0.9527202844619751, 0.9470391273498535, 0.9479517936706543, 0.9472121000289917, 0.9469227194786072, 0.9507265686988831]
Train step Accs: [1.0, 1.0, 1.0, 1.0, 1.0, 1.0, 1.0, 1.0, 1.0, 1.0, 1.0, 1.0, 1.0, 1.0, 1.0, 1.0, 1.0, 1.0, 1.0, 1.0, 1.0, 1.0, 1.0, 1.0, 1.0, 1.0, 1.0, 1.0, 1.0, 1.0, 1.0, 1.0, 1.0, 1.0, 1.0, 1.0, 1.0, 1.0, 1.0, 1.0, 1.0, 1.0, 1.0, 1.0, 1.0, 1.0, 1.0, 1.0, 1.0, 1.0, 1.0, 1.0, 1.0, 1.0, 1.0, 1.0, 1.0, 1.0, 1.0, 1.0, 1.0, 1.0, 1.0, 1.0, 1.0, 1.0, 1.0, 1.0, 1.0, 1.0, 1.0, 1.0, 1.0, 1.0, 1.0, 1.0, 1.0, 1.0, 1.0, 1.0, 1.0, 1.0, 1.0, 1.0, 1.0, 1.0, 1.0, 1.0, 1.0, 1.0, 1.0, 1.0, 1.0, 1.0, 1.0, 1.0, 1.0, 1.0, 1.0, 1.0, 1.0, 1.0, 1.0, 1.0, 1.0]
val step Accs: [1.0, 1.0, 1.0, 1.0, 1.0, 0.9991068238656663, 1.0, 1.0, 1.0, 1.0, 1.0, 0.9996256784577953, 0.9998547567175018, 1.0, 1.0, 1.0, 1.0, 1.0, 1.0, 1.0, 1.0, 0.9989937950695958, 1.0, 0.9998447204968944, 1.0, 1.0, 0.999512432959532]
Preds: [17, 296, 32, 32, 32, 32, 239, 354, 354, 180, 443, 443, 443, 443, 240, 240, 240, 35, 75, 164, 164, 27, 27, 302, 302, 496, 293, 293, 368, 453, 453, 168, 168, 494, 324, 301, 301, 325, 183, 398, 398, 398, 398, 464, 464, 175, 175, 431, 443, 486, 486, 486, 460, 460, 14, 411, 411, 171, 171, 171, 171, 171, 171, 171, 171, 246, 19, 19, 19, 454, 454, 229, 229, 170, 47, 47, 408, 244, 249, 102, 321, 321, 320, 127, 114, 374, 374, 403, 443, 264, 378, 378, 88, 106, 284, 284, 460, 169, 150, 150, 342, 342, 232, 232, 172, 115, 267, 267, 267, 267, 267, 213, 213, 213, 3, 3, 411, 188, 213, 213, 213, 213, 246, 246, 246, 246, 246, 19, 19, 19, 454, 229, 414, 80, 80, 289, 320, 321, 411, 424, 424, 424, 424, 424, 424, 497, 497, 497, 122, 144, 144, 27, 27, 180, 486, 486, 486, 460, 460, 58, 58, 183, 110, 110, 286, 171, 171, 171, 171, 171, 171, 358, 358, 358, 186, 99, 436, 436, 447, 447, 97, 56, 336, 237, 237, 237, 320, 7, 276, 345, 345, 109, 109, 109, 109, 146, 146, 146, 252, 252, 368, 77, 198, 164, 164, 384, 371, 444, 444, 444, 213, 213, 252, 252, 310, 107, 107, 107, 395, 395, 444, 41, 41, 41, 246, 19, 19, 19, 454, 454, 126, 126, 326, 326, 101, 101, 149, 289, 321, 320, 75, 354, 106, 106, 284, 481, 493, 493, 240, 175, 58, 180, 180, 284, 284, 355, 355, 169, 169, 169, 402, 402, 402, 29, 29, 337, 286, 286, 464, 180, 180, 284, 284, 284, 284, 376, 206, 206, 460, 85, 85, 299, 41, 41, 41, 41, 19, 19, 19, 19, 454, 229, 414, 414, 187, 187, 408, 244, 244, 321, 321, 412, 83, 331, 331, 315, 315, 315, 319, 282, 282, 388, 35, 22, 448, 448, 324, 324, 324, 3, 3, 411, 411, 171, 171, 171, 171, 171, 171, 171, 252, 143, 458, 445, 445, 445, 213, 213, 213, 246, 246, 246, 246, 19, 19, 454, 454, 229, 229, 15, 244, 15, 412, 287, 287, 287, 145, 486, 460, 460, 240, 150, 77, 342, 449, 371, 470, 180, 180, 315, 319, 426, 426, 450, 203, 53, 473, 65, 65, 290, 290, 330, 330, 116, 199, 199, 134, 134, 134, 399, 399, 217, 473, 398, 398, 286, 286, 264, 468, 406, 406, 467, 499, 499, 426, 98, 98, 98, 420, 374, 374, 374, 374, 374, 374, 374, 374, 374, 374, 374, 374, 374, 374, 374, 374, 374, 374, 374, 374, 374, 374, 374, 374, 374, 374, 374, 374, 374, 374, 374, 374, 374, 374, 374, 374, 374, 374, 374, 374, 374, 374, 374, 374, 374, 374, 374, 374, 374, 374, 374, 374, 374, 374, 374, 374, 374, 374, 374, 374, 374, 374, 374, 374, 374, 374, 374, 374, 374, 374, 374, 374, 374, 374, 374, 374, 374, 374, 374, 374, 374, 374, 374, 374, 374, 374, 374, 374, 374, 374, 374, 374, 374, 374, 374, 374, 374, 374, 374, 374, 374, 374, 374, 374, 374, 374, 374, 374, 374, 374, 374, 374, 374, 374, 374, 374, 374, 374, 374, 374, 374, 374, 374, 374, 374, 374, 374, 374, 374, 374, 374, 374, 374, 374, 374, 374, 374, 374, 374, 374, 374, 374, 374, 374, 374, 374, 374, 374, 374, 374, 374, 374, 374, 374, 374, 374, 374, 374, 374, 374, 374, 374, 374, 374, 374, 374, 374, 374, 374, 374, 374, 374, 374, 374, 374, 374, 374, 374, 374, 374, 374, 374, 374, 374, 374, 374, 374, 374, 374, 374, 374]

ep153
Train step Loss: [0.9462978839874268, 0.9463739991188049, 0.9463140964508057, 0.9462923407554626, 0.9462519884109497, 0.9462140798568726, 0.9462063908576965, 0.9462308883666992, 0.9461976289749146, 0.9462474584579468, 0.9462776780128479, 0.9463791251182556, 0.9461804628372192, 0.9462629556655884, 0.9463050365447998, 0.9462900161743164, 0.9463562965393066, 0.9463111758232117, 0.946229875087738, 0.9462881088256836, 0.9462615847587585, 0.9462335109710693, 0.9461270570755005, 0.9462029933929443, 0.946366012096405, 0.9463541507720947, 0.9462424516677856, 0.9462446570396423, 0.946342945098877, 0.9463335275650024, 0.94627845287323, 0.9462320804595947, 0.9461742639541626, 0.9464855194091797, 0.946256160736084, 0.9462800621986389, 0.9463324546813965, 0.9463901519775391, 0.9462948441505432, 0.9461373090744019, 0.9462599754333496, 0.9462288022041321, 0.9464771747589111, 0.946233332157135, 0.946367084980011, 0.9464210271835327, 0.9461766481399536, 0.9463509321212769, 0.946295440196991, 0.9462874531745911, 0.9462665915489197, 0.9463077783584595, 0.9462555646896362, 0.9462485313415527, 0.9464041590690613, 0.9461797475814819, 0.9462485909461975, 0.946255087852478, 0.9462818503379822, 0.9462551474571228, 0.9461827278137207, 0.9462156295776367, 0.9462728500366211, 0.94620281457901, 0.9463254809379578, 0.94631427526474, 0.946321964263916, 0.9462653398513794, 0.9462740421295166, 0.946233868598938, 0.9463154077529907, 0.9463286399841309, 0.9462873339653015, 0.946422278881073, 0.9462881088256836, 0.9463452100753784, 0.9461981058120728, 0.9462566375732422, 0.9462758302688599, 0.9463136792182922, 0.9462299942970276, 0.9461914896965027, 0.9463698267936707, 0.9463579058647156, 0.9461735486984253, 0.9462476968765259, 0.946226179599762, 0.9463316798210144, 0.9462037086486816, 0.9462600350379944, 0.9462924003601074, 0.9462960958480835, 0.9464361667633057, 0.9463053345680237, 0.9462575912475586, 0.946505606174469, 0.9463621377944946, 0.9463919997215271, 0.9461696147918701, 0.946176290512085, 0.9462360143661499, 0.9462264776229858, 0.9463418126106262, 0.9463493227958679, 0.9462708830833435]
val step Loss: [0.9471637606620789, 0.9471827149391174, 0.9471988677978516, 0.9470085501670837, 0.9471898078918457, 0.9478838443756104, 0.9468964338302612, 0.9525293707847595, 0.9471328854560852, 0.9470994472503662, 0.9470463991165161, 0.9501360058784485, 0.9472094178199768, 0.9472947120666504, 0.9469731450080872, 0.9480488300323486, 0.9480411410331726, 0.9472661018371582, 0.9471378922462463, 0.9472081065177917, 0.950769305229187, 0.9472906589508057, 0.9471940398216248, 0.9473951458930969, 0.9469911456108093, 0.9469025135040283, 0.9470577836036682]
Train step Accs: [1.0, 1.0, 1.0, 1.0, 1.0, 1.0, 1.0, 1.0, 1.0, 1.0, 1.0, 1.0, 1.0, 1.0, 1.0, 1.0, 1.0, 1.0, 1.0, 1.0, 1.0, 1.0, 1.0, 1.0, 1.0, 1.0, 1.0, 1.0, 1.0, 1.0, 1.0, 1.0, 1.0, 1.0, 1.0, 1.0, 1.0, 1.0, 1.0, 1.0, 1.0, 1.0, 1.0, 1.0, 1.0, 1.0, 1.0, 1.0, 1.0, 1.0, 1.0, 1.0, 1.0, 1.0, 1.0, 1.0, 1.0, 1.0, 1.0, 1.0, 1.0, 1.0, 1.0, 1.0, 1.0, 1.0, 1.0, 1.0, 1.0, 1.0, 1.0, 1.0, 1.0, 1.0, 1.0, 1.0, 1.0, 1.0, 1.0, 1.0, 1.0, 1.0, 1.0, 1.0, 1.0, 1.0, 1.0, 1.0, 1.0, 1.0, 1.0, 1.0, 1.0, 1.0, 1.0, 1.0, 1.0, 1.0, 1.0, 1.0, 1.0, 1.0, 1.0, 1.0, 1.0]
val step Accs: [1.0, 1.0, 1.0, 1.0, 1.0, 0.9998516320474777, 1.0, 0.9989768076398363, 1.0, 1.0, 1.0, 0.9994956287827841, 1.0, 1.0, 1.0, 0.9998183799491464, 0.9998266897746967, 1.0, 1.0, 1.0, 0.9993319973279893, 1.0, 1.0, 1.0, 1.0, 1.0, 1.0]
Preds: [17, 17, 296, 442, 32, 32, 239, 354, 354, 159, 470, 443, 443, 443, 443, 240, 240, 240, 385, 35, 164, 164, 441, 441, 302, 302, 274, 274, 274, 368, 368, 453, 453, 168, 168, 273, 89, 121, 121, 301, 301, 416, 219, 398, 485, 485, 286, 301, 301, 175, 175, 241, 431, 431, 486, 486, 376, 85, 85, 85, 403, 207, 207, 171, 171, 171, 171, 171, 171, 171, 171, 207, 246, 19, 19, 19, 454, 454, 229, 229, 170, 187, 47, 408, 408, 244, 249, 249, 321, 321, 320, 83, 83, 114, 374, 264, 264, 264, 264, 240, 240, 173, 280, 106, 284, 284, 206, 169, 150, 150, 342, 232, 232, 232, 68, 172, 115, 267, 267, 267, 267, 267, 213, 213, 213, 3, 3, 3, 246, 246, 213, 213, 213, 246, 246, 246, 246, 246, 246, 246, 19, 19, 454, 454, 229, 247, 126, 408, 80, 289, 321, 320, 441, 424, 424, 424, 424, 424, 424, 497, 497, 497, 122, 458, 144, 144, 27, 27, 27, 151, 151, 486, 428, 85, 58, 58, 58, 183, 110, 110, 110, 286, 171, 171, 171, 171, 171, 171, 207, 358, 358, 358, 99, 99, 436, 447, 447, 447, 427, 336, 336, 126, 408, 408, 225, 7, 364, 276, 345, 345, 345, 109, 109, 139, 496, 496, 146, 146, 252, 186, 186, 478, 164, 164, 164, 164, 371, 444, 444, 444, 213, 213, 213, 252, 252, 310, 310, 107, 107, 447, 400, 400, 400, 213, 213, 324, 324, 246, 19, 19, 454, 454, 126, 126, 126, 326, 326, 326, 101, 408, 149, 289, 321, 321, 320, 441, 437, 106, 106, 481, 139, 293, 293, 58, 58, 156, 156, 156, 84, 84, 355, 355, 355, 206, 169, 169, 169, 402, 402, 29, 485, 152, 374, 374, 464, 464, 106, 284, 284, 284, 284, 284, 284, 306, 206, 206, 206, 85, 85, 299, 41, 41, 41, 41, 41, 19, 19, 19, 19, 454, 454, 414, 414, 187, 187, 187, 408, 249, 249, 321, 320, 412, 83, 287, 287, 319, 319, 319, 319, 282, 330, 388, 348, 35, 465, 183, 451, 30, 448, 324, 324, 3, 3, 411, 188, 188, 171, 171, 171, 171, 171, 171, 252, 252, 143, 458, 445, 445, 445, 451, 213, 213, 213, 324, 246, 246, 246, 19, 19, 454, 454, 229, 229, 312, 187, 187, 244, 321, 287, 287, 287, 287, 287, 460, 460, 240, 240, 150, 77, 449, 449, 224, 273, 464, 464, 315, 284, 113, 450, 450, 450, 175, 88, 109, 109, 403, 403, 403, 146, 299, 299, 330, 116, 94, 250, 250, 132, 132, 132, 122, 8, 219, 398, 398, 286, 286, 286, 286, 468, 468, 406, 467, 499, 499, 387, 98, 98, 98, 17, 420, 374, 374, 374, 374, 374, 374, 374, 374, 374, 374, 374, 374, 374, 374, 374, 374, 374, 374, 374, 374, 374, 374, 374, 374, 374, 374, 374, 374, 374, 374, 374, 374, 374, 374, 374, 374, 374, 374, 374, 374, 374, 374, 374, 374, 374, 374, 374, 374, 374, 374, 374, 374, 374, 374, 374, 374, 374, 374, 374, 374, 374, 374, 374, 374, 374, 374, 374, 374, 374, 374, 374, 374, 374, 374, 374, 374, 374, 374, 374, 374, 374, 374, 374, 374, 374, 374, 374, 374, 374, 374, 374, 374, 374, 374, 374, 374, 374, 374, 374, 374, 374, 374, 374, 374, 374, 374, 374, 374, 374, 374, 374, 374, 374, 374, 374, 374, 374, 374, 374, 374, 374, 374, 374, 374, 374, 374, 374, 374, 374, 374, 374, 374, 374, 374, 374, 374, 374, 374, 374, 374, 374, 374, 374, 374, 374, 374, 374, 374, 374, 374]

ep154
Train step Loss: [0.9462375044822693, 0.9462811946868896, 0.946332573890686, 0.946209192276001, 0.9462267160415649, 0.9462791085243225, 0.9464012384414673, 0.9462364912033081, 0.946282684803009, 0.9462667107582092, 0.9464278817176819, 0.9462750554084778, 0.9462973475456238, 0.9462469220161438, 0.9461504817008972, 0.9462336301803589, 0.9462683200836182, 0.9462112188339233, 0.9461385011672974, 0.9462249875068665, 0.9462621212005615, 0.9462331533432007, 0.9463707804679871, 0.9463470578193665, 0.9465171098709106, 0.9462305307388306, 0.9462515115737915, 0.946303129196167, 0.9462844133377075, 0.946397602558136, 0.9462206959724426, 0.9464232325553894, 0.9462697505950928, 0.9461759924888611, 0.9461885690689087, 0.94630366563797, 0.9462692737579346, 0.9463150501251221, 0.9463028311729431, 0.94627845287323, 0.9462642669677734, 0.9462628960609436, 0.9462829232215881, 0.9462918043136597, 0.9462532997131348, 0.9463115334510803, 0.9463659524917603, 0.9462873339653015, 0.9461720585823059, 0.9462404251098633, 0.9462646842002869, 0.946232795715332, 0.9462896585464478, 0.946306586265564, 0.9462695717811584, 0.9462221264839172, 0.9462039470672607, 0.946247935295105, 0.9462218284606934, 0.9462350606918335, 0.946351170539856, 0.9462974071502686, 0.9461642503738403, 0.9462505578994751, 0.9462476968765259, 0.9462575316429138, 0.9463298320770264, 0.9461753964424133, 0.9462347030639648, 0.9463115334510803, 0.9462407231330872, 0.9462550282478333, 0.9466455578804016, 0.9462697505950928, 0.9462563991546631, 0.9463067054748535, 0.9461833834648132, 0.9464095234870911, 0.9462795853614807, 0.94619220495224, 0.9466167688369751, 0.9462703466415405, 0.9463252425193787, 0.9463043212890625, 0.9463059902191162, 0.9463040828704834, 0.9462302923202515, 0.9462400078773499, 0.9465135335922241, 0.9462872743606567, 0.9464170932769775, 0.9463263750076294, 0.9463824033737183, 0.9462080597877502, 0.946246325969696, 0.9462020397186279, 0.9462800621986389, 0.9462364315986633, 0.9463267922401428, 0.9461936354637146, 0.9462089538574219, 0.946257472038269, 0.9462125301361084, 0.9463015794754028, 0.9462352991104126]
val step Loss: [0.9471117258071899, 0.9471457004547119, 0.9469640254974365, 0.9477978944778442, 0.9483739137649536, 0.9470852613449097, 0.947284996509552, 0.9480616450309753, 0.9470975995063782, 0.9470962285995483, 0.9482750296592712, 0.9468932151794434, 0.9471019506454468, 0.9469219446182251, 0.9470789432525635, 0.9470537900924683, 0.9472383260726929, 0.9471787214279175, 0.9470914006233215, 0.9470195770263672, 0.9526311159133911, 0.9471902847290039, 0.9471421837806702, 0.9508413672447205, 0.9492148756980896, 0.9470771551132202, 0.9470089673995972]
Train step Accs: [1.0, 1.0, 1.0, 1.0, 1.0, 1.0, 1.0, 1.0, 1.0, 1.0, 1.0, 1.0, 1.0, 1.0, 1.0, 1.0, 1.0, 1.0, 1.0, 1.0, 1.0, 1.0, 1.0, 1.0, 1.0, 1.0, 1.0, 1.0, 1.0, 1.0, 1.0, 1.0, 1.0, 1.0, 1.0, 1.0, 1.0, 1.0, 1.0, 1.0, 1.0, 1.0, 1.0, 1.0, 1.0, 1.0, 1.0, 1.0, 1.0, 1.0, 1.0, 1.0, 1.0, 1.0, 1.0, 1.0, 1.0, 1.0, 1.0, 1.0, 1.0, 1.0, 1.0, 1.0, 1.0, 1.0, 1.0, 1.0, 1.0, 1.0, 1.0, 1.0, 1.0, 1.0, 1.0, 1.0, 1.0, 1.0, 1.0, 1.0, 1.0, 1.0, 1.0, 1.0, 1.0, 1.0, 1.0, 1.0, 1.0, 1.0, 1.0, 1.0, 1.0, 1.0, 1.0, 1.0, 1.0, 1.0, 1.0, 1.0, 1.0, 1.0, 1.0, 1.0, 1.0]
val step Accs: [1.0, 1.0, 1.0, 0.9998539293017821, 0.9997870528109029, 1.0, 1.0, 0.9998377676833226, 1.0, 1.0, 0.999819233550253, 1.0, 1.0, 1.0, 1.0, 1.0, 1.0, 1.0, 1.0, 1.0, 0.9989576094510076, 1.0, 1.0, 0.9992868604029239, 0.9996141230947327, 1.0, 1.0]
Preds: [17, 17, 296, 411, 424, 153, 153, 387, 387, 122, 122, 314, 32, 32, 239, 384, 371, 106, 106, 84, 387, 387, 274, 98, 98, 98, 98, 98, 13, 13, 13, 78, 229, 244, 247, 312, 126, 23, 101, 101, 101, 101, 101, 149, 149, 228, 82, 287, 287, 287, 297, 293, 293, 122, 416, 32, 239, 27, 27, 106, 284, 284, 284, 306, 306, 406, 406, 406, 406, 65, 65, 284, 284, 284, 206, 206, 240, 385, 35, 36, 342, 342, 224, 494, 196, 217, 217, 217, 473, 65, 476, 171, 252, 252, 416, 239, 310, 395, 485, 374, 278, 236, 314, 239, 239, 384, 371, 490, 301, 301, 251, 251, 241, 431, 106, 106, 206, 274, 416, 8, 32, 239, 144, 27, 106, 106, 106, 387, 387, 387, 406, 406, 406, 467, 467, 328, 328, 200, 303, 48, 48, 192, 454, 439, 439, 439, 78, 442, 170, 244, 244, 312, 292, 326, 326, 326, 326, 326, 408, 149, 228, 17, 244, 188, 30, 422, 99, 338, 338, 338, 395, 395, 278, 278, 255, 416, 416, 8, 239, 364, 345, 345, 109, 109, 213, 324, 301, 301, 8, 8, 32, 239, 354, 420, 420, 324, 324, 301, 26, 251, 251, 241, 241, 431, 443, 443, 120, 120, 403, 207, 207, 207, 207, 203, 203, 217, 217, 217, 473, 473, 65, 476, 171, 171, 252, 416, 416, 239, 310, 107, 485, 485, 324, 278, 236, 314, 239, 239, 384, 449, 371, 490, 464, 340, 26, 251, 251, 241, 431, 431, 486, 376, 376, 376, 460, 206, 206, 240, 314, 239, 239, 401, 384, 371, 106, 106, 106, 387, 387, 372, 467, 467, 467, 467, 207, 328, 19, 19, 17, 420, 374, 374, 374, 374, 374, 374, 374, 374, 374, 374, 374, 374, 374, 374, 374, 374, 374, 374, 374, 374, 374, 374, 374, 374, 374, 374, 374, 374, 374, 374, 374, 374, 374, 374, 374, 374, 374, 374, 374, 374, 374, 374, 374, 374, 374, 374, 374, 374, 374, 374, 374, 374, 374, 374, 374, 374, 374, 374, 374, 374, 374, 374, 374, 374, 374, 374, 374, 374, 374, 374, 374, 374, 374, 374, 374, 374, 374, 374, 374, 374, 374, 374, 374, 374, 374, 374, 374, 374, 374, 374, 374, 374, 374, 374, 374, 374, 374, 374, 374, 374, 374, 374, 374, 374, 374, 374, 374, 374, 374, 374, 374, 374, 374, 374, 374, 374, 374, 374, 374, 374, 374, 374, 374, 374, 374, 374, 374, 374, 374, 374, 374, 374, 374, 374, 374, 374, 374, 374, 374, 374, 374, 374, 374, 374, 374, 374, 374, 374, 374, 374, 374, 374, 374, 374, 374, 374, 374, 374, 374, 374, 374, 374, 374, 374, 374, 374, 374, 374, 374, 374, 374, 374, 374, 374, 374, 374, 374, 374, 374, 374, 374, 374, 374, 374, 374, 374, 374, 374, 374, 374, 374, 374, 374, 374, 374, 374, 374, 374, 374, 374, 374, 374, 374, 374, 374, 374, 374, 374, 374, 374, 374, 374, 374, 374, 374, 374, 374, 374, 374, 374, 374, 374, 374, 374, 374, 374, 374, 374, 374, 374, 374, 374, 374, 374, 374, 374, 374, 374, 374, 374, 374, 374, 374, 374, 374, 374, 374, 374, 374, 374, 374, 374, 374, 374, 374, 374, 374, 374, 374, 374, 374, 374, 374, 374, 374, 374, 374, 374, 374, 374, 374, 374, 374, 374, 374, 374, 374, 374, 374, 374, 374, 374, 374, 374, 374, 374, 374, 374, 374, 374, 374, 374, 374, 374, 374, 374, 374, 374, 374, 374, 374, 374, 374, 374, 374, 374, 374, 374, 374, 374, 374, 374, 374, 374, 374, 374, 374, 374, 374, 374]

ep155
Train step Loss: [0.9463015794754028, 0.9463277459144592, 0.9462597966194153, 0.946291446685791, 0.9463137984275818, 0.9465680718421936, 0.946319043636322, 0.9463603496551514, 0.9462424516677856, 0.9464865326881409, 0.9462319016456604, 0.9462504982948303, 0.9462125897407532, 0.9462772607803345, 0.9463500380516052, 0.9462140798568726, 0.9462847113609314, 0.9462403655052185, 0.9462220668792725, 0.9463106393814087, 0.9462846517562866, 0.946185290813446, 0.9462132453918457, 0.9462164044380188, 0.9463927745819092, 0.9461762309074402, 0.9461703896522522, 0.9462301135063171, 0.946303129196167, 0.9462480545043945, 0.9462368488311768, 0.9462767839431763, 0.9462850689888, 0.946331262588501, 0.9461574554443359, 0.9462602138519287, 0.946292519569397, 0.9462210536003113, 0.9461574554443359, 0.9462100267410278, 0.9463412761688232, 0.9462464451789856, 0.9462200999259949, 0.9463660717010498, 0.9465771913528442, 0.946235179901123, 0.9461723566055298, 0.9461967349052429, 0.9461928606033325, 0.9462520480155945, 0.9463353157043457, 0.9461421370506287, 0.9462913274765015, 0.9462302923202515, 0.9462390542030334, 0.9462584853172302, 0.9462797045707703, 0.9462352991104126, 0.9464911222457886, 0.9462987184524536, 0.946333646774292, 0.9463447332382202, 0.9462302327156067, 0.9461489319801331, 0.9463037252426147, 0.9463227987289429, 0.9462835192680359, 0.9463425874710083, 0.9462540149688721, 0.9462494254112244, 0.9461783170700073, 0.9462685585021973, 0.9462013840675354, 0.9462969899177551, 0.9461923837661743, 0.9462923407554626, 0.9462054371833801, 0.946171224117279, 0.946290910243988, 0.9462788105010986, 0.9464066028594971, 0.9462668299674988, 0.9462204575538635, 0.9463341236114502, 0.9462697505950928, 0.9461524486541748, 0.9462881684303284, 0.9462949633598328, 0.9462262988090515, 0.9462365508079529, 0.9461897611618042, 0.9462978839874268, 0.9462829232215881, 0.946317732334137, 0.9461707472801208, 0.9462114572525024, 0.9462749361991882, 0.9462939500808716, 0.946193277835846, 0.9463220834732056, 0.9462047219276428, 0.9463435411453247, 0.9462536573410034, 0.9462556838989258, 0.9463805556297302]
val step Loss: [0.9472612738609314, 0.9510132670402527, 0.9472846984863281, 0.9470370411872864, 0.9496817588806152, 0.947217583656311, 0.947147786617279, 0.9472844004631042, 0.9472071528434753, 0.9471036195755005, 0.9470826983451843, 0.9469513297080994, 0.9471402168273926, 0.9470904469490051, 0.9470470547676086, 0.9483134150505066, 0.9471260905265808, 0.9472588300704956, 0.9471936225891113, 0.9471277594566345, 0.9472527503967285, 0.9524954557418823, 0.9471531510353088, 0.947452962398529, 0.9480758905410767, 0.9480639696121216, 0.947052001953125]
Train step Accs: [1.0, 1.0, 1.0, 1.0, 1.0, 1.0, 1.0, 1.0, 1.0, 1.0, 1.0, 1.0, 1.0, 1.0, 1.0, 1.0, 1.0, 1.0, 1.0, 1.0, 1.0, 1.0, 1.0, 1.0, 1.0, 1.0, 1.0, 1.0, 1.0, 1.0, 1.0, 1.0, 1.0, 1.0, 1.0, 1.0, 1.0, 1.0, 1.0, 1.0, 1.0, 1.0, 1.0, 1.0, 1.0, 1.0, 1.0, 1.0, 1.0, 1.0, 1.0, 1.0, 1.0, 1.0, 1.0, 1.0, 1.0, 1.0, 1.0, 1.0, 1.0, 1.0, 1.0, 1.0, 1.0, 1.0, 1.0, 1.0, 1.0, 1.0, 1.0, 1.0, 1.0, 1.0, 1.0, 1.0, 1.0, 1.0, 1.0, 1.0, 1.0, 1.0, 1.0, 1.0, 1.0, 1.0, 1.0, 1.0, 1.0, 1.0, 1.0, 1.0, 1.0, 1.0, 1.0, 1.0, 1.0, 1.0, 1.0, 1.0, 1.0, 1.0, 1.0, 1.0, 1.0]
val step Accs: [1.0, 0.9992690058479532, 1.0, 1.0, 0.999490575649516, 1.0, 1.0, 1.0, 1.0, 1.0, 1.0, 1.0, 1.0, 1.0, 1.0, 0.999830364715861, 1.0, 1.0, 1.0, 1.0, 1.0, 0.9990642545227698, 1.0, 1.0, 0.9998218104062723, 0.999839820599071, 1.0]
Preds: [17, 17, 7, 309, 309, 479, 479, 398, 464, 464, 443, 139, 460, 460, 169, 169, 35, 205, 352, 261, 25, 485, 485, 374, 374, 458, 259, 144, 441, 351, 84, 275, 375, 375, 98, 98, 98, 414, 259, 126, 126, 326, 326, 101, 408, 320, 321, 7, 152, 152, 378, 378, 378, 345, 174, 174, 174, 319, 319, 319, 167, 167, 167, 35, 35, 183, 451, 30, 30, 30, 301, 422, 259, 144, 437, 106, 284, 405, 306, 206, 285, 285, 499, 284, 284, 284, 481, 481, 297, 297, 297, 297, 297, 297, 297, 293, 293, 88, 109, 109, 146, 146, 324, 301, 301, 301, 42, 132, 132, 132, 132, 132, 132, 132, 374, 213, 246, 246, 246, 19, 19, 19, 454, 454, 229, 247, 126, 126, 326, 408, 408, 321, 321, 320, 83, 83, 84, 84, 240, 240, 285, 285, 331, 106, 284, 284, 284, 284, 481, 293, 293, 293, 88, 88, 346, 346, 284, 284, 206, 206, 206, 215, 35, 354, 29, 106, 84, 319, 203, 285, 285, 199, 242, 330, 330, 330, 379, 77, 77, 342, 342, 224, 224, 267, 267, 444, 434, 434, 339, 76, 465, 445, 445, 351, 351, 351, 264, 264, 264, 120, 120, 120, 330, 240, 240, 314, 8, 8, 473, 109, 264, 264, 264, 264, 264, 264, 468, 468, 468, 337, 337, 464, 464, 464, 464, 145, 376, 282, 282, 169, 271, 150, 342, 342, 224, 224, 30, 378, 399, 473, 473, 65, 443, 330, 240, 368, 453, 168, 273, 443, 443, 443, 240, 240, 146, 146, 324, 324, 464, 464, 464, 180, 180, 486, 486, 376, 460, 460, 240, 240, 368, 453, 168, 168, 273, 84, 84, 84, 84, 350, 350, 413, 375, 375, 375, 375, 98, 98, 229, 229, 247, 312, 292, 292, 326, 326, 326, 101, 408, 149, 244, 321, 320, 451, 451, 451, 351, 286, 264, 264, 468, 468, 468, 337, 337, 171, 171, 171, 252, 252, 310, 310, 107, 107, 447, 395, 395, 494, 153, 88, 88, 346, 284, 284, 426, 426, 426, 293, 293, 43, 345, 109, 109, 428, 146, 146, 438, 301, 378, 43, 345, 65, 174, 319, 319, 428, 460, 330, 240, 150, 449, 183, 451, 324, 324, 301, 301, 8, 219, 398, 398, 477, 374, 374, 42, 147, 109, 139, 139, 139, 139, 139, 216, 219, 219, 324, 324, 301, 301, 325, 420, 420, 324, 324, 301, 374, 378, 88, 88, 109, 109, 346, 428, 443, 240, 240, 271, 150, 449, 224, 494, 494, 324, 219, 219, 219, 219, 219, 213, 213, 213, 213, 246, 246, 246, 246, 246, 374, 132, 132, 134, 134, 98, 17, 420, 374, 374, 374, 374, 374, 374, 374, 374, 374, 374, 374, 374, 374, 374, 374, 374, 374, 374, 374, 374, 374, 374, 374, 374, 374, 374, 374, 374, 374, 374, 374, 374, 374, 374, 374, 374, 374, 374, 374, 374, 374, 374, 374, 374, 374, 374, 374, 374, 374, 374, 374, 374, 374, 374, 374, 374, 374, 374, 374, 374, 374, 374, 374, 374, 374, 374, 374, 374, 374, 374, 374, 374, 374, 374, 374, 374, 374, 374, 374, 374, 374, 374, 374, 374, 374, 374, 374, 374, 374, 374, 374, 374, 374, 374, 374, 374, 374, 374, 374, 374, 374, 374, 374, 374, 374, 374, 374, 374, 374, 374, 374, 374, 374, 374, 374, 374, 374, 374, 374, 374, 374, 374, 374, 374, 374, 374, 374, 374, 374, 374, 374, 374, 374, 374, 374, 374, 374, 374, 374, 374, 374, 374, 374, 374, 374, 374, 374, 374, 374, 374, 374, 374, 374, 374, 374, 374, 374, 374, 374, 374, 374, 374, 374, 374, 374]

ep156
Train step Loss: [0.9462866187095642, 0.9463388323783875, 0.9463369846343994, 0.9463616609573364, 0.9462931752204895, 0.9463163018226624, 0.9462665319442749, 0.9462599158287048, 0.9462271928787231, 0.946346640586853, 0.9461871385574341, 0.9464739561080933, 0.9461868405342102, 0.9462145566940308, 0.9463964104652405, 0.9462101459503174, 0.9461798667907715, 0.9462292790412903, 0.9462831616401672, 0.9463683366775513, 0.9463632106781006, 0.946239173412323, 0.9463069438934326, 0.9462363123893738, 0.9462814927101135, 0.9462560415267944, 0.9465761780738831, 0.9461715817451477, 0.9462459087371826, 0.9461765289306641, 0.9462378621101379, 0.9462116360664368, 0.9461756348609924, 0.9464032649993896, 0.9465569257736206, 0.946200430393219, 0.9462864398956299, 0.9461934566497803, 0.9461992979049683, 0.9462184906005859, 0.9462973475456238, 0.9462488889694214, 0.9462778568267822, 0.9461073875427246, 0.946342945098877, 0.9462112188339233, 0.9462498426437378, 0.9462422728538513, 0.9461738467216492, 0.9462326169013977, 0.9462213516235352, 0.9464337825775146, 0.9461243748664856, 0.9462783932685852, 0.946153998374939, 0.9462121725082397, 0.9464542865753174, 0.9462787508964539, 0.9462332725524902, 0.9466181397438049, 0.9462257027626038, 0.9463276267051697, 0.9462617039680481, 0.9462819695472717, 0.9463617205619812, 0.9462490081787109, 0.9463143348693848, 0.9463066458702087, 0.9461722373962402, 0.9461856484413147, 0.9463211894035339, 0.9463013410568237, 0.946192741394043, 0.9463082551956177, 0.9462435841560364, 0.9462614059448242, 0.9462041258811951, 0.9462301731109619, 0.9462462663650513, 0.9463165998458862, 0.9462785720825195, 0.946259081363678, 0.9461807012557983, 0.9461947083473206, 0.9462240934371948, 0.9462606310844421, 0.9462555646896362, 0.946179986000061, 0.9461610317230225, 0.9463690519332886, 0.9461750984191895, 0.9464410543441772, 0.9461912512779236, 0.9461894035339355, 0.9463140368461609, 0.9462433457374573, 0.9461753368377686, 0.9462645053863525, 0.9462960362434387, 0.9462499022483826, 0.9462279677391052, 0.9462211728096008, 0.9463387727737427, 0.9462581872940063, 0.9462400674819946]
val step Loss: [0.9481197595596313, 0.9471184611320496, 0.9478684663772583, 0.9471119046211243, 0.9468206763267517, 0.9473821520805359, 0.9471403956413269, 0.9470005035400391, 0.9471110701560974, 0.9470445513725281, 0.9488592743873596, 0.9468843340873718, 0.9469197988510132, 0.9469927549362183, 0.9473198056221008, 0.9470056891441345, 0.9471416473388672, 0.9526705741882324, 0.9468841552734375, 0.9511429071426392, 0.9468671679496765, 0.9470949172973633, 0.9472150802612305, 0.9469652771949768, 0.9468351602554321, 0.9470790028572083, 0.9521786570549011]
Train step Accs: [1.0, 1.0, 1.0, 1.0, 1.0, 1.0, 1.0, 1.0, 1.0, 1.0, 1.0, 1.0, 1.0, 1.0, 1.0, 1.0, 1.0, 1.0, 1.0, 1.0, 1.0, 1.0, 1.0, 1.0, 1.0, 1.0, 1.0, 1.0, 1.0, 1.0, 1.0, 1.0, 1.0, 1.0, 1.0, 1.0, 1.0, 1.0, 1.0, 1.0, 1.0, 1.0, 1.0, 1.0, 1.0, 1.0, 1.0, 1.0, 1.0, 1.0, 1.0, 1.0, 1.0, 1.0, 1.0, 1.0, 1.0, 1.0, 1.0, 1.0, 1.0, 1.0, 1.0, 1.0, 1.0, 1.0, 1.0, 1.0, 1.0, 1.0, 1.0, 1.0, 1.0, 1.0, 1.0, 1.0, 1.0, 1.0, 1.0, 1.0, 1.0, 1.0, 1.0, 1.0, 1.0, 1.0, 1.0, 1.0, 1.0, 1.0, 1.0, 1.0, 1.0, 1.0, 1.0, 1.0, 1.0, 1.0, 1.0, 1.0, 1.0, 1.0, 1.0, 1.0, 1.0]
val step Accs: [0.9998248686514886, 1.0, 0.9998322147651006, 1.0, 1.0, 1.0, 1.0, 1.0, 1.0, 1.0, 0.9996587613035318, 1.0, 1.0, 1.0, 1.0, 1.0, 1.0, 0.998979889245118, 1.0, 0.9992465624411377, 1.0, 1.0, 1.0, 1.0, 1.0, 1.0, 0.9992700729927008]
Preds: [17, 17, 7, 479, 398, 278, 278, 278, 330, 143, 77, 77, 108, 224, 168, 273, 494, 139, 496, 406, 406, 406, 337, 337, 337, 337, 464, 301, 301, 301, 94, 331, 331, 331, 284, 284, 481, 481, 481, 293, 375, 375, 98, 98, 229, 229, 247, 312, 23, 101, 101, 101, 321, 287, 287, 287, 287, 287, 111, 111, 111, 167, 167, 35, 35, 345, 345, 109, 174, 139, 139, 240, 240, 285, 285, 34, 106, 139, 139, 293, 293, 293, 293, 186, 77, 323, 323, 224, 142, 494, 494, 43, 43, 43, 276, 276, 65, 284, 284, 284, 426, 426, 426, 426, 450, 293, 293, 293, 43, 276, 65, 346, 284, 284, 405, 405, 405, 206, 293, 293, 43, 43, 345, 109, 109, 109, 499, 85, 85, 85, 85, 146, 146, 146, 146, 337, 219, 324, 324, 152, 301, 374, 468, 467, 467, 467, 337, 464, 120, 120, 207, 37, 143, 8, 259, 354, 109, 109, 109, 84, 355, 240, 240, 37, 116, 250, 250, 473, 420, 420, 420, 324, 422, 422, 186, 162, 54, 482, 482, 482, 482, 273, 273, 273, 106, 153, 106, 372, 406, 406, 406, 406, 467, 467, 467, 355, 355, 355, 355, 355, 452, 263, 263, 229, 312, 292, 23, 23, 23, 23, 101, 101, 149, 321, 412, 83, 83, 55, 55, 55, 322, 322, 322, 77, 342, 342, 115, 273, 273, 470, 443, 315, 315, 139, 139, 450, 293, 293, 293, 43, 345, 109, 109, 428, 146, 146, 146, 324, 3, 301, 301, 143, 259, 259, 354, 346, 346, 265, 428, 428, 146, 146, 146, 330, 240, 285, 34, 34, 324, 324, 324, 324, 422, 143, 259, 75, 75, 108, 68, 119, 119, 351, 351, 278, 470, 470, 180, 443, 315, 315, 315, 450, 450, 450, 450, 169, 169, 402, 155, 155, 437, 437, 499, 306, 306, 206, 206, 240, 240, 251, 251, 241, 431, 431, 376, 376, 376, 376, 460, 460, 169, 150, 77, 77, 433, 68, 68, 68, 68, 115, 267, 267, 267, 267, 444, 213, 246, 246, 19, 19, 454, 229, 414, 247, 126, 126, 326, 326, 408, 408, 408, 320, 320, 320, 451, 451, 213, 213, 213, 324, 301, 339, 339, 250, 250, 276, 276, 174, 346, 346, 284, 284, 284, 405, 206, 206, 85, 167, 167, 35, 35, 321, 354, 354, 109, 109, 109, 264, 264, 264, 264, 264, 468, 468, 406, 467, 467, 89, 135, 328, 143, 143, 458, 445, 445, 445, 171, 171, 171, 171, 252, 143, 445, 445, 445, 445, 445, 485, 286, 286, 286, 286, 286, 468, 406, 406, 406, 467, 337, 337, 41, 41, 324, 19, 19, 19, 19, 454, 414, 229, 244, 244, 392, 392, 292, 408, 408, 408, 408, 244, 320, 321, 7, 7, 219, 219, 219, 219, 219, 213, 213, 213, 213, 213, 213, 213, 213, 246, 246, 246, 246, 246, 246, 301, 301, 374, 485, 420, 278, 171, 171, 171, 171, 301, 301, 378, 399, 280, 65, 65, 319, 319, 486, 376, 460, 460, 169, 169, 150, 150, 99, 338, 338, 338, 338, 338, 400, 400, 400, 400, 444, 444, 213, 246, 246, 246, 246, 246, 246, 3, 197, 197, 321, 354, 345, 345, 100, 153, 153, 153, 497, 43, 43, 364, 320, 364, 276, 276, 153, 153, 153, 182, 182, 182, 182, 182, 182, 182, 182, 122, 243, 321, 198, 81, 81, 275, 275, 275, 275, 303, 303, 243, 17, 420, 374, 374, 374, 374, 374, 374, 374, 374, 374, 374, 374, 374, 374, 374, 374, 374, 374, 374, 374, 374, 374, 374, 374, 374, 374, 374, 374, 374, 374, 374, 374, 374, 374, 374, 374, 374]

