ep175
Train step Loss: [0.9459804892539978, 0.9460951685905457, 0.9459664821624756, 0.9461409449577332, 0.9460289478302002, 0.9461038112640381, 0.9461163878440857, 0.9460220336914062, 0.9459959268569946, 0.9461157321929932, 0.946101188659668, 0.9460123181343079, 0.9460554122924805, 0.9460221529006958, 0.9459555149078369, 0.9461259841918945, 0.9460169076919556, 0.945982813835144, 0.9460221529006958, 0.9460095763206482, 0.9460732340812683, 0.9460321068763733, 0.9460494518280029, 0.9460251331329346, 0.9460083842277527, 0.9460213780403137, 0.9459646940231323, 0.9460075497627258, 0.945986270904541, 0.9460351467132568, 0.9460825324058533, 0.9460136294364929, 0.9460379481315613, 0.9460160732269287, 0.9461065530776978, 0.9461710453033447, 0.9460955262184143, 0.9460563063621521, 0.945918619632721, 0.9459334015846252, 0.9460545778274536, 0.9460751414299011, 0.9463196992874146, 0.9460115432739258, 0.9459615349769592, 0.9460712671279907, 0.9460459351539612, 0.9460476040840149, 0.9460856318473816, 0.9460697770118713, 0.9460230469703674, 0.9460508823394775, 0.9459973573684692, 0.9460102319717407, 0.9462425708770752, 0.9460228085517883, 0.946002185344696, 0.946104109287262, 0.9461191296577454, 0.9460877180099487, 0.9460590481758118, 0.946271538734436, 0.9459812045097351, 0.9460309743881226, 0.9460334777832031, 0.946007490158081, 0.9460829496383667, 0.9460299015045166, 0.9460650086402893, 0.9460374712944031, 0.94598388671875, 0.946063220500946, 0.9460766315460205, 0.9461231827735901, 0.9459177255630493, 0.9461115598678589, 0.9460121393203735, 0.9460908770561218, 0.946063220500946, 0.9461913108825684, 0.9460415840148926, 0.9459688663482666, 0.9460964798927307, 0.9460713863372803, 0.9460431933403015, 0.9460000395774841, 0.9459763765335083, 0.9460784196853638, 0.9459732174873352, 0.9460269808769226, 0.945987343788147, 0.9460995197296143, 0.9459904432296753, 0.9460293054580688, 0.945995569229126, 0.9460771083831787, 0.9459893107414246, 0.9459956288337708, 0.9460155963897705, 0.9459839463233948, 0.9460548162460327, 0.945927619934082, 0.9459041953086853, 0.946020245552063, 0.9460707306861877]
val step Loss: [0.9488756656646729, 0.9484069347381592, 0.946499764919281, 0.9526275992393494, 0.9467967748641968, 0.9465266466140747, 0.9467048048973083, 0.9467489123344421, 0.9469736218452454, 0.9471150040626526, 0.9466526508331299, 0.9465122818946838, 0.946747362613678, 0.9467665553092957, 0.9468666911125183, 0.9466679096221924, 0.9476548433303833, 0.9468122720718384, 0.9467653632164001, 0.9467170238494873, 0.9476088881492615, 0.9467247724533081, 0.9506964087486267, 0.9468851089477539, 0.946744441986084, 0.947018027305603, 0.9467002153396606]
Train step Accs: [1.0, 1.0, 1.0, 1.0, 1.0, 1.0, 1.0, 1.0, 1.0, 1.0, 1.0, 1.0, 1.0, 1.0, 1.0, 1.0, 1.0, 1.0, 1.0, 1.0, 1.0, 1.0, 1.0, 1.0, 1.0, 1.0, 1.0, 1.0, 1.0, 1.0, 1.0, 1.0, 1.0, 1.0, 1.0, 1.0, 1.0, 1.0, 1.0, 1.0, 1.0, 1.0, 1.0, 1.0, 1.0, 1.0, 1.0, 1.0, 1.0, 1.0, 1.0, 1.0, 1.0, 1.0, 1.0, 1.0, 1.0, 1.0, 1.0, 1.0, 1.0, 1.0, 1.0, 1.0, 1.0, 1.0, 1.0, 1.0, 1.0, 1.0, 1.0, 1.0, 1.0, 1.0, 1.0, 1.0, 1.0, 1.0, 1.0, 1.0, 1.0, 1.0, 1.0, 1.0, 1.0, 1.0, 1.0, 1.0, 1.0, 1.0, 1.0, 1.0, 1.0, 1.0, 1.0, 1.0, 1.0, 1.0, 1.0, 1.0, 1.0, 1.0, 1.0, 1.0, 1.0]
val step Accs: [0.9996630727762803, 0.9997021593447506, 1.0, 0.9989165763813651, 1.0, 1.0, 1.0, 1.0, 1.0, 1.0, 1.0, 1.0, 1.0, 1.0, 1.0, 1.0, 0.9998456551937027, 1.0, 1.0, 1.0, 0.9998104624715694, 1.0, 0.9993044687880369, 1.0, 1.0, 1.0, 1.0]
Preds: [17, 17, 152, 152, 152, 378, 378, 43, 276, 345, 345, 109, 174, 284, 319, 240, 240, 240, 314, 239, 82, 82, 449, 371, 444, 213, 324, 324, 324, 286, 301, 132, 42, 42, 147, 380, 380, 288, 443, 432, 330, 330, 388, 33, 33, 64, 394, 398, 219, 464, 464, 464, 180, 315, 315, 450, 450, 293, 43, 43, 43, 364, 276, 276, 276, 276, 346, 346, 284, 284, 284, 284, 376, 376, 206, 206, 85, 85, 240, 388, 251, 251, 251, 251, 251, 251, 241, 431, 355, 355, 452, 263, 263, 263, 420, 374, 374, 374, 374, 374, 374, 374, 374, 374, 374, 374, 374, 374, 374, 374, 374, 374, 374, 374, 374, 374, 374, 374, 374, 374, 374, 374, 374, 374, 374, 374, 374, 374, 374, 374, 374, 374, 374, 374, 374, 374, 374, 374, 374, 374, 374, 374, 374, 374, 374, 374, 374, 374, 374, 374, 374, 374, 374, 374, 374, 374, 374, 374, 374, 374, 374, 374, 374, 374, 374, 374, 374, 374, 374, 374, 374, 374, 374, 374, 374, 374, 374, 374, 374, 374, 374, 374, 374, 374, 374, 374, 374, 374, 374, 374, 374, 374, 374, 374, 374, 374, 374, 374, 374, 374, 374, 374, 374, 374, 374, 374, 374, 374, 374, 374, 374, 374, 374, 374, 374, 374, 374, 374, 374, 374, 374, 374, 374, 374, 374, 374, 374, 374, 374, 374, 374, 374, 374, 374, 374, 374, 374, 374, 374, 374, 374, 374, 374, 374, 374, 374, 374, 374, 374, 374, 374, 374, 374, 374, 374, 374, 374, 374, 374, 374, 374, 374, 374, 374, 374, 374, 374, 374, 374, 374, 374, 374, 374, 374, 374, 374, 374, 374, 374, 374, 374, 374, 374, 374, 374, 374, 374, 374, 374, 374, 374, 374, 374, 374, 374, 374, 374, 374, 374, 374, 374, 374, 374, 374, 374, 374, 374, 374, 374, 374, 374, 374, 374, 374, 374, 374, 374, 374, 374, 374, 374, 374, 374, 374, 374, 374, 374, 374, 374, 374, 374, 374, 374, 374, 374, 374, 374, 374, 374, 374, 374, 374, 374, 374, 374, 374, 374, 374, 374, 374, 374, 374, 374, 374, 374, 374, 374, 374, 374, 374, 374, 374, 374, 374, 374, 374, 374, 374, 374, 374, 374, 374, 374, 374, 374, 374, 374, 374, 374, 374, 374, 374, 374, 374, 374, 374, 374, 374, 374, 374, 374, 374, 374, 374, 374, 374, 374, 374, 374, 374, 374, 374, 374, 374, 374, 374, 374, 374, 374, 374, 374, 374, 374, 374, 374, 374, 374, 374, 374, 374, 374, 374, 374, 374, 374, 374, 374, 374, 374, 374, 374, 374, 374, 374, 374, 374, 374, 374, 374, 374, 374, 374, 374, 374, 374, 374, 374, 374, 374, 374, 374, 374, 374, 374, 374, 374, 374, 374, 374, 374, 374, 374, 374, 374, 374, 374, 374, 374, 374, 374, 374, 374, 374, 374, 374, 374, 374, 374, 374, 374, 374, 374, 374, 374, 374, 374, 374, 374, 374, 374, 374, 374, 374, 374, 374, 374, 374, 374, 374, 374, 374, 374, 374, 374, 374, 374, 374, 374, 374, 374, 374, 374, 374, 374, 374, 374, 374, 374, 374, 374, 374, 374, 374, 374, 374, 374, 374, 374, 374, 374, 374, 374, 374, 374, 374, 374, 374, 374, 374, 374, 374, 374, 374, 374, 374, 374, 374, 374, 374, 374, 374, 374, 374, 374, 374, 374, 374, 374, 374, 374, 374, 374, 374, 374, 374, 374, 374, 374, 374, 374, 374, 374, 374, 374, 374, 374, 374, 374, 374, 374, 374, 374, 374, 374, 374, 374, 374, 374, 374, 374, 374, 374, 374, 374, 374, 374, 374, 374, 374, 374]

ep176
Train step Loss: [0.9459853172302246, 0.946133553981781, 0.945993185043335, 0.9462543725967407, 0.9462117552757263, 0.9459842443466187, 0.9461091160774231, 0.9460347890853882, 0.9459458589553833, 0.9460074305534363, 0.946044385433197, 0.9461091160774231, 0.9459875822067261, 0.9461240172386169, 0.9459720253944397, 0.9460447430610657, 0.9463139176368713, 0.9460950493812561, 0.946007251739502, 0.9461313486099243, 0.946082592010498, 0.9460946917533875, 0.9461252689361572, 0.9460039138793945, 0.9460152387619019, 0.9460231065750122, 0.9460530281066895, 0.9460233449935913, 0.946060836315155, 0.9461305141448975, 0.9461034536361694, 0.9460323452949524, 0.9461283087730408, 0.9459974765777588, 0.9460962414741516, 0.9460222125053406, 0.946044921875, 0.9459924101829529, 0.9460749626159668, 0.9460503458976746, 0.946020245552063, 0.9460732340812683, 0.9461087584495544, 0.946042537689209, 0.9460480213165283, 0.9461005330085754, 0.9460410475730896, 0.9460273385047913, 0.9460389614105225, 0.9459982514381409, 0.9460006952285767, 0.9461118578910828, 0.9461655020713806, 0.9459969997406006, 0.946095883846283, 0.9460455179214478, 0.9460886120796204, 0.9459503889083862, 0.9459547400474548, 0.9460315108299255, 0.9459613561630249, 0.9460209608078003, 0.9460540413856506, 0.9459739327430725, 0.946060836315155, 0.9459684491157532, 0.9461247324943542, 0.9461443424224854, 0.9460230469703674, 0.9459261298179626, 0.9460349678993225, 0.946070671081543, 0.9460830688476562, 0.9460279941558838, 0.9460659027099609, 0.9459704160690308, 0.9460519552230835, 0.9460119605064392, 0.9461174607276917, 0.9460707306861877, 0.9460455775260925, 0.9459829330444336, 0.946051299571991, 0.9460219740867615, 0.9460679292678833, 0.9460493922233582, 0.9460868239402771, 0.9460808634757996, 0.9460388422012329, 0.9460828900337219, 0.9460541605949402, 0.9460563659667969, 0.9459717273712158, 0.9460210204124451, 0.9460412859916687, 0.9460588693618774, 0.9461158514022827, 0.9460405707359314, 0.9462047815322876, 0.9461022615432739, 0.9460781216621399, 0.9459889531135559, 0.9459930062294006, 0.9461234211921692, 0.9459936618804932]
val step Loss: [0.9468942284584045, 0.9467119574546814, 0.9467564821243286, 0.946733295917511, 0.946838915348053, 0.9477408528327942, 0.9477684497833252, 0.9470874667167664, 0.9467742443084717, 0.9467809796333313, 0.9467381834983826, 0.9580279588699341, 0.9468435049057007, 0.9467219710350037, 0.9477948546409607, 0.946785569190979, 0.9466567635536194, 0.9468616843223572, 0.9469987154006958, 0.9468869566917419, 0.9475570321083069, 0.9467176198959351, 0.9467970132827759, 0.9466953277587891, 0.9468355178833008, 0.946775496006012, 0.9466869235038757]
Train step Accs: [1.0, 1.0, 1.0, 1.0, 1.0, 1.0, 1.0, 1.0, 1.0, 1.0, 1.0, 1.0, 1.0, 1.0, 1.0, 1.0, 1.0, 1.0, 1.0, 1.0, 1.0, 1.0, 1.0, 1.0, 1.0, 1.0, 1.0, 1.0, 1.0, 1.0, 1.0, 1.0, 1.0, 1.0, 1.0, 1.0, 1.0, 1.0, 1.0, 1.0, 1.0, 1.0, 1.0, 1.0, 1.0, 1.0, 1.0, 1.0, 1.0, 1.0, 1.0, 1.0, 1.0, 1.0, 1.0, 1.0, 1.0, 1.0, 1.0, 1.0, 1.0, 1.0, 1.0, 1.0, 1.0, 1.0, 1.0, 1.0, 1.0, 1.0, 1.0, 1.0, 1.0, 1.0, 1.0, 1.0, 1.0, 1.0, 1.0, 1.0, 1.0, 1.0, 1.0, 1.0, 1.0, 1.0, 1.0, 1.0, 1.0, 1.0, 1.0, 1.0, 1.0, 1.0, 1.0, 1.0, 1.0, 1.0, 1.0, 1.0, 1.0, 1.0, 1.0, 1.0, 1.0]
val step Accs: [1.0, 1.0, 1.0, 1.0, 1.0, 0.99981556621173, 0.9998213009292352, 1.0, 1.0, 1.0, 1.0, 0.9979256698357822, 1.0, 1.0, 0.9998423707440101, 1.0, 1.0, 1.0, 1.0, 1.0, 0.9998325238653492, 1.0, 1.0, 1.0, 1.0, 1.0, 1.0]
Preds: [17, 17, 441, 153, 153, 153, 424, 387, 497, 497, 122, 122, 35, 35, 259, 384, 371, 180, 180, 84, 84, 139, 16, 16, 375, 375, 375, 375, 98, 98, 98, 13, 13, 414, 414, 249, 249, 20, 47, 312, 187, 187, 101, 101, 101, 101, 149, 149, 149, 321, 287, 287, 287, 287, 297, 297, 297, 293, 293, 293, 122, 216, 22, 106, 106, 106, 284, 284, 284, 284, 306, 306, 372, 245, 406, 406, 284, 65, 284, 284, 284, 376, 376, 282, 282, 169, 271, 150, 77, 342, 342, 168, 97, 483, 196, 196, 479, 199, 199, 199, 360, 360, 330, 252, 368, 310, 310, 395, 395, 213, 278, 278, 278, 252, 368, 77, 453, 453, 168, 485, 301, 301, 374, 199, 106, 84, 84, 84, 84, 496, 293, 215, 215, 8, 251, 241, 241, 106, 106, 106, 284, 426, 405, 387, 387, 406, 406, 467, 467, 337, 207, 207, 19, 358, 233, 414, 417, 417, 417, 417, 442, 442, 414, 170, 102, 491, 312, 292, 292, 292, 292, 326, 326, 408, 408, 408, 228, 321, 320, 451, 30, 30, 422, 99, 338, 338, 338, 338, 400, 400, 400, 400, 171, 171, 301, 301, 378, 43, 364, 345, 345, 109, 109, 476, 476, 171, 324, 324, 301, 301, 8, 259, 354, 354, 420, 420, 420, 324, 324, 301, 251, 251, 241, 241, 331, 443, 443, 443, 443, 120, 120, 120, 120, 207, 207, 207, 207, 37, 203, 399, 217, 217, 473, 473, 476, 476, 171, 171, 171, 171, 252, 252, 310, 453, 107, 395, 444, 213, 213, 360, 252, 252, 368, 77, 54, 54, 224, 168, 494, 278, 301, 116, 251, 251, 241, 431, 431, 486, 376, 376, 376, 376, 376, 460, 460, 460, 240, 240, 35, 198, 384, 371, 114, 180, 84, 84, 84, 387, 372, 467, 467, 467, 467, 467, 207, 207, 207, 19, 19, 17, 420, 374, 374, 374, 374, 374, 374, 374, 374, 374, 374, 374, 374, 374, 374, 374, 374, 374, 374, 374, 374, 374, 374, 374, 374, 374, 374, 374, 374, 374, 374, 374, 374, 374, 374, 374, 374, 374, 374, 374, 374, 374, 374, 374, 374, 374, 374, 374, 374, 374, 374, 374, 374, 374, 374, 374, 374, 374, 374, 374, 374, 374, 374, 374, 374, 374, 374, 374, 374, 374, 374, 374, 374, 374, 374, 374, 374, 374, 374, 374, 374, 374, 374, 374, 374, 374, 374, 374, 374, 374, 374, 374, 374, 374, 374, 374, 374, 374, 374, 374, 374, 374, 374, 374, 374, 374, 374, 374, 374, 374, 374, 374, 374, 374, 374, 374, 374, 374, 374, 374, 374, 374, 374, 374, 374, 374, 374, 374, 374, 374, 374, 374, 374, 374, 374, 374, 374, 374, 374, 374, 374, 374, 374, 374, 374, 374, 374, 374, 374, 374, 374, 374, 374, 374, 374, 374, 374, 374, 374, 374, 374, 374, 374, 374, 374, 374, 374, 374, 374, 374, 374, 374, 374, 374, 374, 374, 374, 374, 374, 374, 374, 374, 374, 374, 374, 374, 374, 374, 374, 374, 374, 374, 374, 374, 374, 374, 374, 374, 374, 374, 374, 374, 374, 374, 374, 374, 374, 374, 374, 374, 374, 374, 374, 374, 374, 374, 374, 374, 374, 374, 374, 374, 374, 374, 374, 374, 374, 374, 374, 374, 374, 374, 374, 374, 374, 374, 374, 374, 374, 374, 374, 374, 374, 374, 374, 374, 374, 374, 374, 374, 374, 374, 374, 374, 374, 374, 374, 374, 374, 374, 374, 374, 374, 374, 374, 374, 374, 374, 374, 374, 374, 374, 374, 374, 374, 374, 374, 374, 374, 374, 374, 374, 374, 374, 374, 374, 374, 374, 374, 374]

ep177
Train step Loss: [0.9459585547447205, 0.9460073709487915, 0.9460329413414001, 0.9460705518722534, 0.9460789561271667, 0.9460129141807556, 0.946060061454773, 0.9461192488670349, 0.9460131525993347, 0.9459823966026306, 0.9460555911064148, 0.9460315704345703, 0.9459614753723145, 0.9459190368652344, 0.9460369348526001, 0.9460729360580444, 0.9460282921791077, 0.9460512399673462, 0.9460713267326355, 0.946082353591919, 0.9460274577140808, 0.9460176229476929, 0.9460607767105103, 0.9460740089416504, 0.9460681080818176, 0.9460405707359314, 0.9460691809654236, 0.9460862278938293, 0.9460132122039795, 0.9460320472717285, 0.946040153503418, 0.9460723996162415, 0.9460561871528625, 0.946036159992218, 0.9460247755050659, 0.9461008906364441, 0.9460216760635376, 0.9461563229560852, 0.9461687803268433, 0.9462376832962036, 0.9460984468460083, 0.9461314678192139, 0.9460132122039795, 0.9460816383361816, 0.94597327709198, 0.9460512399673462, 0.946157693862915, 0.946010172367096, 0.9462083578109741, 0.9460317492485046, 0.9460878968238831, 0.9459789395332336, 0.9460738301277161, 0.9460601806640625, 0.9460688829421997, 0.9460341930389404, 0.9461095333099365, 0.9460456371307373, 0.9460586309432983, 0.9460768699645996, 0.9461002349853516, 0.9460793733596802, 0.9459418058395386, 0.9459950923919678, 0.9460987448692322, 0.9460092186927795, 0.9460607767105103, 0.9459541440010071, 0.9462013840675354, 0.9460958242416382, 0.9459962844848633, 0.946006715297699, 0.9460756182670593, 0.9460622668266296, 0.9459643363952637, 0.9459946155548096, 0.946021556854248, 0.9459840655326843, 0.9461179971694946, 0.9460107088088989, 0.9460510015487671, 0.9460716247558594, 0.9460015892982483, 0.9459782242774963, 0.9460549354553223, 0.9459844827651978, 0.9459682106971741, 0.9460821151733398, 0.9460265636444092, 0.9460759162902832, 0.9459550380706787, 0.946094810962677, 0.946062445640564, 0.946290135383606, 0.9461127519607544, 0.9461017847061157, 0.9460694193840027, 0.946062445640564, 0.9460265636444092, 0.9460359811782837, 0.9460642337799072, 0.9460271596908569, 0.9460431337356567, 0.945968747138977, 0.9460090398788452]
val step Loss: [0.9466850757598877, 0.946688711643219, 0.9467278718948364, 0.9467732906341553, 0.9468629956245422, 0.946666955947876, 0.9467427730560303, 0.9467489719390869, 0.9469993114471436, 0.9477934241294861, 0.9468491077423096, 0.9468209743499756, 0.9467140436172485, 0.9469329118728638, 0.9468898773193359, 0.947011411190033, 0.9520468711853027, 0.9501944780349731, 0.9476770162582397, 0.9481992721557617, 0.9469054937362671, 0.9467353820800781, 0.9468142986297607, 0.947577714920044, 0.9484925866127014, 0.9468015432357788, 0.9466323256492615]
Train step Accs: [1.0, 1.0, 1.0, 1.0, 1.0, 1.0, 1.0, 1.0, 1.0, 1.0, 1.0, 1.0, 1.0, 1.0, 1.0, 1.0, 1.0, 1.0, 1.0, 1.0, 1.0, 1.0, 1.0, 1.0, 1.0, 1.0, 1.0, 1.0, 1.0, 1.0, 1.0, 1.0, 1.0, 1.0, 1.0, 1.0, 1.0, 1.0, 1.0, 1.0, 1.0, 1.0, 1.0, 1.0, 1.0, 1.0, 1.0, 1.0, 1.0, 1.0, 1.0, 1.0, 1.0, 1.0, 1.0, 1.0, 1.0, 1.0, 1.0, 1.0, 1.0, 1.0, 1.0, 1.0, 1.0, 1.0, 1.0, 1.0, 1.0, 1.0, 1.0, 1.0, 1.0, 1.0, 1.0, 1.0, 1.0, 1.0, 1.0, 1.0, 1.0, 1.0, 1.0, 1.0, 1.0, 1.0, 1.0, 1.0, 1.0, 1.0, 1.0, 1.0, 1.0, 1.0, 1.0, 1.0, 1.0, 1.0, 1.0, 1.0, 1.0, 1.0, 1.0, 1.0, 1.0]
val step Accs: [1.0, 1.0, 1.0, 1.0, 1.0, 1.0, 1.0, 1.0, 1.0, 0.99982341515098, 1.0, 1.0, 1.0, 1.0, 1.0, 1.0, 0.9990495802312688, 0.9993951308029638, 0.9998344370860928, 0.9997679275934092, 1.0, 1.0, 1.0, 0.999857020303117, 0.9996805622105095, 1.0, 1.0]
Preds: [17, 17, 17, 345, 442, 487, 152, 152, 152, 301, 378, 43, 276, 345, 109, 109, 284, 486, 460, 240, 240, 385, 314, 32, 239, 75, 384, 371, 191, 191, 240, 385, 143, 401, 244, 75, 127, 273, 180, 486, 486, 486, 460, 282, 167, 385, 457, 196, 196, 219, 398, 464, 464, 486, 486, 460, 460, 215, 215, 401, 401, 244, 321, 354, 420, 420, 324, 422, 77, 478, 68, 68, 68, 224, 273, 444, 444, 324, 301, 314, 217, 473, 398, 398, 324, 301, 10, 10, 309, 479, 380, 374, 213, 213, 213, 213, 246, 301, 301, 378, 29, 134, 134, 134, 203, 280, 337, 324, 324, 324, 324, 3, 464, 464, 145, 113, 206, 169, 349, 349, 205, 261, 261, 25, 100, 153, 153, 43, 43, 276, 276, 182, 387, 387, 387, 178, 129, 401, 244, 244, 208, 441, 100, 100, 100, 182, 182, 375, 98, 98, 229, 244, 244, 247, 126, 126, 326, 101, 101, 391, 228, 244, 244, 320, 287, 287, 287, 206, 240, 35, 36, 449, 449, 224, 168, 278, 464, 331, 315, 319, 450, 293, 43, 276, 182, 497, 497, 497, 122, 186, 349, 234, 234, 261, 25, 25, 106, 428, 428, 146, 146, 146, 171, 324, 324, 324, 324, 464, 464, 464, 464, 486, 486, 85, 85, 240, 251, 251, 251, 241, 431, 428, 428, 146, 146, 219, 219, 219, 219, 219, 464, 464, 443, 486, 486, 460, 460, 169, 169, 349, 352, 261, 25, 485, 152, 152, 422, 143, 458, 458, 75, 208, 441, 100, 100, 100, 98, 98, 48, 48, 17, 17, 420, 374, 374, 374, 374, 374, 374, 374, 374, 374, 374, 374, 374, 374, 374, 374, 374, 374, 374, 374, 374, 374, 374, 374, 374, 374, 374, 374, 374, 374, 374, 374, 374, 374, 374, 374, 374, 374, 374, 374, 374, 374, 374, 374, 374, 374, 374, 374, 374, 374, 374, 374, 374, 374, 374, 374, 374, 374, 374, 374, 374, 374, 374, 374, 374, 374, 374, 374, 374, 374, 374, 374, 374, 374, 374, 374, 374, 374, 374, 374, 374, 374, 374, 374, 374, 374, 374, 374, 374, 374, 374, 374, 374, 374, 374, 374, 374, 374, 374, 374, 374, 374, 374, 374, 374, 374, 374, 374, 374, 374, 374, 374, 374, 374, 374, 374, 374, 374, 374, 374, 374, 374, 374, 374, 374, 374, 374, 374, 374, 374, 374, 374, 374, 374, 374, 374, 374, 374, 374, 374, 374, 374, 374, 374, 374, 374, 374, 374, 374, 374, 374, 374, 374, 374, 374, 374, 374, 374, 374, 374, 374, 374, 374, 374, 374, 374, 374, 374, 374, 374, 374, 374, 374, 374, 374, 374, 374, 374, 374, 374, 374, 374, 374, 374, 374, 374, 374, 374, 374, 374, 374, 374, 374, 374, 374, 374, 374, 374, 374, 374, 374, 374, 374, 374, 374, 374, 374, 374, 374, 374, 374, 374, 374, 374, 374, 374, 374, 374, 374, 374, 374, 374, 374, 374, 374, 374, 374, 374, 374, 374, 374, 374, 374, 374, 374, 374, 374, 374, 374, 374, 374, 374, 374, 374, 374, 374, 374, 374, 374, 374, 374, 374, 374, 374, 374, 374, 374, 374, 374, 374, 374, 374, 374, 374, 374, 374, 374, 374, 374, 374, 374, 374, 374, 374, 374, 374, 374, 374, 374, 374, 374, 374, 374, 374, 374, 374, 374, 374, 374, 374, 374, 374, 374, 374, 374, 374, 374, 374, 374, 374, 374, 374, 374, 374, 374, 374, 374, 374, 374, 374, 374, 374, 374, 374, 374, 374, 374, 374, 374, 374, 374, 374, 374, 374, 374, 374, 374, 374, 374, 374, 374, 374, 374, 374, 374, 374, 374, 374]

ep178
Train step Loss: [0.946143627166748, 0.9460670948028564, 0.9459097385406494, 0.9459931254386902, 0.9461586475372314, 0.9461094737052917, 0.9460753202438354, 0.9459720849990845, 0.9460330605506897, 0.9461002945899963, 0.9460152387619019, 0.9460265636444092, 0.9460147023200989, 0.9459712505340576, 0.9459150433540344, 0.9460781812667847, 0.9460821151733398, 0.9462928771972656, 0.9460588097572327, 0.946007251739502, 0.9460645318031311, 0.9460320472717285, 0.9460036754608154, 0.9459425210952759, 0.9460728764533997, 0.9459506273269653, 0.9460214376449585, 0.9460071325302124, 0.9460702538490295, 0.9461402297019958, 0.9460259079933167, 0.9460558891296387, 0.9460505247116089, 0.9460357427597046, 0.9461009502410889, 0.9460170865058899, 0.9460687041282654, 0.9461023211479187, 0.9460138082504272, 0.9460304975509644, 0.9459140300750732, 0.94599449634552, 0.9460969567298889, 0.9460194110870361, 0.9461699724197388, 0.9460521936416626, 0.9460283517837524, 0.9460917711257935, 0.9461049437522888, 0.946020245552063, 0.9460195302963257, 0.9460378289222717, 0.9462975263595581, 0.9461697936058044, 0.9460558295249939, 0.9460411071777344, 0.9460595846176147, 0.9460758566856384, 0.946003794670105, 0.9460375308990479, 0.9462122321128845, 0.9460716247558594, 0.9460346102714539, 0.9460512399673462, 0.9460392594337463, 0.9460368156433105, 0.9460983872413635, 0.9460374116897583, 0.9460562467575073, 0.9459728598594666, 0.9460552930831909, 0.9459712505340576, 0.9460365772247314, 0.9462212920188904, 0.9460028409957886, 0.9460098743438721, 0.9460388422012329, 0.9461175799369812, 0.9461081624031067, 0.9459972381591797, 0.9460214376449585, 0.9460698366165161, 0.9460294246673584, 0.946061909198761, 0.9459910988807678, 0.9460711479187012, 0.9459356069564819, 0.946121335029602, 0.9460361003875732, 0.9459779858589172, 0.9460027813911438, 0.9461488127708435, 0.9460036754608154, 0.9460617899894714, 0.9460082054138184, 0.9459940791130066, 0.946071445941925, 0.9460495710372925, 0.9459764957427979, 0.945955216884613, 0.9459611177444458, 0.9460967779159546, 0.945992648601532, 0.9460777044296265, 0.9460837841033936]
val step Loss: [0.9471319913864136, 0.9466118812561035, 0.9468392729759216, 0.9467674493789673, 0.9468671083450317, 0.9467061758041382, 0.9466490745544434, 0.9468065500259399, 0.9468743801116943, 0.9470690488815308, 0.9468453526496887, 0.9466578364372253, 0.946577250957489, 0.9487964510917664, 0.9518389701843262, 0.9479614496231079, 0.9476093649864197, 0.946814239025116, 0.947819173336029, 0.9469466209411621, 0.9466999769210815, 0.9467166662216187, 0.9468274712562561, 0.9470351934432983, 0.9480299949645996, 0.9506680369377136, 0.9465876817703247]
Train step Accs: [1.0, 1.0, 1.0, 1.0, 1.0, 1.0, 1.0, 1.0, 1.0, 1.0, 1.0, 1.0, 1.0, 1.0, 1.0, 1.0, 1.0, 1.0, 1.0, 1.0, 1.0, 1.0, 1.0, 1.0, 1.0, 1.0, 1.0, 1.0, 1.0, 1.0, 1.0, 1.0, 1.0, 1.0, 1.0, 1.0, 1.0, 1.0, 1.0, 1.0, 1.0, 1.0, 1.0, 1.0, 1.0, 1.0, 1.0, 1.0, 1.0, 1.0, 1.0, 1.0, 1.0, 1.0, 1.0, 1.0, 1.0, 1.0, 1.0, 1.0, 1.0, 1.0, 1.0, 1.0, 1.0, 1.0, 1.0, 1.0, 1.0, 1.0, 1.0, 1.0, 1.0, 1.0, 1.0, 1.0, 1.0, 1.0, 1.0, 1.0, 1.0, 1.0, 1.0, 1.0, 1.0, 1.0, 1.0, 1.0, 1.0, 1.0, 1.0, 1.0, 1.0, 1.0, 1.0, 1.0, 1.0, 1.0, 1.0, 1.0, 1.0, 1.0, 1.0, 1.0, 1.0]
val step Accs: [1.0, 1.0, 1.0, 1.0, 1.0, 1.0, 1.0, 1.0, 1.0, 1.0, 1.0, 1.0, 1.0, 0.9996405463695184, 0.999057936881771, 0.9998422712933754, 0.9998445998445998, 1.0, 0.9998052959501558, 1.0, 1.0, 1.0, 1.0, 1.0, 0.9998014691284495, 0.9993117687543015, 1.0]
Preds: [17, 17, 32, 239, 384, 377, 371, 374, 374, 374, 132, 8, 8, 259, 354, 354, 180, 180, 443, 120, 120, 120, 120, 120, 240, 240, 240, 216, 285, 84, 84, 302, 302, 100, 375, 375, 375, 98, 98, 98, 229, 229, 247, 312, 312, 187, 1, 101, 101, 101, 321, 321, 287, 287, 287, 287, 284, 284, 284, 206, 167, 348, 379, 77, 77, 478, 66, 323, 323, 172, 115, 273, 273, 273, 151, 240, 240, 285, 199, 111, 111, 111, 111, 438, 438, 438, 219, 324, 324, 464, 464, 464, 464, 301, 301, 143, 35, 74, 437, 437, 437, 284, 284, 285, 285, 106, 284, 284, 284, 284, 426, 426, 293, 293, 293, 182, 346, 346, 284, 284, 284, 284, 426, 481, 293, 293, 43, 43, 276, 276, 276, 174, 387, 348, 10, 398, 398, 398, 398, 374, 378, 406, 406, 406, 88, 88, 81, 81, 337, 337, 146, 324, 219, 219, 219, 152, 152, 58, 58, 27, 351, 486, 486, 486, 486, 486, 460, 460, 460, 167, 35, 35, 219, 219, 219, 485, 485, 477, 374, 374, 374, 374, 374, 304, 304, 337, 41, 19, 19, 454, 454, 229, 229, 229, 312, 312, 187, 187, 23, 23, 23, 260, 391, 391, 321, 321, 320, 320, 345, 100, 100, 497, 497, 497, 122, 216, 453, 168, 5, 258, 38, 99, 99, 338, 338, 338, 338, 338, 400, 400, 444, 171, 171, 171, 171, 171, 464, 464, 335, 14, 14, 287, 145, 145, 111, 111, 240, 240, 146, 219, 219, 219, 464, 464, 464, 222, 84, 245, 245, 245, 43, 43, 43, 364, 276, 276, 276, 276, 276, 346, 346, 346, 284, 284, 206, 206, 206, 167, 167, 35, 14, 411, 411, 411, 424, 424, 424, 153, 182, 182, 182, 182, 182, 182, 182, 122, 122, 250, 303, 195, 195, 195, 303, 117, 98, 117, 117, 48, 48, 48, 414, 170, 244, 244, 392, 244, 392, 392, 392, 244, 73, 7, 7, 321, 7, 7, 127, 451, 30, 30, 324, 301, 301, 378, 325, 114, 114, 114, 180, 486, 486, 486, 315, 460, 285, 285, 285, 467, 85, 111, 403, 146, 207, 299, 299, 434, 434, 250, 250, 413, 271, 186, 186, 99, 99, 338, 338, 395, 395, 273, 273, 432, 432, 330, 240, 240, 385, 35, 77, 164, 164, 115, 273, 273, 180, 151, 151, 151, 206, 130, 130, 402, 183, 219, 219, 219, 213, 213, 213, 246, 246, 246, 246, 301, 301, 378, 43, 43, 276, 276, 153, 153, 387, 413, 413, 360, 219, 246, 246, 246, 246, 246, 246, 246, 19, 17, 420, 374, 374, 374, 374, 374, 374, 374, 374, 374, 374, 374, 374, 374, 374, 374, 374, 374, 374, 374, 374, 374, 374, 374, 374, 374, 374, 374, 374, 374, 374, 374, 374, 374, 374, 374, 374, 374, 374, 374, 374, 374, 374, 374, 374, 374, 374, 374, 374, 374, 374, 374, 374, 374, 374, 374, 374, 374, 374, 374, 374, 374, 374, 374, 374, 374, 374, 374, 374, 374, 374, 374, 374, 374, 374, 374, 374, 374, 374, 374, 374, 374, 374, 374, 374, 374, 374, 374, 374, 374, 374, 374, 374, 374, 374, 374, 374, 374, 374, 374, 374, 374, 374, 374, 374, 374, 374, 374, 374, 374, 374, 374, 374, 374, 374, 374, 374, 374, 374, 374, 374, 374, 374, 374, 374, 374, 374, 374, 374, 374, 374, 374, 374, 374, 374, 374, 374, 374, 374, 374, 374, 374, 374, 374, 374, 374, 374, 374, 374, 374, 374, 374, 374, 374, 374, 374, 374, 374, 374, 374, 374, 374, 374, 374, 374, 374, 374, 374, 374, 374, 374, 374, 374, 374]

ep179
Train step Loss: [0.9460430145263672, 0.9461166262626648, 0.9460449814796448, 0.9460080862045288, 0.9460024237632751, 0.9460351467132568, 0.9459763765335083, 0.9460146427154541, 0.9460630416870117, 0.9462610483169556, 0.9459996223449707, 0.9459611177444458, 0.9461533427238464, 0.9460393786430359, 0.9460511207580566, 0.9461022019386292, 0.9459392428398132, 0.9459479451179504, 0.9459640979766846, 0.9460146427154541, 0.9460182189941406, 0.9459580183029175, 0.9459662437438965, 0.9460440874099731, 0.9460585117340088, 0.9460866451263428, 0.9460615515708923, 0.9460651874542236, 0.946005642414093, 0.9459288716316223, 0.9462149143218994, 0.9460768103599548, 0.945981502532959, 0.9460588693618774, 0.945971667766571, 0.9459565877914429, 0.9460402131080627, 0.9460777044296265, 0.945941150188446, 0.946092963218689, 0.9459890723228455, 0.9460945725440979, 0.9459788799285889, 0.9460030198097229, 0.9460834860801697, 0.945995569229126, 0.9460383057594299, 0.9460866451263428, 0.9460136294364929, 0.9460134506225586, 0.9460335969924927, 0.9460263252258301, 0.9460948705673218, 0.946077823638916, 0.9461011290550232, 0.9460199475288391, 0.9459192752838135, 0.946038007736206, 0.9460436701774597, 0.9462758302688599, 0.9459991455078125, 0.9460028409957886, 0.9460192918777466, 0.9460662603378296, 0.9460561275482178, 0.9459527730941772, 0.9460556507110596, 0.9460041522979736, 0.9460948705673218, 0.9460234045982361, 0.9460564255714417, 0.9460288286209106, 0.9460263252258301, 0.9459714293479919, 0.9459840059280396, 0.9459835290908813, 0.9461119174957275, 0.9459816813468933, 0.9459959268569946, 0.9460462331771851, 0.946120023727417, 0.94614177942276, 0.9461759328842163, 0.9461070895195007, 0.9461564421653748, 0.9459661841392517, 0.9460958242416382, 0.9460728168487549, 0.946025013923645, 0.946090042591095, 0.9460845589637756, 0.9459860920906067, 0.9459679126739502, 0.9461396336555481, 0.946142852306366, 0.946030855178833, 0.9460476636886597, 0.9460303783416748, 0.9460434913635254, 0.945935070514679, 0.9460375308990479, 0.9461453557014465, 0.9460970163345337, 0.9460680484771729, 0.9460370540618896]
val step Loss: [0.9475365877151489, 0.9469322562217712, 0.9466468095779419, 0.9466628432273865, 0.9478014707565308, 0.9467040300369263, 0.9466550946235657, 0.9467725157737732, 0.9467464089393616, 0.9466338753700256, 0.9467161893844604, 0.9476960897445679, 0.9469763040542603, 0.9470811486244202, 0.9467149972915649, 0.9468019604682922, 0.9468368887901306, 0.9508890509605408, 0.9468334913253784, 0.9468295574188232, 0.9477981328964233, 0.9468864798545837, 0.9468339681625366, 0.948466420173645, 0.9517152905464172, 0.9468685984611511, 0.9470555782318115]
Train step Accs: [1.0, 1.0, 1.0, 1.0, 1.0, 1.0, 1.0, 1.0, 1.0, 1.0, 1.0, 1.0, 1.0, 1.0, 1.0, 1.0, 1.0, 1.0, 1.0, 1.0, 1.0, 1.0, 1.0, 1.0, 1.0, 1.0, 1.0, 1.0, 1.0, 1.0, 1.0, 1.0, 1.0, 1.0, 1.0, 1.0, 1.0, 1.0, 1.0, 1.0, 1.0, 1.0, 1.0, 1.0, 1.0, 1.0, 1.0, 1.0, 1.0, 1.0, 1.0, 1.0, 1.0, 1.0, 1.0, 1.0, 1.0, 1.0, 1.0, 1.0, 1.0, 1.0, 1.0, 1.0, 1.0, 1.0, 1.0, 1.0, 1.0, 1.0, 1.0, 1.0, 1.0, 1.0, 1.0, 1.0, 1.0, 1.0, 1.0, 1.0, 1.0, 1.0, 1.0, 1.0, 1.0, 1.0, 1.0, 1.0, 1.0, 1.0, 1.0, 1.0, 1.0, 1.0, 1.0, 1.0, 1.0, 1.0, 1.0, 1.0, 1.0, 1.0, 1.0, 1.0, 1.0]
val step Accs: [0.9998643516006511, 1.0, 1.0, 1.0, 0.9998321866084914, 1.0, 1.0, 1.0, 1.0, 1.0, 1.0, 0.9998530708198649, 1.0, 1.0, 1.0, 1.0, 1.0, 0.9992343032159265, 1.0, 1.0, 0.999817050859861, 1.0, 1.0, 0.9996948428440647, 0.9990838295923041, 1.0, 1.0]
Preds: [17, 17, 445, 464, 171, 171, 171, 171, 252, 252, 314, 32, 239, 36, 107, 107, 395, 213, 213, 213, 213, 246, 19, 454, 229, 229, 247, 126, 126, 126, 126, 326, 326, 408, 408, 408, 391, 228, 244, 320, 7, 7, 32, 32, 239, 108, 371, 371, 278, 278, 422, 236, 239, 239, 384, 449, 371, 470, 180, 443, 443, 443, 443, 403, 403, 171, 438, 203, 399, 217, 250, 250, 250, 138, 153, 88, 132, 374, 219, 219, 219, 219, 219, 464, 464, 171, 171, 171, 171, 246, 246, 246, 246, 24, 24, 239, 239, 384, 384, 420, 324, 324, 340, 116, 10, 10, 309, 479, 479, 331, 106, 153, 426, 426, 293, 293, 293, 98, 98, 335, 335, 226, 226, 209, 188, 188, 213, 324, 301, 8, 8, 239, 354, 354, 106, 355, 355, 376, 376, 460, 452, 263, 263, 263, 13, 229, 229, 82, 312, 23, 23, 23, 408, 149, 228, 244, 320, 479, 479, 398, 324, 422, 143, 465, 465, 354, 354, 346, 284, 486, 206, 169, 150, 342, 342, 164, 164, 224, 273, 470, 403, 403, 464, 464, 464, 355, 178, 143, 129, 458, 208, 208, 441, 100, 387, 387, 313, 236, 239, 239, 310, 107, 107, 395, 278, 443, 443, 240, 215, 215, 129, 259, 354, 284, 206, 460, 240, 35, 36, 164, 342, 351, 180, 486, 460, 460, 178, 178, 233, 458, 192, 192, 41, 41, 41, 41, 19, 19, 19, 454, 454, 229, 229, 82, 126, 126, 292, 326, 408, 408, 149, 244, 244, 373, 338, 338, 338, 395, 494, 374, 416, 8, 32, 239, 354, 65, 65, 481, 481, 481, 293, 143, 35, 458, 208, 100, 100, 387, 387, 122, 236, 129, 259, 310, 108, 323, 224, 397, 106, 88, 88, 387, 203, 399, 217, 473, 473, 398, 324, 464, 422, 416, 143, 458, 144, 208, 27, 441, 125, 125, 387, 206, 175, 251, 251, 241, 431, 486, 460, 460, 167, 178, 35, 77, 342, 342, 342, 224, 267, 267, 444, 324, 246, 246, 477, 301, 313, 325, 325, 34, 324, 324, 301, 422, 24, 239, 384, 371, 180, 486, 486, 460, 240, 240, 24, 239, 310, 107, 395, 255, 416, 143, 129, 401, 259, 320, 354, 354, 109, 337, 41, 324, 19, 19, 454, 454, 229, 229, 247, 312, 187, 187, 187, 408, 408, 391, 391, 73, 244, 320, 7, 7, 371, 398, 324, 301, 116, 251, 251, 331, 106, 88, 88, 88, 106, 284, 405, 206, 206, 178, 35, 35, 401, 259, 354, 106, 284, 405, 405, 206, 178, 178, 35, 233, 401, 401, 320, 7, 276, 100, 375, 98, 98, 98, 249, 305, 305, 170, 244, 28, 28, 392, 392, 392, 63, 63, 392, 63, 63, 63, 392, 63, 63, 63, 63, 63, 244, 195, 305, 211, 211, 17, 420, 374, 374, 374, 374, 374, 374, 374, 374, 374, 374, 374, 374, 374, 374, 374, 374, 374, 374, 374, 374, 374, 374, 374, 374, 374, 374, 374, 374, 374, 374, 374, 374, 374, 374, 374, 374, 374, 374, 374, 374, 374, 374, 374, 374, 374, 374, 374, 374, 374, 374, 374, 374, 374, 374, 374, 374, 374, 374, 374, 374, 374, 374, 374, 374, 374, 374, 374, 374, 374, 374, 374, 374, 374, 374, 374, 374, 374, 374, 374, 374, 374, 374, 374, 374, 374, 374, 374, 374, 374, 374, 374, 374, 374, 374, 374, 374, 374, 374, 374, 374, 374, 374, 374, 374, 374, 374, 374, 374, 374, 374, 374, 374, 374, 374, 374, 374, 374, 374, 374, 374, 374, 374, 374, 374, 374, 374, 374, 374, 374, 374, 374, 374, 374, 374, 374, 374, 374]

ep180
Train step Loss: [0.9460230469703674, 0.9460198879241943, 0.9460327625274658, 0.9462310075759888, 0.9460822343826294, 0.9459633827209473, 0.9460704326629639, 0.945925235748291, 0.945950448513031, 0.9460408687591553, 0.9461423754692078, 0.946063756942749, 0.9459841847419739, 0.9460312128067017, 0.9459418058395386, 0.9460904002189636, 0.9460104703903198, 0.9460304975509644, 0.9460223317146301, 0.9460622668266296, 0.946029007434845, 0.9461851119995117, 0.9460158348083496, 0.9460507035255432, 0.9460296034812927, 0.9460330605506897, 0.946073055267334, 0.9459895491600037, 0.9460771679878235, 0.9460895657539368, 0.9459994435310364, 0.9460948705673218, 0.9460266828536987, 0.9460177421569824, 0.9460016489028931, 0.9460168480873108, 0.9460060596466064, 0.9460483193397522, 0.9460160732269287, 0.9460389614105225, 0.9460711479187012, 0.9460793137550354, 0.9460852146148682, 0.9460513591766357, 0.9459715485572815, 0.9459738731384277, 0.9459097385406494, 0.9460564255714417, 0.9459379315376282, 0.9460630416870117, 0.9460240006446838, 0.9460221529006958, 0.9460175633430481, 0.9460625648498535, 0.9459613561630249, 0.9461415410041809, 0.9459940195083618, 0.945978045463562, 0.9460369944572449, 0.9460373520851135, 0.9459954500198364, 0.9461144804954529, 0.9460552334785461, 0.9460316300392151, 0.9460858106613159, 0.9460564851760864, 0.9459905624389648, 0.9460228085517883, 0.9460667371749878, 0.9459741115570068, 0.9460989236831665, 0.9459893107414246, 0.9459735751152039, 0.9459772706031799, 0.9460732936859131, 0.9460107088088989, 0.9459893703460693, 0.9459654688835144, 0.9460849761962891, 0.9460487961769104, 0.9460187554359436, 0.9460387229919434, 0.9461349248886108, 0.945995032787323, 0.9460253119468689, 0.9461693167686462, 0.945968508720398, 0.9459879994392395, 0.9461119174957275, 0.9460105299949646, 0.9460368156433105, 0.9460508823394775, 0.9462531805038452, 0.9460557103157043, 0.9460088610649109, 0.9460702538490295, 0.9459965229034424, 0.9459660053253174, 0.9460203647613525, 0.9460021257400513, 0.9460711479187012, 0.9461069107055664, 0.9461731910705566, 0.9460029006004333, 0.9459737539291382]
val step Loss: [0.9469797015190125, 0.9467671513557434, 0.9519412517547607, 0.9467739462852478, 0.9467514753341675, 0.9468364715576172, 0.9465804100036621, 0.9521195888519287, 0.9467157125473022, 0.9468742609024048, 0.94677734375, 0.9468147158622742, 0.9468116164207458, 0.9470703601837158, 0.9468349814414978, 0.946807861328125, 0.9467757940292358, 0.9481856226921082, 0.946742594242096, 0.9466960430145264, 0.949758768081665, 0.9476481080055237, 0.9465808868408203, 0.9467883110046387, 0.9468115568161011, 0.9466754198074341, 0.9467709064483643]
Train step Accs: [1.0, 1.0, 1.0, 1.0, 1.0, 1.0, 1.0, 1.0, 1.0, 1.0, 1.0, 1.0, 1.0, 1.0, 1.0, 1.0, 1.0, 1.0, 1.0, 1.0, 1.0, 1.0, 1.0, 1.0, 1.0, 1.0, 1.0, 1.0, 1.0, 1.0, 1.0, 1.0, 1.0, 1.0, 1.0, 1.0, 1.0, 1.0, 1.0, 1.0, 1.0, 1.0, 1.0, 1.0, 1.0, 1.0, 1.0, 1.0, 1.0, 1.0, 1.0, 1.0, 1.0, 1.0, 1.0, 1.0, 1.0, 1.0, 1.0, 1.0, 1.0, 1.0, 1.0, 1.0, 1.0, 1.0, 1.0, 1.0, 1.0, 1.0, 1.0, 1.0, 1.0, 1.0, 1.0, 1.0, 1.0, 1.0, 1.0, 1.0, 1.0, 1.0, 1.0, 1.0, 1.0, 1.0, 1.0, 1.0, 1.0, 1.0, 1.0, 1.0, 1.0, 1.0, 1.0, 1.0, 1.0, 1.0, 1.0, 1.0, 1.0, 1.0, 1.0, 1.0, 1.0]
val step Accs: [1.0, 1.0, 0.9990766389658357, 1.0, 1.0, 1.0, 1.0, 0.9990444338270426, 1.0, 1.0, 1.0, 1.0, 1.0, 1.0, 1.0, 1.0, 1.0, 0.9997970367363507, 1.0, 1.0, 0.9994667614646285, 0.9998385794995964, 1.0, 1.0, 1.0, 1.0, 1.0]
Preds: [17, 17, 32, 239, 384, 377, 371, 374, 374, 374, 132, 8, 8, 259, 354, 354, 180, 180, 443, 120, 120, 120, 120, 120, 240, 240, 240, 216, 285, 84, 84, 302, 302, 100, 375, 375, 375, 98, 98, 98, 229, 229, 247, 312, 312, 187, 1, 101, 101, 101, 321, 321, 287, 287, 287, 287, 284, 284, 284, 206, 167, 348, 379, 77, 77, 478, 66, 323, 323, 172, 115, 273, 273, 273, 151, 240, 240, 285, 199, 111, 111, 111, 111, 438, 438, 438, 219, 324, 324, 464, 464, 464, 464, 301, 301, 143, 35, 74, 437, 437, 437, 284, 284, 285, 285, 106, 284, 284, 284, 284, 426, 426, 293, 293, 293, 182, 346, 346, 284, 284, 284, 284, 426, 481, 293, 293, 43, 43, 276, 276, 276, 174, 387, 348, 10, 398, 398, 398, 398, 374, 378, 406, 406, 406, 88, 88, 81, 81, 337, 337, 146, 324, 219, 219, 219, 152, 152, 58, 58, 27, 351, 486, 486, 486, 486, 486, 460, 460, 460, 167, 35, 35, 219, 219, 219, 485, 485, 477, 374, 374, 374, 374, 374, 304, 304, 337, 41, 19, 19, 454, 454, 229, 229, 229, 312, 312, 187, 187, 23, 23, 23, 260, 391, 391, 321, 321, 320, 320, 345, 100, 100, 497, 497, 497, 122, 216, 453, 168, 5, 258, 38, 99, 99, 338, 338, 338, 338, 338, 400, 400, 444, 171, 171, 171, 171, 171, 464, 464, 335, 14, 14, 287, 145, 145, 111, 111, 240, 240, 146, 219, 219, 219, 464, 464, 464, 222, 84, 245, 245, 245, 43, 43, 43, 364, 276, 276, 276, 276, 276, 346, 346, 346, 284, 284, 206, 206, 206, 167, 167, 35, 14, 411, 411, 411, 424, 424, 424, 153, 182, 182, 182, 182, 182, 182, 182, 122, 122, 250, 303, 195, 195, 195, 303, 117, 98, 117, 117, 48, 48, 48, 414, 170, 244, 244, 392, 244, 392, 392, 392, 244, 73, 7, 7, 321, 7, 7, 127, 451, 30, 30, 324, 301, 301, 378, 325, 114, 114, 114, 180, 486, 486, 486, 315, 460, 285, 285, 285, 467, 85, 111, 403, 146, 207, 299, 299, 434, 434, 250, 250, 413, 271, 186, 186, 99, 99, 338, 338, 395, 395, 273, 273, 432, 432, 330, 240, 240, 385, 35, 77, 164, 164, 115, 273, 273, 180, 151, 151, 151, 206, 130, 130, 402, 183, 219, 219, 219, 213, 213, 213, 246, 246, 246, 246, 301, 301, 378, 43, 43, 276, 276, 153, 153, 387, 413, 413, 360, 219, 246, 246, 246, 246, 246, 246, 246, 19, 17, 420, 374, 374, 374, 374, 374, 374, 374, 374, 374, 374, 374, 374, 374, 374, 374, 374, 374, 374, 374, 374, 374, 374, 374, 374, 374, 374, 374, 374, 374, 374, 374, 374, 374, 374, 374, 374, 374, 374, 374, 374, 374, 374, 374, 374, 374, 374, 374, 374, 374, 374, 374, 374, 374, 374, 374, 374, 374, 374, 374, 374, 374, 374, 374, 374, 374, 374, 374, 374, 374, 374, 374, 374, 374, 374, 374, 374, 374, 374, 374, 374, 374, 374, 374, 374, 374, 374, 374, 374, 374, 374, 374, 374, 374, 374, 374, 374, 374, 374, 374, 374, 374, 374, 374, 374, 374, 374, 374, 374, 374, 374, 374, 374, 374, 374, 374, 374, 374, 374, 374, 374, 374, 374, 374, 374, 374, 374, 374, 374, 374, 374, 374, 374, 374, 374, 374, 374, 374, 374, 374, 374, 374, 374, 374, 374, 374, 374, 374, 374, 374, 374, 374, 374, 374, 374, 374, 374, 374, 374, 374, 374, 374, 374, 374, 374, 374, 374, 374, 374, 374, 374, 374, 374, 374]

ep181
Train step Loss: [0.9461061954498291, 0.9460235834121704, 0.9459659457206726, 0.9460170865058899, 0.9460387229919434, 0.9460829496383667, 0.9460678696632385, 0.9460023045539856, 0.9461069107055664, 0.946104884147644, 0.946022093296051, 0.946049690246582, 0.9460240006446838, 0.9460516571998596, 0.9460693597793579, 0.9460956454277039, 0.946070671081543, 0.9460775852203369, 0.9460650682449341, 0.9461913704872131, 0.9460753202438354, 0.9461055397987366, 0.946006715297699, 0.9460617303848267, 0.9460300207138062, 0.9460955262184143, 0.9461081027984619, 0.9460541009902954, 0.9461604356765747, 0.9460345506668091, 0.9460565447807312, 0.9460606575012207, 0.9460735321044922, 0.9460168480873108, 0.9460313320159912, 0.9460464119911194, 0.9461139440536499, 0.9460207223892212, 0.9460393786430359, 0.9461143612861633, 0.9460432529449463, 0.9459912776947021, 0.9460487365722656, 0.9460965991020203, 0.9460864663124084, 0.9459686875343323, 0.9459673762321472, 0.9459884762763977, 0.9460147023200989, 0.9460911154747009, 0.9460710883140564, 0.9460840225219727, 0.9459991455078125, 0.9460281729698181, 0.9460869431495667, 0.9459575414657593, 0.9461464881896973, 0.9460984468460083, 0.945999264717102, 0.94599848985672, 0.9460669755935669, 0.9460709691047668, 0.9459683895111084, 0.9460693001747131, 0.9459710717201233, 0.9460452198982239, 0.9460608959197998, 0.9460293650627136, 0.9462246298789978, 0.9460209012031555, 0.9459786415100098, 0.9460335373878479, 0.9461332559585571, 0.9459816217422485, 0.9459970593452454, 0.9460668563842773, 0.9460741877555847, 0.9460782408714294, 0.9460945725440979, 0.946216344833374, 0.9460775256156921, 0.9459593892097473, 0.9459477066993713, 0.9460614323616028, 0.9460089206695557, 0.9460124969482422, 0.9460340142250061, 0.9459747672080994, 0.9460293650627136, 0.946268618106842, 0.9460821747779846, 0.9460961222648621, 0.946087658405304, 0.9460120797157288, 0.9460618495941162, 0.9460184574127197, 0.9460608959197998, 0.9460731148719788, 0.9460532069206238, 0.9460620880126953, 0.9460302591323853, 0.9459497928619385, 0.9461766481399536, 0.9459940195083618, 0.9460803270339966]
val step Loss: [0.9466925859451294, 0.9483898282051086, 0.9468963742256165, 0.9511074423789978, 0.9465783834457397, 0.9468855261802673, 0.948060929775238, 0.9527631402015686, 0.946841835975647, 0.9466994404792786, 0.9469164609909058, 0.9468185305595398, 0.9467679262161255, 0.9467713832855225, 0.9467640519142151, 0.9468258619308472, 0.9465979337692261, 0.946851372718811, 0.9487255811691284, 0.9468090534210205, 0.9469775557518005, 0.946807861328125, 0.9465911388397217, 0.946751058101654, 0.9470654726028442, 0.9468502998352051, 0.9471048712730408]
Train step Accs: [1.0, 1.0, 1.0, 1.0, 1.0, 1.0, 1.0, 1.0, 1.0, 1.0, 1.0, 1.0, 1.0, 1.0, 1.0, 1.0, 1.0, 1.0, 1.0, 1.0, 1.0, 1.0, 1.0, 1.0, 1.0, 1.0, 1.0, 1.0, 1.0, 1.0, 1.0, 1.0, 1.0, 1.0, 1.0, 1.0, 1.0, 1.0, 1.0, 1.0, 1.0, 1.0, 1.0, 1.0, 1.0, 1.0, 1.0, 1.0, 1.0, 1.0, 1.0, 1.0, 1.0, 1.0, 1.0, 1.0, 1.0, 1.0, 1.0, 1.0, 1.0, 1.0, 1.0, 1.0, 1.0, 1.0, 1.0, 1.0, 1.0, 1.0, 1.0, 1.0, 1.0, 1.0, 1.0, 1.0, 1.0, 1.0, 1.0, 1.0, 1.0, 1.0, 1.0, 1.0, 1.0, 1.0, 1.0, 1.0, 1.0, 1.0, 1.0, 1.0, 1.0, 1.0, 1.0, 1.0, 1.0, 1.0, 1.0, 1.0, 1.0, 1.0, 1.0, 1.0, 1.0]
val step Accs: [1.0, 0.9997117740308402, 1.0, 0.9992240844196152, 1.0, 1.0, 0.999822883457315, 0.9988884772137829, 1.0, 1.0, 1.0, 1.0, 1.0, 1.0, 1.0, 1.0, 1.0, 1.0, 0.9996577686516085, 1.0, 1.0, 1.0, 1.0, 1.0, 1.0, 1.0, 1.0]
Preds: [17, 17, 296, 479, 479, 278, 278, 252, 143, 143, 129, 259, 144, 445, 445, 180, 403, 403, 403, 290, 290, 290, 434, 246, 246, 246, 246, 246, 246, 19, 19, 19, 454, 414, 442, 414, 170, 244, 244, 187, 408, 392, 244, 244, 244, 244, 244, 7, 152, 152, 152, 422, 349, 234, 234, 261, 25, 106, 106, 499, 284, 306, 306, 406, 406, 467, 284, 284, 287, 284, 284, 284, 450, 450, 450, 293, 413, 413, 251, 251, 251, 241, 431, 431, 428, 428, 428, 428, 146, 146, 146, 358, 465, 164, 352, 164, 352, 25, 34, 324, 324, 301, 301, 8, 205, 261, 25, 106, 100, 153, 43, 43, 182, 182, 387, 387, 169, 169, 349, 352, 352, 397, 397, 133, 43, 43, 276, 276, 346, 346, 387, 387, 215, 35, 401, 259, 345, 345, 387, 240, 236, 129, 75, 164, 27, 351, 355, 355, 355, 240, 215, 8, 239, 354, 354, 420, 324, 324, 416, 143, 401, 82, 244, 354, 420, 278, 154, 178, 143, 458, 82, 192, 27, 351, 443, 443, 240, 240, 325, 34, 34, 324, 324, 339, 339, 94, 398, 398, 340, 116, 10, 10, 479, 398, 398, 374, 374, 330, 468, 406, 406, 467, 88, 387, 387, 169, 186, 99, 338, 338, 338, 338, 395, 395, 432, 330, 330, 388, 348, 10, 10, 479, 331, 331, 84, 350, 387, 387, 240, 251, 251, 251, 114, 114, 278, 278, 278, 31, 99, 338, 338, 338, 338, 338, 395, 395, 464, 464, 120, 355, 355, 355, 169, 215, 349, 205, 261, 25, 420, 324, 422, 143, 458, 244, 208, 208, 441, 441, 141, 141, 38, 162, 232, 232, 232, 68, 68, 68, 115, 115, 267, 267, 267, 213, 246, 246, 19, 454, 229, 247, 126, 126, 326, 326, 326, 101, 101, 101, 149, 149, 228, 321, 83, 287, 111, 55, 438, 299, 299, 434, 339, 10, 10, 10, 309, 479, 398, 213, 213, 213, 246, 246, 246, 301, 143, 129, 129, 401, 259, 354, 354, 106, 486, 486, 460, 215, 215, 401, 244, 75, 354, 346, 284, 206, 240, 236, 36, 36, 342, 115, 273, 180, 499, 486, 460, 178, 178, 233, 82, 192, 192, 445, 445, 213, 41, 41, 19, 19, 17, 420, 374, 374, 374, 374, 374, 374, 374, 374, 374, 374, 374, 374, 374, 374, 374, 374, 374, 374, 374, 374, 374, 374, 374, 374, 374, 374, 374, 374, 374, 374, 374, 374, 374, 374, 374, 374, 374, 374, 374, 374, 374, 374, 374, 374, 374, 374, 374, 374, 374, 374, 374, 374, 374, 374, 374, 374, 374, 374, 374, 374, 374, 374, 374, 374, 374, 374, 374, 374, 374, 374, 374, 374, 374, 374, 374, 374, 374, 374, 374, 374, 374, 374, 374, 374, 374, 374, 374, 374, 374, 374, 374, 374, 374, 374, 374, 374, 374, 374, 374, 374, 374, 374, 374, 374, 374, 374, 374, 374, 374, 374, 374, 374, 374, 374, 374, 374, 374, 374, 374, 374, 374, 374, 374, 374, 374, 374, 374, 374, 374, 374, 374, 374, 374, 374, 374, 374, 374, 374, 374, 374, 374, 374, 374, 374, 374, 374, 374, 374, 374, 374, 374, 374, 374, 374, 374, 374, 374, 374, 374, 374, 374, 374, 374, 374, 374, 374, 374, 374, 374, 374, 374, 374, 374, 374, 374, 374, 374, 374, 374, 374, 374, 374, 374, 374, 374, 374, 374, 374, 374, 374, 374, 374, 374, 374, 374, 374, 374, 374, 374, 374, 374, 374, 374, 374, 374, 374, 374, 374, 374, 374, 374, 374, 374, 374, 374, 374, 374, 374, 374, 374, 374, 374, 374, 374, 374, 374, 374, 374, 374, 374]

ep182
Train step Loss: [0.9460945725440979, 0.9460272789001465, 0.9460605382919312, 0.9459913372993469, 0.9461227655410767, 0.9460185766220093, 0.9460325241088867, 0.9460601210594177, 0.9460036754608154, 0.946090042591095, 0.9460231065750122, 0.9460856914520264, 0.9460323452949524, 0.946022629737854, 0.9461349248886108, 0.9460205435752869, 0.9460091590881348, 0.9459487795829773, 0.946017861366272, 0.9461224675178528, 0.9460927248001099, 0.9460541605949402, 0.9459956288337708, 0.9461141228675842, 0.9459941387176514, 0.9460126161575317, 0.9460458755493164, 0.945929229259491, 0.945993185043335, 0.9460358619689941, 0.946089506149292, 0.9460141658782959, 0.9459912180900574, 0.9461804032325745, 0.9460676312446594, 0.946002185344696, 0.9461052417755127, 0.9459579586982727, 0.9461389780044556, 0.945938766002655, 0.9460065364837646, 0.9462018013000488, 0.9459667205810547, 0.9459407329559326, 0.9459927678108215, 0.9462900161743164, 0.9460992813110352, 0.946111261844635, 0.945970356464386, 0.946118950843811, 0.9460483193397522, 0.9460502862930298, 0.9460859298706055, 0.946057915687561, 0.9462340474128723, 0.9460780620574951, 0.9460783004760742, 0.9463115930557251, 0.9460632801055908, 0.9459343552589417, 0.9460051655769348, 0.9460914134979248, 0.9460537433624268, 0.9459226131439209, 0.9460543990135193, 0.9460198879241943, 0.9460784196853638, 0.9460476040840149, 0.9459948539733887, 0.9459647536277771, 0.946144163608551, 0.9460999369621277, 0.9460997581481934, 0.9460078477859497, 0.9460662007331848, 0.9459941387176514, 0.9460511803627014, 0.9461028575897217, 0.9460252523422241, 0.9460156559944153, 0.9460694193840027, 0.9459805488586426, 0.9460508227348328, 0.946086585521698, 0.9459768533706665, 0.9459596872329712, 0.9459656476974487, 0.9460282325744629, 0.9460042119026184, 0.9460435509681702, 0.9459906220436096, 0.9459689855575562, 0.946138322353363, 0.9459220767021179, 0.945930540561676, 0.9460458755493164, 0.9460517764091492, 0.9461233615875244, 0.9461128115653992, 0.9460347294807434, 0.9461147785186768, 0.9458948373794556, 0.9460318088531494, 0.9461659789085388, 0.9460376501083374]
val step Loss: [0.950860321521759, 0.9467566013336182, 0.9469814300537109, 0.9465736150741577, 0.9463810324668884, 0.9465644955635071, 0.9468005299568176, 0.94663405418396, 0.9466369152069092, 0.9468483328819275, 0.9467114210128784, 0.9467335939407349, 0.947664737701416, 0.948411762714386, 0.9518370032310486, 0.9468942880630493, 0.9468682408332825, 0.9467459917068481, 0.9466690421104431, 0.9467612504959106, 0.9466825723648071, 0.9493560194969177, 0.9465534090995789, 0.946850061416626, 0.9468203186988831, 0.9464536309242249, 0.9466084241867065]
Train step Accs: [1.0, 1.0, 1.0, 1.0, 1.0, 1.0, 1.0, 1.0, 1.0, 1.0, 1.0, 1.0, 1.0, 1.0, 1.0, 1.0, 1.0, 1.0, 1.0, 1.0, 1.0, 1.0, 1.0, 1.0, 1.0, 1.0, 1.0, 1.0, 1.0, 1.0, 1.0, 1.0, 1.0, 1.0, 1.0, 1.0, 1.0, 1.0, 1.0, 1.0, 1.0, 1.0, 1.0, 1.0, 1.0, 1.0, 1.0, 1.0, 1.0, 1.0, 1.0, 1.0, 1.0, 1.0, 1.0, 1.0, 1.0, 1.0, 1.0, 1.0, 1.0, 1.0, 1.0, 1.0, 1.0, 1.0, 1.0, 1.0, 1.0, 1.0, 1.0, 1.0, 1.0, 1.0, 1.0, 1.0, 1.0, 1.0, 1.0, 1.0, 1.0, 1.0, 1.0, 1.0, 1.0, 1.0, 1.0, 1.0, 1.0, 1.0, 1.0, 1.0, 1.0, 1.0, 1.0, 1.0, 1.0, 1.0, 1.0, 1.0, 1.0, 1.0, 1.0, 1.0, 1.0]
val step Accs: [0.9992225461613217, 1.0, 1.0, 1.0, 1.0, 1.0, 1.0, 1.0, 1.0, 1.0, 1.0, 1.0, 0.999844840961986, 0.9997143673236218, 0.9990339719851876, 1.0, 1.0, 1.0, 1.0, 1.0, 1.0, 0.9994934143870314, 1.0, 1.0, 1.0, 1.0, 1.0]
Preds: [17, 17, 17, 451, 152, 152, 374, 378, 42, 406, 406, 499, 387, 387, 387, 387, 337, 219, 219, 219, 324, 324, 434, 339, 10, 10, 309, 479, 398, 324, 278, 301, 143, 129, 401, 244, 321, 354, 354, 265, 428, 428, 146, 146, 146, 324, 324, 301, 215, 32, 32, 102, 354, 354, 106, 106, 284, 265, 206, 282, 282, 388, 303, 212, 219, 324, 324, 301, 116, 10, 94, 479, 331, 331, 428, 428, 428, 146, 146, 252, 252, 239, 239, 310, 310, 107, 107, 395, 374, 374, 132, 132, 219, 286, 464, 464, 464, 355, 355, 355, 460, 452, 263, 263, 263, 78, 170, 170, 244, 392, 392, 392, 392, 392, 392, 392, 392, 244, 73, 244, 209, 83, 55, 443, 240, 314, 314, 32, 32, 354, 354, 180, 264, 264, 84, 84, 406, 406, 406, 406, 413, 413, 413, 399, 217, 217, 473, 65, 464, 464, 171, 252, 143, 143, 239, 82, 310, 107, 395, 400, 324, 286, 464, 464, 464, 443, 355, 355, 460, 240, 169, 35, 224, 224, 494, 494, 8, 196, 217, 479, 473, 283, 278, 422, 143, 36, 75, 310, 107, 395, 485, 324, 301, 251, 251, 219, 398, 374, 374, 374, 26, 251, 251, 241, 431, 367, 496, 497, 43, 233, 233, 401, 244, 208, 100, 100, 100, 98, 98, 98, 17, 17, 420, 374, 374, 374, 374, 374, 374, 374, 374, 374, 374, 374, 374, 374, 374, 374, 374, 374, 374, 374, 374, 374, 374, 374, 374, 374, 374, 374, 374, 374, 374, 374, 374, 374, 374, 374, 374, 374, 374, 374, 374, 374, 374, 374, 374, 374, 374, 374, 374, 374, 374, 374, 374, 374, 374, 374, 374, 374, 374, 374, 374, 374, 374, 374, 374, 374, 374, 374, 374, 374, 374, 374, 374, 374, 374, 374, 374, 374, 374, 374, 374, 374, 374, 374, 374, 374, 374, 374, 374, 374, 374, 374, 374, 374, 374, 374, 374, 374, 374, 374, 374, 374, 374, 374, 374, 374, 374, 374, 374, 374, 374, 374, 374, 374, 374, 374, 374, 374, 374, 374, 374, 374, 374, 374, 374, 374, 374, 374, 374, 374, 374, 374, 374, 374, 374, 374, 374, 374, 374, 374, 374, 374, 374, 374, 374, 374, 374, 374, 374, 374, 374, 374, 374, 374, 374, 374, 374, 374, 374, 374, 374, 374, 374, 374, 374, 374, 374, 374, 374, 374, 374, 374, 374, 374, 374, 374, 374, 374, 374, 374, 374, 374, 374, 374, 374, 374, 374, 374, 374, 374, 374, 374, 374, 374, 374, 374, 374, 374, 374, 374, 374, 374, 374, 374, 374, 374, 374, 374, 374, 374, 374, 374, 374, 374, 374, 374, 374, 374, 374, 374, 374, 374, 374, 374, 374, 374, 374, 374, 374, 374, 374, 374, 374, 374, 374, 374, 374, 374, 374, 374, 374, 374, 374, 374, 374, 374, 374, 374, 374, 374, 374, 374, 374, 374, 374, 374, 374, 374, 374, 374, 374, 374, 374, 374, 374, 374, 374, 374, 374, 374, 374, 374, 374, 374, 374, 374, 374, 374, 374, 374, 374, 374, 374, 374, 374, 374, 374, 374, 374, 374, 374, 374, 374, 374, 374, 374, 374, 374, 374, 374, 374, 374, 374, 374, 374, 374, 374, 374, 374, 374, 374, 374, 374, 374, 374, 374, 374, 374, 374, 374, 374, 374, 374, 374, 374, 374, 374, 374, 374, 374, 374, 374, 374, 374, 374, 374, 374, 374, 374, 374, 374, 374, 374, 374, 374, 374, 374, 374, 374, 374, 374, 374, 374, 374, 374, 374, 374, 374, 374, 374, 374, 374, 374, 374, 374, 374, 374, 374, 374, 374, 374, 374, 374, 374, 374, 374, 374, 374]

ep183
Train step Loss: [0.9459828734397888, 0.9460343718528748, 0.9460996389389038, 0.9462225437164307, 0.9461604952812195, 0.9461209177970886, 0.9460236430168152, 0.9461438059806824, 0.9460829496383667, 0.9459879994392395, 0.9460069537162781, 0.9460306763648987, 0.9460086822509766, 0.9460145235061646, 0.9460513591766357, 0.9460326433181763, 0.9461878538131714, 0.9460817575454712, 0.9459730386734009, 0.9459554553031921, 0.945923388004303, 0.9460094571113586, 0.9460006356239319, 0.946070671081543, 0.9460006952285767, 0.9459860920906067, 0.9460737109184265, 0.9460551142692566, 0.9461074471473694, 0.9460339546203613, 0.945960283279419, 0.9459897875785828, 0.9460321068763733, 0.9460066556930542, 0.9461250901222229, 0.9461199045181274, 0.9460150003433228, 0.9461244940757751, 0.946009635925293, 0.9460824728012085, 0.9461067914962769, 0.946090579032898, 0.9460910558700562, 0.9460419416427612, 0.9460132718086243, 0.9460052251815796, 0.945953369140625, 0.9460926055908203, 0.9460411071777344, 0.9461340308189392, 0.946054995059967, 0.946018397808075, 0.94599449634552, 0.9460400938987732, 0.9460514783859253, 0.9461631774902344, 0.9459428191184998, 0.9459919333457947, 0.9460518956184387, 0.9460062980651855, 0.9460362195968628, 0.9460046291351318, 0.9462698101997375, 0.9460098743438721, 0.9460352063179016, 0.9460617899894714, 0.9459852576255798, 0.9461376667022705, 0.9461184740066528, 0.9459989070892334, 0.945972204208374, 0.9460131525993347, 0.945981502532959, 0.9460798501968384, 0.9459347724914551, 0.9460338354110718, 0.9461164474487305, 0.9459661245346069, 0.9458918571472168, 0.9459905624389648, 0.946064829826355, 0.9459285140037537, 0.9460604190826416, 0.9459424614906311, 0.9459907412528992, 0.9459952712059021, 0.9460257291793823, 0.9460034370422363, 0.9460176229476929, 0.9461590051651001, 0.9459880590438843, 0.946047306060791, 0.9460096955299377, 0.9461043477058411, 0.9460932016372681, 0.9460035562515259, 0.9460304379463196, 0.9460323452949524, 0.9460564255714417, 0.9460653066635132, 0.9460172057151794, 0.9459474682807922, 0.946021556854248, 0.9460843801498413, 0.9460974931716919]
val step Loss: [0.9522549510002136, 0.9507277607917786, 0.9477819204330444, 0.9467188119888306, 0.9469414353370667, 0.9467841386795044, 0.9466045498847961, 0.946876049041748, 0.9466832280158997, 0.9468576312065125, 0.9467209577560425, 0.946875810623169, 0.9467083215713501, 0.9479026794433594, 0.9487605094909668, 0.9468056559562683, 0.947636067867279, 0.946894645690918, 0.9466304183006287, 0.9469824433326721, 0.9468122124671936, 0.9465885758399963, 0.9466679096221924, 0.9468902349472046, 0.9467018246650696, 0.9468700289726257, 0.94676673412323]
Train step Accs: [1.0, 1.0, 1.0, 1.0, 1.0, 1.0, 1.0, 1.0, 1.0, 1.0, 1.0, 1.0, 1.0, 1.0, 1.0, 1.0, 1.0, 1.0, 1.0, 1.0, 1.0, 1.0, 1.0, 1.0, 1.0, 1.0, 1.0, 1.0, 1.0, 1.0, 1.0, 1.0, 1.0, 1.0, 1.0, 1.0, 1.0, 1.0, 1.0, 1.0, 1.0, 1.0, 1.0, 1.0, 1.0, 1.0, 1.0, 1.0, 1.0, 1.0, 1.0, 1.0, 1.0, 1.0, 1.0, 1.0, 1.0, 1.0, 1.0, 1.0, 1.0, 1.0, 1.0, 1.0, 1.0, 1.0, 1.0, 1.0, 1.0, 1.0, 1.0, 1.0, 1.0, 1.0, 1.0, 1.0, 1.0, 1.0, 1.0, 1.0, 1.0, 1.0, 1.0, 1.0, 1.0, 1.0, 1.0, 1.0, 1.0, 1.0, 1.0, 1.0, 1.0, 1.0, 1.0, 1.0, 1.0, 1.0, 1.0, 1.0, 1.0, 1.0, 1.0, 1.0, 1.0]
val step Accs: [0.9989718985606579, 0.9992581602373887, 0.9998372925479987, 1.0, 1.0, 1.0, 1.0, 1.0, 1.0, 1.0, 1.0, 1.0, 1.0, 0.9998165137614679, 0.9996558251591808, 1.0, 0.999820014398848, 1.0, 1.0, 1.0, 1.0, 1.0, 1.0, 1.0, 1.0, 1.0, 1.0]
Preds: [17, 17, 296, 17, 17, 17, 17, 363, 363, 363, 363, 363, 101, 149, 321, 321, 287, 287, 287, 284, 206, 167, 35, 320, 320, 29, 287, 287, 111, 111, 468, 468, 467, 146, 146, 443, 330, 330, 330, 348, 175, 65, 65, 106, 293, 293, 293, 293, 413, 348, 348, 466, 479, 479, 331, 331, 486, 486, 486, 460, 240, 173, 8, 280, 29, 106, 284, 284, 240, 285, 285, 467, 180, 180, 486, 486, 486, 486, 460, 240, 175, 175, 81, 431, 431, 85, 403, 403, 403, 207, 207, 207, 246, 246, 246, 246, 246, 19, 19, 454, 229, 259, 321, 247, 126, 126, 408, 408, 408, 408, 228, 321, 75, 66, 68, 172, 115, 115, 267, 444, 278, 378, 378, 345, 345, 100, 100, 497, 497, 186, 99, 338, 338, 400, 400, 400, 301, 301, 378, 345, 109, 499, 499, 151, 151, 253, 453, 342, 168, 168, 180, 151, 151, 460, 178, 178, 192, 192, 445, 451, 41, 41, 41, 41, 19, 19, 19, 454, 454, 13, 414, 170, 244, 244, 244, 392, 244, 392, 392, 321, 321, 321, 7, 479, 479, 331, 331, 331, 480, 319, 111, 460, 438, 416, 216, 192, 114, 180, 180, 443, 443, 443, 139, 139, 293, 274, 274, 35, 192, 445, 464, 464, 171, 171, 252, 416, 458, 192, 445, 180, 464, 264, 264, 264, 264, 315, 315, 113, 450, 450, 293, 169, 150, 150, 54, 54, 142, 397, 397, 196, 147, 147, 109, 288, 403, 171, 171, 252, 252, 24, 310, 310, 107, 395, 395, 286, 286, 120, 120, 120, 120, 37, 37, 385, 385, 197, 75, 164, 164, 196, 196, 116, 33, 33, 248, 394, 212, 75, 199, 275, 275, 275, 275, 303, 303, 17, 420, 374, 374, 374, 374, 374, 374, 374, 374, 374, 374, 374, 374, 374, 374, 374, 374, 374, 374, 374, 374, 374, 374, 374, 374, 374, 374, 374, 374, 374, 374, 374, 374, 374, 374, 374, 374, 374, 374, 374, 374, 374, 374, 374, 374, 374, 374, 374, 374, 374, 374, 374, 374, 374, 374, 374, 374, 374, 374, 374, 374, 374, 374, 374, 374, 374, 374, 374, 374, 374, 374, 374, 374, 374, 374, 374, 374, 374, 374, 374, 374, 374, 374, 374, 374, 374, 374, 374, 374, 374, 374, 374, 374, 374, 374, 374, 374, 374, 374, 374, 374, 374, 374, 374, 374, 374, 374, 374, 374, 374, 374, 374, 374, 374, 374, 374, 374, 374, 374, 374, 374, 374, 374, 374, 374, 374, 374, 374, 374, 374, 374, 374, 374, 374, 374, 374, 374, 374, 374, 374, 374, 374, 374, 374, 374, 374, 374, 374, 374, 374, 374, 374, 374, 374, 374, 374, 374, 374, 374, 374, 374, 374, 374, 374, 374, 374, 374, 374, 374, 374, 374, 374, 374, 374, 374, 374, 374, 374, 374, 374, 374, 374, 374, 374, 374, 374, 374, 374, 374, 374, 374, 374, 374, 374, 374, 374, 374, 374, 374, 374, 374, 374, 374, 374, 374, 374, 374, 374, 374, 374, 374, 374, 374, 374, 374, 374, 374, 374, 374, 374, 374, 374, 374, 374, 374, 374, 374, 374, 374, 374, 374, 374, 374, 374, 374, 374, 374, 374, 374, 374, 374, 374, 374, 374, 374, 374, 374, 374, 374, 374, 374, 374, 374, 374, 374, 374, 374, 374, 374, 374, 374, 374, 374, 374, 374, 374, 374, 374, 374, 374, 374, 374, 374, 374, 374, 374, 374, 374, 374, 374, 374, 374, 374, 374, 374, 374, 374, 374, 374, 374, 374, 374, 374, 374, 374, 374, 374, 374, 374, 374, 374, 374, 374, 374, 374, 374, 374, 374, 374, 374, 374, 374, 374, 374]

ep184
Train step Loss: [0.9460805654525757, 0.9460189342498779, 0.9460321664810181, 0.9461503028869629, 0.9459676742553711, 0.946036696434021, 0.9460078477859497, 0.946087121963501, 0.9460855722427368, 0.9459905028343201, 0.9460271596908569, 0.9461934566497803, 0.9461020231246948, 0.9460291862487793, 0.9460130333900452, 0.946215808391571, 0.9460427165031433, 0.9460260272026062, 0.9459414482116699, 0.9460604190826416, 0.9459981322288513, 0.9460412263870239, 0.9460498094558716, 0.9460307359695435, 0.9459906816482544, 0.9461543560028076, 0.946142315864563, 0.9460132718086243, 0.9460654258728027, 0.9460360407829285, 0.946084201335907, 0.9459303021430969, 0.9461888670921326, 0.9460616111755371, 0.9460287690162659, 0.9460754990577698, 0.946024477481842, 0.9460026621818542, 0.9459974765777588, 0.9459912180900574, 0.9460122585296631, 0.946012020111084, 0.9460474252700806, 0.9460206627845764, 0.9460153579711914, 0.9459736347198486, 0.9459652900695801, 0.9460367560386658, 0.9460206627845764, 0.9460206627845764, 0.9460045695304871, 0.9461774826049805, 0.946104884147644, 0.9459953308105469, 0.9461777210235596, 0.9460146427154541, 0.9459654688835144, 0.9460228085517883, 0.9459456205368042, 0.946108877658844, 0.9460754990577698, 0.945972740650177, 0.9460322260856628, 0.9459471702575684, 0.9459795355796814, 0.9460421800613403, 0.9460514187812805, 0.9459622502326965, 0.9460102915763855, 0.9460301399230957, 0.9460209012031555, 0.9459637403488159, 0.9460484385490417, 0.9460009336471558, 0.9460150003433228, 0.9460890293121338, 0.9460468292236328, 0.9461055994033813, 0.9460543990135193, 0.9460086822509766, 0.946007251739502, 0.9460605382919312, 0.9461736083030701, 0.945948600769043, 0.9460150599479675, 0.9460042715072632, 0.9460764527320862, 0.946020781993866, 0.9461405277252197, 0.9461089372634888, 0.9460611343383789, 0.9459493160247803, 0.9460582137107849, 0.9461580514907837, 0.9459447860717773, 0.9459848999977112, 0.9460654854774475, 0.9460313320159912, 0.9461108446121216, 0.9460111260414124, 0.9460006356239319, 0.9459335803985596, 0.9459996223449707, 0.9459806680679321, 0.9461298584938049]
val step Loss: [0.9478834867477417, 0.9466128349304199, 0.9467786550521851, 0.9521617293357849, 0.9476390480995178, 0.9468267560005188, 0.9486681818962097, 0.946876049041748, 0.9469054937362671, 0.946740448474884, 0.9467303156852722, 0.9477695226669312, 0.946882963180542, 0.9467781782150269, 0.9466010928153992, 0.9478387236595154, 0.9466368556022644, 0.9465668201446533, 0.9467862248420715, 0.9501527547836304, 0.9468894004821777, 0.9467798471450806, 0.9467285871505737, 0.9470335245132446, 0.9467600584030151, 0.9468578696250916, 0.9469980001449585]
Train step Accs: [1.0, 1.0, 1.0, 1.0, 1.0, 1.0, 1.0, 1.0, 1.0, 1.0, 1.0, 1.0, 1.0, 1.0, 1.0, 1.0, 1.0, 1.0, 1.0, 1.0, 1.0, 1.0, 1.0, 1.0, 1.0, 1.0, 1.0, 1.0, 1.0, 1.0, 1.0, 1.0, 1.0, 1.0, 1.0, 1.0, 1.0, 1.0, 1.0, 1.0, 1.0, 1.0, 1.0, 1.0, 1.0, 1.0, 1.0, 1.0, 1.0, 1.0, 1.0, 1.0, 1.0, 1.0, 1.0, 1.0, 1.0, 1.0, 1.0, 1.0, 1.0, 1.0, 1.0, 1.0, 1.0, 1.0, 1.0, 1.0, 1.0, 1.0, 1.0, 1.0, 1.0, 1.0, 1.0, 1.0, 1.0, 1.0, 1.0, 1.0, 1.0, 1.0, 1.0, 1.0, 1.0, 1.0, 1.0, 1.0, 1.0, 1.0, 1.0, 1.0, 1.0, 1.0, 1.0, 1.0, 1.0, 1.0, 1.0, 1.0, 1.0, 1.0, 1.0, 1.0, 1.0]
val step Accs: [0.9998274374460742, 1.0, 1.0, 0.9989821882951654, 0.9998191354675349, 1.0, 0.9996372211137312, 1.0, 1.0, 1.0, 1.0, 0.9998376096135109, 1.0, 1.0, 1.0, 0.9998164127042408, 1.0, 1.0, 1.0, 0.9993567063364426, 1.0, 1.0, 1.0, 1.0, 1.0, 1.0, 1.0]
Preds: [17, 17, 296, 217, 217, 473, 65, 443, 443, 443, 443, 240, 169, 150, 77, 164, 164, 164, 164, 164, 164, 273, 106, 106, 375, 375, 375, 98, 98, 48, 13, 170, 20, 170, 20, 20, 187, 187, 187, 408, 408, 20, 391, 391, 20, 184, 20, 20, 7, 188, 152, 152, 422, 99, 54, 54, 224, 400, 400, 30, 324, 324, 464, 464, 139, 139, 355, 387, 355, 240, 388, 94, 94, 398, 324, 301, 416, 32, 239, 144, 27, 180, 180, 284, 486, 428, 206, 240, 240, 314, 8, 32, 354, 354, 100, 497, 43, 8, 8, 32, 354, 354, 100, 387, 255, 251, 251, 241, 431, 106, 498, 498, 406, 313, 313, 285, 337, 464, 464, 464, 145, 315, 315, 450, 450, 450, 43, 43, 276, 276, 345, 109, 109, 403, 207, 324, 3, 301, 42, 42, 147, 456, 337, 324, 422, 422, 349, 349, 234, 234, 261, 261, 25, 148, 153, 153, 413, 413, 10, 10, 309, 398, 398, 464, 139, 139, 481, 182, 182, 387, 387, 122, 122, 236, 129, 259, 108, 377, 123, 374, 153, 153, 387, 372, 406, 406, 406, 467, 182, 375, 375, 375, 98, 98, 13, 229, 229, 20, 312, 126, 126, 23, 326, 23, 23, 101, 149, 149, 228, 20, 412, 287, 287, 460, 460, 178, 215, 458, 465, 164, 164, 442, 225, 7, 7, 217, 217, 473, 65, 476, 171, 252, 416, 239, 239, 445, 445, 485, 324, 301, 314, 325, 34, 34, 191, 191, 116, 251, 251, 251, 241, 81, 431, 367, 496, 274, 43, 8, 129, 259, 208, 208, 441, 441, 153, 497, 497, 399, 70, 70, 70, 473, 65, 264, 264, 264, 264, 468, 468, 468, 406, 337, 337, 324, 252, 24, 239, 239, 384, 449, 324, 324, 301, 26, 251, 241, 431, 367, 496, 274, 43, 416, 458, 144, 208, 100, 100, 496, 274, 122, 143, 143, 17, 420, 374, 374, 374, 374, 374, 374, 374, 374, 374, 374, 374, 374, 374, 374, 374, 374, 374, 374, 374, 374, 374, 374, 374, 374, 374, 374, 374, 374, 374, 374, 374, 374, 374, 374, 374, 374, 374, 374, 374, 374, 374, 374, 374, 374, 374, 374, 374, 374, 374, 374, 374, 374, 374, 374, 374, 374, 374, 374, 374, 374, 374, 374, 374, 374, 374, 374, 374, 374, 374, 374, 374, 374, 374, 374, 374, 374, 374, 374, 374, 374, 374, 374, 374, 374, 374, 374, 374, 374, 374, 374, 374, 374, 374, 374, 374, 374, 374, 374, 374, 374, 374, 374, 374, 374, 374, 374, 374, 374, 374, 374, 374, 374, 374, 374, 374, 374, 374, 374, 374, 374, 374, 374, 374, 374, 374, 374, 374, 374, 374, 374, 374, 374, 374, 374, 374, 374, 374, 374, 374, 374, 374, 374, 374, 374, 374, 374, 374, 374, 374, 374, 374, 374, 374, 374, 374, 374, 374, 374, 374, 374, 374, 374, 374, 374, 374, 374, 374, 374, 374, 374, 374, 374, 374, 374, 374, 374, 374, 374, 374, 374, 374, 374, 374, 374, 374, 374, 374, 374, 374, 374, 374, 374, 374, 374, 374, 374, 374, 374, 374, 374, 374, 374, 374, 374, 374, 374, 374, 374, 374, 374, 374, 374, 374, 374, 374, 374, 374, 374, 374, 374, 374, 374, 374, 374, 374, 374, 374, 374, 374, 374, 374, 374, 374, 374, 374, 374, 374, 374, 374, 374, 374, 374, 374, 374, 374, 374, 374, 374, 374, 374, 374, 374, 374, 374, 374, 374, 374, 374, 374, 374, 374, 374, 374, 374, 374, 374, 374, 374, 374, 374, 374, 374, 374, 374, 374, 374, 374, 374, 374, 374, 374, 374, 374, 374, 374, 374]

ep185
Train step Loss: [0.9460234045982361, 0.9461740255355835, 0.9460358023643494, 0.9459714889526367, 0.9460344314575195, 0.9459989070892334, 0.9460939168930054, 0.9460268020629883, 0.9460415244102478, 0.9461621642112732, 0.9459811449050903, 0.9459802508354187, 0.9460651278495789, 0.9461768865585327, 0.946194052696228, 0.9460723996162415, 0.9460345506668091, 0.9460456371307373, 0.9460127353668213, 0.945987343788147, 0.9460855722427368, 0.9460632801055908, 0.9461098909378052, 0.9460470676422119, 0.9459341168403625, 0.9459093809127808, 0.946061372756958, 0.9459201097488403, 0.9460440874099731, 0.9460717439651489, 0.946049153804779, 0.9459893703460693, 0.9460371136665344, 0.9459912776947021, 0.9459843635559082, 0.9460297226905823, 0.9460886716842651, 0.9460004568099976, 0.9459494352340698, 0.9460080862045288, 0.9459922313690186, 0.9460745453834534, 0.9460681080818176, 0.945980429649353, 0.9460098743438721, 0.9460592865943909, 0.9460337162017822, 0.9460330009460449, 0.946021556854248, 0.9459987878799438, 0.9461131691932678, 0.9461198449134827, 0.9460395574569702, 0.9459871053695679, 0.9459585547447205, 0.9461233615875244, 0.9460653066635132, 0.9460686445236206, 0.9459717273712158, 0.9461231827735901, 0.9460127353668213, 0.9459438323974609, 0.9460340142250061, 0.9459701776504517, 0.9460015892982483, 0.9460257887840271, 0.946053147315979, 0.9460740089416504, 0.9459723830223083, 0.9460797309875488, 0.9459946155548096, 0.9460391998291016, 0.9459561109542847, 0.9459950923919678, 0.9460856318473816, 0.9459831714630127, 0.9459564089775085, 0.9459999799728394, 0.9460888504981995, 0.9460483193397522, 0.9460007548332214, 0.9460792541503906, 0.9460459351539612, 0.9460771679878235, 0.9459185600280762, 0.9460529088973999, 0.9459440112113953, 0.9461274743080139, 0.9460422992706299, 0.9460640549659729, 0.9459739923477173, 0.9460280537605286, 0.9460265636444092, 0.9460511803627014, 0.9460816979408264, 0.9460495710372925, 0.9460535645484924, 0.946200966835022, 0.9461244344711304, 0.9460664391517639, 0.9460229277610779, 0.9460746049880981, 0.9459551572799683, 0.9460409283638, 0.9459419250488281]
val step Loss: [0.9467508792877197, 0.9465644955635071, 0.9479776620864868, 0.9466893672943115, 0.946539580821991, 0.9467124938964844, 0.9468136429786682, 0.9469463229179382, 0.9525818228721619, 0.9486058354377747, 0.946800947189331, 0.946590006351471, 0.946658194065094, 0.9468962550163269, 0.9474119544029236, 0.9477976560592651, 0.9501620531082153, 0.9475815296173096, 0.9468060731887817, 0.9466762542724609, 0.9467107057571411, 0.946621298789978, 0.9466894268989563, 0.9468947649002075, 0.9467281699180603, 0.9467669725418091, 0.9465963244438171]
Train step Accs: [1.0, 1.0, 1.0, 1.0, 1.0, 1.0, 1.0, 1.0, 1.0, 1.0, 1.0, 1.0, 1.0, 1.0, 1.0, 1.0, 1.0, 1.0, 1.0, 1.0, 1.0, 1.0, 1.0, 1.0, 1.0, 1.0, 1.0, 1.0, 1.0, 1.0, 1.0, 1.0, 1.0, 1.0, 1.0, 1.0, 1.0, 1.0, 1.0, 1.0, 1.0, 1.0, 1.0, 1.0, 1.0, 1.0, 1.0, 1.0, 1.0, 1.0, 1.0, 1.0, 1.0, 1.0, 1.0, 1.0, 1.0, 1.0, 1.0, 1.0, 1.0, 1.0, 1.0, 1.0, 1.0, 1.0, 1.0, 1.0, 1.0, 1.0, 1.0, 1.0, 1.0, 1.0, 1.0, 1.0, 1.0, 1.0, 1.0, 1.0, 1.0, 1.0, 1.0, 1.0, 1.0, 1.0, 1.0, 1.0, 1.0, 1.0, 1.0, 1.0, 1.0, 1.0, 1.0, 1.0, 1.0, 1.0, 1.0, 1.0, 1.0, 1.0, 1.0, 1.0, 1.0]
val step Accs: [1.0, 1.0, 0.9998086124401914, 1.0, 1.0, 1.0, 1.0, 1.0, 0.9989512323020451, 0.9996449494052903, 1.0, 1.0, 1.0, 1.0, 0.9998378991732858, 0.9998368412465328, 0.999336540056394, 0.9998325799430772, 1.0, 1.0, 1.0, 1.0, 1.0, 1.0, 1.0, 1.0, 1.0]
Preds: [17, 17, 441, 441, 153, 387, 387, 240, 348, 24, 24, 384, 371, 180, 180, 486, 376, 376, 282, 263, 263, 229, 229, 247, 312, 363, 363, 363, 408, 408, 149, 228, 228, 244, 320, 7, 479, 331, 278, 301, 378, 8, 129, 354, 109, 180, 486, 486, 460, 240, 240, 35, 36, 342, 224, 351, 196, 479, 331, 331, 315, 450, 450, 450, 88, 88, 88, 109, 337, 207, 301, 143, 129, 401, 244, 354, 354, 100, 389, 425, 425, 251, 331, 106, 302, 497, 43, 43, 43, 276, 276, 276, 346, 284, 284, 284, 450, 450, 293, 43, 43, 276, 345, 109, 109, 116, 116, 10, 398, 398, 398, 374, 374, 495, 406, 406, 380, 134, 387, 387, 109, 337, 324, 219, 246, 246, 301, 301, 8, 8, 354, 354, 180, 180, 486, 486, 206, 240, 240, 314, 129, 401, 401, 32, 354, 354, 100, 153, 153, 153, 153, 182, 182, 182, 132, 132, 132, 132, 303, 303, 303, 442, 442, 442, 229, 229, 170, 170, 244, 187, 1, 1, 408, 408, 408, 244, 228, 228, 412, 287, 287, 287, 284, 284, 460, 169, 215, 35, 35, 75, 208, 441, 148, 153, 153, 387, 387, 122, 348, 64, 466, 479, 331, 242, 242, 348, 466, 466, 479, 331, 307, 307, 319, 206, 240, 251, 251, 359, 34, 166, 278, 278, 278, 173, 8, 8, 70, 70, 65, 65, 46, 46, 46, 46, 206, 215, 215, 129, 401, 354, 354, 106, 106, 180, 284, 315, 315, 315, 315, 315, 450, 450, 450, 450, 203, 250, 364, 276, 276, 345, 109, 109, 207, 324, 324, 3, 301, 26, 251, 241, 241, 431, 486, 486, 282, 282, 330, 388, 94, 303, 199, 331, 375, 375, 98, 98, 13, 244, 170, 170, 392, 63, 63, 63, 63, 63, 63, 63, 244, 40, 40, 40, 63, 40, 244, 40, 63, 244, 63, 73, 244, 244, 289, 320, 188, 188, 213, 324, 422, 416, 32, 239, 354, 114, 180, 180, 486, 460, 460, 178, 215, 129, 401, 244, 321, 354, 276, 148, 148, 153, 387, 387, 387, 387, 167, 122, 35, 321, 75, 449, 273, 180, 486, 486, 460, 240, 215, 215, 129, 239, 354, 420, 420, 213, 213, 324, 464, 464, 464, 443, 240, 314, 314, 239, 239, 239, 384, 371, 371, 324, 324, 324, 324, 324, 464, 464, 464, 180, 145, 486, 460, 240, 240, 314, 35, 75, 131, 377, 87, 32, 32, 32, 354, 354, 100, 100, 153, 153, 153, 182, 43, 43, 8, 196, 303, 303, 303, 303, 303, 48, 48, 48, 170, 244, 392, 392, 392, 392, 392, 392, 392, 392, 392, 392, 73, 73, 73, 320, 320, 188, 188, 171, 213, 246, 246, 246, 246, 246, 246, 422, 143, 36, 478, 323, 482, 224, 224, 273, 485, 374, 139, 153, 387, 387, 387, 387, 413, 348, 348, 64, 394, 32, 32, 32, 32, 239, 384, 377, 371, 444, 213, 213, 246, 434, 434, 434, 3, 335, 14, 14, 287, 145, 287, 145, 460, 240, 215, 129, 32, 354, 354, 109, 499, 486, 486, 264, 240, 285, 467, 145, 145, 486, 85, 85, 85, 468, 468, 406, 406, 467, 337, 337, 277, 301, 143, 129, 401, 244, 75, 74, 190, 190, 487, 499, 151, 487, 442, 193, 17, 17, 420, 374, 374, 374, 374, 374, 374, 374, 374, 374, 374, 374, 374, 374, 374, 374, 374, 374, 374, 374, 374, 374, 374, 374, 374, 374, 374, 374, 374, 374, 374, 374, 374, 374, 374, 374, 374, 374, 374, 374, 374, 374, 374, 374, 374, 374, 374, 374, 374, 374, 374, 374, 374, 374, 374, 374, 374, 374, 374, 374]

ep186
Train step Loss: [0.9461316466331482, 0.9459893107414246, 0.9460261464118958, 0.9460304975509644, 0.9459856748580933, 0.9460851550102234, 0.9459798336029053, 0.9461007118225098, 0.9461269378662109, 0.9460265636444092, 0.946033775806427, 0.9460095167160034, 0.9460687041282654, 0.9460619688034058, 0.946020781993866, 0.9460250735282898, 0.9459962844848633, 0.9459726214408875, 0.946066677570343, 0.9460133910179138, 0.946081280708313, 0.9459826946258545, 0.946043848991394, 0.9459999203681946, 0.9459877014160156, 0.9460173845291138, 0.9460256695747375, 0.9460749626159668, 0.946162760257721, 0.9459891319274902, 0.9460570812225342, 0.9460150003433228, 0.9460369348526001, 0.945936381816864, 0.9459931254386902, 0.9460185766220093, 0.9459856748580933, 0.9459919333457947, 0.9460213780403137, 0.9460012316703796, 0.9461312294006348, 0.9460635185241699, 0.9461029171943665, 0.9460560083389282, 0.9459797739982605, 0.946054995059967, 0.9460479617118835, 0.9459817409515381, 0.9460775256156921, 0.946066677570343, 0.945961058139801, 0.9460076093673706, 0.94605952501297, 0.9460895657539368, 0.9460470080375671, 0.9460173845291138, 0.9461151361465454, 0.9460260272026062, 0.9460207223892212, 0.9459718465805054, 0.9460916519165039, 0.946222186088562, 0.9460275173187256, 0.9459615349769592, 0.9459525346755981, 0.9459778070449829, 0.9459847211837769, 0.9460574984550476, 0.9462262392044067, 0.9459595084190369, 0.9461559057235718, 0.9460797309875488, 0.9460178017616272, 0.9459236860275269, 0.9459617733955383, 0.9460126757621765, 0.9460242390632629, 0.9459655284881592, 0.9460805654525757, 0.9460911154747009, 0.9461141228675842, 0.9459976553916931, 0.9460098147392273, 0.9460505843162537, 0.9460200071334839, 0.9459815621376038, 0.9460839033126831, 0.9460026621818542, 0.9460128545761108, 0.9462617039680481, 0.9462083578109741, 0.9461572170257568, 0.9460484981536865, 0.9460136890411377, 0.9460541009902954, 0.946083664894104, 0.9460413455963135, 0.9460424780845642, 0.9460315108299255, 0.946129560470581, 0.9460882544517517, 0.9459500908851624, 0.9460000395774841, 0.9459571242332458, 0.9460026621818542]
val step Loss: [0.9508983492851257, 0.9468349814414978, 0.9467189908027649, 0.9468300342559814, 0.9468039274215698, 0.9467335343360901, 0.9467679858207703, 0.9465737342834473, 0.9465459585189819, 0.9488962888717651, 0.948066771030426, 0.9475744962692261, 0.9473178386688232, 0.946703314781189, 0.9465809464454651, 0.946871280670166, 0.9520041942596436, 0.94660484790802, 0.9466668367385864, 0.946640133857727, 0.9466215968132019, 0.9466353058815002, 0.9465839266777039, 0.9466022253036499, 0.9475898146629333, 0.9467033743858337, 0.9467309713363647]
Train step Accs: [1.0, 1.0, 1.0, 1.0, 1.0, 1.0, 1.0, 1.0, 1.0, 1.0, 1.0, 1.0, 1.0, 1.0, 1.0, 1.0, 1.0, 1.0, 1.0, 1.0, 1.0, 1.0, 1.0, 1.0, 1.0, 1.0, 1.0, 1.0, 1.0, 1.0, 1.0, 1.0, 1.0, 1.0, 1.0, 1.0, 1.0, 1.0, 1.0, 1.0, 1.0, 1.0, 1.0, 1.0, 1.0, 1.0, 1.0, 1.0, 1.0, 1.0, 1.0, 1.0, 1.0, 1.0, 1.0, 1.0, 1.0, 1.0, 1.0, 1.0, 1.0, 1.0, 1.0, 1.0, 1.0, 1.0, 1.0, 1.0, 1.0, 1.0, 1.0, 1.0, 1.0, 1.0, 1.0, 1.0, 1.0, 1.0, 1.0, 1.0, 1.0, 1.0, 1.0, 1.0, 1.0, 1.0, 1.0, 1.0, 1.0, 1.0, 1.0, 1.0, 1.0, 1.0, 1.0, 1.0, 1.0, 1.0, 1.0, 1.0, 1.0, 1.0, 1.0, 1.0, 1.0]
val step Accs: [0.9992310649750096, 1.0, 1.0, 1.0, 1.0, 1.0, 1.0, 1.0, 1.0, 0.9996184662342618, 0.9998051821546854, 0.9998466963053809, 0.9998353367363741, 1.0, 1.0, 1.0, 0.9990202482037883, 1.0, 1.0, 1.0, 1.0, 1.0, 1.0, 1.0, 0.9998241603657464, 1.0, 1.0]
Preds: [17, 30, 340, 340, 116, 10, 479, 479, 65, 65, 284, 284, 481, 293, 293, 43, 43, 43, 364, 364, 276, 276, 346, 346, 284, 284, 284, 284, 284, 206, 206, 293, 43, 43, 364, 276, 276, 276, 346, 297, 497, 497, 43, 349, 129, 401, 205, 205, 208, 441, 441, 153, 153, 153, 387, 387, 387, 387, 29, 29, 337, 337, 337, 152, 178, 143, 129, 401, 208, 208, 208, 441, 441, 387, 387, 387, 274, 416, 8, 32, 32, 32, 354, 354, 180, 180, 376, 376, 376, 376, 460, 240, 385, 233, 36, 155, 155, 155, 25, 397, 494, 32, 32, 219, 219, 219, 464, 464, 93, 403, 403, 171, 171, 171, 246, 246, 246, 246, 246, 246, 246, 19, 48, 48, 48, 20, 170, 170, 170, 20, 187, 187, 187, 408, 408, 391, 20, 391, 73, 73, 20, 20, 320, 7, 251, 241, 331, 431, 486, 486, 460, 460, 215, 35, 35, 75, 77, 164, 342, 224, 183, 485, 485, 464, 139, 139, 387, 387, 387, 122, 8, 32, 239, 75, 354, 354, 441, 441, 276, 346, 346, 265, 265, 265, 85, 85, 167, 385, 32, 32, 239, 82, 108, 107, 395, 106, 106, 106, 153, 387, 387, 387, 85, 146, 207, 207, 207, 246, 246, 246, 246, 246, 19, 422, 129, 401, 401, 20, 445, 445, 351, 278, 403, 171, 171, 171, 219, 219, 219, 219, 477, 152, 422, 186, 349, 205, 205, 401, 20, 261, 261, 397, 441, 345, 374, 374, 213, 213, 213, 213, 422, 99, 338, 338, 338, 395, 395, 459, 459, 120, 385, 385, 233, 20, 75, 208, 27, 487, 441, 442, 219, 464, 464, 355, 355, 355, 355, 167, 167, 226, 80, 80, 80, 20, 80, 80, 7, 219, 219, 422, 422, 162, 232, 232, 68, 68, 68, 115, 267, 267, 444, 278, 26, 251, 241, 81, 403, 403, 403, 207, 19, 420, 374, 374, 374, 374, 374, 374, 374, 374, 374, 374, 374, 374, 374, 374, 374, 374, 374, 374, 374, 374, 374, 374, 374, 374, 374, 374, 374, 374, 374, 374, 374, 374, 374, 374, 374, 374, 374, 374, 374, 374, 374, 374, 374, 374, 374, 374, 374, 374, 374, 374, 374, 374, 374, 374, 374, 374, 374, 374, 374, 374, 374, 374, 374, 374, 374, 374, 374, 374, 374, 374, 374, 374, 374, 374, 374, 374, 374, 374, 374, 374, 374, 374, 374, 374, 374, 374, 374, 374, 374, 374, 374, 374, 374, 374, 374, 374, 374, 374, 374, 374, 374, 374, 374, 374, 374, 374, 374, 374, 374, 374, 374, 374, 374, 374, 374, 374, 374, 374, 374, 374, 374, 374, 374, 374, 374, 374, 374, 374, 374, 374, 374, 374, 374, 374, 374, 374, 374, 374, 374, 374, 374, 374, 374, 374, 374, 374, 374, 374, 374, 374, 374, 374, 374, 374, 374, 374, 374, 374, 374, 374, 374, 374, 374, 374, 374, 374, 374, 374, 374, 374, 374, 374, 374, 374, 374, 374, 374, 374, 374, 374, 374, 374, 374, 374, 374, 374, 374, 374, 374, 374, 374, 374, 374, 374, 374, 374, 374, 374, 374, 374, 374, 374, 374, 374, 374, 374, 374, 374, 374, 374, 374, 374, 374, 374, 374, 374, 374, 374, 374, 374, 374, 374, 374, 374, 374, 374, 374, 374, 374, 374, 374, 374, 374, 374, 374, 374, 374, 374, 374, 374, 374, 374, 374, 374, 374, 374, 374, 374, 374, 374, 374, 374, 374, 374, 374, 374, 374, 374, 374, 374, 374, 374, 374, 374, 374, 374, 374, 374, 374, 374, 374, 374, 374, 374, 374, 374, 374, 374, 374, 374, 374, 374, 374, 374, 374, 374, 374, 374]

ep187
Train step Loss: [0.9459177255630493, 0.9459800124168396, 0.9460629224777222, 0.9461450576782227, 0.9459589719772339, 0.9460880756378174, 0.9460534453392029, 0.9460161924362183, 0.9460929036140442, 0.9460402727127075, 0.9461395740509033, 0.9460053443908691, 0.9461097717285156, 0.9460650682449341, 0.9459973573684692, 0.9461551308631897, 0.9460826516151428, 0.9461076259613037, 0.9460988640785217, 0.9459968209266663, 0.9460507035255432, 0.9460073113441467, 0.9459508657455444, 0.946031391620636, 0.9462148547172546, 0.9459300637245178, 0.9460532069206238, 0.9459614157676697, 0.9460676908493042, 0.9460684061050415, 0.9460227489471436, 0.9460158348083496, 0.9459739327430725, 0.9460424780845642, 0.9460582733154297, 0.9459187984466553, 0.9460519552230835, 0.9460262060165405, 0.9461426734924316, 0.9459632635116577, 0.9460249543190002, 0.946011483669281, 0.9459716081619263, 0.9459858536720276, 0.9460987448692322, 0.9460839033126831, 0.9460039734840393, 0.9460289478302002, 0.9460477828979492, 0.9460675716400146, 0.9460422992706299, 0.9460053443908691, 0.946266233921051, 0.9460328817367554, 0.9460785388946533, 0.9459049105644226, 0.945952296257019, 0.9460179805755615, 0.9460392594337463, 0.9460583329200745, 0.946029007434845, 0.9459708333015442, 0.9460710883140564, 0.9462096095085144, 0.9460650086402893, 0.946273922920227, 0.946010947227478, 0.9459628462791443, 0.9459934830665588, 0.9459846615791321, 0.9459150433540344, 0.9460828900337219, 0.9459981322288513, 0.9460365176200867, 0.9460691809654236, 0.9460227489471436, 0.9460047483444214, 0.9460289478302002, 0.9460641741752625, 0.9459673762321472, 0.9459552764892578, 0.9460369348526001, 0.9460530281066895, 0.9460803866386414, 0.9459961652755737, 0.9459917545318604, 0.9460523724555969, 0.9459517002105713, 0.9459865689277649, 0.9461005926132202, 0.946002721786499, 0.9460537433624268, 0.9461168646812439, 0.9462026953697205, 0.9460218548774719, 0.946057915687561, 0.9460172653198242, 0.946018397808075, 0.946010410785675, 0.9460750818252563, 0.9460159540176392, 0.9460710883140564, 0.946072518825531, 0.9459723234176636, 0.9460862874984741]
val step Loss: [0.9467595219612122, 0.9467142820358276, 0.9465752840042114, 0.9467385411262512, 0.9482523798942566, 0.9467390775680542, 0.9505584239959717, 0.946491539478302, 0.9478164315223694, 0.9466116428375244, 0.9476771950721741, 0.9466812014579773, 0.9467417001724243, 0.9466691613197327, 0.947750449180603, 0.9467965364456177, 0.9469220638275146, 0.9467596411705017, 0.947853147983551, 0.9529139399528503, 0.9467340111732483, 0.9467757940292358, 0.9467824101448059, 0.9468675851821899, 0.946744978427887, 0.9466192722320557, 0.9464414715766907]
Train step Accs: [1.0, 1.0, 1.0, 1.0, 1.0, 1.0, 1.0, 1.0, 1.0, 1.0, 1.0, 1.0, 1.0, 1.0, 1.0, 1.0, 1.0, 1.0, 1.0, 1.0, 1.0, 1.0, 1.0, 1.0, 1.0, 1.0, 1.0, 1.0, 1.0, 1.0, 1.0, 1.0, 1.0, 1.0, 1.0, 1.0, 1.0, 1.0, 1.0, 1.0, 1.0, 1.0, 1.0, 1.0, 1.0, 1.0, 1.0, 1.0, 1.0, 1.0, 1.0, 1.0, 1.0, 1.0, 1.0, 1.0, 1.0, 1.0, 1.0, 1.0, 1.0, 1.0, 1.0, 1.0, 1.0, 1.0, 1.0, 1.0, 1.0, 1.0, 1.0, 1.0, 1.0, 1.0, 1.0, 1.0, 1.0, 1.0, 1.0, 1.0, 1.0, 1.0, 1.0, 1.0, 1.0, 1.0, 1.0, 1.0, 1.0, 1.0, 1.0, 1.0, 1.0, 1.0, 1.0, 1.0, 1.0, 1.0, 1.0, 1.0, 1.0, 1.0, 1.0, 1.0, 1.0]
val step Accs: [1.0, 1.0, 1.0, 1.0, 0.9997001499250375, 1.0, 0.9992916592881176, 1.0, 0.9998160073597057, 1.0, 0.9998458455372283, 1.0, 1.0, 1.0, 0.9998409416255766, 1.0, 1.0, 1.0, 0.9998001998001999, 0.9988751406074241, 1.0, 1.0, 1.0, 1.0, 1.0, 1.0, 1.0]
Preds: [17, 17, 217, 217, 473, 473, 65, 443, 443, 443, 171, 171, 252, 24, 239, 239, 239, 107, 395, 180, 84, 84, 355, 355, 98, 98, 98, 263, 229, 229, 82, 247, 312, 126, 126, 326, 326, 326, 101, 101, 149, 228, 320, 82, 7, 473, 473, 65, 476, 171, 252, 143, 143, 36, 449, 449, 395, 324, 324, 252, 325, 325, 34, 324, 324, 324, 301, 301, 251, 251, 251, 331, 431, 84, 496, 274, 274, 43, 8, 8, 239, 354, 208, 441, 441, 98, 98, 98, 48, 48, 417, 170, 82, 244, 392, 392, 392, 244, 312, 312, 187, 23, 23, 260, 260, 260, 391, 391, 391, 435, 435, 435, 435, 73, 73, 73, 244, 287, 287, 287, 284, 284, 293, 43, 43, 276, 276, 276, 346, 387, 387, 387, 406, 406, 406, 467, 337, 337, 278, 258, 31, 342, 342, 342, 224, 224, 224, 494, 494, 494, 203, 399, 217, 10, 473, 473, 398, 398, 286, 286, 286, 468, 406, 406, 380, 380, 499, 284, 426, 375, 98, 98, 98, 98, 13, 13, 414, 170, 47, 392, 392, 102, 102, 244, 320, 7, 7, 7, 217, 217, 473, 473, 264, 264, 264, 264, 264, 468, 468, 406, 406, 337, 337, 337, 324, 301, 359, 251, 359, 81, 444, 324, 324, 324, 301, 301, 251, 251, 241, 241, 431, 106, 84, 293, 497, 416, 8, 239, 144, 27, 106, 387, 206, 240, 385, 36, 36, 342, 224, 224, 273, 355, 355, 355, 374, 374, 374, 374, 374, 374, 374, 374, 374, 374, 374, 374, 374, 374, 374, 374, 374, 374, 374, 374, 374, 374, 374, 374, 374, 374, 374, 374, 374, 374, 374, 374, 374, 374, 374, 374, 374, 374, 374, 374, 374, 374, 374, 374, 374, 374, 374, 374, 374, 374, 374, 374, 374, 374, 374, 374, 374, 374, 374, 374, 374, 374, 374, 374, 374, 374, 374, 374, 374, 374, 374, 374, 374, 374, 374, 374, 374, 374, 374, 374, 374, 374, 374, 374, 374, 374, 374, 374, 374, 374, 374, 374, 374, 374, 374, 374, 374, 374, 374, 374, 374, 374, 374, 374, 374, 374, 374, 374, 374, 374, 374, 374, 374, 374, 374, 374, 374, 374, 374, 374, 374, 374, 374, 374, 374, 374, 374, 374, 374, 374, 374, 374, 374, 374, 374, 374, 374, 374, 374, 374, 374, 374, 374, 374, 374, 374, 374, 374, 374, 374, 374, 374, 374, 374, 374, 374, 374, 374, 374, 374, 374, 374, 374, 374, 374, 374, 374, 374, 374, 374, 374, 374, 374, 374, 374, 374, 374, 374, 374, 374, 374, 374, 374, 374, 374, 374, 374, 374, 374, 374, 374, 374, 374, 374, 374, 374, 374, 374, 374, 374, 374, 374, 374, 374, 374, 374, 374, 374, 374, 374, 374, 374, 374, 374, 374, 374, 374, 374, 374, 374, 374, 374, 374, 374, 374, 374, 374, 374, 374, 374, 374, 374, 374, 374, 374, 374, 374, 374, 374, 374, 374, 374, 374, 374, 374, 374, 374, 374, 374, 374, 374, 374, 374, 374, 374, 374, 374, 374, 374, 374, 374, 374, 374, 374, 374, 374, 374, 374, 374, 374, 374, 374, 374, 374, 374, 374, 374, 374, 374, 374, 374, 374, 374, 374, 374, 374, 374, 374, 374, 374, 374, 374, 374, 374, 374, 374, 374, 374, 374, 374, 374, 374, 374, 374, 374, 374, 374, 374, 374, 374, 374, 374, 374, 374, 374, 374, 374, 374, 374, 374, 374, 374, 374, 374, 374, 374, 374, 374, 374, 374, 374, 374, 374, 374, 374, 374, 374, 374, 374, 374, 374, 374, 374, 374, 374, 374, 374, 374, 374, 374, 374, 374, 374, 374, 374, 374]

ep188
Train step Loss: [0.9460738897323608, 0.9460443258285522, 0.9460276365280151, 0.9460608959197998, 0.946013867855072, 0.9459081888198853, 0.946043848991394, 0.946057140827179, 0.9459686875343323, 0.9460654854774475, 0.9459841847419739, 0.9460170269012451, 0.9460015296936035, 0.9460254907608032, 0.9460848569869995, 0.9458960294723511, 0.9460839629173279, 0.946040153503418, 0.946018397808075, 0.9460077285766602, 0.9460752606391907, 0.9459552764892578, 0.9460565447807312, 0.946012556552887, 0.9460350871086121, 0.9460257887840271, 0.9460098147392273, 0.9460442066192627, 0.9460417032241821, 0.9460747241973877, 0.946021318435669, 0.9459108710289001, 0.9460209608078003, 0.9460715651512146, 0.946051299571991, 0.9460787177085876, 0.9459905624389648, 0.9461156129837036, 0.9460596442222595, 0.9460352063179016, 0.9460794925689697, 0.9460232257843018, 0.9459748268127441, 0.9459009766578674, 0.946025013923645, 0.9459784626960754, 0.9459778666496277, 0.9460499882698059, 0.9459577202796936, 0.9459280967712402, 0.9460031986236572, 0.9462759494781494, 0.9460538029670715, 0.9460256099700928, 0.9460829496383667, 0.9459881782531738, 0.946112871170044, 0.9460171461105347, 0.9460117220878601, 0.9460017681121826, 0.9461025595664978, 0.9459795951843262, 0.9461226463317871, 0.9461343288421631, 0.9460210204124451, 0.9460180401802063, 0.945997416973114, 0.9461403489112854, 0.9460849761962891, 0.9460974335670471, 0.9459704756736755, 0.945999264717102, 0.9459666609764099, 0.946017324924469, 0.9460169076919556, 0.9461453557014465, 0.9459827542304993, 0.9460271596908569, 0.9460863471031189, 0.9459697008132935, 0.9459229707717896, 0.9460182189941406, 0.9459665417671204, 0.9460867047309875, 0.9460873007774353, 0.94606614112854, 0.9461711645126343, 0.9460632801055908, 0.9460224509239197, 0.9460483193397522, 0.9460741281509399, 0.9460301399230957, 0.94609135389328, 0.9460867047309875, 0.9459897875785828, 0.94609534740448, 0.9461381435394287, 0.9459919333457947, 0.9459850192070007, 0.9459220767021179, 0.9460046291351318, 0.9459752440452576, 0.946124255657196, 0.9459949731826782, 0.946077287197113]
val step Loss: [0.9469873309135437, 0.9468402862548828, 0.9466028809547424, 0.9466915130615234, 0.9467065930366516, 0.9468849897384644, 0.9468244910240173, 0.9487621784210205, 0.946614146232605, 0.9467526078224182, 0.9468136429786682, 0.9468799233436584, 0.9466714262962341, 0.946832001209259, 0.9467930197715759, 0.9478697776794434, 0.9483775496482849, 0.9467822313308716, 0.946744441986084, 0.9467642903327942, 0.9467692375183105, 0.9467098712921143, 0.9568213224411011, 0.9476905465126038, 0.9466959834098816, 0.9467688202857971, 0.9464717507362366]
Train step Accs: [1.0, 1.0, 1.0, 1.0, 1.0, 1.0, 1.0, 1.0, 1.0, 1.0, 1.0, 1.0, 1.0, 1.0, 1.0, 1.0, 1.0, 1.0, 1.0, 1.0, 1.0, 1.0, 1.0, 1.0, 1.0, 1.0, 1.0, 1.0, 1.0, 1.0, 1.0, 1.0, 1.0, 1.0, 1.0, 1.0, 1.0, 1.0, 1.0, 1.0, 1.0, 1.0, 1.0, 1.0, 1.0, 1.0, 1.0, 1.0, 1.0, 1.0, 1.0, 1.0, 1.0, 1.0, 1.0, 1.0, 1.0, 1.0, 1.0, 1.0, 1.0, 1.0, 1.0, 1.0, 1.0, 1.0, 1.0, 1.0, 1.0, 1.0, 1.0, 1.0, 1.0, 1.0, 1.0, 1.0, 1.0, 1.0, 1.0, 1.0, 1.0, 1.0, 1.0, 1.0, 1.0, 1.0, 1.0, 1.0, 1.0, 1.0, 1.0, 1.0, 1.0, 1.0, 1.0, 1.0, 1.0, 1.0, 1.0, 1.0, 1.0, 1.0, 1.0, 1.0, 1.0]
val step Accs: [1.0, 1.0, 1.0, 1.0, 1.0, 1.0, 1.0, 0.9996294237539374, 1.0, 1.0, 1.0, 1.0, 1.0, 1.0, 1.0, 0.9998338042213728, 0.9996866186148543, 1.0, 1.0, 1.0, 1.0, 1.0, 0.9981283922889762, 0.9998435054773083, 1.0, 1.0, 1.0]
Preds: [17, 17, 17, 287, 284, 284, 284, 293, 43, 43, 364, 364, 276, 276, 346, 284, 284, 284, 284, 284, 206, 206, 169, 215, 35, 244, 205, 205, 205, 261, 25, 437, 284, 265, 265, 85, 388, 348, 64, 64, 212, 398, 324, 324, 324, 324, 324, 246, 246, 246, 252, 32, 239, 239, 82, 384, 371, 371, 213, 213, 213, 422, 236, 239, 259, 310, 107, 107, 395, 395, 286, 464, 464, 464, 315, 315, 315, 315, 450, 450, 450, 43, 43, 364, 276, 276, 138, 138, 182, 182, 182, 375, 98, 98, 197, 401, 80, 244, 244, 208, 441, 441, 153, 153, 153, 153, 497, 497, 387, 81, 81, 337, 41, 324, 324, 3, 143, 401, 244, 244, 192, 188, 188, 278, 278, 240, 143, 129, 239, 384, 34, 191, 191, 324, 178, 143, 458, 401, 244, 320, 354, 109, 41, 41, 171, 171, 19, 454, 229, 229, 170, 392, 392, 392, 392, 244, 244, 73, 244, 73, 244, 320, 287, 287, 287, 284, 481, 293, 43, 276, 276, 346, 284, 405, 405, 206, 169, 215, 35, 401, 244, 320, 354, 106, 106, 428, 428, 240, 388, 94, 64, 473, 398, 324, 324, 324, 213, 324, 422, 239, 239, 239, 384, 371, 371, 213, 213, 422, 143, 239, 239, 310, 310, 107, 395, 395, 278, 278, 385, 143, 233, 401, 401, 320, 29, 374, 374, 132, 185, 186, 186, 323, 323, 68, 68, 68, 160, 160, 112, 17, 17, 420, 374, 374, 374, 374, 374, 374, 374, 374, 374, 374, 374, 374, 374, 374, 374, 374, 374, 374, 374, 374, 374, 374, 374, 374, 374, 374, 374, 374, 374, 374, 374, 374, 374, 374, 374, 374, 374, 374, 374, 374, 374, 374, 374, 374, 374, 374, 374, 374, 374, 374, 374, 374, 374, 374, 374, 374, 374, 374, 374, 374, 374, 374, 374, 374, 374, 374, 374, 374, 374, 374, 374, 374, 374, 374, 374, 374, 374, 374, 374, 374, 374, 374, 374, 374, 374, 374, 374, 374, 374, 374, 374, 374, 374, 374, 374, 374, 374, 374, 374, 374, 374, 374, 374, 374, 374, 374, 374, 374, 374, 374, 374, 374, 374, 374, 374, 374, 374, 374, 374, 374, 374, 374, 374, 374, 374, 374, 374, 374, 374, 374, 374, 374, 374, 374, 374, 374, 374, 374, 374, 374, 374, 374, 374, 374, 374, 374, 374, 374, 374, 374, 374, 374, 374, 374, 374, 374, 374, 374, 374, 374, 374, 374, 374, 374, 374, 374, 374, 374, 374, 374, 374, 374, 374, 374, 374, 374, 374, 374, 374, 374, 374, 374, 374, 374, 374, 374, 374, 374, 374, 374, 374, 374, 374, 374, 374, 374, 374, 374, 374, 374, 374, 374, 374, 374, 374, 374, 374, 374, 374, 374, 374, 374, 374, 374, 374, 374, 374, 374, 374, 374, 374, 374, 374, 374, 374, 374, 374, 374, 374, 374, 374, 374, 374, 374, 374, 374, 374, 374, 374, 374, 374, 374, 374, 374, 374, 374, 374, 374, 374, 374, 374, 374, 374, 374, 374, 374, 374, 374, 374, 374, 374, 374, 374, 374, 374, 374, 374, 374, 374, 374, 374, 374, 374, 374, 374, 374, 374, 374, 374, 374, 374, 374, 374, 374, 374, 374, 374, 374, 374, 374, 374, 374, 374, 374, 374, 374, 374, 374, 374, 374, 374, 374, 374, 374, 374, 374, 374, 374, 374, 374, 374, 374, 374, 374, 374, 374, 374, 374, 374, 374, 374, 374, 374, 374, 374, 374, 374, 374, 374, 374, 374, 374, 374, 374, 374, 374, 374, 374, 374, 374, 374, 374, 374, 374, 374, 374, 374, 374, 374, 374, 374, 374, 374, 374, 374, 374, 374, 374]

ep189
Train step Loss: [0.9460391402244568, 0.9461085796356201, 0.9460567831993103, 0.9460036754608154, 0.9460514187812805, 0.9460834264755249, 0.9460470080375671, 0.946051299571991, 0.946111798286438, 0.9460559487342834, 0.9460639953613281, 0.9459973573684692, 0.9459609389305115, 0.9459794759750366, 0.9460552930831909, 0.946133553981781, 0.9459286332130432, 0.9460576176643372, 0.9460161924362183, 0.9460484385490417, 0.9460451602935791, 0.9460895657539368, 0.946069061756134, 0.9460697174072266, 0.9460412859916687, 0.9462407827377319, 0.9459770917892456, 0.945995569229126, 0.9460784196853638, 0.9460256099700928, 0.9460843205451965, 0.9461250305175781, 0.94597327709198, 0.9460472464561462, 0.9459254145622253, 0.945976972579956, 0.9460223913192749, 0.9459555149078369, 0.9460970163345337, 0.9460311532020569, 0.9460620284080505, 0.9460701942443848, 0.9461111426353455, 0.9460846781730652, 0.946042001247406, 0.945991575717926, 0.9459786415100098, 0.9460892677307129, 0.946012556552887, 0.9460049867630005, 0.9458874464035034, 0.9460761547088623, 0.9459261298179626, 0.9460620880126953, 0.9459253549575806, 0.9459409713745117, 0.9461030960083008, 0.9459811449050903, 0.9460672736167908, 0.9460055828094482, 0.9459176659584045, 0.9460872411727905, 0.9459837079048157, 0.9460592269897461, 0.9459657073020935, 0.9459894895553589, 0.9460073113441467, 0.9460592269897461, 0.9460095167160034, 0.9460852146148682, 0.9460124373435974, 0.9459898471832275, 0.9463055729866028, 0.945975661277771, 0.9459974765777588, 0.9459754824638367, 0.9460346102714539, 0.9462228417396545, 0.9460024237632751, 0.9460427165031433, 0.9460122585296631, 0.9460074305534363, 0.9461250305175781, 0.9460858106613159, 0.9460000991821289, 0.9460546374320984, 0.9460235238075256, 0.9459724426269531, 0.9460767507553101, 0.9460229277610779, 0.9459841847419739, 0.946182906627655, 0.9459607005119324, 0.9460040330886841, 0.9459209442138672, 0.9459941387176514, 0.9460338950157166, 0.9460670351982117, 0.9459536671638489, 0.9459554553031921, 0.946052074432373, 0.9460557103157043, 0.9459970593452454, 0.9460405111312866, 0.9459782838821411]
val step Loss: [0.9466603398323059, 0.946769118309021, 0.9466356635093689, 0.9466661214828491, 0.9502418041229248, 0.9465804696083069, 0.9516251087188721, 0.946620762348175, 0.94664067029953, 0.9466493129730225, 0.9480116367340088, 0.9466725587844849, 0.9475696682929993, 0.9478635191917419, 0.946846067905426, 0.9468830823898315, 0.9466643929481506, 0.9465608596801758, 0.9468522667884827, 0.9465550780296326, 0.9483435153961182, 0.9465901851654053, 0.9481798410415649, 0.9465532898902893, 0.9464802145957947, 0.9465283751487732, 0.9466242790222168]
Train step Accs: [1.0, 1.0, 1.0, 1.0, 1.0, 1.0, 1.0, 1.0, 1.0, 1.0, 1.0, 1.0, 1.0, 1.0, 1.0, 1.0, 1.0, 1.0, 1.0, 1.0, 1.0, 1.0, 1.0, 1.0, 1.0, 1.0, 1.0, 1.0, 1.0, 1.0, 1.0, 1.0, 1.0, 1.0, 1.0, 1.0, 1.0, 1.0, 1.0, 1.0, 1.0, 1.0, 1.0, 1.0, 1.0, 1.0, 1.0, 1.0, 1.0, 1.0, 1.0, 1.0, 1.0, 1.0, 1.0, 1.0, 1.0, 1.0, 1.0, 1.0, 1.0, 1.0, 1.0, 1.0, 1.0, 1.0, 1.0, 1.0, 1.0, 1.0, 1.0, 1.0, 1.0, 1.0, 1.0, 1.0, 1.0, 1.0, 1.0, 1.0, 1.0, 1.0, 1.0, 1.0, 1.0, 1.0, 1.0, 1.0, 1.0, 1.0, 1.0, 1.0, 1.0, 1.0, 1.0, 1.0, 1.0, 1.0, 1.0, 1.0, 1.0, 1.0, 1.0, 1.0, 1.0]
val step Accs: [1.0, 1.0, 1.0, 1.0, 0.9993287464339654, 1.0, 0.9990786240786241, 1.0, 1.0, 1.0, 0.9998126288176878, 1.0, 0.9998259961719158, 0.9998147462022972, 1.0, 1.0, 1.0, 1.0, 1.0, 1.0, 0.9996751137102015, 1.0, 0.9997977346278317, 1.0, 1.0, 1.0, 1.0]
Preds: [17, 17, 359, 371, 371, 278, 278, 330, 251, 251, 251, 479, 331, 331, 84, 16, 16, 274, 274, 438, 219, 219, 219, 219, 219, 219, 246, 246, 246, 246, 246, 19, 19, 454, 229, 414, 414, 392, 392, 392, 73, 73, 73, 73, 209, 287, 287, 145, 460, 460, 460, 178, 35, 75, 36, 108, 224, 494, 494, 191, 236, 239, 384, 371, 371, 420, 324, 236, 314, 239, 239, 384, 371, 180, 180, 315, 315, 315, 315, 450, 450, 450, 43, 43, 364, 276, 276, 276, 346, 346, 284, 284, 206, 206, 206, 240, 251, 251, 251, 241, 431, 486, 113, 206, 167, 215, 349, 321, 155, 155, 155, 441, 148, 387, 88, 337, 337, 324, 324, 324, 301, 203, 399, 217, 70, 70, 138, 138, 138, 138, 375, 98, 98, 13, 13, 170, 392, 392, 392, 392, 392, 392, 73, 73, 244, 287, 287, 111, 460, 460, 385, 35, 36, 164, 164, 224, 351, 420, 464, 180, 315, 113, 450, 293, 43, 88, 345, 109, 403, 171, 171, 171, 252, 252, 24, 239, 384, 34, 191, 340, 116, 116, 94, 479, 331, 84, 496, 496, 236, 32, 239, 321, 75, 445, 445, 213, 324, 422, 314, 239, 384, 371, 278, 258, 31, 31, 68, 68, 68, 224, 224, 444, 444, 324, 314, 325, 325, 34, 166, 324, 301, 236, 285, 285, 106, 106, 106, 499, 428, 428, 85, 146, 146, 37, 233, 36, 270, 66, 68, 68, 68, 97, 221, 219, 219, 219, 219, 464, 464, 120, 207, 207, 207, 37, 233, 170, 170, 392, 392, 392, 392, 244, 392, 63, 63, 63, 73, 73, 244, 289, 320, 7, 219, 219, 219, 152, 152, 139, 139, 139, 293, 293, 274, 122, 219, 239, 239, 310, 107, 395, 395, 459, 120, 154, 143, 129, 259, 75, 445, 445, 445, 445, 464, 180, 315, 315, 315, 450, 450, 293, 43, 43, 345, 109, 337, 41, 324, 301, 422, 143, 259, 321, 377, 397, 123, 43, 43, 43, 276, 345, 387, 387, 387, 146, 219, 219, 219, 324, 324, 422, 99, 338, 338, 338, 338, 338, 395, 400, 286, 286, 286, 171, 171, 3, 3, 219, 219, 464, 464, 464, 180, 355, 355, 240, 271, 35, 77, 342, 323, 224, 273, 302, 302, 375, 215, 233, 233, 401, 244, 321, 7, 48, 48, 170, 392, 73, 392, 244, 320, 354, 333, 374, 19, 19, 17, 17, 420, 374, 374, 374, 374, 374, 374, 374, 374, 374, 374, 374, 374, 374, 374, 374, 374, 374, 374, 374, 374, 374, 374, 374, 374, 374, 374, 374, 374, 374, 374, 374, 374, 374, 374, 374, 374, 374, 374, 374, 374, 374, 374, 374, 374, 374, 374, 374, 374, 374, 374, 374, 374, 374, 374, 374, 374, 374, 374, 374, 374, 374, 374, 374, 374, 374, 374, 374, 374, 374, 374, 374, 374, 374, 374, 374, 374, 374, 374, 374, 374, 374, 374, 374, 374, 374, 374, 374, 374, 374, 374, 374, 374, 374, 374, 374, 374, 374, 374, 374, 374, 374, 374, 374, 374, 374, 374, 374, 374, 374, 374, 374, 374, 374, 374, 374, 374, 374, 374, 374, 374, 374, 374, 374, 374, 374, 374, 374, 374, 374, 374, 374, 374, 374, 374, 374, 374, 374, 374, 374, 374, 374, 374, 374, 374, 374, 374, 374, 374, 374, 374, 374, 374, 374, 374, 374, 374, 374, 374, 374, 374, 374, 374, 374, 374, 374, 374, 374, 374, 374, 374, 374, 374, 374, 374, 374, 374, 374, 374, 374, 374, 374, 374, 374, 374, 374, 374, 374, 374, 374, 374, 374, 374, 374, 374, 374, 374, 374, 374, 374, 374, 374, 374, 374]

ep190
Train step Loss: [0.9459700584411621, 0.9460452795028687, 0.9459616541862488, 0.9459850788116455, 0.9460378289222717, 0.9460620880126953, 0.9460036158561707, 0.9460783004760742, 0.9459893703460693, 0.9460103511810303, 0.9458824396133423, 0.9460134506225586, 0.946006715297699, 0.9459583163261414, 0.9459816217422485, 0.9460101127624512, 0.9460694193840027, 0.9459912776947021, 0.9460464715957642, 0.9459969997406006, 0.9460690021514893, 0.9459599256515503, 0.9460393786430359, 0.9459757804870605, 0.9460054636001587, 0.946124255657196, 0.9459978938102722, 0.9461219310760498, 0.9460749626159668, 0.9461174011230469, 0.9460381269454956, 0.9459734559059143, 0.9460897445678711, 0.9459835290908813, 0.9460543394088745, 0.9459218978881836, 0.946162223815918, 0.9459967613220215, 0.9460505247116089, 0.9460177421569824, 0.9460207223892212, 0.9460294246673584, 0.9459353089332581, 0.9459525942802429, 0.9460158944129944, 0.9459952116012573, 0.9460137486457825, 0.9460325241088867, 0.9460113644599915, 0.9460464119911194, 0.946194052696228, 0.9461073875427246, 0.9461113214492798, 0.9460249543190002, 0.9459106922149658, 0.9460482597351074, 0.9459899663925171, 0.9459733366966248, 0.9459804892539978, 0.9460175037384033, 0.9459717869758606, 0.946029007434845, 0.9459814429283142, 0.9460415840148926, 0.9460138082504272, 0.946049690246582, 0.9460167288780212, 0.9460077881813049, 0.9460579752922058, 0.9459316730499268, 0.94598388671875, 0.9459441304206848, 0.9460262060165405, 0.9460381269454956, 0.9459764957427979, 0.9460301399230957, 0.9460566639900208, 0.9460279941558838, 0.946012020111084, 0.9460179209709167, 0.9460687637329102, 0.946195125579834, 0.945949375629425, 0.9460741877555847, 0.9459987282752991, 0.9462542533874512, 0.9461092352867126, 0.9459394216537476, 0.94613116979599, 0.9460011720657349, 0.9460457563400269, 0.9458997845649719, 0.9459670782089233, 0.9459542036056519, 0.9459820985794067, 0.9459914565086365, 0.9460342526435852, 0.9462519884109497, 0.9460592865943909, 0.9461877346038818, 0.9459613561630249, 0.9461240768432617, 0.9460107088088989, 0.9459737539291382, 0.9459571242332458]
val step Loss: [0.9464815855026245, 0.946668803691864, 0.9473631978034973, 0.9468132257461548, 0.9465858936309814, 0.9521989822387695, 0.9467403888702393, 0.9489548802375793, 0.9467028975486755, 0.9466078281402588, 0.9466961026191711, 0.9466293454170227, 0.9477530121803284, 0.9466391205787659, 0.9465286135673523, 0.9487853646278381, 0.9466295838356018, 0.9467765688896179, 0.9466227293014526, 0.9466823935508728, 0.9466907978057861, 0.9504579901695251, 0.9464895129203796, 0.9466334581375122, 0.9466634392738342, 0.9465349912643433, 0.9466383457183838]
Train step Accs: [1.0, 1.0, 1.0, 1.0, 1.0, 1.0, 1.0, 1.0, 1.0, 1.0, 1.0, 1.0, 1.0, 1.0, 1.0, 1.0, 1.0, 1.0, 1.0, 1.0, 1.0, 1.0, 1.0, 1.0, 1.0, 1.0, 1.0, 1.0, 1.0, 1.0, 1.0, 1.0, 1.0, 1.0, 1.0, 1.0, 1.0, 1.0, 1.0, 1.0, 1.0, 1.0, 1.0, 1.0, 1.0, 1.0, 1.0, 1.0, 1.0, 1.0, 1.0, 1.0, 1.0, 1.0, 1.0, 1.0, 1.0, 1.0, 1.0, 1.0, 1.0, 1.0, 1.0, 1.0, 1.0, 1.0, 1.0, 1.0, 1.0, 1.0, 1.0, 1.0, 1.0, 1.0, 1.0, 1.0, 1.0, 1.0, 1.0, 1.0, 1.0, 1.0, 1.0, 1.0, 1.0, 1.0, 1.0, 1.0, 1.0, 1.0, 1.0, 1.0, 1.0, 1.0, 1.0, 1.0, 1.0, 1.0, 1.0, 1.0, 1.0, 1.0, 1.0, 1.0, 1.0]
val step Accs: [1.0, 1.0, 0.9998473282442748, 1.0, 1.0, 0.9989557953358859, 1.0, 0.9996017522899243, 1.0, 1.0, 1.0, 1.0, 0.9998150887573964, 1.0, 1.0, 0.9996266567108456, 1.0, 1.0, 1.0, 1.0, 1.0, 0.9992895204262877, 1.0, 1.0, 1.0, 1.0, 1.0]
Preds: [17, 17, 30, 30, 213, 213, 324, 464, 464, 464, 464, 443, 443, 443, 282, 240, 388, 216, 465, 29, 29, 302, 496, 319, 242, 240, 337, 219, 219, 324, 324, 324, 324, 252, 301, 301, 183, 183, 183, 278, 278, 278, 258, 258, 271, 31, 162, 54, 54, 482, 482, 224, 224, 273, 273, 470, 180, 443, 443, 355, 450, 169, 173, 130, 402, 402, 183, 242, 360, 360, 324, 219, 219, 464, 464, 464, 106, 153, 88, 88, 346, 346, 346, 284, 284, 405, 206, 206, 206, 293, 293, 43, 276, 276, 276, 182, 182, 182, 182, 182, 182, 387, 387, 330, 330, 330, 379, 379, 77, 478, 323, 54, 172, 224, 224, 273, 273, 397, 153, 153, 100, 497, 497, 497, 122, 122, 205, 205, 261, 25, 351, 213, 213, 213, 252, 143, 99, 99, 436, 436, 60, 60, 298, 298, 116, 303, 303, 48, 229, 229, 321, 247, 312, 292, 292, 23, 408, 408, 408, 321, 321, 320, 188, 152, 152, 374, 374, 301, 301, 378, 378, 259, 354, 106, 106, 284, 284, 284, 284, 284, 376, 206, 206, 206, 169, 169, 150, 150, 323, 323, 323, 224, 273, 106, 106, 151, 443, 240, 240, 388, 175, 175, 241, 431, 431, 443, 443, 460, 240, 385, 35, 440, 440, 440, 207, 207, 207, 207, 19, 19, 219, 219, 219, 219, 219, 144, 144, 27, 27, 156, 499, 499, 468, 59, 59, 452, 452, 193, 17, 420, 374, 374, 374, 374, 374, 374, 374, 374, 374, 374, 374, 374, 374, 374, 374, 374, 374, 374, 374, 374, 374, 374, 374, 374, 374, 374, 374, 374, 374, 374, 374, 374, 374, 374, 374, 374, 374, 374, 374, 374, 374, 374, 374, 374, 374, 374, 374, 374, 374, 374, 374, 374, 374, 374, 374, 374, 374, 374, 374, 374, 374, 374, 374, 374, 374, 374, 374, 374, 374, 374, 374, 374, 374, 374, 374, 374, 374, 374, 374, 374, 374, 374, 374, 374, 374, 374, 374, 374, 374, 374, 374, 374, 374, 374, 374, 374, 374, 374, 374, 374, 374, 374, 374, 374, 374, 374, 374, 374, 374, 374, 374, 374, 374, 374, 374, 374, 374, 374, 374, 374, 374, 374, 374, 374, 374, 374, 374, 374, 374, 374, 374, 374, 374, 374, 374, 374, 374, 374, 374, 374, 374, 374, 374, 374, 374, 374, 374, 374, 374, 374, 374, 374, 374, 374, 374, 374, 374, 374, 374, 374, 374, 374, 374, 374, 374, 374, 374, 374, 374, 374, 374, 374, 374, 374, 374, 374, 374, 374, 374, 374, 374, 374, 374, 374, 374, 374, 374, 374, 374, 374, 374, 374, 374, 374, 374, 374, 374, 374, 374, 374, 374, 374, 374, 374, 374, 374, 374, 374, 374, 374, 374, 374, 374, 374, 374, 374, 374, 374, 374, 374, 374, 374, 374, 374, 374, 374, 374, 374, 374, 374, 374, 374, 374, 374, 374, 374, 374, 374, 374, 374, 374, 374, 374, 374, 374, 374, 374, 374, 374, 374, 374, 374, 374, 374, 374, 374, 374, 374, 374, 374, 374, 374, 374, 374, 374, 374, 374, 374, 374, 374, 374, 374, 374, 374, 374, 374, 374, 374, 374, 374, 374, 374, 374, 374, 374, 374, 374, 374, 374, 374, 374, 374, 374, 374, 374, 374, 374, 374, 374, 374, 374, 374, 374, 374, 374, 374, 374, 374, 374, 374, 374, 374, 374, 374, 374, 374, 374, 374, 374, 374, 374, 374, 374, 374, 374, 374, 374, 374, 374, 374, 374, 374, 374, 374, 374, 374, 374, 374, 374, 374, 374, 374, 374, 374, 374, 374, 374, 374, 374, 374, 374, 374, 374, 374, 374, 374, 374, 374, 374, 374]

ep191
Train step Loss: [0.9461048245429993, 0.9461999535560608, 0.9459917545318604, 0.9460024237632751, 0.9461111426353455, 0.9460090398788452, 0.9459719061851501, 0.9460195899009705, 0.9461168050765991, 0.9459456205368042, 0.9460530281066895, 0.9461571574211121, 0.9461197853088379, 0.9461135268211365, 0.9460726976394653, 0.9460828304290771, 0.9460227489471436, 0.9459679126739502, 0.9460426568984985, 0.9460413455963135, 0.9459825754165649, 0.9460268616676331, 0.9460428953170776, 0.9460412859916687, 0.9460091590881348, 0.9460358619689941, 0.9460384845733643, 0.9459729790687561, 0.9460017085075378, 0.9460411667823792, 0.946030855178833, 0.9460514783859253, 0.9460788369178772, 0.9459368586540222, 0.9460086822509766, 0.945986807346344, 0.9459567070007324, 0.94597327709198, 0.9459584951400757, 0.9459964632987976, 0.9459257125854492, 0.9460145235061646, 0.9459629058837891, 0.9460463523864746, 0.9460545778274536, 0.946043848991394, 0.9461029767990112, 0.9461212754249573, 0.9459980130195618, 0.9460192322731018, 0.9460591673851013, 0.9459853768348694, 0.9459912776947021, 0.9460499286651611, 0.9459342956542969, 0.9460337162017822, 0.9459909796714783, 0.9459159970283508, 0.9459593892097473, 0.9460640549659729, 0.9459758996963501, 0.9460358619689941, 0.9459619522094727, 0.9460439085960388, 0.9460844993591309, 0.9459197521209717, 0.9459885954856873, 0.9459435939788818, 0.9460227489471436, 0.946042537689209, 0.9459961652755737, 0.9459840059280396, 0.9459381699562073, 0.9459699988365173, 0.9460884928703308, 0.9460756778717041, 0.9459395408630371, 0.9460070729255676, 0.9459553360939026, 0.9459921717643738, 0.9460450410842896, 0.9461461901664734, 0.9459044933319092, 0.9461174011230469, 0.9460268020629883, 0.946124792098999, 0.945965588092804, 0.9459511637687683, 0.9460015892982483, 0.9459773302078247, 0.9460724592208862, 0.9461740255355835, 0.9460775852203369, 0.9459184408187866, 0.946027398109436, 0.9459633231163025, 0.9462426900863647, 0.945870041847229, 0.9459963440895081, 0.9459505677223206, 0.9460053443908691, 0.9458779096603394, 0.9460766911506653, 0.9460493326187134, 0.9460206031799316]
val step Loss: [0.9466344714164734, 0.9467198848724365, 0.9465236067771912, 0.9476079344749451, 0.9467023611068726, 0.9501560926437378, 0.946772575378418, 0.9469080567359924, 0.9468736052513123, 0.9465527534484863, 0.9480088949203491, 0.9467473030090332, 0.9482172727584839, 0.9467963576316833, 0.947689950466156, 0.9476050138473511, 0.9466131925582886, 0.951909601688385, 0.9466590881347656, 0.9466395378112793, 0.9464898109436035, 0.9466080069541931, 0.9466066360473633, 0.9468235373497009, 0.9464852809906006, 0.9465206861495972, 0.9469658732414246]
Train step Accs: [1.0, 1.0, 1.0, 1.0, 1.0, 1.0, 1.0, 1.0, 1.0, 1.0, 1.0, 1.0, 1.0, 1.0, 1.0, 1.0, 1.0, 1.0, 1.0, 1.0, 1.0, 1.0, 1.0, 1.0, 1.0, 1.0, 1.0, 1.0, 1.0, 1.0, 1.0, 1.0, 1.0, 1.0, 1.0, 1.0, 1.0, 1.0, 1.0, 1.0, 1.0, 1.0, 1.0, 1.0, 1.0, 1.0, 1.0, 1.0, 1.0, 1.0, 1.0, 1.0, 1.0, 1.0, 1.0, 1.0, 1.0, 1.0, 1.0, 1.0, 1.0, 1.0, 1.0, 1.0, 1.0, 1.0, 1.0, 1.0, 1.0, 1.0, 1.0, 1.0, 1.0, 1.0, 1.0, 1.0, 1.0, 1.0, 1.0, 1.0, 1.0, 1.0, 1.0, 1.0, 1.0, 1.0, 1.0, 1.0, 1.0, 1.0, 1.0, 1.0, 1.0, 1.0, 1.0, 1.0, 1.0, 1.0, 1.0, 1.0, 1.0, 1.0, 1.0, 1.0, 1.0]
val step Accs: [1.0, 1.0, 1.0, 0.9998216833095578, 1.0, 0.9993641710379908, 1.0, 1.0, 1.0, 1.0, 0.9997835966241073, 1.0, 0.9996942363552973, 1.0, 0.9998456075343524, 0.9998393058010606, 1.0, 0.9990480723465016, 1.0, 1.0, 1.0, 1.0, 1.0, 1.0, 1.0, 1.0, 1.0]
Preds: [17, 17, 17, 70, 70, 70, 70, 65, 65, 284, 284, 315, 315, 315, 460, 406, 406, 406, 406, 406, 467, 134, 375, 98, 98, 98, 98, 13, 13, 229, 82, 82, 312, 126, 292, 292, 326, 408, 408, 408, 408, 228, 228, 244, 320, 7, 188, 152, 152, 374, 374, 406, 406, 467, 288, 456, 134, 378, 43, 43, 43, 276, 346, 346, 346, 284, 376, 460, 206, 240, 385, 35, 77, 342, 342, 86, 183, 219, 152, 152, 378, 88, 274, 497, 43, 416, 8, 239, 208, 208, 441, 153, 387, 387, 274, 122, 236, 239, 239, 310, 107, 107, 107, 395, 395, 180, 315, 315, 319, 450, 450, 43, 43, 276, 276, 109, 109, 403, 146, 324, 301, 301, 251, 251, 251, 241, 431, 403, 171, 171, 171, 171, 301, 378, 43, 364, 364, 364, 276, 345, 345, 141, 186, 31, 342, 342, 342, 224, 273, 483, 106, 284, 284, 206, 206, 175, 251, 241, 431, 486, 486, 460, 240, 240, 314, 239, 239, 384, 114, 180, 486, 486, 486, 282, 388, 94, 94, 94, 199, 41, 19, 19, 19, 454, 454, 229, 170, 392, 392, 392, 392, 392, 187, 187, 12, 12, 23, 23, 23, 23, 101, 391, 391, 228, 73, 73, 321, 287, 287, 287, 284, 284, 450, 43, 88, 276, 174, 109, 109, 438, 146, 324, 324, 301, 301, 251, 251, 251, 241, 431, 403, 403, 171, 171, 171, 171, 301, 301, 378, 43, 43, 364, 276, 276, 345, 387, 141, 186, 162, 232, 54, 172, 172, 172, 115, 273, 106, 375, 375, 98, 98, 98, 98, 98, 13, 13, 414, 229, 82, 247, 312, 126, 23, 23, 23, 408, 391, 391, 391, 73, 73, 73, 73, 244, 209, 287, 287, 284, 284, 450, 293, 43, 43, 276, 276, 174, 109, 109, 438, 146, 324, 324, 422, 186, 99, 338, 338, 338, 338, 338, 338, 395, 395, 470, 264, 264, 264, 264, 120, 120, 240, 240, 175, 175, 431, 431, 486, 486, 460, 240, 240, 314, 239, 239, 384, 371, 180, 180, 486, 486, 282, 282, 388, 94, 94, 10, 303, 199, 41, 19, 19, 19, 454, 229, 170, 170, 392, 392, 244, 392, 392, 392, 63, 63, 392, 392, 73, 73, 244, 320, 7, 473, 473, 476, 171, 171, 252, 24, 239, 310, 107, 395, 324, 324, 26, 26, 359, 81, 166, 191, 324, 301, 251, 251, 251, 241, 431, 106, 496, 274, 416, 8, 239, 144, 208, 106, 387, 387, 206, 240, 35, 36, 36, 108, 224, 273, 355, 355, 355, 452, 420, 374, 374, 374, 374, 374, 374, 374, 374, 374, 374, 374, 374, 374, 374, 374, 374, 374, 374, 374, 374, 374, 374, 374, 374, 374, 374, 374, 374, 374, 374, 374, 374, 374, 374, 374, 374, 374, 374, 374, 374, 374, 374, 374, 374, 374, 374, 374, 374, 374, 374, 374, 374, 374, 374, 374, 374, 374, 374, 374, 374, 374, 374, 374, 374, 374, 374, 374, 374, 374, 374, 374, 374, 374, 374, 374, 374, 374, 374, 374, 374, 374, 374, 374, 374, 374, 374, 374, 374, 374, 374, 374, 374, 374, 374, 374, 374, 374, 374, 374, 374, 374, 374, 374, 374, 374, 374, 374, 374, 374, 374, 374, 374, 374, 374, 374, 374, 374, 374, 374, 374, 374, 374, 374, 374, 374, 374, 374, 374, 374, 374, 374, 374, 374, 374, 374, 374, 374, 374, 374, 374, 374, 374, 374, 374, 374, 374, 374, 374, 374, 374, 374, 374, 374, 374, 374, 374, 374, 374, 374, 374, 374, 374, 374, 374, 374, 374, 374, 374, 374, 374, 374, 374, 374, 374, 374, 374, 374, 374, 374]

ep192
Train step Loss: [0.9459834098815918, 0.9459806680679321, 0.9459714293479919, 0.9460300803184509, 0.9459909200668335, 0.9459716081619263, 0.9459957480430603, 0.9460153579711914, 0.9460226893424988, 0.9460209012031555, 0.9460185766220093, 0.9460326433181763, 0.9459413886070251, 0.9460481405258179, 0.9460695385932922, 0.9460664987564087, 0.9460577368736267, 0.9459543228149414, 0.9460983872413635, 0.9460375905036926, 0.9460024833679199, 0.9459837675094604, 0.9460220336914062, 0.9459262490272522, 0.945967435836792, 0.945960521697998, 0.9460576176643372, 0.9460344910621643, 0.9461050629615784, 0.9459394812583923, 0.9460388422012329, 0.9460446238517761, 0.9459351897239685, 0.9459931254386902, 0.9459348917007446, 0.94603431224823, 0.9461171627044678, 0.9460126757621765, 0.945986807346344, 0.9459277391433716, 0.9460527300834656, 0.9459788203239441, 0.9460374712944031, 0.9459965825080872, 0.9460428357124329, 0.9459925889968872, 0.9459341764450073, 0.9460591077804565, 0.9461179971694946, 0.9459776878356934, 0.9460305571556091, 0.9460965991020203, 0.9461054801940918, 0.9459666013717651, 0.9459932446479797, 0.9460195899009705, 0.9459536671638489, 0.945949912071228, 0.9460185766220093, 0.9460137486457825, 0.9461283087730408, 0.9459830522537231, 0.9461231231689453, 0.9458825588226318, 0.9459968209266663, 0.9462007880210876, 0.946021556854248, 0.9460344910621643, 0.9459743499755859, 0.9459627270698547, 0.9460092186927795, 0.9459706544876099, 0.9461594820022583, 0.9460222125053406, 0.9460577964782715, 0.9460227489471436, 0.945979118347168, 0.9460642337799072, 0.9460421800613403, 0.945978045463562, 0.9461022615432739, 0.9459577202796936, 0.9459486603736877, 0.945990800857544, 0.9459977149963379, 0.9460470676422119, 0.9459462761878967, 0.9461403489112854, 0.9459864497184753, 0.9459862112998962, 0.9460412263870239, 0.9460048675537109, 0.9462761282920837, 0.9459999203681946, 0.9459933042526245, 0.9460299015045166, 0.9460315704345703, 0.946005642414093, 0.9458757638931274, 0.9460187554359436, 0.9460013508796692, 0.9460213780403137, 0.9460185170173645, 0.9459188580513, 0.9460543990135193]
val step Loss: [0.9466239809989929, 0.9465752840042114, 0.9476374387741089, 0.9465755224227905, 0.9466130137443542, 0.9478546380996704, 0.9484589695930481, 0.946492612361908, 0.9466023445129395, 0.9469567537307739, 0.947494387626648, 0.9464878439903259, 0.9467148780822754, 0.9466602206230164, 0.9466609358787537, 0.9502784013748169, 0.9467459917068481, 0.9476457834243774, 0.9465899467468262, 0.9465560913085938, 0.9466462731361389, 0.9466519951820374, 0.9465730786323547, 0.9466580152511597, 0.9465898871421814, 0.9522987008094788, 0.9466988444328308]
Train step Accs: [1.0, 1.0, 1.0, 1.0, 1.0, 1.0, 1.0, 1.0, 1.0, 1.0, 1.0, 1.0, 1.0, 1.0, 1.0, 1.0, 1.0, 1.0, 1.0, 1.0, 1.0, 1.0, 1.0, 1.0, 1.0, 1.0, 1.0, 1.0, 1.0, 1.0, 1.0, 1.0, 1.0, 1.0, 1.0, 1.0, 1.0, 1.0, 1.0, 1.0, 1.0, 1.0, 1.0, 1.0, 1.0, 1.0, 1.0, 1.0, 1.0, 1.0, 1.0, 1.0, 1.0, 1.0, 1.0, 1.0, 1.0, 1.0, 1.0, 1.0, 1.0, 1.0, 1.0, 1.0, 1.0, 1.0, 1.0, 1.0, 1.0, 1.0, 1.0, 1.0, 1.0, 1.0, 1.0, 1.0, 1.0, 1.0, 1.0, 1.0, 1.0, 1.0, 1.0, 1.0, 1.0, 1.0, 1.0, 1.0, 1.0, 1.0, 1.0, 1.0, 1.0, 1.0, 1.0, 1.0, 1.0, 1.0, 1.0, 1.0, 1.0, 1.0, 1.0, 1.0, 1.0]
val step Accs: [1.0, 1.0, 0.9998276753403412, 1.0, 1.0, 0.999827258593885, 0.9996812749003984, 1.0, 1.0, 1.0, 0.9998281786941581, 1.0, 1.0, 1.0, 1.0, 0.9993227226549272, 1.0, 0.9998596688184115, 1.0, 1.0, 1.0, 1.0, 1.0, 1.0, 1.0, 0.9989438479140996, 1.0]
Preds: [17, 17, 217, 217, 473, 473, 65, 443, 443, 443, 171, 171, 416, 416, 32, 239, 239, 107, 395, 180, 84, 84, 355, 355, 98, 98, 98, 13, 13, 229, 229, 247, 312, 312, 126, 126, 326, 101, 101, 149, 149, 20, 289, 320, 7, 473, 473, 65, 476, 171, 252, 143, 36, 36, 449, 449, 400, 324, 324, 301, 325, 325, 34, 166, 324, 324, 324, 301, 251, 251, 251, 241, 431, 106, 496, 274, 274, 43, 8, 8, 32, 354, 208, 441, 441, 442, 98, 98, 48, 48, 170, 20, 170, 20, 20, 28, 20, 28, 312, 187, 187, 187, 2, 2, 2, 2, 163, 163, 20, 163, 163, 73, 20, 73, 289, 20, 209, 287, 287, 284, 284, 111, 450, 43, 43, 276, 276, 276, 276, 387, 387, 387, 406, 406, 406, 467, 337, 337, 278, 258, 31, 342, 54, 86, 224, 224, 224, 302, 302, 497, 413, 399, 217, 217, 473, 473, 398, 398, 398, 286, 286, 468, 406, 406, 380, 380, 499, 284, 426, 426, 98, 98, 98, 13, 414, 414, 170, 47, 47, 47, 47, 80, 80, 20, 80, 7, 7, 7, 217, 217, 473, 473, 65, 264, 264, 264, 264, 468, 468, 406, 406, 337, 337, 337, 324, 301, 359, 251, 251, 241, 166, 324, 324, 324, 301, 301, 251, 251, 241, 241, 431, 84, 84, 293, 497, 416, 8, 239, 208, 27, 106, 387, 206, 240, 385, 36, 108, 342, 224, 224, 273, 355, 355, 355, 374, 374, 374, 374, 374, 374, 374, 374, 374, 374, 374, 374, 374, 374, 374, 374, 374, 374, 374, 374, 374, 374, 374, 374, 374, 374, 374, 374, 374, 374, 374, 374, 374, 374, 374, 374, 374, 374, 374, 374, 374, 374, 374, 374, 374, 374, 374, 374, 374, 374, 374, 374, 374, 374, 374, 374, 374, 374, 374, 374, 374, 374, 374, 374, 374, 374, 374, 374, 374, 374, 374, 374, 374, 374, 374, 374, 374, 374, 374, 374, 374, 374, 374, 374, 374, 374, 374, 374, 374, 374, 374, 374, 374, 374, 374, 374, 374, 374, 374, 374, 374, 374, 374, 374, 374, 374, 374, 374, 374, 374, 374, 374, 374, 374, 374, 374, 374, 374, 374, 374, 374, 374, 374, 374, 374, 374, 374, 374, 374, 374, 374, 374, 374, 374, 374, 374, 374, 374, 374, 374, 374, 374, 374, 374, 374, 374, 374, 374, 374, 374, 374, 374, 374, 374, 374, 374, 374, 374, 374, 374, 374, 374, 374, 374, 374, 374, 374, 374, 374, 374, 374, 374, 374, 374, 374, 374, 374, 374, 374, 374, 374, 374, 374, 374, 374, 374, 374, 374, 374, 374, 374, 374, 374, 374, 374, 374, 374, 374, 374, 374, 374, 374, 374, 374, 374, 374, 374, 374, 374, 374, 374, 374, 374, 374, 374, 374, 374, 374, 374, 374, 374, 374, 374, 374, 374, 374, 374, 374, 374, 374, 374, 374, 374, 374, 374, 374, 374, 374, 374, 374, 374, 374, 374, 374, 374, 374, 374, 374, 374, 374, 374, 374, 374, 374, 374, 374, 374, 374, 374, 374, 374, 374, 374, 374, 374, 374, 374, 374, 374, 374, 374, 374, 374, 374, 374, 374, 374, 374, 374, 374, 374, 374, 374, 374, 374, 374, 374, 374, 374, 374, 374, 374, 374, 374, 374, 374, 374, 374, 374, 374, 374, 374, 374, 374, 374, 374, 374, 374, 374, 374, 374, 374, 374, 374, 374, 374, 374, 374, 374, 374, 374, 374, 374, 374, 374, 374, 374, 374, 374, 374, 374, 374, 374, 374, 374, 374, 374, 374, 374, 374, 374, 374, 374, 374, 374, 374, 374, 374, 374, 374, 374, 374, 374, 374, 374, 374]

ep193
Train step Loss: [0.9460219740867615, 0.9461063146591187, 0.9460412263870239, 0.9460246562957764, 0.9460503458976746, 0.9459501504898071, 0.9459621906280518, 0.9459614753723145, 0.945922315120697, 0.9459570646286011, 0.9459247589111328, 0.9460927844047546, 0.9461632370948792, 0.9460079669952393, 0.9460152387619019, 0.9460058808326721, 0.9459162950515747, 0.9460157752037048, 0.9460395574569702, 0.9459766149520874, 0.9460131525993347, 0.9459665417671204, 0.9459497928619385, 0.945952296257019, 0.9459944367408752, 0.9459474682807922, 0.94605553150177, 0.9460039734840393, 0.9460226893424988, 0.9458995461463928, 0.9461193084716797, 0.9460376501083374, 0.9462001919746399, 0.9460560083389282, 0.9460004568099976, 0.9460079669952393, 0.9459778070449829, 0.9460071325302124, 0.9459930062294006, 0.9461542963981628, 0.9460126161575317, 0.9460310935974121, 0.9459041357040405, 0.9460141062736511, 0.9459949731826782, 0.9459754228591919, 0.9459913969039917, 0.9459900259971619, 0.946099042892456, 0.9459921717643738, 0.9459890127182007, 0.9459466934204102, 0.945970892906189, 0.946020245552063, 0.9459699392318726, 0.9460010528564453, 0.9459097385406494, 0.9460916519165039, 0.946020245552063, 0.9459606409072876, 0.9460174441337585, 0.9459762573242188, 0.9460209608078003, 0.9460091590881348, 0.945992112159729, 0.9459794163703918, 0.9459947347640991, 0.9460110068321228, 0.9459728598594666, 0.9459655284881592, 0.9460236430168152, 0.9459822773933411, 0.9460269212722778, 0.9459697008132935, 0.9461146593093872, 0.9460488557815552, 0.9459545612335205, 0.9459993243217468, 0.9459248781204224, 0.9459835886955261, 0.945968747138977, 0.9462399482727051, 0.9460868835449219, 0.9459635019302368, 0.9460359811782837, 0.9460291862487793, 0.9459900856018066, 0.9459851980209351, 0.9461151957511902, 0.9459845423698425, 0.9458891153335571, 0.9459203481674194, 0.946072518825531, 0.946042001247406, 0.9460152983665466, 0.9459932446479797, 0.9460015296936035, 0.9460477828979492, 0.9460380673408508, 0.9460276961326599, 0.9460766315460205, 0.9460299015045166, 0.9459415674209595, 0.9460605382919312, 0.9459477663040161]
val step Loss: [0.9481666088104248, 0.9465106725692749, 0.9465916156768799, 0.9467142224311829, 0.9465922713279724, 0.9466107487678528, 0.9475699663162231, 0.9504549503326416, 0.9466451406478882, 0.9465215802192688, 0.9467236995697021, 0.9466614127159119, 0.9466885328292847, 0.9467483758926392, 0.9464545249938965, 0.9465937614440918, 0.9475966095924377, 0.947253942489624, 0.9466537237167358, 0.9465398192405701, 0.9465929865837097, 0.9467198848724365, 0.9465190172195435, 0.9477687478065491, 0.9466475248336792, 0.9511427283287048, 0.9465291500091553]
Train step Accs: [1.0, 1.0, 1.0, 1.0, 1.0, 1.0, 1.0, 1.0, 1.0, 1.0, 1.0, 1.0, 1.0, 1.0, 1.0, 1.0, 1.0, 1.0, 1.0, 1.0, 1.0, 1.0, 1.0, 1.0, 1.0, 1.0, 1.0, 1.0, 1.0, 1.0, 1.0, 1.0, 1.0, 1.0, 1.0, 1.0, 1.0, 1.0, 1.0, 1.0, 1.0, 1.0, 1.0, 1.0, 1.0, 1.0, 1.0, 1.0, 1.0, 1.0, 1.0, 1.0, 1.0, 1.0, 1.0, 1.0, 1.0, 1.0, 1.0, 1.0, 1.0, 1.0, 1.0, 1.0, 1.0, 1.0, 1.0, 1.0, 1.0, 1.0, 1.0, 1.0, 1.0, 1.0, 1.0, 1.0, 1.0, 1.0, 1.0, 1.0, 1.0, 1.0, 1.0, 1.0, 1.0, 1.0, 1.0, 1.0, 1.0, 1.0, 1.0, 1.0, 1.0, 1.0, 1.0, 1.0, 1.0, 1.0, 1.0, 1.0, 1.0, 1.0, 1.0, 1.0, 1.0]
val step Accs: [0.999692733138731, 1.0, 1.0, 1.0, 1.0, 1.0, 0.9998268997749697, 0.9992831541218637, 1.0, 1.0, 1.0, 1.0, 1.0, 1.0, 1.0, 1.0, 0.999847607436757, 0.9998498723915328, 1.0, 1.0, 1.0, 1.0, 1.0, 0.9998180825905039, 1.0, 0.9991507430997877, 1.0]
Preds: [17, 17, 70, 70, 70, 70, 65, 65, 284, 486, 315, 315, 315, 315, 468, 406, 406, 406, 406, 406, 406, 467, 134, 302, 375, 375, 98, 98, 48, 48, 229, 229, 244, 247, 312, 312, 126, 326, 326, 101, 101, 149, 149, 228, 82, 83, 287, 287, 284, 450, 43, 43, 276, 276, 276, 276, 346, 387, 387, 387, 406, 42, 42, 147, 337, 337, 324, 278, 31, 162, 54, 54, 482, 482, 482, 224, 273, 494, 494, 203, 399, 217, 217, 217, 473, 398, 219, 219, 286, 286, 301, 406, 406, 380, 380, 499, 499, 284, 426, 98, 98, 98, 98, 13, 414, 414, 170, 244, 392, 392, 392, 244, 187, 187, 12, 201, 201, 392, 392, 392, 392, 392, 392, 73, 73, 244, 209, 188, 188, 264, 264, 264, 264, 468, 468, 406, 406, 147, 337, 337, 337, 324, 324, 301, 26, 251, 251, 251, 251, 241, 431, 486, 376, 376, 376, 376, 460, 169, 169, 263, 263, 225, 225, 237, 237, 249, 82, 237, 225, 225, 225, 197, 197, 82, 209, 411, 157, 153, 387, 387, 143, 143, 129, 129, 458, 82, 208, 208, 441, 437, 100, 153, 182, 375, 98, 98, 98, 17, 420, 374, 374, 374, 374, 374, 374, 374, 374, 374, 374, 374, 374, 374, 374, 374, 374, 374, 374, 374, 374, 374, 374, 374, 374, 374, 374, 374, 374, 374, 374, 374, 374, 374, 374, 374, 374, 374, 374, 374, 374, 374, 374, 374, 374, 374, 374, 374, 374, 374, 374, 374, 374, 374, 374, 374, 374, 374, 374, 374, 374, 374, 374, 374, 374, 374, 374, 374, 374, 374, 374, 374, 374, 374, 374, 374, 374, 374, 374, 374, 374, 374, 374, 374, 374, 374, 374, 374, 374, 374, 374, 374, 374, 374, 374, 374, 374, 374, 374, 374, 374, 374, 374, 374, 374, 374, 374, 374, 374, 374, 374, 374, 374, 374, 374, 374, 374, 374, 374, 374, 374, 374, 374, 374, 374, 374, 374, 374, 374, 374, 374, 374, 374, 374, 374, 374, 374, 374, 374, 374, 374, 374, 374, 374, 374, 374, 374, 374, 374, 374, 374, 374, 374, 374, 374, 374, 374, 374, 374, 374, 374, 374, 374, 374, 374, 374, 374, 374, 374, 374, 374, 374, 374, 374, 374, 374, 374, 374, 374, 374, 374, 374, 374, 374, 374, 374, 374, 374, 374, 374, 374, 374, 374, 374, 374, 374, 374, 374, 374, 374, 374, 374, 374, 374, 374, 374, 374, 374, 374, 374, 374, 374, 374, 374, 374, 374, 374, 374, 374, 374, 374, 374, 374, 374, 374, 374, 374, 374, 374, 374, 374, 374, 374, 374, 374, 374, 374, 374, 374, 374, 374, 374, 374, 374, 374, 374, 374, 374, 374, 374, 374, 374, 374, 374, 374, 374, 374, 374, 374, 374, 374, 374, 374, 374, 374, 374, 374, 374, 374, 374, 374, 374, 374, 374, 374, 374, 374, 374, 374, 374, 374, 374, 374, 374, 374, 374, 374, 374, 374, 374, 374, 374, 374, 374, 374, 374, 374, 374, 374, 374, 374, 374, 374, 374, 374, 374, 374, 374, 374, 374, 374, 374, 374, 374, 374, 374, 374, 374, 374, 374, 374, 374, 374, 374, 374, 374, 374, 374, 374, 374, 374, 374, 374, 374, 374, 374, 374, 374, 374, 374, 374, 374, 374, 374, 374, 374, 374, 374, 374, 374, 374, 374, 374, 374, 374, 374, 374, 374, 374, 374, 374, 374, 374, 374, 374, 374, 374, 374, 374, 374, 374, 374, 374, 374, 374, 374, 374, 374, 374, 374, 374, 374, 374, 374, 374, 374, 374, 374, 374, 374, 374, 374, 374, 374, 374, 374, 374, 374, 374, 374, 374, 374]

ep194
Train step Loss: [0.9461013078689575, 0.9460604786872864, 0.9459282159805298, 0.9459794759750366, 0.9459695816040039, 0.9460393190383911, 0.9458646178245544, 0.9460482001304626, 0.9460799694061279, 0.946138858795166, 0.946072518825531, 0.9460083842277527, 0.9460229873657227, 0.9460620284080505, 0.9460229277610779, 0.9460248947143555, 0.9459376335144043, 0.9459728598594666, 0.9459978342056274, 0.9459484815597534, 0.9459896087646484, 0.9459863901138306, 0.945982038974762, 0.945963442325592, 0.9460237622261047, 0.9460085034370422, 0.9460216760635376, 0.9460471272468567, 0.9459924101829529, 0.9460669755935669, 0.9460258483886719, 0.9460545182228088, 0.945932924747467, 0.9459945559501648, 0.9460396766662598, 0.946018397808075, 0.9460171461105347, 0.945989727973938, 0.9460272192955017, 0.9459431171417236, 0.9459701180458069, 0.9459042549133301, 0.9459948539733887, 0.9459420442581177, 0.9459778070449829, 0.9460391998291016, 0.9459923505783081, 0.9460216164588928, 0.9460612535476685, 0.946165144443512, 0.9458807110786438, 0.9461690783500671, 0.9459667801856995, 0.9460095763206482, 0.9460135102272034, 0.9460251927375793, 0.9460581541061401, 0.9460592865943909, 0.9460999369621277, 0.9459775686264038, 0.946033775806427, 0.9459595084190369, 0.9460674524307251, 0.945983350276947, 0.9461304545402527, 0.9459869861602783, 0.945955216884613, 0.9459887146949768, 0.9460076689720154, 0.9460240602493286, 0.9459842443466187, 0.9459560513496399, 0.9459864497184753, 0.9460981488227844, 0.9459450244903564, 0.9460108280181885, 0.9460098743438721, 0.9460411071777344, 0.9460363984107971, 0.9459816217422485, 0.9459748268127441, 0.9458879232406616, 0.9459690451622009, 0.9459734559059143, 0.9459099769592285, 0.9459189772605896, 0.946038007736206, 0.9461022019386292, 0.9459096789360046, 0.9459269046783447, 0.9458504915237427, 0.9460102319717407, 0.9459453821182251, 0.9459436535835266, 0.945905327796936, 0.9459895491600037, 0.9459161758422852, 0.9460620880126953, 0.9460539221763611, 0.9459205269813538, 0.9459601640701294, 0.9460368752479553, 0.946000874042511, 0.9460352063179016, 0.9460437893867493]
val step Loss: [0.946723222732544, 0.9465405941009521, 0.9466914534568787, 0.9476481080055237, 0.946614146232605, 0.946538507938385, 0.9464854598045349, 0.950756311416626, 0.9465174674987793, 0.9466894865036011, 0.9466385841369629, 0.9466089606285095, 0.9476870894432068, 0.9474263191223145, 0.9465558528900146, 0.9466164112091064, 0.9484164714813232, 0.9475364685058594, 0.9521727561950684, 0.9466932415962219, 0.9466550350189209, 0.9465440511703491, 0.9467195868492126, 0.9465540647506714, 0.9467123746871948, 0.9465917348861694, 0.9464954137802124]
Train step Accs: [1.0, 1.0, 1.0, 1.0, 1.0, 1.0, 1.0, 1.0, 1.0, 1.0, 1.0, 1.0, 1.0, 1.0, 1.0, 1.0, 1.0, 1.0, 1.0, 1.0, 1.0, 1.0, 1.0, 1.0, 1.0, 1.0, 1.0, 1.0, 1.0, 1.0, 1.0, 1.0, 1.0, 1.0, 1.0, 1.0, 1.0, 1.0, 1.0, 1.0, 1.0, 1.0, 1.0, 1.0, 1.0, 1.0, 1.0, 1.0, 1.0, 1.0, 1.0, 1.0, 1.0, 1.0, 1.0, 1.0, 1.0, 1.0, 1.0, 1.0, 1.0, 1.0, 1.0, 1.0, 1.0, 1.0, 1.0, 1.0, 1.0, 1.0, 1.0, 1.0, 1.0, 1.0, 1.0, 1.0, 1.0, 1.0, 1.0, 1.0, 1.0, 1.0, 1.0, 1.0, 1.0, 1.0, 1.0, 1.0, 1.0, 1.0, 1.0, 1.0, 1.0, 1.0, 1.0, 1.0, 1.0, 1.0, 1.0, 1.0, 1.0, 1.0, 1.0, 1.0, 1.0]
val step Accs: [1.0, 1.0, 1.0, 0.9998432601880878, 1.0, 1.0, 1.0, 0.9992458521870287, 1.0, 1.0, 1.0, 1.0, 0.999812874251497, 0.9998348745046235, 1.0, 1.0, 0.9996758508914101, 0.9998331108144193, 0.9989869998311667, 1.0, 1.0, 1.0, 1.0, 1.0, 1.0, 1.0, 1.0]
Preds: [17, 17, 17, 287, 284, 450, 450, 293, 293, 43, 43, 250, 276, 276, 346, 346, 284, 284, 284, 284, 206, 206, 169, 169, 150, 150, 342, 168, 219, 152, 152, 152, 374, 374, 374, 301, 314, 321, 259, 354, 114, 145, 443, 443, 330, 330, 348, 457, 43, 276, 276, 276, 174, 346, 346, 346, 284, 284, 284, 284, 284, 113, 450, 450, 293, 88, 88, 43, 276, 276, 297, 297, 297, 297, 297, 182, 182, 182, 182, 182, 182, 182, 375, 98, 98, 259, 441, 441, 441, 441, 153, 153, 153, 387, 387, 387, 387, 109, 109, 443, 443, 120, 403, 388, 325, 325, 41, 41, 41, 41, 41, 246, 19, 19, 19, 19, 19, 454, 229, 82, 229, 82, 126, 126, 292, 326, 408, 408, 244, 321, 321, 287, 287, 111, 111, 111, 111, 240, 240, 175, 175, 241, 431, 431, 431, 315, 284, 284, 113, 84, 293, 293, 293, 43, 43, 182, 182, 182, 182, 497, 497, 497, 497, 497, 122, 122, 122, 32, 239, 310, 310, 107, 107, 395, 395, 395, 470, 171, 171, 171, 171, 171, 171, 171, 246, 246, 246, 246, 19, 19, 17, 420, 374, 374, 374, 374, 374, 374, 374, 374, 374, 374, 374, 374, 374, 374, 374, 374, 374, 374, 374, 374, 374, 374, 374, 374, 374, 374, 374, 374, 374, 374, 374, 374, 374, 374, 374, 374, 374, 374, 374, 374, 374, 374, 374, 374, 374, 374, 374, 374, 374, 374, 374, 374, 374, 374, 374, 374, 374, 374, 374, 374, 374, 374, 374, 374, 374, 374, 374, 374, 374, 374, 374, 374, 374, 374, 374, 374, 374, 374, 374, 374, 374, 374, 374, 374, 374, 374, 374, 374, 374, 374, 374, 374, 374, 374, 374, 374, 374, 374, 374, 374, 374, 374, 374, 374, 374, 374, 374, 374, 374, 374, 374, 374, 374, 374, 374, 374, 374, 374, 374, 374, 374, 374, 374, 374, 374, 374, 374, 374, 374, 374, 374, 374, 374, 374, 374, 374, 374, 374, 374, 374, 374, 374, 374, 374, 374, 374, 374, 374, 374, 374, 374, 374, 374, 374, 374, 374, 374, 374, 374, 374, 374, 374, 374, 374, 374, 374, 374, 374, 374, 374, 374, 374, 374, 374, 374, 374, 374, 374, 374, 374, 374, 374, 374, 374, 374, 374, 374, 374, 374, 374, 374, 374, 374, 374, 374, 374, 374, 374, 374, 374, 374, 374, 374, 374, 374, 374, 374, 374, 374, 374, 374, 374, 374, 374, 374, 374, 374, 374, 374, 374, 374, 374, 374, 374, 374, 374, 374, 374, 374, 374, 374, 374, 374, 374, 374, 374, 374, 374, 374, 374, 374, 374, 374, 374, 374, 374, 374, 374, 374, 374, 374, 374, 374, 374, 374, 374, 374, 374, 374, 374, 374, 374, 374, 374, 374, 374, 374, 374, 374, 374, 374, 374, 374, 374, 374, 374, 374, 374, 374, 374, 374, 374, 374, 374, 374, 374, 374, 374, 374, 374, 374, 374, 374, 374, 374, 374, 374, 374, 374, 374, 374, 374, 374, 374, 374, 374, 374, 374, 374, 374, 374, 374, 374, 374, 374, 374, 374, 374, 374, 374, 374, 374, 374, 374, 374, 374, 374, 374, 374, 374, 374, 374, 374, 374, 374, 374, 374, 374, 374, 374, 374, 374, 374, 374, 374, 374, 374, 374, 374, 374, 374, 374, 374, 374, 374, 374, 374, 374, 374, 374, 374, 374, 374, 374, 374, 374, 374, 374, 374, 374, 374, 374, 374, 374, 374, 374, 374, 374, 374, 374, 374, 374, 374, 374, 374, 374, 374, 374, 374, 374, 374, 374, 374, 374, 374, 374, 374, 374, 374, 374, 374, 374, 374, 374, 374, 374, 374, 374]

