ep335
Train step Loss: [0.9454931616783142, 0.9455587863922119, 0.9454866051673889, 0.9455889463424683, 0.945532500743866, 0.9455823302268982, 0.9455755352973938, 0.9455364346504211, 0.9455024003982544, 0.9455755352973938, 0.9455906748771667, 0.9455194473266602, 0.9455359578132629, 0.9455239772796631, 0.9454730153083801, 0.9455769062042236, 0.9455106854438782, 0.9454910159111023, 0.9455265402793884, 0.9455018043518066, 0.9455435872077942, 0.9455264806747437, 0.9455398917198181, 0.945516049861908, 0.945505678653717, 0.94553542137146, 0.9454892873764038, 0.9455142021179199, 0.9454978704452515, 0.9455240368843079, 0.9455462098121643, 0.9455222487449646, 0.9455281496047974, 0.9455094933509827, 0.9455798864364624, 0.9456142783164978, 0.9455589056015015, 0.9455438852310181, 0.945438802242279, 0.9454659223556519, 0.9455406665802002, 0.9455510973930359, 0.9456184506416321, 0.9455111026763916, 0.9454779028892517, 0.9455599784851074, 0.9455324411392212, 0.9455218315124512, 0.9455496072769165, 0.9455458521842957, 0.9455227255821228, 0.9455289244651794, 0.9455086588859558, 0.9455076456069946, 0.9455752968788147, 0.9455358982086182, 0.9455071091651917, 0.945570707321167, 0.9455854892730713, 0.9455617070198059, 0.9455564022064209, 0.9455953240394592, 0.945487916469574, 0.9455280900001526, 0.9455291032791138, 0.9455158114433289, 0.9455699920654297, 0.9455215930938721, 0.9455516338348389, 0.9455316662788391, 0.9454901814460754, 0.9455442428588867, 0.9455630779266357, 0.9456071257591248, 0.9454449415206909, 0.9455682635307312, 0.9455087184906006, 0.9455719590187073, 0.9455527663230896, 0.9455316066741943, 0.9455389976501465, 0.9454942941665649, 0.9455781579017639, 0.9455588459968567, 0.9455359578132629, 0.945503830909729, 0.9454936981201172, 0.9455496072769165, 0.9454852342605591, 0.945510745048523, 0.9454895853996277, 0.9455738663673401, 0.945513129234314, 0.9455170631408691, 0.9455012679100037, 0.9455538392066956, 0.9455048441886902, 0.9454900026321411, 0.9455111622810364, 0.9454949498176575, 0.9455467462539673, 0.9454538822174072, 0.9454407691955566, 0.9455170631408691, 0.9455530047416687]
val step Loss: [0.9477545619010925, 0.947455108165741, 0.9456450939178467, 0.9517542123794556, 0.9458399415016174, 0.9456479549407959, 0.9457884430885315, 0.9457989931106567, 0.9458966851234436, 0.9460991621017456, 0.9457460641860962, 0.9456450939178467, 0.9458315968513489, 0.9458067417144775, 0.945870041847229, 0.9457306265830994, 0.9466727375984192, 0.9458523392677307, 0.9458365440368652, 0.9457643032073975, 0.9467167258262634, 0.9457727074623108, 0.9497197270393372, 0.9459109306335449, 0.9458222389221191, 0.9459619522094727, 0.9457051753997803]
Train step Accs: [1.0, 1.0, 1.0, 1.0, 1.0, 1.0, 1.0, 1.0, 1.0, 1.0, 1.0, 1.0, 1.0, 1.0, 1.0, 1.0, 1.0, 1.0, 1.0, 1.0, 1.0, 1.0, 1.0, 1.0, 1.0, 1.0, 1.0, 1.0, 1.0, 1.0, 1.0, 1.0, 1.0, 1.0, 1.0, 1.0, 1.0, 1.0, 1.0, 1.0, 1.0, 1.0, 1.0, 1.0, 1.0, 1.0, 1.0, 1.0, 1.0, 1.0, 1.0, 1.0, 1.0, 1.0, 1.0, 1.0, 1.0, 1.0, 1.0, 1.0, 1.0, 1.0, 1.0, 1.0, 1.0, 1.0, 1.0, 1.0, 1.0, 1.0, 1.0, 1.0, 1.0, 1.0, 1.0, 1.0, 1.0, 1.0, 1.0, 1.0, 1.0, 1.0, 1.0, 1.0, 1.0, 1.0, 1.0, 1.0, 1.0, 1.0, 1.0, 1.0, 1.0, 1.0, 1.0, 1.0, 1.0, 1.0, 1.0, 1.0, 1.0, 1.0, 1.0, 1.0, 1.0]
val step Accs: [0.9996630727762803, 0.9997021593447506, 1.0, 0.9989165763813651, 1.0, 1.0, 1.0, 1.0, 1.0, 1.0, 1.0, 1.0, 1.0, 1.0, 1.0, 1.0, 0.9998456551937027, 1.0, 1.0, 1.0, 0.9998104624715694, 1.0, 0.9993044687880369, 1.0, 1.0, 1.0, 1.0]
Preds: [17, 17, 152, 152, 152, 378, 378, 43, 276, 345, 345, 109, 174, 284, 319, 240, 240, 240, 314, 239, 82, 82, 449, 371, 444, 213, 324, 324, 324, 286, 301, 132, 42, 42, 147, 380, 380, 288, 443, 432, 330, 330, 388, 33, 33, 64, 394, 398, 219, 464, 464, 464, 180, 315, 315, 450, 450, 293, 43, 43, 43, 364, 276, 276, 276, 276, 346, 346, 284, 284, 284, 284, 376, 376, 206, 206, 85, 85, 240, 388, 251, 251, 251, 251, 251, 251, 241, 431, 355, 355, 452, 263, 263, 263, 420, 435, 420, 420, 420, 420, 420, 420, 420, 420, 420, 420, 420, 420, 420, 420, 420, 420, 420, 420, 420, 420, 420, 420, 420, 420, 420, 420, 420, 420, 420, 420, 420, 420, 420, 420, 420, 420, 420, 420, 420, 420, 420, 420, 420, 420, 420, 420, 420, 420, 420, 420, 420, 420, 420, 420, 420, 420, 420, 420, 420, 420, 420, 420, 420, 420, 420, 420, 420, 420, 420, 420, 420, 420, 420, 420, 420, 420, 420, 420, 420, 420, 420, 420, 420, 420, 420, 420, 420, 420, 420, 420, 420, 420, 420, 420, 420, 420, 420, 420, 420, 420, 420, 420, 420, 420, 420, 420, 420, 420, 420, 420, 420, 420, 420, 420, 420, 420, 420, 420, 420, 420, 420, 420, 420, 420, 420, 420, 420, 420, 420, 420, 420, 420, 420, 420, 420, 420, 420, 420, 420, 420, 420, 420, 420, 420, 420, 420, 420, 420, 420, 420, 420, 420, 420, 420, 420, 420, 420, 420, 420, 420, 420, 420, 420, 420, 420, 420, 420, 420, 420, 420, 420, 420, 420, 420, 420, 420, 420, 420, 420, 420, 420, 420, 420, 420, 420, 420, 420, 420, 420, 420, 420, 420, 420, 420, 420, 420, 420, 420, 420, 420, 420, 420, 420, 420, 420, 420, 420, 420, 420, 420, 420, 420, 420, 420, 420, 420, 420, 420, 420, 420, 420, 420, 420, 420, 420, 420, 420, 420, 420, 420, 420, 420, 420, 420, 420, 420, 420, 420, 420, 420, 420, 420, 420, 420, 420, 420, 420, 420, 420, 420, 420, 420, 420, 420, 420, 420, 420, 420, 420, 420, 420, 420, 420, 420, 420, 420, 420, 420, 420, 420, 420, 420, 420, 420, 420, 420, 420, 420, 420, 420, 420, 420, 420, 420, 420, 420, 420, 420, 420, 420, 420, 420, 420, 420, 420, 420, 420, 420, 420, 420, 420, 420, 420, 420, 420, 420, 420, 420, 420, 420, 420, 420, 420, 420, 420, 420, 420, 420, 420, 420, 420, 420, 420, 420, 420, 420, 420, 420, 420, 420, 420, 420, 420, 420, 420, 420, 420, 420, 420, 420, 420, 420, 420, 420, 420, 420, 420, 420, 420, 420, 420, 420, 420, 420, 420, 420, 420, 420, 420, 420, 420, 420, 420, 420, 420, 420, 420, 420, 420, 420, 420, 420, 420, 420, 420, 420, 420, 420, 420, 420, 420, 420, 420, 420, 420, 420, 420, 420, 420, 420, 420, 420, 420, 420, 420, 420, 420, 420, 420, 420, 420, 420, 420, 420, 420, 420, 420, 420, 420, 420, 420, 420, 420, 420, 420, 420, 420, 420, 420, 420, 420, 420, 420, 420, 420, 420, 420, 420, 420, 420, 420, 420, 420, 420, 420, 420, 420, 420, 420, 420, 420, 420, 420, 420, 420, 420, 420, 420, 420, 420, 420, 420, 420, 420, 420, 420, 420, 420, 420, 420, 420, 420, 420, 420, 420, 420, 420, 420, 420, 420, 420, 420, 420, 420, 420, 420, 420, 420, 420, 420, 420, 420, 420, 420, 420, 420, 420, 420, 420, 420, 420, 420, 420, 420, 420, 420, 420, 420, 420, 420, 420, 420, 420, 420]

ep336
Train step Loss: [0.9454918503761292, 0.9455727338790894, 0.9454944729804993, 0.9455711245536804, 0.9455282092094421, 0.9454869627952576, 0.9455757141113281, 0.9455247521400452, 0.9454661011695862, 0.945501983165741, 0.9455355405807495, 0.945556640625, 0.9454931020736694, 0.9455651044845581, 0.945479691028595, 0.9455283880233765, 0.9456177949905396, 0.9455468654632568, 0.9455013871192932, 0.9455816745758057, 0.9455565810203552, 0.9455640912055969, 0.9455856084823608, 0.9454971551895142, 0.9454929232597351, 0.9455106258392334, 0.9455228447914124, 0.9455106854438782, 0.9455284476280212, 0.9455738663673401, 0.9455704689025879, 0.9455349445343018, 0.9455768465995789, 0.9454905986785889, 0.9455727338790894, 0.9454985857009888, 0.9455170035362244, 0.9454973936080933, 0.9455527663230896, 0.9455211162567139, 0.945495069026947, 0.945539116859436, 0.9455541372299194, 0.9455236792564392, 0.9455247521400452, 0.9455611109733582, 0.9455172419548035, 0.9455235004425049, 0.9455242156982422, 0.9454848170280457, 0.9455013275146484, 0.9455561637878418, 0.9456260204315186, 0.9454938173294067, 0.945564866065979, 0.945520281791687, 0.9455536603927612, 0.94547438621521, 0.9454737305641174, 0.9455245733261108, 0.9454724192619324, 0.9455111026763916, 0.9455267786979675, 0.9454759359359741, 0.9455360770225525, 0.9454799294471741, 0.9455823302268982, 0.9455909132957458, 0.9455147981643677, 0.9454452991485596, 0.9455141425132751, 0.9455487728118896, 0.945554256439209, 0.9455201029777527, 0.9455447793006897, 0.9454787969589233, 0.9455333948135376, 0.9455020427703857, 0.9455774426460266, 0.9455370306968689, 0.9455214142799377, 0.9454880952835083, 0.9455357789993286, 0.9455051422119141, 0.9455564022064209, 0.9455458521842957, 0.9455611109733582, 0.9455515146255493, 0.9455241560935974, 0.9455634355545044, 0.9455371499061584, 0.9455443620681763, 0.945488452911377, 0.9455212354660034, 0.9455205202102661, 0.9455281496047974, 0.9455845952033997, 0.9455159306526184, 0.9455373883247375, 0.9455539584159851, 0.9455466270446777, 0.9454808235168457, 0.9455047845840454, 0.9455775618553162, 0.9454862475395203]
val step Loss: [0.9457995295524597, 0.9457219839096069, 0.9457593560218811, 0.945773720741272, 0.9457938075065613, 0.9467570185661316, 0.9468071460723877, 0.946002721786499, 0.945772111415863, 0.9457863569259644, 0.9457374811172485, 0.9571239352226257, 0.9458337426185608, 0.9457240104675293, 0.9466255307197571, 0.9458068013191223, 0.945710301399231, 0.9458417296409607, 0.9459025263786316, 0.9458726644515991, 0.9465798139572144, 0.9457993507385254, 0.9458116888999939, 0.9457002878189087, 0.9457969665527344, 0.9458010792732239, 0.9457157850265503]
Train step Accs: [1.0, 1.0, 1.0, 1.0, 1.0, 1.0, 1.0, 1.0, 1.0, 1.0, 1.0, 1.0, 1.0, 1.0, 1.0, 1.0, 1.0, 1.0, 1.0, 1.0, 1.0, 1.0, 1.0, 1.0, 1.0, 1.0, 1.0, 1.0, 1.0, 1.0, 1.0, 1.0, 1.0, 1.0, 1.0, 1.0, 1.0, 1.0, 1.0, 1.0, 1.0, 1.0, 1.0, 1.0, 1.0, 1.0, 1.0, 1.0, 1.0, 1.0, 1.0, 1.0, 1.0, 1.0, 1.0, 1.0, 1.0, 1.0, 1.0, 1.0, 1.0, 1.0, 1.0, 1.0, 1.0, 1.0, 1.0, 1.0, 1.0, 1.0, 1.0, 1.0, 1.0, 1.0, 1.0, 1.0, 1.0, 1.0, 1.0, 1.0, 1.0, 1.0, 1.0, 1.0, 1.0, 1.0, 1.0, 1.0, 1.0, 1.0, 1.0, 1.0, 1.0, 1.0, 1.0, 1.0, 1.0, 1.0, 1.0, 1.0, 1.0, 1.0, 1.0, 1.0, 1.0]
val step Accs: [1.0, 1.0, 1.0, 1.0, 1.0, 0.99981556621173, 0.9998213009292352, 1.0, 1.0, 1.0, 1.0, 0.9979256698357822, 1.0, 1.0, 0.9998423707440101, 1.0, 1.0, 1.0, 1.0, 1.0, 0.9998325238653492, 1.0, 1.0, 1.0, 1.0, 1.0, 1.0]
Preds: [17, 17, 441, 153, 153, 153, 424, 387, 497, 497, 122, 122, 35, 35, 259, 384, 371, 180, 180, 84, 84, 139, 16, 16, 375, 375, 375, 375, 98, 98, 98, 13, 13, 414, 414, 249, 249, 20, 47, 312, 187, 187, 101, 101, 101, 101, 149, 149, 149, 321, 287, 287, 287, 287, 297, 297, 297, 293, 293, 293, 122, 216, 22, 106, 106, 106, 284, 284, 284, 284, 306, 306, 372, 245, 406, 406, 284, 65, 284, 284, 284, 376, 376, 282, 282, 169, 271, 150, 77, 342, 342, 168, 97, 483, 196, 196, 479, 199, 199, 199, 360, 360, 330, 252, 368, 310, 310, 395, 395, 213, 278, 278, 278, 252, 368, 77, 453, 453, 168, 485, 301, 301, 374, 199, 106, 84, 84, 84, 84, 496, 293, 215, 215, 8, 251, 241, 241, 106, 106, 106, 284, 426, 405, 387, 387, 406, 406, 467, 467, 337, 207, 207, 19, 358, 233, 414, 417, 417, 417, 417, 442, 442, 414, 170, 102, 491, 312, 292, 292, 292, 292, 326, 326, 408, 408, 408, 228, 321, 320, 451, 30, 30, 422, 99, 338, 338, 338, 338, 400, 400, 400, 400, 171, 171, 301, 301, 378, 43, 364, 345, 345, 109, 109, 476, 476, 171, 324, 324, 301, 301, 8, 259, 354, 354, 420, 420, 420, 324, 324, 301, 251, 251, 241, 241, 331, 443, 443, 443, 443, 120, 120, 120, 120, 207, 207, 207, 207, 37, 203, 399, 217, 217, 473, 473, 476, 476, 171, 171, 171, 171, 252, 252, 310, 453, 107, 395, 444, 213, 213, 360, 252, 252, 368, 77, 54, 54, 224, 168, 494, 278, 301, 116, 251, 251, 241, 431, 431, 486, 376, 376, 376, 376, 376, 460, 460, 460, 240, 240, 35, 198, 384, 371, 114, 180, 84, 84, 84, 387, 372, 467, 467, 467, 467, 467, 207, 207, 207, 19, 19, 17, 420, 420, 420, 420, 420, 420, 420, 420, 420, 420, 420, 420, 420, 420, 420, 420, 420, 420, 420, 420, 420, 420, 420, 420, 420, 420, 420, 420, 420, 420, 420, 420, 420, 420, 420, 420, 420, 420, 420, 420, 420, 420, 420, 420, 420, 420, 420, 420, 420, 420, 420, 420, 420, 420, 420, 420, 420, 420, 420, 420, 420, 420, 420, 420, 420, 420, 420, 420, 420, 420, 420, 420, 420, 420, 420, 420, 420, 420, 420, 420, 420, 420, 420, 420, 420, 420, 420, 420, 420, 420, 420, 420, 420, 420, 420, 420, 420, 420, 420, 420, 420, 420, 420, 420, 420, 420, 420, 420, 420, 420, 420, 420, 420, 420, 420, 420, 420, 420, 420, 420, 420, 420, 420, 420, 420, 420, 420, 420, 420, 420, 420, 420, 420, 420, 420, 420, 420, 420, 420, 420, 420, 420, 420, 420, 420, 420, 420, 420, 420, 420, 420, 420, 420, 420, 420, 420, 420, 420, 420, 420, 420, 420, 420, 420, 420, 420, 420, 420, 420, 420, 420, 420, 420, 420, 420, 420, 420, 420, 420, 420, 420, 420, 420, 420, 420, 420, 420, 420, 420, 420, 420, 420, 420, 420, 420, 420, 420, 420, 420, 420, 420, 420, 420, 420, 420, 420, 420, 420, 420, 420, 420, 420, 420, 420, 420, 420, 420, 420, 420, 420, 420, 420, 420, 420, 420, 420, 420, 420, 420, 420, 420, 420, 420, 420, 420, 420, 420, 420, 420, 420, 420, 420, 420, 420, 420, 420, 420, 420, 420, 420, 420, 420, 420, 420, 420, 420, 420, 420, 420, 420, 420, 420, 420, 420, 420, 420, 420, 420, 420, 420, 420, 420, 420, 420, 420, 420, 420, 420, 420, 420, 420, 420, 420, 420, 420, 420, 420, 420, 420, 420]

ep337
Train step Loss: [0.9454671144485474, 0.9455146193504333, 0.9455248713493347, 0.9455460906028748, 0.9455358386039734, 0.9455100893974304, 0.9455354809761047, 0.9455690383911133, 0.9455009698867798, 0.9454951882362366, 0.9455460906028748, 0.9455119967460632, 0.9454867839813232, 0.9454519152641296, 0.9455175399780273, 0.9455435276031494, 0.9455119967460632, 0.9455338716506958, 0.9455528855323792, 0.9455534219741821, 0.9455138444900513, 0.9455219507217407, 0.9455317258834839, 0.9455496072769165, 0.9455394148826599, 0.9455345869064331, 0.9455440640449524, 0.9455671310424805, 0.9455060362815857, 0.9455300569534302, 0.9455223679542542, 0.9455598592758179, 0.9455521702766418, 0.9455263614654541, 0.9455142617225647, 0.9455623626708984, 0.9455124139785767, 0.9456021785736084, 0.9456220865249634, 0.9455457329750061, 0.9455500841140747, 0.9455808401107788, 0.9454938173294067, 0.9455568194389343, 0.9454795122146606, 0.9455561637878418, 0.945605456829071, 0.9455165266990662, 0.9455296397209167, 0.9455156922340393, 0.9455486536026001, 0.9454715251922607, 0.9455553293228149, 0.9455345869064331, 0.9455483555793762, 0.9455268979072571, 0.9455764293670654, 0.9455284476280212, 0.9455389380455017, 0.9455548524856567, 0.9455729722976685, 0.9455500245094299, 0.9454630613327026, 0.9454939365386963, 0.9455739259719849, 0.9455034732818604, 0.9455514550209045, 0.9454663395881653, 0.9455588459968567, 0.9455540776252747, 0.9454935789108276, 0.9454987645149231, 0.945544421672821, 0.945548415184021, 0.9454811215400696, 0.9455150365829468, 0.9455121755599976, 0.9454900026321411, 0.9455870389938354, 0.9454997777938843, 0.9455297589302063, 0.9455538988113403, 0.9454976916313171, 0.9454842805862427, 0.9455348253250122, 0.9454885721206665, 0.9454749822616577, 0.9455423355102539, 0.9455146789550781, 0.9455561637878418, 0.9454752802848816, 0.9455673694610596, 0.9455413818359375, 0.9455820322036743, 0.9455661773681641, 0.9455678462982178, 0.945544958114624, 0.945538341999054, 0.9455068707466125, 0.9455241560935974, 0.945533037185669, 0.9455259442329407, 0.9455356001853943, 0.9454729557037354, 0.9455108642578125]
val step Loss: [0.9457407593727112, 0.9457857012748718, 0.9457756280899048, 0.9457795023918152, 0.9458680152893066, 0.9457236528396606, 0.9457806944847107, 0.9457690119743347, 0.9459388852119446, 0.9468244314193726, 0.9458503723144531, 0.945832371711731, 0.9457789063453674, 0.9459018111228943, 0.945884108543396, 0.9458719491958618, 0.9510658979415894, 0.9491785764694214, 0.9466794729232788, 0.9470317363739014, 0.9459013938903809, 0.9458149671554565, 0.945810854434967, 0.9465678930282593, 0.9475461840629578, 0.9458144307136536, 0.9456616640090942]
Train step Accs: [1.0, 1.0, 1.0, 1.0, 1.0, 1.0, 1.0, 1.0, 1.0, 1.0, 1.0, 1.0, 1.0, 1.0, 1.0, 1.0, 1.0, 1.0, 1.0, 1.0, 1.0, 1.0, 1.0, 1.0, 1.0, 1.0, 1.0, 1.0, 1.0, 1.0, 1.0, 1.0, 1.0, 1.0, 1.0, 1.0, 1.0, 1.0, 1.0, 1.0, 1.0, 1.0, 1.0, 1.0, 1.0, 1.0, 1.0, 1.0, 1.0, 1.0, 1.0, 1.0, 1.0, 1.0, 1.0, 1.0, 1.0, 1.0, 1.0, 1.0, 1.0, 1.0, 1.0, 1.0, 1.0, 1.0, 1.0, 1.0, 1.0, 1.0, 1.0, 1.0, 1.0, 1.0, 1.0, 1.0, 1.0, 1.0, 1.0, 1.0, 1.0, 1.0, 1.0, 1.0, 1.0, 1.0, 1.0, 1.0, 1.0, 1.0, 1.0, 1.0, 1.0, 1.0, 1.0, 1.0, 1.0, 1.0, 1.0, 1.0, 1.0, 1.0, 1.0, 1.0, 1.0]
val step Accs: [1.0, 1.0, 1.0, 1.0, 1.0, 1.0, 1.0, 1.0, 1.0, 0.99982341515098, 1.0, 1.0, 1.0, 1.0, 1.0, 1.0, 0.9990495802312688, 0.9993951308029638, 0.9998344370860928, 0.9997679275934092, 1.0, 1.0, 1.0, 0.999857020303117, 0.9996805622105095, 1.0, 1.0]
Preds: [17, 17, 17, 345, 442, 487, 152, 152, 152, 301, 378, 43, 276, 345, 109, 109, 284, 486, 460, 240, 240, 385, 314, 32, 239, 75, 384, 371, 191, 191, 240, 385, 143, 401, 244, 75, 127, 273, 180, 486, 486, 486, 460, 282, 167, 385, 457, 196, 196, 219, 398, 464, 464, 486, 486, 460, 460, 215, 215, 401, 401, 244, 321, 354, 420, 420, 324, 422, 77, 478, 68, 68, 68, 224, 273, 444, 444, 324, 301, 314, 217, 473, 398, 398, 324, 301, 10, 10, 309, 479, 380, 374, 213, 213, 213, 213, 246, 301, 301, 378, 29, 134, 134, 134, 203, 280, 337, 324, 324, 324, 324, 3, 464, 464, 145, 113, 206, 169, 349, 349, 205, 261, 261, 25, 100, 153, 153, 43, 43, 276, 276, 182, 387, 387, 387, 178, 129, 401, 244, 244, 208, 441, 100, 100, 100, 182, 182, 375, 98, 98, 229, 244, 244, 247, 126, 126, 326, 101, 101, 391, 228, 244, 244, 320, 287, 287, 287, 206, 240, 35, 36, 449, 449, 224, 168, 278, 464, 331, 315, 319, 450, 293, 43, 276, 182, 497, 497, 497, 122, 186, 349, 234, 234, 261, 25, 25, 106, 428, 428, 146, 146, 146, 171, 324, 324, 324, 324, 464, 464, 464, 464, 486, 486, 85, 85, 240, 251, 251, 251, 241, 431, 428, 428, 146, 146, 219, 219, 219, 219, 219, 464, 464, 443, 486, 486, 460, 460, 169, 169, 349, 352, 261, 25, 485, 152, 152, 422, 143, 458, 458, 75, 208, 441, 100, 100, 100, 98, 98, 48, 48, 17, 17, 420, 420, 420, 420, 420, 420, 420, 420, 420, 420, 420, 420, 420, 420, 420, 420, 420, 420, 420, 420, 420, 420, 420, 420, 420, 420, 420, 420, 420, 420, 420, 420, 420, 420, 420, 420, 420, 420, 420, 420, 420, 420, 420, 420, 420, 420, 420, 420, 420, 420, 420, 420, 420, 420, 420, 420, 420, 420, 420, 420, 420, 420, 420, 420, 420, 420, 420, 420, 420, 420, 420, 420, 420, 420, 420, 420, 420, 420, 420, 420, 420, 420, 420, 420, 420, 420, 420, 420, 420, 420, 420, 420, 420, 420, 420, 420, 420, 420, 420, 420, 420, 420, 420, 420, 420, 420, 420, 420, 420, 420, 420, 420, 420, 420, 420, 420, 420, 420, 420, 420, 420, 420, 420, 420, 420, 420, 420, 420, 420, 420, 420, 420, 420, 420, 420, 420, 420, 420, 420, 420, 420, 420, 420, 420, 420, 420, 420, 420, 420, 420, 420, 420, 420, 420, 420, 420, 420, 420, 420, 420, 420, 420, 420, 420, 420, 420, 420, 420, 420, 420, 420, 420, 420, 420, 420, 420, 420, 420, 420, 420, 420, 420, 420, 420, 420, 420, 420, 420, 420, 420, 420, 420, 420, 420, 420, 420, 420, 420, 420, 420, 420, 420, 420, 420, 420, 420, 420, 420, 420, 420, 420, 420, 420, 420, 420, 420, 420, 420, 420, 420, 420, 420, 420, 420, 420, 420, 420, 420, 420, 420, 420, 420, 420, 420, 420, 420, 420, 420, 420, 420, 420, 420, 420, 420, 420, 420, 420, 420, 420, 420, 420, 420, 420, 420, 420, 420, 420, 420, 420, 420, 420, 420, 420, 420, 420, 420, 420, 420, 420, 420, 420, 420, 420, 420, 420, 420, 420, 420, 420, 420, 420, 420, 420, 420, 420, 420, 420, 420, 420, 420, 420, 420, 420, 420, 420, 420, 420, 420, 420, 420, 420, 420, 420, 420, 420, 420, 420, 420, 420, 420, 420, 420, 420, 420, 420, 420, 420, 420, 420, 420, 420, 420, 420, 420, 420, 420, 420, 420, 420, 420, 420, 420, 420, 420, 420, 420, 420, 420]

ep338
Train step Loss: [0.9455861449241638, 0.9455461502075195, 0.9454339742660522, 0.9454926252365112, 0.9455984234809875, 0.9455763101577759, 0.9455427527427673, 0.9454891681671143, 0.9455320835113525, 0.9455705285072327, 0.9455106854438782, 0.9455159902572632, 0.9455035924911499, 0.9454846382141113, 0.9454386234283447, 0.945546567440033, 0.9455573558807373, 0.9455928802490234, 0.9455463886260986, 0.9455039501190186, 0.9455246925354004, 0.9455175995826721, 0.9455147981643677, 0.9454872608184814, 0.945546567440033, 0.9454789161682129, 0.9455253481864929, 0.9455105662345886, 0.9455395340919495, 0.9455984234809875, 0.9455193281173706, 0.9455490708351135, 0.9455338716506958, 0.9455031156539917, 0.9455869793891907, 0.9455188512802124, 0.9455431699752808, 0.9455697536468506, 0.9455152750015259, 0.9455164670944214, 0.9454444646835327, 0.945493757724762, 0.9455587863922119, 0.9455102682113647, 0.9455240368843079, 0.9455462098121643, 0.9455029964447021, 0.9455776214599609, 0.9455880522727966, 0.9455147385597229, 0.9455066323280334, 0.945532500743866, 0.9455851912498474, 0.945609450340271, 0.9455234408378601, 0.9455324411392212, 0.9455317854881287, 0.9455645680427551, 0.9455039501190186, 0.9455305337905884, 0.9456082582473755, 0.9455379247665405, 0.9455304145812988, 0.9455464482307434, 0.9455239772796631, 0.945533812046051, 0.9455696940422058, 0.9455022215843201, 0.945527970790863, 0.9454879760742188, 0.9455288648605347, 0.9454882144927979, 0.9455381035804749, 0.9455463290214539, 0.9455099105834961, 0.9455130100250244, 0.9455342292785645, 0.9455745816230774, 0.9455759525299072, 0.9455028176307678, 0.9455138444900513, 0.9455537796020508, 0.9455300569534302, 0.9455395936965942, 0.9455022215843201, 0.9455466866493225, 0.9454594254493713, 0.9455755949020386, 0.9455209374427795, 0.9454917907714844, 0.9455058574676514, 0.9455992579460144, 0.9455065131187439, 0.9455471634864807, 0.9455171227455139, 0.94549959897995, 0.9455246925354004, 0.9455345869064331, 0.9454802870750427, 0.945472240447998, 0.9454730749130249, 0.9455709457397461, 0.9454922676086426, 0.9455481171607971, 0.9455567598342896]
val step Loss: [0.9459996223449707, 0.9456527829170227, 0.9458072185516357, 0.9458157420158386, 0.9458304047584534, 0.9457027316093445, 0.9456586837768555, 0.9458064436912537, 0.9458135962486267, 0.9459063410758972, 0.9458206295967102, 0.9457065463066101, 0.9456088542938232, 0.9477323293685913, 0.9508665800094604, 0.9467674493789673, 0.9466012716293335, 0.9458112716674805, 0.946876049041748, 0.9458739161491394, 0.9457190036773682, 0.945732593536377, 0.9458092451095581, 0.9459085464477539, 0.9469789862632751, 0.9496345520019531, 0.9456452131271362]
Train step Accs: [1.0, 1.0, 1.0, 1.0, 1.0, 1.0, 1.0, 1.0, 1.0, 1.0, 1.0, 1.0, 1.0, 1.0, 1.0, 1.0, 1.0, 1.0, 1.0, 1.0, 1.0, 1.0, 1.0, 1.0, 1.0, 1.0, 1.0, 1.0, 1.0, 1.0, 1.0, 1.0, 1.0, 1.0, 1.0, 1.0, 1.0, 1.0, 1.0, 1.0, 1.0, 1.0, 1.0, 1.0, 1.0, 1.0, 1.0, 1.0, 1.0, 1.0, 1.0, 1.0, 1.0, 1.0, 1.0, 1.0, 1.0, 1.0, 1.0, 1.0, 1.0, 1.0, 1.0, 1.0, 1.0, 1.0, 1.0, 1.0, 1.0, 1.0, 1.0, 1.0, 1.0, 1.0, 1.0, 1.0, 1.0, 1.0, 1.0, 1.0, 1.0, 1.0, 1.0, 1.0, 1.0, 1.0, 1.0, 1.0, 1.0, 1.0, 1.0, 1.0, 1.0, 1.0, 1.0, 1.0, 1.0, 1.0, 1.0, 1.0, 1.0, 1.0, 1.0, 1.0, 1.0]
val step Accs: [1.0, 1.0, 1.0, 1.0, 1.0, 1.0, 1.0, 1.0, 1.0, 1.0, 1.0, 1.0, 1.0, 0.9996405463695184, 0.999057936881771, 0.9998422712933754, 0.9998445998445998, 1.0, 0.9998052959501558, 1.0, 1.0, 1.0, 1.0, 1.0, 0.9998014691284495, 0.9993117687543015, 1.0]
Preds: [17, 17, 32, 239, 384, 377, 371, 374, 374, 374, 132, 8, 8, 259, 354, 354, 180, 180, 443, 120, 120, 120, 120, 120, 240, 240, 240, 216, 285, 84, 84, 302, 302, 100, 375, 375, 375, 98, 98, 98, 229, 229, 247, 312, 312, 187, 1, 101, 101, 101, 321, 321, 287, 287, 287, 287, 284, 284, 284, 206, 167, 348, 379, 77, 77, 478, 66, 323, 323, 172, 115, 273, 273, 273, 151, 240, 240, 285, 199, 111, 111, 111, 111, 438, 438, 438, 219, 324, 324, 464, 464, 464, 464, 301, 301, 143, 35, 74, 437, 437, 437, 284, 284, 285, 285, 106, 284, 284, 284, 284, 426, 426, 293, 293, 293, 182, 346, 346, 284, 284, 284, 284, 426, 481, 293, 293, 43, 43, 276, 276, 276, 174, 387, 348, 10, 398, 398, 398, 398, 374, 378, 406, 406, 406, 88, 88, 81, 81, 337, 337, 146, 324, 219, 219, 219, 152, 152, 58, 58, 27, 351, 486, 486, 486, 486, 486, 460, 460, 460, 167, 35, 35, 219, 219, 219, 485, 485, 477, 374, 374, 374, 374, 374, 304, 304, 337, 41, 19, 19, 454, 454, 229, 229, 229, 312, 312, 187, 187, 23, 23, 23, 260, 391, 391, 321, 321, 320, 320, 345, 100, 100, 497, 497, 497, 122, 216, 453, 168, 5, 258, 38, 99, 99, 338, 338, 338, 338, 338, 400, 400, 444, 171, 171, 171, 171, 171, 464, 464, 335, 14, 14, 287, 145, 145, 111, 111, 240, 240, 146, 219, 219, 219, 464, 464, 464, 222, 84, 245, 245, 245, 43, 43, 43, 364, 276, 276, 276, 276, 276, 346, 346, 346, 284, 284, 206, 206, 206, 167, 167, 35, 14, 411, 411, 411, 424, 424, 424, 153, 182, 182, 182, 182, 182, 182, 182, 122, 122, 250, 303, 195, 195, 195, 303, 117, 98, 117, 117, 48, 48, 48, 414, 170, 244, 244, 392, 244, 392, 392, 392, 244, 73, 7, 7, 321, 7, 7, 127, 451, 30, 30, 324, 301, 301, 378, 325, 114, 114, 114, 180, 486, 486, 486, 315, 460, 285, 285, 285, 467, 85, 111, 403, 146, 207, 299, 299, 434, 434, 250, 250, 413, 271, 186, 186, 99, 99, 338, 338, 395, 395, 273, 273, 432, 432, 330, 240, 240, 385, 35, 77, 164, 164, 115, 273, 273, 180, 151, 151, 151, 206, 130, 130, 402, 183, 219, 219, 219, 213, 213, 213, 246, 246, 246, 246, 301, 301, 378, 43, 43, 276, 276, 153, 153, 387, 413, 413, 360, 219, 246, 246, 246, 246, 246, 246, 246, 19, 17, 420, 420, 420, 420, 420, 420, 420, 420, 420, 420, 420, 420, 420, 420, 420, 420, 420, 420, 420, 420, 420, 420, 420, 420, 420, 420, 420, 420, 420, 420, 420, 420, 420, 420, 420, 420, 420, 420, 420, 420, 420, 420, 420, 420, 420, 420, 420, 420, 420, 420, 420, 420, 420, 420, 420, 420, 420, 420, 420, 420, 420, 420, 420, 420, 420, 420, 420, 420, 420, 420, 420, 420, 420, 420, 420, 420, 420, 420, 420, 420, 420, 420, 420, 420, 420, 420, 420, 420, 420, 420, 420, 420, 420, 420, 420, 420, 420, 420, 420, 420, 420, 420, 420, 420, 420, 420, 420, 420, 420, 420, 420, 420, 420, 420, 420, 420, 420, 420, 420, 420, 420, 420, 420, 420, 420, 420, 420, 420, 420, 420, 420, 420, 420, 420, 420, 420, 420, 420, 420, 420, 420, 420, 420, 420, 420, 420, 420, 420, 420, 420, 420, 420, 420, 420, 420, 420, 420, 420, 420, 420, 420, 420, 420, 420, 420, 420, 420, 420, 420, 420, 420, 420, 420, 420]

ep339
Train step Loss: [0.9455299377441406, 0.9455778002738953, 0.9455191493034363, 0.9455207586288452, 0.9455048441886902, 0.9455260634422302, 0.9454944729804993, 0.9455145597457886, 0.945541501045227, 0.9455718398094177, 0.9455111622810364, 0.9454741477966309, 0.9456024765968323, 0.9455152750015259, 0.9455402493476868, 0.945533037185669, 0.945480227470398, 0.9454675912857056, 0.945478618144989, 0.9455130696296692, 0.9455235600471497, 0.9454614520072937, 0.9454898238182068, 0.9455223679542542, 0.9455360770225525, 0.9455576539039612, 0.9455509185791016, 0.9455476403236389, 0.9455156326293945, 0.945456862449646, 0.9455559849739075, 0.9455491900444031, 0.9454900622367859, 0.9455413222312927, 0.9454907774925232, 0.9454831480979919, 0.9455297589302063, 0.9455474615097046, 0.9454602003097534, 0.9455604553222656, 0.9454982876777649, 0.9455766677856445, 0.9454989433288574, 0.9455106854438782, 0.9454918503761292, 0.9455034732818604, 0.9455353617668152, 0.9455616474151611, 0.9455183148384094, 0.9455130696296692, 0.9455281496047974, 0.9455305337905884, 0.9455602765083313, 0.9455606937408447, 0.9455670118331909, 0.9455056190490723, 0.9454487562179565, 0.9455198645591736, 0.9455409049987793, 0.9456630945205688, 0.945501446723938, 0.9455020427703857, 0.9455106258392334, 0.9455509781837463, 0.9455468058586121, 0.9454768300056458, 0.9455488920211792, 0.9455124139785767, 0.945549488067627, 0.9455270767211914, 0.9455425143241882, 0.945522665977478, 0.9455305933952332, 0.9454794526100159, 0.9454888105392456, 0.9454867839813232, 0.9455746412277222, 0.945493221282959, 0.9455066919326782, 0.9455263018608093, 0.9455701112747192, 0.9455826282501221, 0.945613443851471, 0.9455775022506714, 0.9456025958061218, 0.9454851150512695, 0.9455636739730835, 0.9455670714378357, 0.9455031752586365, 0.9455777406692505, 0.9455601572990417, 0.9454876184463501, 0.945490837097168, 0.945507824420929, 0.9455932974815369, 0.9455199837684631, 0.9455227851867676, 0.9455304741859436, 0.9455382227897644, 0.9454650282859802, 0.9455215334892273, 0.9455934762954712, 0.9455726742744446, 0.9455165863037109, 0.9455289244651794]
val step Loss: [0.9465053081512451, 0.9458537101745605, 0.9456862807273865, 0.9456837773323059, 0.9467666149139404, 0.9456908106803894, 0.9456823468208313, 0.94576096534729, 0.9457700848579407, 0.9456943273544312, 0.9456964135169983, 0.9465675354003906, 0.9458606243133545, 0.9459026455879211, 0.9456819295883179, 0.9457632303237915, 0.9458022117614746, 0.9499324560165405, 0.9457790851593018, 0.9457829594612122, 0.9467953443527222, 0.9458329677581787, 0.9457852840423584, 0.9474490880966187, 0.9507433176040649, 0.9458667039871216, 0.9459896683692932]
Train step Accs: [1.0, 1.0, 1.0, 1.0, 1.0, 1.0, 1.0, 1.0, 1.0, 1.0, 1.0, 1.0, 1.0, 1.0, 1.0, 1.0, 1.0, 1.0, 1.0, 1.0, 1.0, 1.0, 1.0, 1.0, 1.0, 1.0, 1.0, 1.0, 1.0, 1.0, 1.0, 1.0, 1.0, 1.0, 1.0, 1.0, 1.0, 1.0, 1.0, 1.0, 1.0, 1.0, 1.0, 1.0, 1.0, 1.0, 1.0, 1.0, 1.0, 1.0, 1.0, 1.0, 1.0, 1.0, 1.0, 1.0, 1.0, 1.0, 1.0, 1.0, 1.0, 1.0, 1.0, 1.0, 1.0, 1.0, 1.0, 1.0, 1.0, 1.0, 1.0, 1.0, 1.0, 1.0, 1.0, 1.0, 1.0, 1.0, 1.0, 1.0, 1.0, 1.0, 1.0, 1.0, 1.0, 1.0, 1.0, 1.0, 1.0, 1.0, 1.0, 1.0, 1.0, 1.0, 1.0, 1.0, 1.0, 1.0, 1.0, 1.0, 1.0, 1.0, 1.0, 1.0, 1.0]
val step Accs: [0.9998643516006511, 1.0, 1.0, 1.0, 0.9998321866084914, 1.0, 1.0, 1.0, 1.0, 1.0, 1.0, 0.9998530708198649, 1.0, 1.0, 1.0, 1.0, 1.0, 0.9992343032159265, 1.0, 1.0, 0.999817050859861, 1.0, 1.0, 0.9996948428440647, 0.9990838295923041, 1.0, 1.0]
Preds: [17, 17, 445, 464, 171, 171, 171, 171, 252, 252, 314, 32, 239, 36, 107, 107, 395, 213, 213, 213, 213, 246, 19, 454, 229, 229, 247, 126, 126, 126, 126, 326, 326, 408, 408, 408, 391, 228, 244, 320, 7, 7, 32, 32, 239, 108, 371, 371, 278, 278, 422, 236, 239, 239, 384, 449, 371, 470, 180, 443, 443, 443, 443, 403, 403, 171, 438, 203, 399, 217, 250, 250, 250, 138, 153, 88, 132, 374, 219, 219, 219, 219, 219, 464, 464, 171, 171, 171, 171, 246, 246, 246, 246, 24, 24, 239, 239, 384, 384, 420, 324, 324, 340, 116, 10, 10, 309, 479, 479, 331, 106, 153, 426, 426, 293, 293, 293, 98, 98, 335, 335, 226, 226, 209, 188, 188, 213, 324, 301, 8, 8, 239, 354, 354, 106, 355, 355, 376, 376, 460, 452, 263, 263, 263, 13, 229, 229, 82, 312, 23, 23, 23, 408, 149, 228, 244, 320, 479, 479, 398, 324, 422, 143, 465, 465, 354, 354, 346, 284, 486, 206, 169, 150, 342, 342, 164, 164, 224, 273, 470, 403, 403, 464, 464, 464, 355, 178, 143, 129, 458, 208, 208, 441, 100, 387, 387, 313, 236, 239, 239, 310, 107, 107, 395, 278, 443, 443, 240, 215, 215, 129, 259, 354, 284, 206, 460, 240, 35, 36, 164, 342, 351, 180, 486, 460, 460, 178, 178, 233, 458, 192, 192, 41, 41, 41, 41, 19, 19, 19, 454, 454, 229, 229, 82, 126, 126, 292, 326, 408, 408, 149, 244, 244, 373, 338, 338, 338, 395, 494, 374, 416, 8, 32, 239, 354, 65, 65, 481, 481, 481, 293, 143, 35, 458, 208, 100, 100, 387, 387, 122, 236, 129, 259, 310, 108, 323, 224, 397, 106, 88, 88, 387, 203, 399, 217, 473, 473, 398, 324, 464, 422, 416, 143, 458, 144, 208, 27, 441, 125, 125, 387, 206, 175, 251, 251, 241, 431, 486, 460, 460, 167, 178, 35, 77, 342, 342, 342, 224, 267, 267, 444, 324, 246, 246, 477, 301, 313, 325, 325, 34, 324, 324, 301, 422, 24, 239, 384, 371, 180, 486, 486, 460, 240, 240, 24, 239, 310, 107, 395, 255, 416, 143, 129, 401, 259, 320, 354, 354, 109, 337, 41, 324, 19, 19, 454, 454, 229, 229, 247, 312, 187, 187, 187, 408, 408, 391, 391, 73, 244, 320, 7, 7, 371, 398, 324, 301, 116, 251, 251, 331, 106, 88, 88, 88, 106, 284, 405, 206, 206, 178, 35, 35, 401, 259, 354, 106, 284, 405, 405, 206, 178, 178, 35, 233, 401, 401, 320, 7, 276, 100, 375, 98, 98, 98, 249, 305, 305, 170, 244, 28, 28, 392, 392, 392, 63, 63, 392, 63, 63, 63, 392, 63, 63, 63, 63, 63, 244, 476, 305, 211, 211, 17, 420, 420, 420, 420, 420, 420, 420, 420, 420, 420, 420, 420, 420, 420, 420, 420, 420, 420, 420, 420, 420, 420, 420, 420, 420, 420, 420, 420, 420, 420, 420, 420, 420, 420, 420, 420, 420, 420, 420, 420, 420, 420, 420, 420, 420, 420, 420, 420, 420, 420, 420, 420, 420, 420, 420, 420, 420, 420, 420, 420, 420, 420, 420, 420, 420, 420, 420, 420, 420, 420, 420, 420, 420, 420, 420, 420, 420, 420, 420, 420, 420, 420, 420, 420, 420, 420, 420, 420, 420, 420, 420, 420, 420, 420, 420, 420, 420, 420, 420, 420, 420, 420, 420, 420, 420, 420, 420, 420, 420, 420, 420, 420, 420, 420, 420, 420, 420, 420, 420, 420, 420, 420, 420, 420, 420, 420, 420, 420, 420, 420, 420, 420, 420, 420, 420, 420, 420, 420]

ep340
Train step Loss: [0.9455130100250244, 0.9455105662345886, 0.9455283880233765, 0.9455657005310059, 0.9455512166023254, 0.9454741477966309, 0.9455486536026001, 0.9454470276832581, 0.9454689621925354, 0.9455431699752808, 0.9456128478050232, 0.9455376863479614, 0.9455149173736572, 0.9455294609069824, 0.9454770088195801, 0.9455558061599731, 0.9455132484436035, 0.9455357789993286, 0.9455091953277588, 0.9455397725105286, 0.945522665977478, 0.9455471038818359, 0.9455101490020752, 0.9455313086509705, 0.9455329775810242, 0.9455191493034363, 0.9455595016479492, 0.945504903793335, 0.9455616474151611, 0.9455443620681763, 0.9455083608627319, 0.9455675482749939, 0.9455186724662781, 0.945518970489502, 0.9454990029335022, 0.9455049633979797, 0.9454988241195679, 0.9455335736274719, 0.9455091953277588, 0.9455233812332153, 0.9455588459968567, 0.9455698132514954, 0.945566713809967, 0.9455357193946838, 0.9454752206802368, 0.9454925060272217, 0.9454423785209656, 0.9455535411834717, 0.9454572796821594, 0.9455456733703613, 0.945522665977478, 0.9455280303955078, 0.9455058574676514, 0.9455314874649048, 0.945467472076416, 0.9455842971801758, 0.9455053806304932, 0.9454900622367859, 0.9455252885818481, 0.9455322623252869, 0.9455018043518066, 0.9455879330635071, 0.9455446004867554, 0.9455349445343018, 0.945569634437561, 0.9455419182777405, 0.9455073475837708, 0.9455162882804871, 0.9455474615097046, 0.9454842805862427, 0.9455567598342896, 0.9454949498176575, 0.9454872012138367, 0.9454578161239624, 0.945550799369812, 0.9455278515815735, 0.9454942345619202, 0.9454798698425293, 0.945565402507782, 0.9455497860908508, 0.9455165266990662, 0.9455384612083435, 0.945594072341919, 0.9454978108406067, 0.9455353021621704, 0.9456120729446411, 0.9454758167266846, 0.9454980492591858, 0.9455702900886536, 0.9455069899559021, 0.9455227851867676, 0.9455503821372986, 0.9455724954605103, 0.9455335736274719, 0.9455113410949707, 0.9455563426017761, 0.9454945921897888, 0.9454845786094666, 0.9455192685127258, 0.9455062747001648, 0.9455382823944092, 0.9455866813659668, 0.9455450773239136, 0.9455073475837708, 0.9454882144927979]
val step Loss: [0.945967435836792, 0.9458345770835876, 0.9509572386741638, 0.9458182454109192, 0.9458224177360535, 0.9458511471748352, 0.9456846714019775, 0.9510746598243713, 0.9457893967628479, 0.9458797574043274, 0.9458478093147278, 0.9458637237548828, 0.9458591938018799, 0.9459901452064514, 0.9458536505699158, 0.9458413124084473, 0.9458051919937134, 0.9471511840820312, 0.9458072185516357, 0.9457798600196838, 0.9487147927284241, 0.9466814398765564, 0.9456695318222046, 0.9458363652229309, 0.9458259344100952, 0.9457411766052246, 0.9458631873130798]
Train step Accs: [1.0, 1.0, 1.0, 1.0, 1.0, 1.0, 1.0, 1.0, 1.0, 1.0, 1.0, 1.0, 1.0, 1.0, 1.0, 1.0, 1.0, 1.0, 1.0, 1.0, 1.0, 1.0, 1.0, 1.0, 1.0, 1.0, 1.0, 1.0, 1.0, 1.0, 1.0, 1.0, 1.0, 1.0, 1.0, 1.0, 1.0, 1.0, 1.0, 1.0, 1.0, 1.0, 1.0, 1.0, 1.0, 1.0, 1.0, 1.0, 1.0, 1.0, 1.0, 1.0, 1.0, 1.0, 1.0, 1.0, 1.0, 1.0, 1.0, 1.0, 1.0, 1.0, 1.0, 1.0, 1.0, 1.0, 1.0, 1.0, 1.0, 1.0, 1.0, 1.0, 1.0, 1.0, 1.0, 1.0, 1.0, 1.0, 1.0, 1.0, 1.0, 1.0, 1.0, 1.0, 1.0, 1.0, 1.0, 1.0, 1.0, 1.0, 1.0, 1.0, 1.0, 1.0, 1.0, 1.0, 1.0, 1.0, 1.0, 1.0, 1.0, 1.0, 1.0, 1.0, 1.0]
val step Accs: [1.0, 1.0, 0.9990766389658357, 1.0, 1.0, 1.0, 1.0, 0.9990444338270426, 1.0, 1.0, 1.0, 1.0, 1.0, 1.0, 1.0, 1.0, 1.0, 0.9997970367363507, 1.0, 1.0, 0.9994667614646285, 0.9998385794995964, 1.0, 1.0, 1.0, 1.0, 1.0]
Preds: [17, 17, 32, 239, 384, 377, 371, 374, 374, 374, 132, 8, 8, 259, 354, 354, 180, 180, 443, 120, 120, 120, 120, 120, 240, 240, 240, 216, 285, 84, 84, 302, 302, 100, 375, 375, 375, 98, 98, 98, 229, 229, 247, 312, 312, 187, 1, 101, 101, 101, 321, 321, 287, 287, 287, 287, 284, 284, 284, 206, 167, 348, 379, 77, 77, 478, 66, 323, 323, 172, 115, 273, 273, 273, 151, 240, 240, 285, 199, 111, 111, 111, 111, 438, 438, 438, 219, 324, 324, 464, 464, 464, 464, 301, 301, 143, 35, 74, 437, 437, 437, 284, 284, 285, 285, 106, 284, 284, 284, 284, 426, 426, 293, 293, 293, 182, 346, 346, 284, 284, 284, 284, 426, 481, 293, 293, 43, 43, 276, 276, 276, 174, 387, 348, 10, 398, 398, 398, 398, 374, 378, 406, 406, 406, 88, 88, 81, 81, 337, 337, 146, 324, 219, 219, 219, 152, 152, 58, 58, 27, 351, 486, 486, 486, 486, 486, 460, 460, 460, 167, 35, 35, 219, 219, 219, 485, 485, 477, 374, 374, 374, 374, 374, 304, 304, 337, 41, 19, 19, 454, 454, 229, 229, 229, 312, 312, 187, 187, 23, 23, 23, 260, 391, 391, 321, 321, 320, 320, 345, 100, 100, 497, 497, 497, 122, 216, 453, 168, 5, 258, 38, 99, 99, 338, 338, 338, 338, 338, 400, 400, 444, 171, 171, 171, 171, 171, 464, 464, 335, 14, 14, 287, 145, 145, 111, 111, 240, 240, 146, 219, 219, 219, 464, 464, 464, 222, 84, 245, 245, 245, 43, 43, 43, 364, 276, 276, 276, 276, 276, 346, 346, 346, 284, 284, 206, 206, 206, 167, 167, 35, 14, 411, 411, 411, 424, 424, 424, 153, 182, 182, 182, 182, 182, 182, 182, 122, 122, 250, 303, 195, 195, 195, 303, 117, 98, 117, 117, 48, 48, 48, 414, 170, 244, 244, 392, 244, 392, 392, 392, 244, 73, 7, 7, 321, 7, 7, 127, 451, 30, 30, 324, 301, 301, 378, 325, 114, 114, 114, 180, 486, 486, 486, 315, 460, 285, 285, 285, 467, 85, 111, 403, 146, 207, 299, 299, 434, 434, 250, 250, 413, 271, 186, 186, 99, 99, 338, 338, 395, 395, 273, 273, 432, 432, 330, 240, 240, 385, 35, 77, 164, 164, 115, 273, 273, 180, 151, 151, 151, 206, 130, 130, 402, 183, 219, 219, 219, 213, 213, 213, 246, 246, 246, 246, 301, 301, 378, 43, 43, 276, 276, 153, 153, 387, 413, 413, 360, 219, 246, 246, 246, 246, 246, 246, 246, 19, 17, 420, 420, 420, 420, 420, 420, 420, 420, 420, 420, 420, 420, 420, 420, 420, 420, 420, 420, 420, 420, 420, 420, 420, 420, 420, 420, 420, 420, 420, 420, 420, 420, 420, 420, 420, 420, 420, 420, 420, 420, 420, 420, 420, 420, 420, 420, 420, 420, 420, 420, 420, 420, 420, 420, 420, 420, 420, 420, 420, 420, 420, 420, 420, 420, 420, 420, 420, 420, 420, 420, 420, 420, 420, 420, 420, 420, 420, 420, 420, 420, 420, 420, 420, 420, 420, 420, 420, 420, 420, 420, 420, 420, 420, 420, 420, 420, 420, 420, 420, 420, 420, 420, 420, 420, 420, 420, 420, 420, 420, 420, 420, 420, 420, 420, 420, 420, 420, 420, 420, 420, 420, 420, 420, 420, 420, 420, 420, 420, 420, 420, 420, 420, 420, 420, 420, 420, 420, 420, 420, 420, 420, 420, 420, 420, 420, 420, 420, 420, 420, 420, 420, 420, 420, 420, 420, 420, 420, 420, 420, 420, 420, 420, 420, 420, 420, 420, 420, 420, 420, 420, 420, 420, 420, 420]

ep341
Train step Loss: [0.9455541968345642, 0.9455145001411438, 0.9454863667488098, 0.9455103278160095, 0.9455184936523438, 0.9455476999282837, 0.9455417990684509, 0.9454981684684753, 0.9455753564834595, 0.9455626010894775, 0.9455103278160095, 0.9455234408378601, 0.9455150365829468, 0.9455357193946838, 0.9455406069755554, 0.9455533027648926, 0.9455392360687256, 0.9455333948135376, 0.9455488920211792, 0.9456192255020142, 0.945534348487854, 0.945584237575531, 0.9455026984214783, 0.9455227851867676, 0.9455143213272095, 0.9455658197402954, 0.9455731511116028, 0.9455344676971436, 0.9455122351646423, 0.9455165863037109, 0.9455311894416809, 0.9455245733261108, 0.9455465078353882, 0.945503830909729, 0.9455248713493347, 0.9455151557922363, 0.9455674290657043, 0.9455118775367737, 0.9455170631408691, 0.9455595016479492, 0.9455271363258362, 0.9455029368400574, 0.9455226063728333, 0.9455636143684387, 0.9455528259277344, 0.9454807639122009, 0.9454758167266846, 0.9454849362373352, 0.945512056350708, 0.9455614686012268, 0.9455369710922241, 0.9455641508102417, 0.9455122947692871, 0.9455165863037109, 0.9455726742744446, 0.9454721808433533, 0.9455760717391968, 0.9455412030220032, 0.9454953670501709, 0.9455004334449768, 0.9455341696739197, 0.9455317258834839, 0.9454931020736694, 0.945541501045227, 0.9454948902130127, 0.9455228447914124, 0.9455302953720093, 0.9455153942108154, 0.9455306529998779, 0.9455114006996155, 0.9454982280731201, 0.9455215334892273, 0.9455631971359253, 0.9454818367958069, 0.9454935789108276, 0.9455584287643433, 0.9455540180206299, 0.9455395340919495, 0.9455546140670776, 0.9455499649047852, 0.9455499649047852, 0.9454742074012756, 0.9454599618911743, 0.945544958114624, 0.9455138444900513, 0.9455200433731079, 0.9455252885818481, 0.9454776048660278, 0.9455047845840454, 0.9456068873405457, 0.9455428719520569, 0.9455728530883789, 0.9455698132514954, 0.9455029964447021, 0.9455476403236389, 0.9455044269561768, 0.9455351829528809, 0.9455472826957703, 0.9455434083938599, 0.9455386400222778, 0.945514440536499, 0.9454765915870667, 0.9456117153167725, 0.9454967379570007, 0.94553142786026]
val step Loss: [0.9457268118858337, 0.9473527669906616, 0.9458801746368408, 0.9499790668487549, 0.9456329941749573, 0.9458815455436707, 0.9468975067138672, 0.9517875909805298, 0.9458303451538086, 0.9457235336303711, 0.9458692073822021, 0.9458189010620117, 0.9457336664199829, 0.9457541704177856, 0.9457377791404724, 0.945709228515625, 0.9456179141998291, 0.9457927942276001, 0.9476950168609619, 0.9457886219024658, 0.9458702206611633, 0.9458025693893433, 0.9456823468208313, 0.9457694888114929, 0.9459303617477417, 0.9458315372467041, 0.9460461139678955]
Train step Accs: [1.0, 1.0, 1.0, 1.0, 1.0, 1.0, 1.0, 1.0, 1.0, 1.0, 1.0, 1.0, 1.0, 1.0, 1.0, 1.0, 1.0, 1.0, 1.0, 1.0, 1.0, 1.0, 1.0, 1.0, 1.0, 1.0, 1.0, 1.0, 1.0, 1.0, 1.0, 1.0, 1.0, 1.0, 1.0, 1.0, 1.0, 1.0, 1.0, 1.0, 1.0, 1.0, 1.0, 1.0, 1.0, 1.0, 1.0, 1.0, 1.0, 1.0, 1.0, 1.0, 1.0, 1.0, 1.0, 1.0, 1.0, 1.0, 1.0, 1.0, 1.0, 1.0, 1.0, 1.0, 1.0, 1.0, 1.0, 1.0, 1.0, 1.0, 1.0, 1.0, 1.0, 1.0, 1.0, 1.0, 1.0, 1.0, 1.0, 1.0, 1.0, 1.0, 1.0, 1.0, 1.0, 1.0, 1.0, 1.0, 1.0, 1.0, 1.0, 1.0, 1.0, 1.0, 1.0, 1.0, 1.0, 1.0, 1.0, 1.0, 1.0, 1.0, 1.0, 1.0, 1.0]
val step Accs: [1.0, 0.9997117740308402, 1.0, 0.9992240844196152, 1.0, 1.0, 0.999822883457315, 0.9988884772137829, 1.0, 1.0, 1.0, 1.0, 1.0, 1.0, 1.0, 1.0, 1.0, 1.0, 0.9996577686516085, 1.0, 1.0, 1.0, 1.0, 1.0, 1.0, 1.0, 1.0]
Preds: [17, 17, 296, 479, 479, 278, 278, 252, 143, 143, 129, 259, 144, 445, 445, 180, 403, 403, 403, 290, 290, 290, 434, 246, 246, 246, 246, 246, 246, 19, 19, 19, 454, 414, 442, 414, 170, 244, 244, 187, 408, 392, 244, 244, 244, 244, 244, 7, 152, 152, 152, 422, 349, 234, 234, 261, 25, 106, 106, 499, 284, 306, 306, 406, 406, 467, 284, 284, 287, 284, 284, 284, 450, 450, 450, 293, 413, 413, 251, 251, 251, 241, 431, 431, 428, 428, 428, 428, 146, 146, 146, 358, 465, 164, 352, 164, 352, 25, 34, 324, 324, 301, 301, 8, 205, 261, 25, 106, 100, 153, 43, 43, 182, 182, 387, 387, 169, 169, 349, 352, 352, 397, 397, 133, 43, 43, 276, 276, 346, 346, 387, 387, 215, 35, 401, 259, 345, 345, 387, 240, 236, 129, 75, 164, 27, 351, 355, 355, 355, 240, 215, 8, 239, 354, 354, 420, 324, 324, 416, 143, 401, 82, 244, 354, 420, 278, 154, 178, 143, 458, 82, 192, 27, 351, 443, 443, 240, 240, 325, 34, 34, 324, 324, 339, 339, 94, 398, 398, 340, 116, 10, 10, 479, 398, 398, 374, 374, 330, 468, 406, 406, 467, 88, 387, 387, 169, 186, 99, 338, 338, 338, 338, 395, 395, 432, 330, 330, 388, 348, 10, 10, 479, 331, 331, 84, 350, 387, 387, 240, 251, 251, 251, 114, 114, 278, 278, 278, 31, 99, 338, 338, 338, 338, 338, 395, 395, 464, 464, 120, 355, 355, 355, 169, 215, 349, 205, 261, 25, 420, 324, 422, 143, 458, 244, 208, 208, 441, 441, 141, 141, 38, 162, 232, 232, 232, 68, 68, 68, 115, 115, 267, 267, 267, 213, 246, 246, 19, 454, 229, 247, 126, 126, 326, 326, 326, 101, 101, 101, 149, 149, 228, 321, 83, 287, 111, 55, 438, 299, 299, 434, 339, 10, 10, 10, 309, 479, 398, 213, 213, 213, 246, 246, 246, 301, 143, 129, 129, 401, 259, 354, 354, 106, 486, 486, 460, 215, 215, 401, 244, 75, 354, 346, 284, 206, 240, 236, 36, 36, 342, 115, 273, 180, 499, 486, 460, 178, 178, 233, 82, 192, 192, 445, 445, 213, 41, 41, 19, 19, 17, 420, 420, 420, 420, 420, 420, 420, 420, 420, 420, 420, 420, 420, 420, 420, 420, 420, 420, 420, 420, 420, 420, 420, 420, 420, 420, 420, 420, 420, 420, 420, 420, 420, 420, 420, 420, 420, 420, 420, 420, 420, 420, 420, 420, 420, 420, 420, 420, 420, 420, 420, 420, 420, 420, 420, 420, 420, 420, 420, 420, 420, 420, 420, 420, 420, 420, 420, 420, 420, 420, 420, 420, 420, 420, 420, 420, 420, 420, 420, 420, 420, 420, 420, 420, 420, 420, 420, 420, 420, 420, 420, 420, 420, 420, 420, 420, 420, 420, 420, 420, 420, 420, 420, 420, 420, 420, 420, 420, 420, 420, 420, 420, 420, 420, 420, 420, 420, 420, 420, 420, 420, 420, 420, 420, 420, 420, 420, 420, 420, 420, 420, 420, 420, 420, 420, 420, 420, 420, 420, 420, 420, 420, 420, 420, 420, 420, 420, 420, 420, 420, 420, 420, 420, 420, 420, 420, 420, 420, 420, 420, 420, 420, 420, 420, 420, 420, 420, 420, 420, 420, 420, 420, 420, 420, 420, 420, 420, 420, 420, 420, 420, 420, 420, 420, 420, 420, 420, 420, 420, 420, 420, 420, 420, 420, 420, 420, 420, 420, 420, 420, 420, 420, 420, 420, 420, 420, 420, 420, 420, 420, 420, 420, 420, 420, 420, 420, 420, 420, 420, 420, 420, 420, 420, 420, 420, 420, 420, 420, 420, 420, 420]

ep342
Train step Loss: [0.9455694556236267, 0.9455105662345886, 0.945526659488678, 0.9454994797706604, 0.9455763697624207, 0.9455253481864929, 0.945526123046875, 0.9455381035804749, 0.9455026388168335, 0.9455633163452148, 0.9455110430717468, 0.9455607533454895, 0.9455317258834839, 0.9455291032791138, 0.9455850720405579, 0.945511519908905, 0.9455069303512573, 0.9454725384712219, 0.9455293416976929, 0.9455984234809875, 0.9455628991127014, 0.9455441832542419, 0.9455057978630066, 0.9455698132514954, 0.945499837398529, 0.9455052614212036, 0.9455345273017883, 0.9454420208930969, 0.9455047845840454, 0.9455265998840332, 0.9455599188804626, 0.9454988241195679, 0.9454922676086426, 0.9455558061599731, 0.9455387592315674, 0.9455005526542664, 0.9455689191818237, 0.9454843997955322, 0.9455762505531311, 0.9454371333122253, 0.9455128908157349, 0.9456342458724976, 0.9454931616783142, 0.9454718828201294, 0.9455131888389587, 0.9456161260604858, 0.945557177066803, 0.9455738067626953, 0.9454817175865173, 0.9455890655517578, 0.945523202419281, 0.9455450773239136, 0.9455665946006775, 0.945536196231842, 0.9455538988113403, 0.9455461502075195, 0.9455643892288208, 0.9455924034118652, 0.9455300569534302, 0.9454601407051086, 0.9455022811889648, 0.9455556869506836, 0.9455412030220032, 0.945445716381073, 0.9455446004867554, 0.9455181360244751, 0.9455586671829224, 0.9455262422561646, 0.9454997181892395, 0.9454760551452637, 0.9456005096435547, 0.9455698728561401, 0.9455840587615967, 0.9455068111419678, 0.9455382227897644, 0.9454960823059082, 0.9455313086509705, 0.9455490112304688, 0.9455284476280212, 0.9455206990242004, 0.9455369710922241, 0.9454919099807739, 0.9455385804176331, 0.9455733299255371, 0.9454894661903381, 0.945480227470398, 0.9454822540283203, 0.9455273151397705, 0.9455116987228394, 0.9455220699310303, 0.945502758026123, 0.9454931020736694, 0.9456174969673157, 0.9454635977745056, 0.9454547166824341, 0.9455392360687256, 0.9455485939979553, 0.9455844163894653, 0.9455889463424683, 0.9455346465110779, 0.945578932762146, 0.9454408884048462, 0.9455355405807495, 0.9456151723861694, 0.9455309510231018]
val step Loss: [0.9499821662902832, 0.9458065032958984, 0.9459699988365173, 0.945658802986145, 0.9455603361129761, 0.9456943273544312, 0.9457761645317078, 0.9457307457923889, 0.9457120895385742, 0.9458745121955872, 0.9457347393035889, 0.9457895159721375, 0.9466197490692139, 0.947443425655365, 0.9509670734405518, 0.9459235668182373, 0.945868730545044, 0.9458202123641968, 0.9457424879074097, 0.9458020925521851, 0.945747971534729, 0.9484708309173584, 0.9456449151039124, 0.9458636045455933, 0.9458410739898682, 0.9456101655960083, 0.9456577301025391]
Train step Accs: [1.0, 1.0, 1.0, 1.0, 1.0, 1.0, 1.0, 1.0, 1.0, 1.0, 1.0, 1.0, 1.0, 1.0, 1.0, 1.0, 1.0, 1.0, 1.0, 1.0, 1.0, 1.0, 1.0, 1.0, 1.0, 1.0, 1.0, 1.0, 1.0, 1.0, 1.0, 1.0, 1.0, 1.0, 1.0, 1.0, 1.0, 1.0, 1.0, 1.0, 1.0, 1.0, 1.0, 1.0, 1.0, 1.0, 1.0, 1.0, 1.0, 1.0, 1.0, 1.0, 1.0, 1.0, 1.0, 1.0, 1.0, 1.0, 1.0, 1.0, 1.0, 1.0, 1.0, 1.0, 1.0, 1.0, 1.0, 1.0, 1.0, 1.0, 1.0, 1.0, 1.0, 1.0, 1.0, 1.0, 1.0, 1.0, 1.0, 1.0, 1.0, 1.0, 1.0, 1.0, 1.0, 1.0, 1.0, 1.0, 1.0, 1.0, 1.0, 1.0, 1.0, 1.0, 1.0, 1.0, 1.0, 1.0, 1.0, 1.0, 1.0, 1.0, 1.0, 1.0, 1.0]
val step Accs: [0.9992225461613217, 1.0, 1.0, 1.0, 1.0, 1.0, 1.0, 1.0, 1.0, 1.0, 1.0, 1.0, 0.999844840961986, 0.9997143673236218, 0.9990339719851876, 1.0, 1.0, 1.0, 1.0, 1.0, 1.0, 0.9994934143870314, 1.0, 1.0, 1.0, 1.0, 1.0]
Preds: [17, 17, 17, 451, 152, 152, 374, 378, 42, 406, 406, 499, 387, 387, 387, 387, 337, 219, 219, 219, 324, 324, 434, 339, 10, 10, 309, 479, 398, 324, 278, 301, 143, 129, 401, 244, 321, 354, 354, 265, 428, 428, 146, 146, 146, 324, 324, 301, 215, 32, 32, 102, 354, 354, 106, 106, 284, 265, 206, 282, 282, 388, 303, 212, 219, 324, 324, 301, 116, 10, 94, 479, 331, 331, 428, 428, 428, 146, 146, 252, 252, 239, 239, 310, 310, 107, 107, 395, 374, 374, 132, 132, 219, 286, 464, 464, 464, 355, 355, 355, 460, 452, 263, 263, 263, 78, 170, 170, 244, 392, 392, 392, 392, 392, 392, 392, 392, 244, 73, 244, 209, 83, 55, 443, 240, 314, 314, 32, 32, 354, 354, 180, 264, 264, 84, 84, 406, 406, 406, 406, 413, 413, 413, 399, 217, 217, 473, 65, 464, 464, 171, 252, 143, 143, 239, 82, 310, 107, 395, 400, 324, 286, 464, 464, 464, 443, 355, 355, 460, 240, 169, 35, 224, 224, 494, 494, 8, 196, 217, 479, 473, 283, 278, 422, 143, 36, 75, 310, 107, 395, 485, 324, 301, 251, 251, 219, 398, 374, 374, 374, 26, 251, 251, 241, 431, 367, 496, 497, 43, 233, 233, 401, 244, 208, 100, 100, 100, 98, 98, 98, 17, 17, 420, 420, 420, 420, 420, 420, 420, 420, 420, 420, 420, 420, 420, 420, 420, 420, 420, 420, 420, 420, 420, 420, 420, 420, 420, 420, 420, 420, 420, 420, 420, 420, 420, 420, 420, 420, 420, 420, 420, 420, 420, 420, 420, 420, 420, 420, 420, 420, 420, 420, 420, 420, 420, 420, 420, 420, 420, 420, 420, 420, 420, 420, 420, 420, 420, 420, 420, 420, 420, 420, 420, 420, 420, 420, 420, 420, 420, 420, 420, 420, 420, 420, 420, 420, 420, 420, 420, 420, 420, 420, 420, 420, 420, 420, 420, 420, 420, 420, 420, 420, 420, 420, 420, 420, 420, 420, 420, 420, 420, 420, 420, 420, 420, 420, 420, 420, 420, 420, 420, 420, 420, 420, 420, 420, 420, 420, 420, 420, 420, 420, 420, 420, 420, 420, 420, 420, 420, 420, 420, 420, 420, 420, 420, 420, 420, 420, 420, 420, 420, 420, 420, 420, 420, 420, 420, 420, 420, 420, 420, 420, 420, 420, 420, 420, 420, 420, 420, 420, 420, 420, 420, 420, 420, 420, 420, 420, 420, 420, 420, 420, 420, 420, 420, 420, 420, 420, 420, 420, 420, 420, 420, 420, 420, 420, 420, 420, 420, 420, 420, 420, 420, 420, 420, 420, 420, 420, 420, 420, 420, 420, 420, 420, 420, 420, 420, 420, 420, 420, 420, 420, 420, 420, 420, 420, 420, 420, 420, 420, 420, 420, 420, 420, 420, 420, 420, 420, 420, 420, 420, 420, 420, 420, 420, 420, 420, 420, 420, 420, 420, 420, 420, 420, 420, 420, 420, 420, 420, 420, 420, 420, 420, 420, 420, 420, 420, 420, 420, 420, 420, 420, 420, 420, 420, 420, 420, 420, 420, 420, 420, 420, 420, 420, 420, 420, 420, 420, 420, 420, 420, 420, 420, 420, 420, 420, 420, 420, 420, 420, 420, 420, 420, 420, 420, 420, 420, 420, 420, 420, 420, 420, 420, 420, 420, 420, 420, 420, 420, 420, 420, 420, 420, 420, 420, 420, 420, 420, 420, 420, 420, 420, 420, 420, 420, 420, 420, 420, 420, 420, 420, 420, 420, 420, 420, 420, 420, 420, 420, 420, 420, 420, 420, 420, 420, 420, 420, 420, 420, 420, 420, 420, 420, 420, 420, 420, 420, 420, 420, 420, 420, 420, 420, 420, 420, 420, 420, 420, 420, 420]

ep343
Train step Loss: [0.9455060958862305, 0.9455252885818481, 0.9455872774124146, 0.9455683827400208, 0.9456128478050232, 0.9455832839012146, 0.9455170035362244, 0.9456074237823486, 0.9455550909042358, 0.945497453212738, 0.945513129234314, 0.9455108642578125, 0.9455092549324036, 0.9455082416534424, 0.9455603361129761, 0.9455233812332153, 0.9455596804618835, 0.9455637335777283, 0.9454916715621948, 0.9454807043075562, 0.9454609155654907, 0.9455162882804871, 0.945504903793335, 0.9455624222755432, 0.9455040693283081, 0.9454985857009888, 0.9455691576004028, 0.9455382823944092, 0.9454911947250366, 0.9455205202102661, 0.9454754590988159, 0.9455081224441528, 0.9455291032791138, 0.9455069303512573, 0.9455927014350891, 0.9455794095993042, 0.9455252885818481, 0.9455935955047607, 0.9455119967460632, 0.9455471634864807, 0.945570707321167, 0.9455676078796387, 0.9455641508102417, 0.9455236196517944, 0.94550621509552, 0.9455006718635559, 0.9454803466796875, 0.9455510377883911, 0.9455388784408569, 0.945611834526062, 0.9455446600914001, 0.9455246329307556, 0.9455142021179199, 0.9455289244651794, 0.945551335811615, 0.9455998539924622, 0.945471465587616, 0.9455165863037109, 0.9455484747886658, 0.9455016255378723, 0.9455374479293823, 0.945511519908905, 0.9455883502960205, 0.9455021023750305, 0.945530891418457, 0.9455362558364868, 0.9455061554908752, 0.945590078830719, 0.9455828070640564, 0.9455143213272095, 0.945480227470398, 0.9455118775367737, 0.9455094933509827, 0.9455693960189819, 0.9454644322395325, 0.9455364942550659, 0.9455828666687012, 0.9454911947250366, 0.9454301595687866, 0.9455046653747559, 0.9455571174621582, 0.945473313331604, 0.9455366134643555, 0.9454593062400818, 0.9455090761184692, 0.9455010890960693, 0.9455154538154602, 0.9455070495605469, 0.9455345273017883, 0.9456120729446411, 0.9454905986785889, 0.9455414414405823, 0.945501446723938, 0.9455835223197937, 0.9455757141113281, 0.9455196857452393, 0.9455479979515076, 0.9455286264419556, 0.9455596208572388, 0.9455602765083313, 0.9455281496047974, 0.9454719424247742, 0.9455293416976929, 0.9455642104148865, 0.9455698728561401]
val step Loss: [0.9513686299324036, 0.9498265385627747, 0.9468228816986084, 0.9457545280456543, 0.9459190368652344, 0.9458228349685669, 0.9456996917724609, 0.9458533525466919, 0.9457634687423706, 0.9458740949630737, 0.9458119869232178, 0.9458875060081482, 0.9457609057426453, 0.946811318397522, 0.9478148221969604, 0.9458884000778198, 0.9467158913612366, 0.9459248781204224, 0.9457192420959473, 0.9459559321403503, 0.945850670337677, 0.9456655383110046, 0.9457516670227051, 0.9458990693092346, 0.9457958936691284, 0.9458919763565063, 0.9458146095275879]
Train step Accs: [1.0, 1.0, 1.0, 1.0, 1.0, 1.0, 1.0, 1.0, 1.0, 1.0, 1.0, 1.0, 1.0, 1.0, 1.0, 1.0, 1.0, 1.0, 1.0, 1.0, 1.0, 1.0, 1.0, 1.0, 1.0, 1.0, 1.0, 1.0, 1.0, 1.0, 1.0, 1.0, 1.0, 1.0, 1.0, 1.0, 1.0, 1.0, 1.0, 1.0, 1.0, 1.0, 1.0, 1.0, 1.0, 1.0, 1.0, 1.0, 1.0, 1.0, 1.0, 1.0, 1.0, 1.0, 1.0, 1.0, 1.0, 1.0, 1.0, 1.0, 1.0, 1.0, 1.0, 1.0, 1.0, 1.0, 1.0, 1.0, 1.0, 1.0, 1.0, 1.0, 1.0, 1.0, 1.0, 1.0, 1.0, 1.0, 1.0, 1.0, 1.0, 1.0, 1.0, 1.0, 1.0, 1.0, 1.0, 1.0, 1.0, 1.0, 1.0, 1.0, 1.0, 1.0, 1.0, 1.0, 1.0, 1.0, 1.0, 1.0, 1.0, 1.0, 1.0, 1.0, 1.0]
val step Accs: [0.9989718985606579, 0.9992581602373887, 0.9998372925479987, 1.0, 1.0, 1.0, 1.0, 1.0, 1.0, 1.0, 1.0, 1.0, 1.0, 0.9998165137614679, 0.9996558251591808, 1.0, 0.999820014398848, 1.0, 1.0, 1.0, 1.0, 1.0, 1.0, 1.0, 1.0, 1.0, 1.0]
Preds: [17, 17, 296, 17, 17, 17, 17, 363, 363, 363, 363, 363, 101, 149, 321, 321, 287, 287, 287, 284, 206, 167, 35, 320, 320, 29, 287, 287, 111, 111, 468, 468, 467, 146, 146, 443, 330, 330, 330, 348, 175, 65, 65, 106, 293, 293, 293, 293, 413, 348, 348, 466, 479, 479, 331, 331, 486, 486, 486, 460, 240, 173, 8, 280, 29, 106, 284, 284, 240, 285, 285, 467, 180, 180, 486, 486, 486, 486, 460, 240, 175, 175, 81, 431, 431, 85, 403, 403, 403, 207, 207, 207, 246, 246, 246, 246, 246, 19, 19, 454, 229, 259, 321, 247, 126, 126, 408, 408, 408, 408, 228, 321, 75, 66, 68, 172, 115, 115, 267, 444, 278, 378, 378, 345, 345, 100, 100, 497, 497, 186, 99, 338, 338, 400, 400, 400, 301, 301, 378, 345, 109, 499, 499, 151, 151, 253, 453, 342, 168, 168, 180, 151, 151, 460, 178, 178, 192, 192, 445, 451, 41, 41, 41, 41, 19, 19, 19, 454, 454, 13, 414, 170, 244, 244, 244, 392, 244, 392, 392, 321, 321, 321, 7, 479, 479, 331, 331, 331, 480, 319, 111, 460, 438, 416, 216, 192, 114, 180, 180, 443, 443, 443, 139, 139, 293, 274, 274, 35, 192, 445, 464, 464, 171, 171, 252, 416, 458, 192, 445, 180, 464, 264, 264, 264, 264, 315, 315, 113, 450, 450, 293, 169, 150, 150, 54, 54, 142, 397, 397, 196, 147, 147, 109, 288, 403, 171, 171, 252, 252, 24, 310, 310, 107, 395, 395, 286, 286, 120, 120, 120, 120, 37, 37, 385, 385, 197, 75, 164, 164, 196, 196, 116, 33, 33, 248, 394, 212, 75, 199, 275, 275, 275, 275, 303, 303, 17, 420, 420, 420, 420, 435, 435, 435, 435, 435, 435, 435, 435, 435, 435, 435, 435, 435, 435, 435, 435, 435, 435, 435, 435, 435, 435, 435, 435, 435, 435, 435, 435, 435, 435, 435, 435, 435, 435, 435, 435, 435, 435, 435, 435, 435, 435, 435, 435, 435, 435, 435, 435, 435, 435, 435, 435, 435, 435, 435, 435, 435, 435, 435, 435, 435, 435, 435, 435, 435, 435, 435, 435, 435, 435, 435, 435, 435, 435, 435, 435, 435, 435, 435, 435, 435, 435, 435, 435, 435, 435, 435, 435, 435, 435, 435, 435, 435, 435, 435, 435, 435, 435, 435, 435, 435, 435, 435, 435, 435, 435, 435, 435, 435, 435, 435, 435, 435, 435, 435, 435, 435, 435, 435, 435, 435, 435, 435, 435, 435, 435, 435, 435, 435, 435, 435, 435, 435, 435, 435, 435, 435, 435, 435, 435, 435, 435, 435, 435, 435, 435, 435, 435, 435, 435, 435, 435, 435, 435, 435, 435, 435, 435, 435, 435, 435, 435, 435, 435, 435, 435, 435, 435, 435, 435, 435, 435, 435, 435, 435, 435, 435, 435, 435, 435, 435, 435, 435, 435, 435, 435, 435, 435, 435, 435, 435, 435, 435, 435, 435, 435, 435, 435, 435, 435, 435, 435, 435, 435, 435, 435, 435, 435, 435, 435, 435, 435, 435, 435, 435, 435, 435, 435, 435, 435, 435, 435, 435, 435, 435, 435, 435, 435, 435, 435, 435, 435, 435, 435, 435, 435, 435, 435, 435, 435, 435, 435, 435, 435, 435, 435, 435, 435, 435, 435, 435, 435, 435, 435, 435, 435, 435, 435, 435, 435, 435, 435, 435, 435, 435, 435, 435, 435, 435, 435, 435, 435, 435, 435, 435, 435, 435, 435, 435, 435, 435, 435, 435, 435, 435, 435, 435, 435, 435, 435, 435, 435, 435, 435, 435, 435, 435, 435, 435, 435, 435, 435, 435, 435, 435, 435, 435, 435, 435, 435]

ep344
Train step Loss: [0.9455479383468628, 0.9455212950706482, 0.9455270767211914, 0.9455980658531189, 0.9454837441444397, 0.9455381631851196, 0.9455015063285828, 0.9455636739730835, 0.9455655217170715, 0.9455064535140991, 0.9455271363258362, 0.94563227891922, 0.94558185338974, 0.9455246329307556, 0.9455199241638184, 0.9455664157867432, 0.9455299973487854, 0.9455306529998779, 0.9454664587974548, 0.9455360770225525, 0.9455001950263977, 0.9455188512802124, 0.9455413222312927, 0.9455384016036987, 0.945500373840332, 0.9456110596656799, 0.9455900192260742, 0.9455174803733826, 0.9455390572547913, 0.9455400705337524, 0.9455841779708862, 0.9454486966133118, 0.9456195831298828, 0.9455533027648926, 0.9455292820930481, 0.9455549716949463, 0.9455169439315796, 0.9454975724220276, 0.9455066919326782, 0.9455154538154602, 0.9455221891403198, 0.9455093145370483, 0.9455531239509583, 0.9455291628837585, 0.9455111026763916, 0.9454867243766785, 0.9454915523529053, 0.945526659488678, 0.9455169439315796, 0.9455402493476868, 0.9455167651176453, 0.9455668926239014, 0.945571780204773, 0.9455010890960693, 0.9455553889274597, 0.945521891117096, 0.9454838037490845, 0.9455355405807495, 0.9454811811447144, 0.9455755352973938, 0.9455578923225403, 0.9454792141914368, 0.9455348253250122, 0.9454830288887024, 0.9455026388168335, 0.945534884929657, 0.9455392956733704, 0.9454840421676636, 0.9455063343048096, 0.9455313086509705, 0.9455219507217407, 0.9454847574234009, 0.9455431699752808, 0.9455099105834961, 0.9455310702323914, 0.9455695748329163, 0.9455336928367615, 0.9455903768539429, 0.9455497860908508, 0.9455254673957825, 0.9455042481422424, 0.9455504417419434, 0.9455330967903137, 0.9454910159111023, 0.9455229043960571, 0.9454984664916992, 0.9455557465553284, 0.9455150365829468, 0.9456024169921875, 0.9455822706222534, 0.9455387592315674, 0.9454748630523682, 0.9455512166023254, 0.9456011652946472, 0.9454711675643921, 0.945493221282959, 0.9455524682998657, 0.9455289244651794, 0.9455788135528564, 0.9455191493034363, 0.9454993605613708, 0.945465087890625, 0.9455044269561768, 0.9455047845840454, 0.9455856680870056]
val step Loss: [0.9468753933906555, 0.9457005262374878, 0.945823609828949, 0.9512842893600464, 0.9467008709907532, 0.9458591938018799, 0.9477323293685913, 0.9458526968955994, 0.9458760023117065, 0.9457555413246155, 0.9457807540893555, 0.9467877149581909, 0.9458701610565186, 0.9457711577415466, 0.9456819295883179, 0.946768581867218, 0.9456999897956848, 0.9456679821014404, 0.9458041191101074, 0.949234664440155, 0.9458615183830261, 0.9458295702934265, 0.9457890391349792, 0.9459150433540344, 0.9458276033401489, 0.9458764791488647, 0.9459112882614136]
Train step Accs: [1.0, 1.0, 1.0, 1.0, 1.0, 1.0, 1.0, 1.0, 1.0, 1.0, 1.0, 1.0, 1.0, 1.0, 1.0, 1.0, 1.0, 1.0, 1.0, 1.0, 1.0, 1.0, 1.0, 1.0, 1.0, 1.0, 1.0, 1.0, 1.0, 1.0, 1.0, 1.0, 1.0, 1.0, 1.0, 1.0, 1.0, 1.0, 1.0, 1.0, 1.0, 1.0, 1.0, 1.0, 1.0, 1.0, 1.0, 1.0, 1.0, 1.0, 1.0, 1.0, 1.0, 1.0, 1.0, 1.0, 1.0, 1.0, 1.0, 1.0, 1.0, 1.0, 1.0, 1.0, 1.0, 1.0, 1.0, 1.0, 1.0, 1.0, 1.0, 1.0, 1.0, 1.0, 1.0, 1.0, 1.0, 1.0, 1.0, 1.0, 1.0, 1.0, 1.0, 1.0, 1.0, 1.0, 1.0, 1.0, 1.0, 1.0, 1.0, 1.0, 1.0, 1.0, 1.0, 1.0, 1.0, 1.0, 1.0, 1.0, 1.0, 1.0, 1.0, 1.0, 1.0]
val step Accs: [0.9998274374460742, 1.0, 1.0, 0.9989821882951654, 0.9998191354675349, 1.0, 0.9996372211137312, 1.0, 1.0, 1.0, 1.0, 0.9998376096135109, 1.0, 1.0, 1.0, 0.9998164127042408, 1.0, 1.0, 1.0, 0.9993567063364426, 1.0, 1.0, 1.0, 1.0, 1.0, 1.0, 1.0]
Preds: [17, 17, 296, 217, 217, 473, 65, 443, 443, 443, 443, 240, 169, 150, 77, 164, 164, 164, 164, 164, 164, 273, 106, 106, 375, 375, 375, 98, 98, 48, 13, 170, 20, 170, 20, 20, 187, 187, 187, 408, 408, 20, 391, 391, 20, 184, 20, 20, 7, 188, 152, 152, 422, 99, 54, 54, 224, 400, 400, 30, 324, 324, 464, 464, 139, 139, 355, 387, 355, 240, 388, 94, 94, 398, 324, 301, 416, 32, 239, 144, 27, 180, 180, 284, 486, 428, 206, 240, 240, 314, 8, 32, 354, 354, 100, 497, 43, 8, 8, 32, 354, 354, 100, 387, 255, 251, 251, 241, 431, 106, 498, 498, 406, 313, 313, 285, 337, 464, 464, 464, 145, 315, 315, 450, 450, 450, 43, 43, 276, 276, 345, 109, 109, 403, 207, 324, 3, 301, 42, 42, 147, 456, 337, 324, 422, 422, 349, 349, 234, 234, 261, 261, 25, 148, 153, 153, 413, 413, 10, 10, 309, 398, 398, 464, 139, 139, 481, 182, 182, 387, 387, 122, 122, 236, 129, 259, 108, 377, 123, 374, 153, 153, 387, 372, 406, 406, 406, 467, 182, 375, 375, 375, 98, 98, 13, 229, 229, 20, 312, 126, 126, 23, 326, 23, 23, 101, 149, 149, 228, 20, 412, 287, 287, 460, 460, 178, 215, 458, 465, 164, 164, 442, 225, 7, 7, 217, 217, 473, 65, 476, 171, 252, 416, 239, 239, 445, 445, 485, 324, 301, 314, 325, 34, 34, 191, 191, 116, 251, 251, 251, 241, 81, 431, 367, 496, 274, 43, 8, 129, 259, 208, 208, 441, 441, 153, 497, 497, 399, 70, 70, 70, 473, 65, 264, 264, 264, 264, 468, 468, 468, 406, 337, 337, 324, 252, 24, 239, 239, 384, 449, 324, 324, 301, 26, 251, 241, 431, 367, 496, 274, 43, 416, 458, 144, 208, 100, 100, 496, 274, 122, 143, 143, 17, 420, 435, 420, 435, 435, 435, 435, 435, 435, 435, 435, 435, 435, 435, 435, 435, 435, 435, 435, 435, 435, 435, 435, 435, 435, 435, 435, 435, 435, 435, 435, 435, 435, 435, 435, 435, 435, 435, 435, 435, 435, 435, 435, 435, 435, 435, 435, 435, 435, 435, 435, 435, 435, 435, 435, 435, 435, 435, 435, 435, 435, 435, 435, 435, 435, 435, 435, 435, 435, 435, 435, 435, 435, 435, 435, 435, 435, 435, 435, 435, 435, 435, 435, 435, 435, 435, 435, 435, 435, 435, 435, 435, 435, 435, 435, 435, 435, 435, 435, 435, 435, 435, 435, 435, 435, 435, 435, 435, 435, 435, 435, 435, 435, 435, 435, 435, 435, 435, 435, 435, 435, 435, 435, 435, 435, 435, 435, 435, 435, 435, 435, 435, 435, 435, 435, 435, 435, 435, 435, 435, 435, 435, 435, 435, 435, 435, 435, 435, 435, 435, 435, 435, 435, 435, 435, 435, 435, 435, 435, 435, 435, 435, 435, 435, 435, 435, 435, 435, 435, 435, 435, 435, 435, 435, 435, 435, 435, 435, 435, 435, 435, 435, 435, 435, 435, 435, 435, 435, 435, 435, 435, 435, 435, 435, 435, 435, 435, 435, 435, 435, 435, 435, 435, 435, 435, 435, 435, 435, 435, 435, 435, 435, 435, 435, 435, 435, 435, 435, 435, 435, 435, 435, 435, 435, 435, 435, 435, 435, 435, 435, 435, 435, 435, 435, 435, 435, 435, 435, 435, 435, 435, 435, 435, 435, 435, 435, 435, 435, 435, 435, 435, 435, 435, 435, 435, 435, 435, 435, 435, 435, 435, 435, 435, 435, 435, 435, 435, 435, 435, 435, 435, 435, 435, 435, 435, 435, 435, 435, 435, 435, 435, 435, 435, 435, 435, 435, 435]

ep345
Train step Loss: [0.9455398917198181, 0.9456218481063843, 0.9455426335334778, 0.9455031156539917, 0.9455434083938599, 0.9455105662345886, 0.9455865621566772, 0.9455400109291077, 0.9455530047416687, 0.9455438852310181, 0.9455094933509827, 0.9455105066299438, 0.9455532431602478, 0.9456307291984558, 0.9455410242080688, 0.9455808997154236, 0.9455448985099792, 0.9455490112304688, 0.9455229640007019, 0.9455151557922363, 0.9455626010894775, 0.945558488368988, 0.9455904960632324, 0.9455487132072449, 0.9454701542854309, 0.9454551935195923, 0.9455599188804626, 0.9454622268676758, 0.9455423355102539, 0.9455810785293579, 0.9455451369285583, 0.9455217123031616, 0.9455242156982422, 0.9455171227455139, 0.945511519908905, 0.9455438852310181, 0.9455772638320923, 0.9455220699310303, 0.945479154586792, 0.9455208778381348, 0.9455076456069946, 0.9455737471580505, 0.9455721378326416, 0.9455122947692871, 0.9455174207687378, 0.9455544948577881, 0.9455342888832092, 0.9455485939979553, 0.94554603099823, 0.9455256462097168, 0.9455892443656921, 0.9455980658531189, 0.9455512166023254, 0.9455066323280334, 0.9455001950263977, 0.9456008672714233, 0.9455766081809998, 0.9454882144927979, 0.9454919099807739, 0.9456038475036621, 0.9455262422561646, 0.9454821944236755, 0.9455457329750061, 0.9455028772354126, 0.9455137252807617, 0.9455286264419556, 0.9455546736717224, 0.9455857872962952, 0.9455004930496216, 0.9455778002738953, 0.9455059170722961, 0.945531964302063, 0.9454936385154724, 0.9455311298370361, 0.9455863833427429, 0.9455106258392334, 0.9454952478408813, 0.9455214738845825, 0.9455902576446533, 0.9455525279045105, 0.9455153942108154, 0.9455729126930237, 0.9455359578132629, 0.9455690383911133, 0.9454840421676636, 0.9455589652061462, 0.9454901814460754, 0.9456190466880798, 0.9455579519271851, 0.9455596208572388, 0.9455243945121765, 0.9455297589302063, 0.9455381631851196, 0.9455498456954956, 0.9455798864364624, 0.9455491900444031, 0.945553183555603, 0.9455724954605103, 0.9456066489219666, 0.9455660581588745, 0.9455360174179077, 0.945561408996582, 0.9454898834228516, 0.9455401301383972, 0.9454824924468994]
val step Loss: [0.9458134174346924, 0.9456719160079956, 0.9470397233963013, 0.9457980394363403, 0.9456616640090942, 0.9457761645317078, 0.9458587765693665, 0.9459564089775085, 0.9516139626502991, 0.9476988911628723, 0.9458622932434082, 0.9457178711891174, 0.9457631707191467, 0.9459115862846375, 0.946524977684021, 0.946743369102478, 0.9493191242218018, 0.946690022945404, 0.9458907246589661, 0.9457947015762329, 0.9458112716674805, 0.945772647857666, 0.9458048939704895, 0.9459222555160522, 0.9458013772964478, 0.945805013179779, 0.9456957578659058]
Train step Accs: [1.0, 1.0, 1.0, 1.0, 1.0, 1.0, 1.0, 1.0, 1.0, 1.0, 1.0, 1.0, 1.0, 1.0, 1.0, 1.0, 1.0, 1.0, 1.0, 1.0, 1.0, 1.0, 1.0, 1.0, 1.0, 1.0, 1.0, 1.0, 1.0, 1.0, 1.0, 1.0, 1.0, 1.0, 1.0, 1.0, 1.0, 1.0, 1.0, 1.0, 1.0, 1.0, 1.0, 1.0, 1.0, 1.0, 1.0, 1.0, 1.0, 1.0, 1.0, 1.0, 1.0, 1.0, 1.0, 1.0, 1.0, 1.0, 1.0, 1.0, 1.0, 1.0, 1.0, 1.0, 1.0, 1.0, 1.0, 1.0, 1.0, 1.0, 1.0, 1.0, 1.0, 1.0, 1.0, 1.0, 1.0, 1.0, 1.0, 1.0, 1.0, 1.0, 1.0, 1.0, 1.0, 1.0, 1.0, 1.0, 1.0, 1.0, 1.0, 1.0, 1.0, 1.0, 1.0, 1.0, 1.0, 1.0, 1.0, 1.0, 1.0, 1.0, 1.0, 1.0, 1.0]
val step Accs: [1.0, 1.0, 0.9998086124401914, 1.0, 1.0, 1.0, 1.0, 1.0, 0.9989512323020451, 0.9996449494052903, 1.0, 1.0, 1.0, 1.0, 0.9998378991732858, 0.9998368412465328, 0.999336540056394, 0.9998325799430772, 1.0, 1.0, 1.0, 1.0, 1.0, 1.0, 1.0, 1.0, 1.0]
Preds: [17, 17, 441, 441, 153, 387, 387, 240, 348, 24, 24, 384, 371, 180, 180, 486, 376, 376, 282, 263, 263, 229, 229, 247, 312, 363, 363, 363, 408, 408, 149, 228, 228, 244, 320, 7, 479, 331, 278, 301, 378, 8, 129, 354, 109, 180, 486, 486, 460, 240, 240, 35, 36, 342, 224, 351, 196, 479, 331, 331, 315, 450, 450, 450, 88, 88, 88, 109, 337, 207, 301, 143, 129, 401, 244, 354, 354, 100, 389, 425, 425, 251, 331, 106, 302, 497, 43, 43, 43, 276, 276, 276, 346, 284, 284, 284, 450, 450, 293, 43, 43, 276, 345, 109, 109, 116, 116, 10, 398, 398, 398, 374, 374, 495, 406, 406, 380, 134, 387, 387, 109, 337, 324, 219, 246, 246, 301, 301, 8, 8, 354, 354, 180, 180, 486, 486, 206, 240, 240, 314, 129, 401, 401, 32, 354, 354, 100, 153, 153, 153, 153, 182, 182, 182, 132, 132, 132, 132, 303, 303, 303, 442, 442, 442, 229, 229, 170, 170, 244, 187, 1, 1, 408, 408, 408, 244, 228, 228, 412, 287, 287, 287, 284, 284, 460, 169, 215, 35, 35, 75, 208, 441, 148, 153, 153, 387, 387, 122, 348, 64, 466, 479, 331, 242, 242, 348, 466, 466, 479, 331, 307, 307, 319, 206, 240, 251, 251, 359, 34, 166, 278, 278, 278, 173, 8, 8, 70, 70, 65, 65, 46, 46, 46, 46, 206, 215, 215, 129, 401, 354, 354, 106, 106, 180, 284, 315, 315, 315, 315, 315, 450, 450, 450, 450, 203, 250, 364, 276, 276, 345, 109, 109, 207, 324, 324, 3, 301, 26, 251, 241, 241, 431, 486, 486, 282, 282, 330, 388, 94, 303, 199, 331, 375, 375, 98, 98, 13, 244, 170, 170, 392, 63, 63, 63, 63, 63, 63, 63, 244, 40, 40, 40, 63, 40, 244, 40, 63, 244, 63, 73, 244, 244, 289, 320, 188, 188, 213, 324, 422, 416, 32, 239, 354, 114, 180, 180, 486, 460, 460, 178, 215, 129, 401, 244, 321, 354, 276, 148, 148, 153, 387, 387, 387, 387, 167, 122, 35, 321, 75, 449, 273, 180, 486, 486, 460, 240, 215, 215, 129, 239, 354, 420, 420, 213, 213, 324, 464, 464, 464, 443, 240, 314, 314, 239, 239, 239, 384, 371, 371, 324, 324, 324, 324, 324, 464, 464, 464, 180, 145, 486, 460, 240, 240, 314, 35, 75, 131, 377, 87, 32, 32, 32, 354, 354, 100, 100, 153, 153, 153, 182, 43, 43, 8, 196, 303, 303, 303, 303, 303, 48, 48, 48, 170, 244, 392, 392, 392, 392, 392, 392, 392, 392, 392, 392, 73, 73, 73, 320, 320, 188, 188, 171, 213, 246, 246, 246, 246, 246, 246, 422, 143, 36, 478, 323, 482, 224, 224, 273, 485, 374, 139, 153, 387, 387, 387, 387, 413, 348, 348, 64, 394, 32, 32, 32, 32, 239, 384, 377, 371, 444, 213, 213, 246, 434, 434, 434, 3, 335, 14, 14, 287, 145, 287, 145, 460, 240, 215, 129, 32, 354, 354, 109, 499, 486, 486, 264, 240, 285, 467, 145, 145, 486, 85, 85, 85, 468, 468, 406, 406, 467, 337, 337, 277, 301, 143, 129, 401, 244, 75, 74, 190, 190, 487, 499, 151, 487, 442, 193, 17, 17, 420, 420, 420, 420, 420, 420, 420, 420, 420, 420, 420, 420, 420, 420, 420, 420, 420, 420, 420, 420, 420, 420, 420, 420, 420, 420, 420, 420, 420, 420, 420, 420, 420, 420, 420, 420, 420, 420, 420, 420, 420, 420, 420, 420, 420, 420, 420, 420, 420, 420, 420, 420, 420, 420, 420, 420, 420, 420, 420, 420]

ep346
Train step Loss: [0.9456092715263367, 0.9454960823059082, 0.9455395340919495, 0.945547878742218, 0.9455122351646423, 0.945571780204773, 0.9455105662345886, 0.9455821514129639, 0.945612370967865, 0.9455369114875793, 0.9455376267433167, 0.945527970790863, 0.9455671906471252, 0.9455631971359253, 0.9455323815345764, 0.9455350041389465, 0.9455134272575378, 0.9454946517944336, 0.9455656409263611, 0.9455378651618958, 0.9455649852752686, 0.9454948902130127, 0.9455499053001404, 0.9455148577690125, 0.945506751537323, 0.9455200433731079, 0.9455350637435913, 0.945559024810791, 0.9456300735473633, 0.9455114603042603, 0.9455714821815491, 0.9455214738845825, 0.9455462694168091, 0.9454780220985413, 0.9455124735832214, 0.9455278515815735, 0.9455097913742065, 0.9455100297927856, 0.9455430507659912, 0.9455275535583496, 0.9456056952476501, 0.9455639123916626, 0.9455845355987549, 0.9455475807189941, 0.9455000162124634, 0.9455596208572388, 0.9455518126487732, 0.9455048441886902, 0.9455552697181702, 0.9455525279045105, 0.94549959897995, 0.945517897605896, 0.9455411434173584, 0.9455738067626953, 0.9455491304397583, 0.9455395936965942, 0.9456080794334412, 0.9455336928367615, 0.9455217123031616, 0.9454954862594604, 0.9455660581588745, 0.9455683827400208, 0.9455401301383972, 0.9454789757728577, 0.9454726576805115, 0.9455084800720215, 0.945499837398529, 0.9455434083938599, 0.9455665349960327, 0.945494532585144, 0.9456137418746948, 0.9455506801605225, 0.945522665977478, 0.9454647302627563, 0.9454894065856934, 0.9455300569534302, 0.945531964302063, 0.9454928040504456, 0.9455685019493103, 0.9455673694610596, 0.945586621761322, 0.9455143213272095, 0.9455077648162842, 0.9455539584159851, 0.9455268979072571, 0.9455145001411438, 0.9455715417861938, 0.9455285668373108, 0.9455297589302063, 0.9456141591072083, 0.9455629587173462, 0.9456191062927246, 0.9455587267875671, 0.9455063343048096, 0.9455456733703613, 0.9455888271331787, 0.9455265998840332, 0.9455437660217285, 0.9455475807189941, 0.9456097483634949, 0.9455747008323669, 0.945482611656189, 0.9455161094665527, 0.9454874992370605, 0.9455227851867676]
val step Loss: [0.9499958753585815, 0.9458945989608765, 0.9457972049713135, 0.9458746910095215, 0.9458646178245544, 0.9457864761352539, 0.9458283185958862, 0.9456923604011536, 0.9456863403320312, 0.9478782415390015, 0.9469343423843384, 0.9466601014137268, 0.9464918971061707, 0.9457953572273254, 0.945679247379303, 0.9458819627761841, 0.9511670470237732, 0.9457194805145264, 0.945780873298645, 0.9457772374153137, 0.9457119703292847, 0.9457535147666931, 0.94571453332901, 0.945722222328186, 0.9466814398765564, 0.945843517780304, 0.9458664655685425]
Train step Accs: [1.0, 1.0, 1.0, 1.0, 1.0, 1.0, 1.0, 1.0, 1.0, 1.0, 1.0, 1.0, 1.0, 1.0, 1.0, 1.0, 1.0, 1.0, 1.0, 1.0, 1.0, 1.0, 1.0, 1.0, 1.0, 1.0, 1.0, 1.0, 1.0, 1.0, 1.0, 1.0, 1.0, 1.0, 1.0, 1.0, 1.0, 1.0, 1.0, 1.0, 1.0, 1.0, 1.0, 1.0, 1.0, 1.0, 1.0, 1.0, 1.0, 1.0, 1.0, 1.0, 1.0, 1.0, 1.0, 1.0, 1.0, 1.0, 1.0, 1.0, 1.0, 1.0, 1.0, 1.0, 1.0, 1.0, 1.0, 1.0, 1.0, 1.0, 1.0, 1.0, 1.0, 1.0, 1.0, 1.0, 1.0, 1.0, 1.0, 1.0, 1.0, 1.0, 1.0, 1.0, 1.0, 1.0, 1.0, 1.0, 1.0, 1.0, 1.0, 1.0, 1.0, 1.0, 1.0, 1.0, 1.0, 1.0, 1.0, 1.0, 1.0, 1.0, 1.0, 1.0, 1.0]
val step Accs: [0.9992310649750096, 1.0, 1.0, 1.0, 1.0, 1.0, 1.0, 1.0, 1.0, 0.9996184662342618, 0.9998051821546854, 0.9998466963053809, 0.9998353367363741, 1.0, 1.0, 1.0, 0.9990202482037883, 1.0, 1.0, 1.0, 1.0, 1.0, 1.0, 1.0, 0.9998241603657464, 1.0, 1.0]
Preds: [17, 30, 340, 340, 116, 10, 479, 479, 65, 65, 284, 284, 481, 293, 293, 43, 43, 43, 364, 364, 276, 276, 346, 346, 284, 284, 284, 284, 284, 206, 206, 293, 43, 43, 364, 276, 276, 276, 346, 297, 497, 497, 43, 349, 129, 401, 205, 205, 208, 441, 441, 153, 153, 153, 387, 387, 387, 387, 29, 29, 337, 337, 337, 152, 178, 143, 129, 401, 208, 208, 208, 441, 441, 387, 387, 387, 274, 416, 8, 32, 32, 32, 354, 354, 180, 180, 376, 376, 376, 376, 460, 240, 385, 233, 36, 155, 155, 155, 25, 397, 494, 32, 32, 219, 219, 219, 464, 464, 93, 403, 403, 171, 171, 171, 246, 246, 246, 246, 246, 246, 246, 19, 48, 48, 48, 20, 170, 170, 170, 20, 187, 187, 187, 408, 408, 391, 20, 391, 73, 73, 20, 20, 320, 7, 251, 241, 331, 431, 486, 486, 460, 460, 215, 35, 35, 75, 77, 164, 342, 224, 183, 485, 485, 464, 139, 139, 387, 387, 387, 122, 8, 32, 239, 75, 354, 354, 441, 441, 276, 346, 346, 265, 265, 265, 85, 85, 167, 385, 32, 32, 239, 82, 108, 107, 395, 106, 106, 106, 153, 387, 387, 387, 85, 146, 207, 207, 207, 246, 246, 246, 246, 246, 19, 422, 129, 401, 401, 20, 445, 445, 351, 278, 403, 171, 171, 171, 219, 219, 219, 219, 477, 152, 422, 186, 349, 205, 205, 401, 20, 261, 261, 397, 441, 345, 374, 374, 213, 213, 213, 213, 422, 99, 338, 338, 338, 395, 395, 459, 459, 120, 385, 385, 233, 20, 75, 208, 27, 487, 441, 442, 219, 464, 464, 355, 355, 355, 355, 167, 167, 226, 80, 80, 80, 20, 80, 80, 7, 219, 219, 422, 422, 162, 232, 232, 68, 68, 68, 115, 267, 267, 444, 278, 26, 251, 241, 81, 403, 403, 403, 207, 19, 420, 420, 420, 435, 435, 435, 435, 435, 435, 435, 435, 435, 435, 435, 435, 435, 435, 435, 435, 435, 435, 435, 435, 435, 435, 435, 435, 435, 435, 435, 435, 435, 435, 435, 435, 435, 435, 435, 435, 435, 435, 435, 435, 435, 435, 435, 435, 435, 435, 435, 435, 435, 435, 435, 435, 435, 435, 435, 435, 435, 435, 435, 435, 435, 435, 435, 435, 435, 435, 435, 435, 435, 435, 435, 435, 435, 435, 435, 435, 435, 435, 435, 435, 435, 435, 435, 435, 435, 435, 435, 435, 435, 435, 435, 435, 435, 435, 435, 435, 435, 435, 435, 435, 435, 435, 435, 435, 435, 435, 435, 435, 435, 435, 435, 435, 435, 435, 435, 435, 435, 435, 435, 435, 435, 435, 435, 435, 435, 435, 435, 435, 435, 435, 435, 435, 435, 435, 435, 435, 435, 435, 435, 435, 435, 435, 435, 435, 435, 435, 435, 435, 435, 435, 435, 435, 435, 435, 435, 435, 435, 435, 435, 435, 435, 435, 435, 435, 435, 435, 435, 435, 435, 435, 435, 435, 435, 435, 435, 435, 435, 435, 435, 435, 435, 435, 435, 435, 435, 435, 435, 435, 435, 435, 435, 435, 435, 435, 435, 435, 435, 435, 435, 435, 435, 435, 435, 435, 435, 435, 435, 435, 435, 435, 435, 435, 435, 435, 435, 435, 435, 435, 435, 435, 435, 435, 435, 435, 435, 435, 435, 435, 435, 435, 435, 435, 435, 435, 435, 435, 435, 435, 435, 435, 435, 435, 435, 435, 435, 435, 435, 435, 435, 435, 435, 435, 435, 435, 435, 435, 435, 435, 435, 435, 435, 435, 435, 435, 435, 435, 435, 435, 435, 435, 435, 435, 435, 435, 435, 435, 435, 435, 435, 435, 435, 435, 435, 435, 435, 435]

ep347
Train step Loss: [0.9454648494720459, 0.945500373840332, 0.9455618858337402, 0.9456135630607605, 0.9454892873764038, 0.9455693364143372, 0.9455523490905762, 0.945539116859436, 0.9455509781837463, 0.9455366730690002, 0.9456126093864441, 0.9455151557922363, 0.9455882906913757, 0.9455638527870178, 0.9455175399780273, 0.945629894733429, 0.9455574154853821, 0.9455967545509338, 0.9455805420875549, 0.945501446723938, 0.945549488067627, 0.9455209374427795, 0.9454858899116516, 0.9455502033233643, 0.9455840587615967, 0.9454746246337891, 0.9455609321594238, 0.9455017447471619, 0.9455659985542297, 0.945577085018158, 0.9455516338348389, 0.9455167651176453, 0.9455001354217529, 0.9455446004867554, 0.9455461502075195, 0.9454675912857056, 0.9455389380455017, 0.9455326795578003, 0.9456179738044739, 0.9454893469810486, 0.9455358982086182, 0.9455135464668274, 0.9454938769340515, 0.9455010890960693, 0.9455885291099548, 0.9455744028091431, 0.9455254673957825, 0.945536732673645, 0.945559561252594, 0.9455530643463135, 0.9455520510673523, 0.945520281791687, 0.9456015229225159, 0.945537805557251, 0.9455568790435791, 0.9454431533813477, 0.9454720616340637, 0.9455280303955078, 0.9455523490905762, 0.9455663561820984, 0.9455426335334778, 0.9454984664916992, 0.9455764293670654, 0.9456543922424316, 0.9455680847167969, 0.9455989599227905, 0.9455426931381226, 0.9454932808876038, 0.9455191493034363, 0.9455001354217529, 0.9454646110534668, 0.9455724954605103, 0.9455249309539795, 0.945543646812439, 0.9455665349960327, 0.9455313086509705, 0.9455212354660034, 0.9455363750457764, 0.9455602765083313, 0.9454952478408813, 0.9454939365386963, 0.945539116859436, 0.9455492496490479, 0.9455705881118774, 0.9455221891403198, 0.9455057978630066, 0.9455480575561523, 0.9454703330993652, 0.9455090165138245, 0.9455962181091309, 0.9455140233039856, 0.945560097694397, 0.9455865621566772, 0.9455431699752808, 0.945533275604248, 0.9455680847167969, 0.9455195665359497, 0.9455248117446899, 0.9455200433731079, 0.945570170879364, 0.9455198049545288, 0.9455573558807373, 0.945557177066803, 0.9454873204231262, 0.9455817937850952]
val step Loss: [0.945777952671051, 0.9457532167434692, 0.9456787705421448, 0.9457755088806152, 0.9473024606704712, 0.9457947015762329, 0.9496222734451294, 0.9456164836883545, 0.946808934211731, 0.9456537365913391, 0.9465985894203186, 0.9457305073738098, 0.9457705616950989, 0.9457398056983948, 0.9467618465423584, 0.9458107948303223, 0.9458126425743103, 0.9458186030387878, 0.9468357563018799, 0.9519680142402649, 0.945739209651947, 0.9458510875701904, 0.9458005428314209, 0.9458795189857483, 0.9457700848579407, 0.9456877708435059, 0.9455952644348145]
Train step Accs: [1.0, 1.0, 1.0, 1.0, 1.0, 1.0, 1.0, 1.0, 1.0, 1.0, 1.0, 1.0, 1.0, 1.0, 1.0, 1.0, 1.0, 1.0, 1.0, 1.0, 1.0, 1.0, 1.0, 1.0, 1.0, 1.0, 1.0, 1.0, 1.0, 1.0, 1.0, 1.0, 1.0, 1.0, 1.0, 1.0, 1.0, 1.0, 1.0, 1.0, 1.0, 1.0, 1.0, 1.0, 1.0, 1.0, 1.0, 1.0, 1.0, 1.0, 1.0, 1.0, 1.0, 1.0, 1.0, 1.0, 1.0, 1.0, 1.0, 1.0, 1.0, 1.0, 1.0, 1.0, 1.0, 1.0, 1.0, 1.0, 1.0, 1.0, 1.0, 1.0, 1.0, 1.0, 1.0, 1.0, 1.0, 1.0, 1.0, 1.0, 1.0, 1.0, 1.0, 1.0, 1.0, 1.0, 1.0, 1.0, 1.0, 1.0, 1.0, 1.0, 1.0, 1.0, 1.0, 1.0, 1.0, 1.0, 1.0, 1.0, 1.0, 1.0, 1.0, 1.0, 1.0]
val step Accs: [1.0, 1.0, 1.0, 1.0, 0.9997001499250375, 1.0, 0.9992916592881176, 1.0, 0.9998160073597057, 1.0, 0.9998458455372283, 1.0, 1.0, 1.0, 0.9998409416255766, 1.0, 1.0, 1.0, 0.9998001998001999, 0.9988751406074241, 1.0, 1.0, 1.0, 1.0, 1.0, 1.0, 1.0]
Preds: [17, 17, 217, 217, 473, 473, 65, 443, 443, 443, 171, 171, 252, 24, 239, 239, 239, 107, 395, 180, 84, 84, 355, 355, 98, 98, 98, 263, 229, 229, 82, 247, 312, 126, 126, 326, 326, 326, 101, 101, 149, 228, 320, 82, 7, 473, 473, 65, 476, 171, 252, 143, 143, 36, 449, 449, 395, 324, 324, 252, 325, 325, 34, 324, 324, 324, 301, 301, 251, 251, 251, 331, 431, 84, 496, 274, 274, 43, 8, 8, 239, 354, 208, 441, 441, 98, 98, 98, 48, 48, 417, 170, 82, 244, 392, 392, 392, 244, 312, 312, 187, 23, 23, 260, 260, 260, 391, 391, 391, 435, 435, 435, 435, 73, 73, 73, 244, 287, 287, 287, 284, 284, 293, 43, 43, 276, 276, 276, 346, 387, 387, 387, 406, 406, 406, 467, 337, 337, 278, 258, 31, 342, 342, 342, 224, 224, 224, 494, 494, 494, 203, 399, 217, 10, 473, 473, 398, 398, 286, 286, 286, 468, 406, 406, 380, 380, 499, 284, 426, 375, 98, 98, 98, 98, 13, 13, 414, 170, 47, 392, 392, 102, 102, 244, 320, 7, 7, 7, 217, 217, 473, 473, 264, 264, 264, 264, 264, 468, 468, 406, 406, 337, 337, 337, 324, 301, 359, 251, 359, 81, 444, 324, 324, 324, 301, 301, 251, 251, 241, 241, 431, 106, 84, 293, 497, 416, 8, 239, 144, 27, 106, 387, 206, 240, 385, 36, 36, 342, 224, 224, 273, 355, 355, 355, 435, 435, 435, 435, 435, 435, 435, 435, 435, 435, 435, 435, 435, 435, 435, 435, 435, 435, 435, 435, 435, 435, 435, 435, 435, 435, 435, 435, 435, 435, 435, 435, 435, 435, 435, 435, 435, 435, 435, 435, 435, 435, 435, 435, 435, 435, 435, 435, 435, 435, 435, 435, 435, 435, 435, 435, 435, 435, 435, 435, 435, 435, 435, 435, 435, 435, 435, 435, 435, 435, 435, 435, 435, 435, 435, 435, 435, 435, 435, 435, 435, 435, 435, 435, 435, 435, 435, 435, 435, 435, 435, 435, 435, 435, 435, 435, 435, 435, 435, 435, 435, 435, 435, 435, 435, 435, 435, 435, 435, 435, 435, 435, 435, 435, 435, 435, 435, 435, 435, 435, 435, 435, 435, 435, 435, 435, 435, 435, 435, 435, 435, 435, 435, 435, 435, 435, 435, 435, 435, 435, 435, 435, 435, 435, 435, 435, 435, 435, 435, 435, 435, 435, 435, 435, 435, 435, 435, 435, 435, 435, 435, 435, 435, 435, 435, 435, 435, 435, 435, 435, 435, 435, 435, 435, 435, 435, 435, 435, 435, 435, 435, 435, 435, 435, 435, 435, 435, 435, 435, 435, 435, 435, 435, 435, 435, 435, 435, 435, 435, 435, 435, 435, 435, 435, 435, 435, 435, 435, 435, 435, 435, 435, 435, 435, 435, 435, 435, 435, 435, 435, 435, 435, 435, 435, 435, 435, 435, 435, 435, 435, 435, 435, 435, 435, 435, 435, 435, 435, 435, 435, 435, 435, 435, 435, 435, 435, 435, 435, 435, 435, 435, 435, 435, 435, 435, 435, 435, 435, 435, 435, 435, 435, 435, 435, 435, 435, 435, 435, 435, 435, 435, 435, 435, 435, 435, 435, 435, 435, 435, 435, 435, 435, 435, 435, 435, 435, 435, 435, 435, 435, 435, 435, 435, 435, 435, 435, 435, 435, 435, 435, 435, 435, 435, 435, 435, 435, 435, 435, 435, 435, 435, 435, 435, 435, 435, 435, 435, 435, 435, 435, 435, 435, 435, 435, 435, 435, 435, 435, 435, 435, 435, 435, 435, 435, 435, 435, 435, 435, 435, 435, 435, 435, 435, 435, 435, 435, 435, 435, 435, 435, 435, 435, 435, 435, 435, 435]

ep348
Train step Loss: [0.9455428123474121, 0.9455491304397583, 0.9455341696739197, 0.9455424547195435, 0.9455238580703735, 0.945446252822876, 0.9455506801605225, 0.9455671310424805, 0.945504903793335, 0.9455545544624329, 0.9455013871192932, 0.9455219507217407, 0.9455147981643677, 0.945539653301239, 0.9455906748771667, 0.9454554319381714, 0.9454995393753052, 0.9455536603927612, 0.9455245733261108, 0.9455283284187317, 0.945565938949585, 0.9454848766326904, 0.9455658793449402, 0.9455416202545166, 0.9455483555793762, 0.945525586605072, 0.9455230832099915, 0.9455355405807495, 0.9455553293228149, 0.9455634951591492, 0.9455398917198181, 0.945457398891449, 0.9455376267433167, 0.9455628395080566, 0.9455666542053223, 0.9455682635307312, 0.9455182552337646, 0.9455551505088806, 0.9455611705780029, 0.9455400109291077, 0.945572555065155, 0.9455500245094299, 0.9455021023750305, 0.9454501867294312, 0.9455365538597107, 0.9455145597457886, 0.9455235004425049, 0.9455546140670776, 0.9455000162124634, 0.9454658031463623, 0.9455106258392334, 0.9455940127372742, 0.9455668926239014, 0.9455311298370361, 0.9455716609954834, 0.94550621509552, 0.945595920085907, 0.9455258250236511, 0.9455342292785645, 0.9455114603042603, 0.9455904364585876, 0.945507287979126, 0.9455932378768921, 0.9456076622009277, 0.945527195930481, 0.9455215930938721, 0.9455135464668274, 0.9455299973487854, 0.9455759525299072, 0.9455891251564026, 0.9454841613769531, 0.9455322027206421, 0.9454934597015381, 0.9455258250236511, 0.945534348487854, 0.9456093311309814, 0.9455043077468872, 0.9455341100692749, 0.9455732703208923, 0.9455035328865051, 0.9454723596572876, 0.9455484747886658, 0.9454922676086426, 0.9455813765525818, 0.9455874562263489, 0.9455541372299194, 0.9456332921981812, 0.9455560445785522, 0.945540726184845, 0.9455411434173584, 0.9455806612968445, 0.9455418586730957, 0.945578932762146, 0.9455679655075073, 0.9455059170722961, 0.9455724358558655, 0.9456202983856201, 0.94551682472229, 0.9455066323280334, 0.9454760551452637, 0.9455277323722839, 0.9455057382583618, 0.9455785751342773, 0.9455180764198303, 0.9455651044845581]
val step Loss: [0.9459757208824158, 0.9458544254302979, 0.945684015750885, 0.9457525014877319, 0.9457769989967346, 0.9458853602409363, 0.9458702206611633, 0.9476994276046753, 0.9456908702850342, 0.9458112716674805, 0.9458760619163513, 0.9458879232406616, 0.945711612701416, 0.9458204507827759, 0.9458282589912415, 0.946840763092041, 0.9474443793296814, 0.9458025097846985, 0.9457789063453674, 0.9458267688751221, 0.9457340240478516, 0.9457646012306213, 0.9559476971626282, 0.9467074871063232, 0.9457837343215942, 0.9458048343658447, 0.9456275701522827]
Train step Accs: [1.0, 1.0, 1.0, 1.0, 1.0, 1.0, 1.0, 1.0, 1.0, 1.0, 1.0, 1.0, 1.0, 1.0, 1.0, 1.0, 1.0, 1.0, 1.0, 1.0, 1.0, 1.0, 1.0, 1.0, 1.0, 1.0, 1.0, 1.0, 1.0, 1.0, 1.0, 1.0, 1.0, 1.0, 1.0, 1.0, 1.0, 1.0, 1.0, 1.0, 1.0, 1.0, 1.0, 1.0, 1.0, 1.0, 1.0, 1.0, 1.0, 1.0, 1.0, 1.0, 1.0, 1.0, 1.0, 1.0, 1.0, 1.0, 1.0, 1.0, 1.0, 1.0, 1.0, 1.0, 1.0, 1.0, 1.0, 1.0, 1.0, 1.0, 1.0, 1.0, 1.0, 1.0, 1.0, 1.0, 1.0, 1.0, 1.0, 1.0, 1.0, 1.0, 1.0, 1.0, 1.0, 1.0, 1.0, 1.0, 1.0, 1.0, 1.0, 1.0, 1.0, 1.0, 1.0, 1.0, 1.0, 1.0, 1.0, 1.0, 1.0, 1.0, 1.0, 1.0, 1.0]
val step Accs: [1.0, 1.0, 1.0, 1.0, 1.0, 1.0, 1.0, 0.9996294237539374, 1.0, 1.0, 1.0, 1.0, 1.0, 1.0, 1.0, 0.9998338042213728, 0.9996866186148543, 1.0, 1.0, 1.0, 1.0, 1.0, 0.9981283922889762, 0.9998435054773083, 1.0, 1.0, 1.0]
Preds: [17, 17, 17, 287, 284, 284, 284, 293, 43, 43, 364, 364, 276, 276, 346, 284, 284, 284, 284, 284, 206, 206, 169, 215, 35, 244, 205, 205, 205, 261, 25, 437, 284, 265, 265, 85, 388, 348, 64, 64, 212, 398, 324, 324, 324, 324, 324, 246, 246, 246, 252, 32, 239, 239, 82, 384, 371, 371, 213, 213, 213, 422, 236, 239, 259, 310, 107, 107, 395, 395, 286, 464, 464, 464, 315, 315, 315, 315, 450, 450, 450, 43, 43, 364, 276, 276, 138, 138, 182, 182, 182, 375, 98, 98, 197, 401, 80, 244, 244, 208, 441, 441, 153, 153, 153, 153, 497, 497, 387, 81, 81, 337, 41, 324, 324, 3, 143, 401, 244, 244, 192, 188, 188, 278, 278, 240, 143, 129, 239, 384, 34, 191, 191, 324, 178, 143, 458, 401, 244, 320, 354, 109, 41, 41, 171, 171, 19, 454, 229, 229, 170, 392, 392, 392, 392, 244, 244, 73, 244, 73, 244, 320, 287, 287, 287, 284, 481, 293, 43, 276, 276, 346, 284, 405, 405, 206, 169, 215, 35, 401, 244, 320, 354, 106, 106, 428, 428, 240, 388, 94, 64, 473, 398, 324, 324, 324, 213, 324, 422, 239, 239, 239, 384, 371, 371, 213, 213, 422, 143, 239, 239, 310, 310, 107, 395, 395, 278, 278, 385, 143, 233, 401, 401, 320, 29, 374, 374, 132, 185, 186, 186, 323, 323, 68, 68, 68, 160, 160, 112, 17, 17, 420, 435, 420, 435, 435, 435, 435, 435, 435, 435, 435, 435, 435, 435, 435, 435, 435, 435, 435, 435, 435, 435, 435, 435, 435, 435, 435, 435, 435, 435, 435, 435, 435, 435, 435, 435, 435, 435, 435, 435, 435, 435, 435, 435, 435, 435, 435, 435, 435, 435, 435, 435, 435, 435, 435, 435, 435, 435, 435, 435, 435, 435, 435, 435, 435, 435, 435, 435, 435, 435, 435, 435, 435, 435, 435, 435, 435, 435, 435, 435, 435, 435, 435, 435, 435, 435, 435, 435, 435, 435, 435, 435, 435, 435, 435, 435, 435, 435, 435, 435, 435, 435, 435, 435, 435, 435, 435, 435, 435, 435, 435, 435, 435, 435, 435, 435, 435, 435, 435, 435, 435, 435, 435, 435, 435, 435, 435, 435, 435, 435, 435, 435, 435, 435, 435, 435, 435, 435, 435, 435, 435, 435, 435, 435, 435, 435, 435, 435, 435, 435, 435, 435, 435, 435, 435, 435, 435, 435, 435, 435, 435, 435, 435, 435, 435, 435, 435, 435, 435, 435, 435, 435, 435, 435, 435, 435, 435, 435, 435, 435, 435, 435, 435, 435, 435, 435, 435, 435, 435, 435, 435, 435, 435, 435, 435, 435, 435, 435, 435, 435, 435, 435, 435, 435, 435, 435, 435, 435, 435, 435, 435, 435, 435, 435, 435, 435, 435, 435, 435, 435, 435, 435, 435, 435, 435, 435, 435, 435, 435, 435, 435, 435, 435, 435, 435, 435, 435, 435, 435, 435, 435, 435, 435, 435, 435, 435, 435, 435, 435, 435, 435, 435, 435, 435, 435, 435, 435, 435, 435, 435, 435, 435, 435, 435, 435, 435, 435, 435, 435, 435, 435, 435, 435, 435, 435, 435, 435, 435, 435, 435, 435, 435, 435, 435, 435, 435, 435, 435, 435, 435, 435, 435, 435, 435, 435, 435, 435, 435, 435, 435, 435, 435, 435, 435, 435, 435, 435, 435, 435, 435, 435, 435, 435, 435, 435, 435, 435, 435, 435, 435, 435, 435, 435, 435, 435, 435, 435, 435, 435, 435, 435, 435, 435, 435, 435, 435, 435, 435, 435, 435, 435, 435, 435, 435, 435, 435, 435, 435, 435, 435, 435, 435, 435, 435, 435, 435, 435, 435, 435]

ep349
Train step Loss: [0.9455477595329285, 0.9455961585044861, 0.9455101490020752, 0.9455190300941467, 0.9455490112304688, 0.9455758333206177, 0.945554256439209, 0.9455632567405701, 0.9455784559249878, 0.945536196231842, 0.9455616474151611, 0.9455158710479736, 0.9454864859580994, 0.9455000162124634, 0.9455575942993164, 0.9456050395965576, 0.9454742074012756, 0.9455643892288208, 0.9455336332321167, 0.9455553293228149, 0.9455480575561523, 0.9455742835998535, 0.9455617070198059, 0.9455658197402954, 0.9455448985099792, 0.9456069469451904, 0.945508599281311, 0.9455164670944214, 0.9455819129943848, 0.9455403685569763, 0.9455829858779907, 0.9456072449684143, 0.9454983472824097, 0.9455467462539673, 0.9454798698425293, 0.9455006718635559, 0.9455347657203674, 0.9454854130744934, 0.9455912113189697, 0.9455350041389465, 0.9455615878105164, 0.9455647468566895, 0.9455896019935608, 0.9455864429473877, 0.9455463290214539, 0.9455247521400452, 0.9455114603042603, 0.9455789923667908, 0.9455274939537048, 0.9455102682113647, 0.9454531669616699, 0.9454935193061829, 0.9454672336578369, 0.9455806016921997, 0.9454699158668518, 0.9454863667488098, 0.9455690383911133, 0.945501983165741, 0.9455770254135132, 0.9455265998840332, 0.9454599618911743, 0.9455680251121521, 0.9455053806304932, 0.9455646872520447, 0.9454970359802246, 0.9455118775367737, 0.9455205798149109, 0.9455580115318298, 0.9455394148826599, 0.9455745220184326, 0.9455201029777527, 0.9455113410949707, 0.9456128478050232, 0.9455164670944214, 0.9455178380012512, 0.9454964399337769, 0.9455438852310181, 0.9456587433815002, 0.9455311298370361, 0.9455434083938599, 0.9455237984657288, 0.9455403685569763, 0.94560307264328, 0.945587694644928, 0.9455036520957947, 0.9455654621124268, 0.9455475211143494, 0.9455061554908752, 0.9455705285072327, 0.9455443620681763, 0.9455138444900513, 0.9456388354301453, 0.9455011487007141, 0.9455128312110901, 0.9454744458198547, 0.9455291032791138, 0.9455462694168091, 0.9455757141113281, 0.945488691329956, 0.9454948306083679, 0.94554203748703, 0.9455576539039612, 0.9455357789993286, 0.9455296397209167, 0.9455087184906006]
val step Loss: [0.9458225965499878, 0.9458712935447693, 0.945780873298645, 0.9457815885543823, 0.9494317770004272, 0.9457331299781799, 0.9508298635482788, 0.9457712173461914, 0.9458215832710266, 0.9457817077636719, 0.9470577239990234, 0.9458156228065491, 0.946733832359314, 0.9468536376953125, 0.9459279179573059, 0.9459348917007446, 0.945827841758728, 0.9457685947418213, 0.9458625912666321, 0.9457200765609741, 0.9475454688072205, 0.9457554817199707, 0.9471963047981262, 0.9457125663757324, 0.9457013010978699, 0.9457350969314575, 0.9458010792732239]
Train step Accs: [1.0, 1.0, 1.0, 1.0, 1.0, 1.0, 1.0, 1.0, 1.0, 1.0, 1.0, 1.0, 1.0, 1.0, 1.0, 1.0, 1.0, 1.0, 1.0, 1.0, 1.0, 1.0, 1.0, 1.0, 1.0, 1.0, 1.0, 1.0, 1.0, 1.0, 1.0, 1.0, 1.0, 1.0, 1.0, 1.0, 1.0, 1.0, 1.0, 1.0, 1.0, 1.0, 1.0, 1.0, 1.0, 1.0, 1.0, 1.0, 1.0, 1.0, 1.0, 1.0, 1.0, 1.0, 1.0, 1.0, 1.0, 1.0, 1.0, 1.0, 1.0, 1.0, 1.0, 1.0, 1.0, 1.0, 1.0, 1.0, 1.0, 1.0, 1.0, 1.0, 1.0, 1.0, 1.0, 1.0, 1.0, 1.0, 1.0, 1.0, 1.0, 1.0, 1.0, 1.0, 1.0, 1.0, 1.0, 1.0, 1.0, 1.0, 1.0, 1.0, 1.0, 1.0, 1.0, 1.0, 1.0, 1.0, 1.0, 1.0, 1.0, 1.0, 1.0, 1.0, 1.0]
val step Accs: [1.0, 1.0, 1.0, 1.0, 0.9993287464339654, 1.0, 0.9990786240786241, 1.0, 1.0, 1.0, 0.9998126288176878, 1.0, 0.9998259961719158, 0.9998147462022972, 1.0, 1.0, 1.0, 1.0, 1.0, 1.0, 0.9996751137102015, 1.0, 0.9997977346278317, 1.0, 1.0, 1.0, 1.0]
Preds: [17, 17, 359, 371, 371, 278, 278, 330, 251, 251, 251, 479, 331, 331, 84, 16, 16, 274, 274, 438, 219, 219, 219, 219, 219, 219, 246, 246, 246, 246, 246, 19, 19, 454, 229, 414, 414, 392, 392, 392, 73, 73, 73, 73, 209, 287, 287, 145, 460, 460, 460, 178, 35, 75, 36, 108, 224, 494, 494, 191, 236, 239, 384, 371, 371, 420, 324, 236, 314, 239, 239, 384, 371, 180, 180, 315, 315, 315, 315, 450, 450, 450, 43, 43, 364, 276, 276, 276, 346, 346, 284, 284, 206, 206, 206, 240, 251, 251, 251, 241, 431, 486, 113, 206, 167, 215, 349, 321, 155, 155, 155, 441, 148, 387, 88, 337, 337, 324, 324, 324, 301, 203, 399, 217, 70, 70, 138, 138, 138, 138, 375, 98, 98, 13, 13, 170, 392, 392, 392, 392, 392, 392, 73, 73, 244, 287, 287, 111, 460, 460, 385, 35, 36, 164, 164, 224, 351, 420, 464, 180, 315, 113, 450, 293, 43, 88, 345, 109, 403, 171, 171, 171, 252, 252, 24, 239, 384, 34, 191, 340, 116, 116, 94, 479, 331, 84, 496, 496, 236, 32, 239, 321, 75, 445, 445, 213, 324, 422, 314, 239, 384, 371, 278, 258, 31, 31, 68, 68, 68, 224, 224, 444, 444, 324, 314, 325, 325, 34, 166, 324, 301, 236, 285, 285, 106, 106, 106, 499, 428, 428, 85, 146, 146, 37, 233, 36, 270, 66, 68, 68, 68, 97, 221, 219, 219, 219, 219, 464, 464, 120, 207, 207, 207, 37, 233, 170, 170, 392, 392, 392, 392, 244, 392, 63, 63, 63, 73, 73, 244, 289, 320, 7, 219, 219, 219, 152, 152, 139, 139, 139, 293, 293, 274, 122, 219, 239, 239, 310, 107, 395, 395, 459, 120, 154, 143, 129, 259, 75, 445, 445, 445, 445, 464, 180, 315, 315, 315, 450, 450, 293, 43, 43, 345, 109, 337, 41, 324, 301, 422, 143, 259, 321, 377, 397, 123, 43, 43, 43, 276, 345, 387, 387, 387, 146, 219, 219, 219, 324, 324, 422, 99, 338, 338, 338, 338, 338, 395, 400, 286, 286, 286, 171, 171, 3, 3, 219, 219, 464, 464, 464, 180, 355, 355, 240, 271, 35, 77, 342, 323, 224, 273, 302, 302, 375, 215, 233, 233, 401, 244, 321, 7, 48, 48, 170, 392, 73, 392, 244, 320, 354, 333, 374, 19, 19, 17, 17, 420, 420, 420, 420, 420, 420, 420, 420, 420, 420, 420, 420, 420, 420, 420, 420, 420, 420, 420, 420, 420, 420, 420, 420, 420, 420, 420, 420, 420, 420, 420, 420, 420, 420, 420, 420, 420, 420, 420, 420, 420, 420, 420, 420, 420, 420, 420, 420, 420, 420, 420, 420, 420, 420, 420, 420, 420, 420, 420, 420, 420, 420, 420, 420, 420, 420, 420, 420, 420, 420, 420, 420, 420, 420, 420, 420, 420, 420, 420, 420, 420, 420, 420, 420, 420, 420, 420, 420, 420, 420, 420, 420, 420, 420, 420, 420, 420, 420, 420, 420, 420, 420, 420, 420, 420, 420, 420, 420, 420, 420, 420, 420, 420, 420, 420, 420, 420, 420, 420, 420, 420, 420, 420, 420, 420, 420, 420, 420, 420, 420, 420, 420, 420, 420, 420, 420, 420, 420, 420, 420, 420, 420, 420, 420, 420, 420, 420, 420, 420, 420, 420, 420, 420, 420, 420, 420, 420, 420, 420, 420, 420, 420, 420, 420, 420, 420, 420, 420, 420, 420, 420, 420, 420, 420, 420, 420, 420, 420, 420, 420, 420, 420, 420, 420, 420, 420, 420, 420, 420, 420, 420, 420, 420, 420, 420, 420, 420, 420, 420, 420, 420, 420, 420, 420]

ep350
Train step Loss: [0.9455064535140991, 0.9455673694610596, 0.9455037713050842, 0.9455115795135498, 0.945541262626648, 0.9455723166465759, 0.9455268383026123, 0.9455685019493103, 0.945525050163269, 0.945521354675293, 0.9454432725906372, 0.9455453157424927, 0.9455423355102539, 0.9455110430717468, 0.945514976978302, 0.9455460906028748, 0.945580005645752, 0.9455233216285706, 0.9455515742301941, 0.9455342292785645, 0.9455692768096924, 0.9455136656761169, 0.9455385208129883, 0.945513904094696, 0.9455431699752808, 0.9456182718276978, 0.9455345273017883, 0.9456109404563904, 0.9455902576446533, 0.9456103444099426, 0.9455491304397583, 0.9455111622810364, 0.9455858469009399, 0.9455083608627319, 0.9455630779266357, 0.9454621076583862, 0.9456356167793274, 0.9455223083496094, 0.9455609321594238, 0.945536196231842, 0.9455538392066956, 0.945552408695221, 0.9454943537712097, 0.9454955458641052, 0.9455483555793762, 0.94553542137146, 0.9455248713493347, 0.9455564022064209, 0.9455342292785645, 0.9455653429031372, 0.945592999458313, 0.9456014037132263, 0.9455923438072205, 0.9455445408821106, 0.9454817771911621, 0.9455801844596863, 0.9455094337463379, 0.9454992413520813, 0.9455157518386841, 0.9455416202545166, 0.9455026984214783, 0.9455423951148987, 0.9455320239067078, 0.9455695748329163, 0.945527970790863, 0.9455525875091553, 0.945527970790863, 0.9455454349517822, 0.9455722570419312, 0.9454767107963562, 0.945517361164093, 0.9454895257949829, 0.9455381035804749, 0.9455400109291077, 0.9455066323280334, 0.9455521106719971, 0.9455481171607971, 0.9455521106719971, 0.945543646812439, 0.9455488324165344, 0.945584237575531, 0.94556725025177, 0.9454954266548157, 0.9455823302268982, 0.9455219507217407, 0.9456214308738708, 0.9456074833869934, 0.9454821348190308, 0.9456136226654053, 0.9455374479293823, 0.9455865025520325, 0.9454678297042847, 0.945516049861908, 0.9454969167709351, 0.945515513420105, 0.9455232620239258, 0.9455491900444031, 0.9455916881561279, 0.9455752372741699, 0.9456656575202942, 0.9454934000968933, 0.9456160068511963, 0.9455356597900391, 0.9455105066299438, 0.9455058574676514]
val step Loss: [0.9456223249435425, 0.9457762241363525, 0.9464864730834961, 0.9458773136138916, 0.9457049369812012, 0.9513897895812988, 0.9458082318305969, 0.9479244947433472, 0.9458281397819519, 0.9457409381866455, 0.9457998275756836, 0.9457694292068481, 0.9468231797218323, 0.9457542896270752, 0.9456350803375244, 0.9477975964546204, 0.9457417130470276, 0.9458414316177368, 0.9457323551177979, 0.9457746148109436, 0.9458003640174866, 0.9495950937271118, 0.945665717124939, 0.9457308650016785, 0.9457708597183228, 0.9457001686096191, 0.9458130598068237]
Train step Accs: [1.0, 1.0, 1.0, 1.0, 1.0, 1.0, 1.0, 1.0, 1.0, 1.0, 1.0, 1.0, 1.0, 1.0, 1.0, 1.0, 1.0, 1.0, 1.0, 1.0, 1.0, 1.0, 1.0, 1.0, 1.0, 1.0, 1.0, 1.0, 1.0, 1.0, 1.0, 1.0, 1.0, 1.0, 1.0, 1.0, 1.0, 1.0, 1.0, 1.0, 1.0, 1.0, 1.0, 1.0, 1.0, 1.0, 1.0, 1.0, 1.0, 1.0, 1.0, 1.0, 1.0, 1.0, 1.0, 1.0, 1.0, 1.0, 1.0, 1.0, 1.0, 1.0, 1.0, 1.0, 1.0, 1.0, 1.0, 1.0, 1.0, 1.0, 1.0, 1.0, 1.0, 1.0, 1.0, 1.0, 1.0, 1.0, 1.0, 1.0, 1.0, 1.0, 1.0, 1.0, 1.0, 1.0, 1.0, 1.0, 1.0, 1.0, 1.0, 1.0, 1.0, 1.0, 1.0, 1.0, 1.0, 1.0, 1.0, 1.0, 1.0, 1.0, 1.0, 1.0, 1.0]
val step Accs: [1.0, 1.0, 0.9998473282442748, 1.0, 1.0, 0.9989557953358859, 1.0, 0.9996017522899243, 1.0, 1.0, 1.0, 1.0, 0.9998150887573964, 1.0, 1.0, 0.9996266567108456, 1.0, 1.0, 1.0, 1.0, 1.0, 0.9992895204262877, 1.0, 1.0, 1.0, 1.0, 1.0]
Preds: [17, 17, 30, 30, 213, 213, 324, 464, 464, 464, 464, 443, 443, 443, 282, 240, 388, 216, 465, 29, 29, 302, 496, 319, 242, 240, 337, 219, 219, 324, 324, 324, 324, 252, 301, 301, 183, 183, 183, 278, 278, 278, 258, 258, 271, 31, 162, 54, 54, 482, 482, 224, 224, 273, 273, 470, 180, 443, 443, 355, 450, 169, 173, 130, 402, 402, 183, 242, 360, 360, 324, 219, 219, 464, 464, 464, 106, 153, 88, 88, 346, 346, 346, 284, 284, 405, 206, 206, 206, 293, 293, 43, 276, 276, 276, 182, 182, 182, 182, 182, 182, 387, 387, 330, 330, 330, 379, 379, 77, 478, 323, 54, 172, 224, 224, 273, 273, 397, 153, 153, 100, 497, 497, 497, 122, 122, 205, 205, 261, 25, 351, 213, 213, 213, 252, 143, 99, 99, 436, 436, 60, 60, 298, 298, 116, 303, 303, 48, 229, 229, 321, 247, 312, 292, 292, 23, 408, 408, 408, 321, 321, 320, 188, 152, 152, 374, 374, 301, 301, 378, 378, 259, 354, 106, 106, 284, 284, 284, 284, 284, 376, 206, 206, 206, 169, 169, 150, 150, 323, 323, 323, 224, 273, 106, 106, 151, 443, 240, 240, 388, 175, 175, 241, 431, 431, 443, 443, 460, 240, 385, 35, 440, 440, 440, 207, 207, 207, 207, 19, 19, 219, 219, 219, 219, 219, 144, 144, 27, 27, 156, 499, 499, 468, 59, 59, 452, 452, 193, 17, 420, 435, 435, 435, 435, 435, 435, 435, 435, 435, 435, 435, 435, 435, 435, 435, 435, 435, 435, 435, 435, 435, 435, 435, 435, 435, 435, 435, 435, 435, 435, 435, 435, 435, 435, 435, 435, 435, 435, 435, 435, 435, 435, 435, 435, 435, 435, 435, 435, 435, 435, 435, 435, 435, 435, 435, 435, 435, 435, 435, 435, 435, 435, 435, 435, 435, 435, 435, 435, 435, 435, 435, 435, 435, 435, 435, 435, 435, 435, 435, 435, 435, 435, 435, 435, 435, 435, 435, 435, 435, 435, 435, 435, 435, 435, 435, 435, 435, 435, 435, 435, 435, 435, 435, 435, 435, 435, 435, 435, 435, 435, 435, 435, 435, 435, 435, 435, 435, 435, 435, 435, 435, 435, 435, 435, 435, 435, 435, 435, 435, 435, 435, 435, 435, 435, 435, 435, 435, 435, 435, 435, 435, 435, 435, 435, 435, 435, 435, 435, 435, 435, 435, 435, 435, 435, 435, 435, 435, 435, 435, 435, 435, 435, 435, 435, 435, 435, 435, 435, 435, 435, 435, 435, 435, 435, 435, 435, 435, 435, 435, 435, 435, 435, 435, 435, 435, 435, 435, 435, 435, 435, 435, 435, 435, 435, 435, 435, 435, 435, 435, 435, 435, 435, 435, 435, 435, 435, 435, 435, 435, 435, 435, 435, 435, 435, 435, 435, 435, 435, 435, 435, 435, 435, 435, 435, 435, 435, 435, 435, 435, 435, 435, 435, 435, 435, 435, 435, 435, 435, 435, 435, 435, 435, 435, 435, 435, 435, 435, 435, 435, 435, 435, 435, 435, 435, 435, 435, 435, 435, 435, 435, 435, 435, 435, 435, 435, 435, 435, 435, 435, 435, 435, 435, 435, 435, 435, 435, 435, 435, 435, 435, 435, 435, 435, 435, 435, 435, 435, 435, 435, 435, 435, 435, 435, 435, 435, 435, 435, 435, 435, 435, 435, 435, 435, 435, 435, 435, 435, 435, 435, 435, 435, 435, 435, 435, 435, 435, 435, 435, 435, 435, 435, 435, 435, 435, 435, 435, 435, 435, 435, 435, 435, 435, 435, 435, 435, 435, 435, 435, 435, 435, 435, 435, 435, 435, 435, 435, 435, 435, 435, 435, 435, 435, 435, 435, 435, 435, 435, 435, 435, 435]

ep351
Train step Loss: [0.9456140995025635, 0.9455689787864685, 0.9455246925354004, 0.9455398321151733, 0.9456133842468262, 0.9455462098121643, 0.9455015659332275, 0.9455497860908508, 0.9456064105033875, 0.9454888105392456, 0.9455685019493103, 0.9455509781837463, 0.9455722570419312, 0.9455991983413696, 0.9455782175064087, 0.9455775618553162, 0.9455403089523315, 0.9455061554908752, 0.9455716013908386, 0.9455556869506836, 0.9455060362815857, 0.9455581903457642, 0.9455578327178955, 0.9455589652061462, 0.9455377459526062, 0.9455574750900269, 0.9455595016479492, 0.9455105662345886, 0.9455411434173584, 0.9455593824386597, 0.9455294609069824, 0.9455650448799133, 0.9455933570861816, 0.9454889297485352, 0.9455481171607971, 0.9455296993255615, 0.9455007910728455, 0.9455034136772156, 0.9454971551895142, 0.9455388188362122, 0.9454911351203918, 0.945532500743866, 0.9455166459083557, 0.9455417394638062, 0.9455756545066833, 0.9455695748329163, 0.9455939531326294, 0.9456257820129395, 0.9455289244651794, 0.9455366134643555, 0.9455747604370117, 0.9455180168151855, 0.9455287456512451, 0.9455666542053223, 0.9454957842826843, 0.945537269115448, 0.9455254077911377, 0.9454818964004517, 0.9455068707466125, 0.9455655813217163, 0.9455156326293945, 0.9455609321594238, 0.9455106854438782, 0.9455811381340027, 0.9455784559249878, 0.9454825520515442, 0.945516049861908, 0.9454978108406067, 0.9455467462539673, 0.9455578327178955, 0.9455323219299316, 0.945517897605896, 0.9454909563064575, 0.9455165863037109, 0.9455981850624084, 0.9455965757369995, 0.945479154586792, 0.9455359578132629, 0.9455075263977051, 0.9455235004425049, 0.9455695748329163, 0.9456505179405212, 0.9454683065414429, 0.9456008672714233, 0.945550262928009, 0.945633053779602, 0.9455171227455139, 0.945501446723938, 0.9455323815345764, 0.9455059766769409, 0.9455768465995789, 0.9456440806388855, 0.9455974102020264, 0.9454821348190308, 0.9455664157867432, 0.9455058574676514, 0.9455853700637817, 0.9454395771026611, 0.9455255270004272, 0.9455012083053589, 0.9455356597900391, 0.9454326033592224, 0.9455873966217041, 0.9455704092979431, 0.9455572366714478]
val step Loss: [0.9457550048828125, 0.9457858800888062, 0.9456387162208557, 0.9467279314994812, 0.9457717537879944, 0.949309766292572, 0.9458187818527222, 0.9459348917007446, 0.9459501504898071, 0.9456973671913147, 0.9471347332000732, 0.9458178281784058, 0.9473624229431152, 0.9458622932434082, 0.9466457962989807, 0.9466575980186462, 0.9457581639289856, 0.9510238170623779, 0.9457123279571533, 0.9457574486732483, 0.9456173777580261, 0.9457262754440308, 0.9457417726516724, 0.9458848834037781, 0.9456168413162231, 0.9456560611724854, 0.9459666609764099]
Train step Accs: [1.0, 1.0, 1.0, 1.0, 1.0, 1.0, 1.0, 1.0, 1.0, 1.0, 1.0, 1.0, 1.0, 1.0, 1.0, 1.0, 1.0, 1.0, 1.0, 1.0, 1.0, 1.0, 1.0, 1.0, 1.0, 1.0, 1.0, 1.0, 1.0, 1.0, 1.0, 1.0, 1.0, 1.0, 1.0, 1.0, 1.0, 1.0, 1.0, 1.0, 1.0, 1.0, 1.0, 1.0, 1.0, 1.0, 1.0, 1.0, 1.0, 1.0, 1.0, 1.0, 1.0, 1.0, 1.0, 1.0, 1.0, 1.0, 1.0, 1.0, 1.0, 1.0, 1.0, 1.0, 1.0, 1.0, 1.0, 1.0, 1.0, 1.0, 1.0, 1.0, 1.0, 1.0, 1.0, 1.0, 1.0, 1.0, 1.0, 1.0, 1.0, 1.0, 1.0, 1.0, 1.0, 1.0, 1.0, 1.0, 1.0, 1.0, 1.0, 1.0, 1.0, 1.0, 1.0, 1.0, 1.0, 1.0, 1.0, 1.0, 1.0, 1.0, 1.0, 1.0, 1.0]
val step Accs: [1.0, 1.0, 1.0, 0.9998216833095578, 1.0, 0.9993641710379908, 1.0, 1.0, 1.0, 1.0, 0.9997835966241073, 1.0, 0.9996942363552973, 1.0, 0.9998456075343524, 0.9998393058010606, 1.0, 0.9990480723465016, 1.0, 1.0, 1.0, 1.0, 1.0, 1.0, 1.0, 1.0, 1.0]
Preds: [17, 17, 17, 70, 70, 70, 70, 65, 65, 284, 284, 315, 315, 315, 460, 406, 406, 406, 406, 406, 467, 134, 375, 98, 98, 98, 98, 13, 13, 229, 82, 82, 312, 126, 292, 292, 326, 408, 408, 408, 408, 228, 228, 244, 320, 7, 188, 152, 152, 374, 374, 406, 406, 467, 288, 456, 134, 378, 43, 43, 43, 276, 346, 346, 346, 284, 376, 460, 206, 240, 385, 35, 77, 342, 342, 86, 183, 219, 152, 152, 378, 88, 274, 497, 43, 416, 8, 239, 208, 208, 441, 153, 387, 387, 274, 122, 236, 239, 239, 310, 107, 107, 107, 395, 395, 180, 315, 315, 319, 450, 450, 43, 43, 276, 276, 109, 109, 403, 146, 324, 301, 301, 251, 251, 251, 241, 431, 403, 171, 171, 171, 171, 301, 378, 43, 364, 364, 364, 276, 345, 345, 141, 186, 31, 342, 342, 342, 224, 273, 483, 106, 284, 284, 206, 206, 175, 251, 241, 431, 486, 486, 460, 240, 240, 314, 239, 239, 384, 114, 180, 486, 486, 486, 282, 388, 94, 94, 94, 199, 41, 19, 19, 19, 454, 454, 229, 170, 392, 392, 392, 392, 392, 187, 187, 12, 12, 23, 23, 23, 23, 101, 391, 391, 228, 73, 73, 321, 287, 287, 287, 284, 284, 450, 43, 88, 276, 174, 109, 109, 438, 146, 324, 324, 301, 301, 251, 251, 251, 241, 431, 403, 403, 171, 171, 171, 171, 301, 301, 378, 43, 43, 364, 276, 276, 345, 387, 141, 186, 162, 232, 54, 172, 172, 172, 115, 273, 106, 375, 375, 98, 98, 98, 98, 98, 13, 13, 414, 229, 82, 247, 312, 126, 23, 23, 23, 408, 391, 391, 391, 73, 73, 73, 73, 244, 209, 287, 287, 284, 284, 450, 293, 43, 43, 276, 276, 174, 109, 109, 438, 146, 324, 324, 422, 186, 99, 338, 338, 338, 338, 338, 338, 395, 395, 470, 264, 264, 264, 264, 120, 120, 240, 240, 175, 175, 431, 431, 486, 486, 460, 240, 240, 314, 239, 239, 384, 371, 180, 180, 486, 486, 282, 282, 388, 94, 94, 10, 303, 199, 41, 19, 19, 19, 454, 229, 170, 170, 392, 392, 244, 392, 392, 392, 63, 63, 392, 392, 73, 73, 244, 320, 7, 473, 473, 476, 171, 171, 252, 24, 239, 310, 107, 395, 324, 324, 26, 26, 359, 81, 166, 191, 324, 301, 251, 251, 251, 241, 431, 106, 496, 274, 416, 8, 239, 144, 208, 106, 387, 387, 206, 240, 35, 36, 36, 108, 224, 273, 355, 355, 355, 452, 420, 435, 435, 435, 435, 435, 435, 435, 435, 435, 435, 435, 435, 435, 435, 435, 435, 435, 435, 435, 435, 435, 435, 435, 435, 435, 435, 435, 435, 435, 435, 435, 435, 435, 435, 435, 435, 435, 435, 435, 435, 435, 435, 435, 435, 435, 435, 435, 435, 435, 435, 435, 435, 435, 435, 435, 435, 435, 435, 435, 435, 435, 435, 435, 435, 435, 435, 435, 435, 435, 435, 435, 435, 435, 435, 435, 435, 435, 435, 435, 435, 435, 435, 435, 435, 435, 435, 435, 435, 435, 435, 435, 435, 435, 435, 435, 435, 435, 435, 435, 435, 435, 435, 435, 435, 435, 435, 435, 435, 435, 435, 435, 435, 435, 435, 435, 435, 435, 435, 435, 435, 435, 435, 435, 435, 435, 435, 435, 435, 435, 435, 435, 435, 435, 435, 435, 435, 435, 435, 435, 435, 435, 435, 435, 435, 435, 435, 435, 435, 435, 435, 435, 435, 435, 435, 435, 435, 435, 435, 435, 435, 435, 435, 435, 435, 435, 435, 435, 435, 435, 435, 435, 435, 435, 435, 435, 435, 435, 435, 435]

ep352
Train step Loss: [0.9455323219299316, 0.945526123046875, 0.9455092549324036, 0.945545494556427, 0.9455161690711975, 0.9455150365829468, 0.94554203748703, 0.9455236196517944, 0.9455435872077942, 0.945550799369812, 0.9455464482307434, 0.9455626010894775, 0.9454940557479858, 0.9455699324607849, 0.9455884099006653, 0.9455844163894653, 0.945580244064331, 0.9454971551895142, 0.9455897212028503, 0.945542573928833, 0.9455360174179077, 0.9455146193504333, 0.945536732673645, 0.9454808831214905, 0.9455114006996155, 0.9455131888389587, 0.9455809593200684, 0.9455536007881165, 0.9456108212471008, 0.9454938173294067, 0.9455440044403076, 0.945566713809967, 0.9454765319824219, 0.9455270171165466, 0.9454882740974426, 0.9455572366714478, 0.9456241130828857, 0.945539116859436, 0.9455246329307556, 0.945478618144989, 0.9455701112747192, 0.9455267786979675, 0.9455491900444031, 0.9455332159996033, 0.9455652832984924, 0.9455399513244629, 0.9454869031906128, 0.9455538988113403, 0.9455889463424683, 0.9455211162567139, 0.9455532431602478, 0.9456053972244263, 0.9456125497817993, 0.9455151557922363, 0.9455169439315796, 0.9455560445785522, 0.945499062538147, 0.9455224275588989, 0.9455355405807495, 0.945547878742218, 0.9456214904785156, 0.9455205202102661, 0.945613443851471, 0.9454506039619446, 0.9455405473709106, 0.9455897212028503, 0.9455439448356628, 0.9455567002296448, 0.945520281791687, 0.94551020860672, 0.9455501437187195, 0.9455235004425049, 0.9455715417861938, 0.9455583691596985, 0.9455747008323669, 0.9455474615097046, 0.9455151557922363, 0.9455770254135132, 0.9455649852752686, 0.945529043674469, 0.9456028342247009, 0.9454929828643799, 0.9454957842826843, 0.9455338716506958, 0.9455301761627197, 0.9455578923225403, 0.945500373840332, 0.9455698728561401, 0.94551682472229, 0.9455203413963318, 0.9455716609954834, 0.9455541968345642, 0.9455898404121399, 0.945542573928833, 0.9455165266990662, 0.945558488368988, 0.9455631971359253, 0.945543646812439, 0.945448637008667, 0.945549488067627, 0.9455552101135254, 0.9455440044403076, 0.9455538392066956, 0.9454854726791382, 0.945580005645752]
val step Loss: [0.945736289024353, 0.9456671476364136, 0.9467343091964722, 0.9457514882087708, 0.9457408785820007, 0.9468514919281006, 0.9475634694099426, 0.9456688761711121, 0.945738673210144, 0.9460108280181885, 0.9466673135757446, 0.9456543922424316, 0.9458265900611877, 0.9458134770393372, 0.9457708597183228, 0.9494528770446777, 0.9458466172218323, 0.9467270374298096, 0.9457546472549438, 0.9457231163978577, 0.9457952976226807, 0.9457963109016418, 0.9456988573074341, 0.9457785487174988, 0.9457383155822754, 0.9514985084533691, 0.9458202123641968]
Train step Accs: [1.0, 1.0, 1.0, 1.0, 1.0, 1.0, 1.0, 1.0, 1.0, 1.0, 1.0, 1.0, 1.0, 1.0, 1.0, 1.0, 1.0, 1.0, 1.0, 1.0, 1.0, 1.0, 1.0, 1.0, 1.0, 1.0, 1.0, 1.0, 1.0, 1.0, 1.0, 1.0, 1.0, 1.0, 1.0, 1.0, 1.0, 1.0, 1.0, 1.0, 1.0, 1.0, 1.0, 1.0, 1.0, 1.0, 1.0, 1.0, 1.0, 1.0, 1.0, 1.0, 1.0, 1.0, 1.0, 1.0, 1.0, 1.0, 1.0, 1.0, 1.0, 1.0, 1.0, 1.0, 1.0, 1.0, 1.0, 1.0, 1.0, 1.0, 1.0, 1.0, 1.0, 1.0, 1.0, 1.0, 1.0, 1.0, 1.0, 1.0, 1.0, 1.0, 1.0, 1.0, 1.0, 1.0, 1.0, 1.0, 1.0, 1.0, 1.0, 1.0, 1.0, 1.0, 1.0, 1.0, 1.0, 1.0, 1.0, 1.0, 1.0, 1.0, 1.0, 1.0, 1.0]
val step Accs: [1.0, 1.0, 0.9998276753403412, 1.0, 1.0, 0.999827258593885, 0.9996812749003984, 1.0, 1.0, 1.0, 0.9998281786941581, 1.0, 1.0, 1.0, 1.0, 0.9993227226549272, 1.0, 0.9998596688184115, 1.0, 1.0, 1.0, 1.0, 1.0, 1.0, 1.0, 0.9989438479140996, 1.0]
Preds: [17, 17, 217, 217, 473, 473, 65, 443, 443, 443, 171, 171, 416, 416, 32, 239, 239, 107, 395, 180, 84, 84, 355, 355, 98, 98, 98, 13, 13, 229, 229, 247, 312, 312, 126, 126, 326, 101, 101, 149, 149, 20, 289, 320, 7, 473, 473, 65, 476, 171, 252, 143, 36, 36, 449, 449, 400, 324, 324, 301, 325, 325, 34, 166, 324, 324, 324, 301, 251, 251, 251, 241, 431, 106, 496, 274, 274, 43, 8, 8, 32, 354, 208, 441, 441, 442, 98, 98, 48, 48, 170, 20, 170, 20, 20, 28, 20, 28, 312, 187, 187, 187, 2, 2, 2, 2, 163, 163, 20, 163, 163, 73, 20, 73, 289, 20, 209, 287, 287, 284, 284, 111, 450, 43, 43, 276, 276, 276, 276, 387, 387, 387, 406, 406, 406, 467, 337, 337, 278, 258, 31, 342, 54, 86, 224, 224, 224, 302, 302, 497, 413, 399, 217, 217, 473, 473, 398, 398, 398, 286, 286, 468, 406, 406, 380, 380, 499, 284, 426, 426, 98, 98, 98, 13, 414, 414, 170, 47, 47, 47, 47, 80, 80, 20, 80, 7, 7, 7, 217, 217, 473, 473, 65, 264, 264, 264, 264, 468, 468, 406, 406, 337, 337, 337, 324, 301, 359, 251, 251, 241, 166, 324, 324, 324, 301, 301, 251, 251, 241, 241, 431, 84, 84, 293, 497, 416, 8, 239, 208, 27, 106, 387, 206, 240, 385, 36, 108, 342, 224, 224, 273, 355, 355, 355, 435, 435, 420, 420, 420, 420, 420, 435, 435, 435, 435, 435, 435, 435, 435, 435, 435, 435, 435, 435, 435, 435, 435, 435, 435, 435, 435, 435, 435, 435, 435, 435, 435, 435, 435, 435, 435, 435, 435, 435, 435, 435, 435, 435, 435, 435, 435, 435, 435, 435, 435, 435, 435, 435, 435, 435, 435, 435, 435, 435, 435, 435, 435, 435, 435, 435, 435, 435, 435, 435, 435, 435, 435, 435, 435, 435, 435, 435, 435, 435, 435, 435, 435, 435, 435, 435, 435, 435, 435, 435, 435, 435, 435, 435, 435, 435, 435, 435, 435, 435, 435, 435, 435, 435, 435, 435, 435, 435, 435, 435, 435, 435, 435, 435, 435, 435, 435, 435, 435, 435, 435, 435, 435, 435, 435, 435, 435, 435, 435, 435, 435, 435, 435, 435, 435, 435, 435, 435, 435, 435, 435, 435, 435, 435, 435, 435, 435, 435, 435, 435, 435, 435, 435, 435, 435, 435, 435, 435, 435, 435, 435, 435, 435, 435, 435, 435, 435, 435, 435, 435, 435, 435, 435, 435, 435, 435, 435, 435, 435, 435, 435, 435, 435, 435, 435, 435, 435, 435, 435, 435, 435, 435, 435, 435, 435, 435, 435, 435, 435, 435, 435, 435, 435, 435, 435, 435, 435, 435, 435, 435, 435, 435, 435, 435, 435, 435, 435, 435, 435, 435, 435, 435, 435, 435, 435, 435, 435, 435, 435, 435, 435, 435, 435, 435, 435, 435, 435, 435, 435, 435, 435, 435, 435, 435, 435, 435, 435, 435, 435, 435, 435, 435, 435, 435, 435, 435, 435, 435, 435, 435, 435, 435, 435, 435, 435, 435, 435, 435, 435, 435, 435, 435, 435, 435, 435, 435, 435, 435, 435, 435, 435, 435, 435, 435, 435, 435, 435, 435, 435, 435, 435, 435, 435, 435, 435, 435, 435, 435, 435, 435, 435, 435, 435, 435, 435, 435, 435, 435, 435, 435, 435, 435, 435, 435, 435, 435, 435, 435, 435, 435, 435, 435, 435, 435, 435, 435, 435, 435, 435, 435, 435, 435, 435, 435, 435, 435, 435, 435, 435, 435, 435, 435, 435, 435, 435, 435, 435, 435, 435, 435, 435, 435, 435, 435, 435, 435]

ep353
Train step Loss: [0.9455617070198059, 0.9456217885017395, 0.9455738663673401, 0.9455550312995911, 0.9455664753913879, 0.9455002546310425, 0.9455056190490723, 0.9455175995826721, 0.9454923868179321, 0.9455211162567139, 0.9454822540283203, 0.9456169009208679, 0.945593535900116, 0.9455453157424927, 0.9455623030662537, 0.945536732673645, 0.9454761147499084, 0.9455446004867554, 0.9455634355545044, 0.94552081823349, 0.9455446004867554, 0.9455147385597229, 0.9455113410949707, 0.945505678653717, 0.945540726184845, 0.9455240368843079, 0.9455599784851074, 0.9455365538597107, 0.9455531239509583, 0.9454719424247742, 0.945545494556427, 0.945571780204773, 0.9456157684326172, 0.9455685615539551, 0.945530116558075, 0.9455366134643555, 0.9455230832099915, 0.9455337524414062, 0.9455376863479614, 0.9456425309181213, 0.9455468654632568, 0.945558488368988, 0.9454715251922607, 0.9455609321594238, 0.9455376863479614, 0.9455261826515198, 0.9455277323722839, 0.945536732673645, 0.9456176161766052, 0.9455336928367615, 0.9455312490463257, 0.9455052614212036, 0.9455180764198303, 0.9455462694168091, 0.9455272555351257, 0.9455469846725464, 0.9454935193061829, 0.9455981254577637, 0.9455632567405701, 0.9455111622810364, 0.9455604553222656, 0.9455263614654541, 0.9455771446228027, 0.9455373883247375, 0.9455328583717346, 0.9455150961875916, 0.945543646812439, 0.9455457329750061, 0.9455123543739319, 0.9455075860023499, 0.9455618262290955, 0.9455222487449646, 0.9455534219741821, 0.9455174207687378, 0.9456169605255127, 0.9455624222755432, 0.9455100297927856, 0.9455251693725586, 0.9454877376556396, 0.945530891418457, 0.9455077648162842, 0.9456482529640198, 0.9456112384796143, 0.9455205202102661, 0.9455649256706238, 0.9455590844154358, 0.9455388784408569, 0.9455304741859436, 0.9456133842468262, 0.945524275302887, 0.9454669952392578, 0.9454987645149231, 0.9455975294113159, 0.9455705285072327, 0.9455512166023254, 0.945549726486206, 0.9455310702323914, 0.945585310459137, 0.9455742239952087, 0.9455607533454895, 0.9455985426902771, 0.9455612301826477, 0.9454877376556396, 0.9455797672271729, 0.9455185532569885]
val step Loss: [0.9473973512649536, 0.9457213282585144, 0.9457643032073975, 0.9458683133125305, 0.9457545280456543, 0.9457391500473022, 0.9467207193374634, 0.9496936798095703, 0.945823073387146, 0.9457248449325562, 0.9458420872688293, 0.945796549320221, 0.9458408951759338, 0.945936918258667, 0.9456621408462524, 0.9457701444625854, 0.9466574788093567, 0.9464882612228394, 0.9458478093147278, 0.9457507133483887, 0.9458025693893433, 0.9458636045455933, 0.9457340836524963, 0.9468289613723755, 0.9458366632461548, 0.9503899216651917, 0.9457308650016785]
Train step Accs: [1.0, 1.0, 1.0, 1.0, 1.0, 1.0, 1.0, 1.0, 1.0, 1.0, 1.0, 1.0, 1.0, 1.0, 1.0, 1.0, 1.0, 1.0, 1.0, 1.0, 1.0, 1.0, 1.0, 1.0, 1.0, 1.0, 1.0, 1.0, 1.0, 1.0, 1.0, 1.0, 1.0, 1.0, 1.0, 1.0, 1.0, 1.0, 1.0, 1.0, 1.0, 1.0, 1.0, 1.0, 1.0, 1.0, 1.0, 1.0, 1.0, 1.0, 1.0, 1.0, 1.0, 1.0, 1.0, 1.0, 1.0, 1.0, 1.0, 1.0, 1.0, 1.0, 1.0, 1.0, 1.0, 1.0, 1.0, 1.0, 1.0, 1.0, 1.0, 1.0, 1.0, 1.0, 1.0, 1.0, 1.0, 1.0, 1.0, 1.0, 1.0, 1.0, 1.0, 1.0, 1.0, 1.0, 1.0, 1.0, 1.0, 1.0, 1.0, 1.0, 1.0, 1.0, 1.0, 1.0, 1.0, 1.0, 1.0, 1.0, 1.0, 1.0, 1.0, 1.0, 1.0]
val step Accs: [0.999692733138731, 1.0, 1.0, 1.0, 1.0, 1.0, 0.9998268997749697, 0.9992831541218637, 1.0, 1.0, 1.0, 1.0, 1.0, 1.0, 1.0, 1.0, 0.999847607436757, 0.9998498723915328, 1.0, 1.0, 1.0, 1.0, 1.0, 0.9998180825905039, 1.0, 0.9991507430997877, 1.0]
Preds: [17, 17, 70, 70, 70, 70, 65, 65, 284, 486, 315, 315, 315, 315, 468, 406, 406, 406, 406, 406, 406, 467, 134, 302, 375, 375, 98, 98, 48, 48, 229, 229, 244, 247, 312, 312, 126, 326, 326, 101, 101, 149, 149, 228, 82, 83, 287, 287, 284, 450, 43, 43, 276, 276, 276, 276, 346, 387, 387, 387, 406, 42, 42, 147, 337, 337, 324, 278, 31, 162, 54, 54, 482, 482, 482, 224, 273, 494, 494, 203, 399, 217, 217, 217, 473, 398, 219, 219, 286, 286, 301, 406, 406, 380, 380, 499, 499, 284, 426, 98, 98, 98, 98, 13, 414, 414, 170, 244, 392, 392, 392, 244, 187, 187, 12, 201, 201, 392, 392, 392, 392, 392, 392, 73, 73, 244, 209, 188, 188, 264, 264, 264, 264, 468, 468, 406, 406, 147, 337, 337, 337, 324, 324, 301, 26, 251, 251, 251, 251, 241, 431, 486, 376, 376, 376, 376, 460, 169, 169, 263, 263, 225, 225, 237, 237, 249, 82, 237, 225, 225, 225, 197, 197, 82, 209, 411, 157, 153, 387, 387, 143, 143, 129, 129, 458, 82, 208, 208, 441, 437, 100, 153, 182, 375, 98, 98, 98, 17, 420, 420, 420, 420, 420, 420, 420, 420, 420, 420, 420, 420, 420, 420, 420, 420, 420, 420, 420, 420, 420, 420, 420, 420, 420, 420, 420, 420, 420, 420, 420, 420, 420, 420, 420, 420, 420, 420, 420, 420, 420, 420, 420, 420, 420, 420, 420, 420, 420, 420, 420, 420, 420, 420, 420, 420, 420, 420, 420, 420, 420, 420, 420, 420, 420, 420, 420, 420, 420, 420, 420, 420, 420, 420, 420, 420, 420, 420, 420, 420, 420, 420, 420, 420, 420, 420, 420, 420, 420, 420, 420, 420, 420, 420, 420, 420, 420, 420, 420, 420, 420, 420, 420, 420, 420, 420, 420, 420, 420, 420, 420, 420, 420, 420, 420, 420, 420, 420, 420, 420, 420, 420, 420, 420, 420, 420, 420, 420, 420, 420, 420, 420, 420, 420, 420, 420, 420, 420, 420, 420, 420, 420, 420, 420, 420, 420, 420, 420, 420, 420, 420, 420, 420, 420, 420, 420, 420, 420, 420, 420, 420, 420, 420, 420, 420, 420, 420, 420, 420, 420, 420, 420, 420, 420, 420, 420, 420, 420, 420, 420, 420, 420, 420, 420, 420, 420, 420, 420, 420, 420, 420, 420, 420, 420, 420, 420, 420, 420, 420, 420, 420, 420, 420, 420, 420, 420, 420, 420, 420, 420, 420, 420, 420, 420, 420, 420, 420, 420, 420, 420, 420, 420, 420, 420, 420, 420, 420, 420, 420, 420, 420, 420, 420, 420, 420, 420, 420, 420, 420, 420, 420, 420, 420, 420, 420, 420, 420, 420, 420, 420, 420, 420, 420, 420, 420, 420, 420, 420, 420, 420, 420, 420, 420, 420, 420, 420, 420, 420, 420, 420, 420, 420, 420, 420, 420, 420, 420, 420, 420, 420, 420, 420, 420, 420, 420, 420, 420, 420, 420, 420, 420, 420, 420, 420, 420, 420, 420, 420, 420, 420, 420, 420, 420, 420, 420, 420, 420, 420, 420, 420, 420, 420, 420, 420, 420, 420, 420, 420, 420, 420, 420, 420, 420, 420, 420, 420, 420, 420, 420, 420, 420, 420, 420, 420, 420, 420, 420, 420, 420, 420, 420, 420, 420, 420, 420, 420, 420, 420, 420, 420, 420, 420, 420, 420, 420, 420, 420, 420, 420, 420, 420, 420, 420, 420, 420, 420, 420, 420, 420, 420, 420, 420, 420, 420, 420, 420, 420, 420, 420, 420, 420, 420, 420, 420, 420, 420, 420, 420, 420, 420, 420, 420, 420, 420, 420, 420, 420, 420, 420, 420, 420, 420]

ep354
Train step Loss: [0.94563227891922, 0.9456009864807129, 0.945509135723114, 0.9455429315567017, 0.9455381035804749, 0.94558185338974, 0.945451021194458, 0.9455945491790771, 0.9456161260604858, 0.9456398487091064, 0.9456071853637695, 0.9455562829971313, 0.9455704689025879, 0.9455856084823608, 0.9455623626708984, 0.945574164390564, 0.9455257058143616, 0.9455293416976929, 0.9455581903457642, 0.9455229043960571, 0.9455371499061584, 0.9455573558807373, 0.9455532431602478, 0.9455189108848572, 0.9455803632736206, 0.9455551505088806, 0.9455865025520325, 0.9455926418304443, 0.9455486536026001, 0.9455974698066711, 0.9455772042274475, 0.9455848932266235, 0.9454993605613708, 0.9455533623695374, 0.9455832839012146, 0.9455732703208923, 0.9455663561820984, 0.9455623626708984, 0.9455747604370117, 0.9455188512802124, 0.9455419778823853, 0.9455011487007141, 0.9455569386482239, 0.9455105066299438, 0.945538341999054, 0.9455780386924744, 0.9455515742301941, 0.9455590844154358, 0.9456139206886292, 0.9456128478050232, 0.945464551448822, 0.9455767869949341, 0.9455299377441406, 0.9455744028091431, 0.9455646872520447, 0.9455727934837341, 0.9455915689468384, 0.9456018805503845, 0.9456205368041992, 0.9455339908599854, 0.9456109404563904, 0.9455268979072571, 0.9456102252006531, 0.9455413222312927, 0.9455957412719727, 0.9455373883247375, 0.9455299377441406, 0.9455595016479492, 0.9455589652061462, 0.9455639719963074, 0.9455516338348389, 0.9455124735832214, 0.9455488920211792, 0.9455550312995911, 0.9455217719078064, 0.9455459713935852, 0.945561408996582, 0.9455828666687012, 0.9455799460411072, 0.9455398321151733, 0.9455354809761047, 0.9454587697982788, 0.9455242156982422, 0.9455277323722839, 0.9454865455627441, 0.9454978704452515, 0.9455811381340027, 0.9456214308738708, 0.9455003142356873, 0.9454931020736694, 0.94545978307724, 0.9455639123916626, 0.9455102682113647, 0.9455161094665527, 0.9454901814460754, 0.945565402507782, 0.9455053806304932, 0.9455956816673279, 0.9455652236938477, 0.9455156326293945, 0.9455277919769287, 0.9455874562263489, 0.9455556869506836, 0.9455835223197937, 0.9455828666687012]
val step Loss: [0.9458833932876587, 0.9457128047943115, 0.9458286166191101, 0.9466803669929504, 0.945759117603302, 0.9457318782806396, 0.9456830024719238, 0.9499059915542603, 0.9456579089164734, 0.9458136558532715, 0.945773184299469, 0.9457656145095825, 0.9468224048614502, 0.9466079473495483, 0.9457337856292725, 0.9457706809043884, 0.9475852251052856, 0.9467269778251648, 0.9513775706291199, 0.9458072781562805, 0.9457795023918152, 0.9457117319107056, 0.9458481669425964, 0.9457306861877441, 0.9458535313606262, 0.9456772208213806, 0.9457216858863831]
Train step Accs: [1.0, 1.0, 1.0, 1.0, 1.0, 1.0, 1.0, 1.0, 1.0, 1.0, 1.0, 1.0, 1.0, 1.0, 1.0, 1.0, 1.0, 1.0, 1.0, 1.0, 1.0, 1.0, 1.0, 1.0, 1.0, 1.0, 1.0, 1.0, 1.0, 1.0, 1.0, 1.0, 1.0, 1.0, 1.0, 1.0, 1.0, 1.0, 1.0, 1.0, 1.0, 1.0, 1.0, 1.0, 1.0, 1.0, 1.0, 1.0, 1.0, 1.0, 1.0, 1.0, 1.0, 1.0, 1.0, 1.0, 1.0, 1.0, 1.0, 1.0, 1.0, 1.0, 1.0, 1.0, 1.0, 1.0, 1.0, 1.0, 1.0, 1.0, 1.0, 1.0, 1.0, 1.0, 1.0, 1.0, 1.0, 1.0, 1.0, 1.0, 1.0, 1.0, 1.0, 1.0, 1.0, 1.0, 1.0, 1.0, 1.0, 1.0, 1.0, 1.0, 1.0, 1.0, 1.0, 1.0, 1.0, 1.0, 1.0, 1.0, 1.0, 1.0, 1.0, 1.0, 1.0]
val step Accs: [1.0, 1.0, 1.0, 0.9998432601880878, 1.0, 1.0, 1.0, 0.9992458521870287, 1.0, 1.0, 1.0, 1.0, 0.999812874251497, 0.9998348745046235, 1.0, 1.0, 0.9996758508914101, 0.9998331108144193, 0.9989869998311667, 1.0, 1.0, 1.0, 1.0, 1.0, 1.0, 1.0, 1.0]
Preds: [17, 17, 17, 287, 284, 450, 450, 293, 293, 43, 43, 250, 276, 276, 346, 346, 284, 284, 284, 284, 206, 206, 169, 169, 150, 150, 342, 168, 219, 152, 152, 152, 374, 374, 374, 301, 314, 321, 259, 354, 114, 145, 443, 443, 330, 330, 348, 457, 43, 276, 276, 276, 174, 346, 346, 346, 284, 284, 284, 284, 284, 113, 450, 450, 293, 88, 88, 43, 276, 276, 297, 297, 297, 297, 297, 182, 182, 182, 182, 182, 182, 182, 375, 98, 98, 259, 441, 441, 441, 441, 153, 153, 153, 387, 387, 387, 387, 109, 109, 443, 443, 120, 403, 388, 325, 325, 41, 41, 41, 41, 41, 246, 19, 19, 19, 19, 19, 454, 229, 82, 229, 82, 126, 126, 292, 326, 408, 408, 244, 321, 321, 287, 287, 111, 111, 111, 111, 240, 240, 175, 175, 241, 431, 431, 431, 315, 284, 284, 113, 84, 293, 293, 293, 43, 43, 182, 182, 182, 182, 497, 497, 497, 497, 497, 122, 122, 122, 32, 239, 310, 310, 107, 107, 395, 395, 395, 470, 171, 171, 171, 171, 171, 171, 171, 246, 246, 246, 246, 19, 19, 17, 420, 420, 420, 420, 420, 420, 420, 420, 420, 420, 420, 420, 420, 420, 420, 420, 420, 420, 420, 420, 420, 420, 420, 420, 420, 420, 420, 420, 420, 420, 420, 420, 420, 420, 420, 420, 420, 420, 420, 420, 420, 420, 420, 420, 420, 420, 420, 420, 420, 420, 420, 420, 420, 420, 420, 420, 420, 420, 420, 420, 420, 420, 420, 420, 420, 420, 420, 420, 420, 420, 420, 420, 420, 420, 420, 420, 420, 420, 420, 420, 420, 420, 420, 420, 420, 420, 420, 420, 420, 420, 420, 420, 420, 420, 420, 420, 420, 420, 420, 420, 420, 420, 420, 420, 420, 420, 420, 420, 420, 420, 420, 420, 420, 420, 420, 420, 420, 420, 420, 420, 420, 420, 420, 420, 420, 420, 420, 420, 420, 420, 420, 420, 420, 420, 420, 420, 420, 420, 420, 420, 420, 420, 420, 420, 420, 420, 420, 420, 420, 420, 420, 420, 420, 420, 420, 420, 420, 420, 420, 420, 420, 420, 420, 420, 420, 420, 420, 420, 420, 420, 420, 420, 420, 420, 420, 420, 420, 420, 420, 420, 420, 420, 420, 420, 420, 420, 420, 420, 420, 420, 420, 420, 420, 420, 420, 420, 420, 420, 420, 420, 420, 420, 420, 420, 420, 420, 420, 420, 420, 420, 420, 420, 420, 420, 420, 420, 420, 420, 420, 420, 420, 420, 420, 420, 420, 420, 420, 420, 420, 420, 420, 420, 420, 420, 420, 420, 420, 420, 420, 420, 420, 420, 420, 420, 420, 420, 420, 420, 420, 420, 420, 420, 420, 420, 420, 420, 420, 420, 420, 420, 420, 420, 420, 420, 420, 420, 420, 420, 420, 420, 420, 420, 420, 420, 420, 420, 420, 420, 420, 420, 420, 420, 420, 420, 420, 420, 420, 420, 420, 420, 420, 420, 420, 420, 420, 420, 420, 420, 420, 420, 420, 420, 420, 420, 420, 420, 420, 420, 420, 420, 420, 420, 420, 420, 420, 420, 420, 420, 420, 420, 420, 420, 420, 420, 420, 420, 420, 420, 420, 420, 420, 420, 420, 420, 420, 420, 420, 420, 420, 420, 420, 420, 420, 420, 420, 420, 420, 420, 420, 420, 420, 420, 420, 420, 420, 420, 420, 420, 420, 420, 420, 420, 420, 420, 420, 420, 420, 420, 420, 420, 420, 420, 420, 420, 420, 420, 420, 420, 420, 420, 420, 420, 420, 420, 420, 420, 420, 420, 420, 420, 420, 420, 420, 420, 420, 420, 420, 420, 420, 420, 420, 420, 420, 420, 420, 420, 420, 420, 420]

ep355
Train step Loss: [0.9455667734146118, 0.945513129234314, 0.9455798864364624, 0.9455170035362244, 0.9455262422561646, 0.945507824420929, 0.9455335140228271, 0.9455336928367615, 0.9454981088638306, 0.9455276727676392, 0.9455692768096924, 0.9455512762069702, 0.9455223083496094, 0.9455623626708984, 0.9455866813659668, 0.9455640316009521, 0.9455454349517822, 0.9455145001411438, 0.94553542137146, 0.9455048441886902, 0.9455060362815857, 0.9454691410064697, 0.9455221891403198, 0.945571780204773, 0.9456353187561035, 0.9455177187919617, 0.9454744458198547, 0.9455961585044861, 0.9455592036247253, 0.9455379247665405, 0.9456514716148376, 0.9455047845840454, 0.9455784559249878, 0.9455820918083191, 0.9454761743545532, 0.9455626010894775, 0.9455353617668152, 0.9456374645233154, 0.9455479383468628, 0.9455579519271851, 0.9455423951148987, 0.9455016255378723, 0.9455597996711731, 0.9454890489578247, 0.9455371499061584, 0.945527970790863, 0.9455674886703491, 0.9455346465110779, 0.9455397129058838, 0.9455243945121765, 0.9455937147140503, 0.9455491900444031, 0.9455597996711731, 0.9455380439758301, 0.9455179572105408, 0.9455064535140991, 0.9455167055130005, 0.9456194639205933, 0.9455938339233398, 0.945496141910553, 0.9455419182777405, 0.9454991221427917, 0.9455580711364746, 0.9455132484436035, 0.9455530047416687, 0.9455481767654419, 0.9455608129501343, 0.9455282688140869, 0.9455375671386719, 0.945559561252594, 0.9455720782279968, 0.9456200003623962, 0.9455199241638184, 0.9455699324607849, 0.9455732107162476, 0.9455186128616333, 0.9455999135971069, 0.9454880356788635, 0.9455377459526062, 0.9455834627151489, 0.9455584287643433, 0.9455905556678772, 0.9456670880317688, 0.9455521106719971, 0.945726752281189, 0.9455148577690125, 0.9456378221511841, 0.9455192685127258, 0.945594310760498, 0.945601761341095, 0.9455407857894897, 0.9455540180206299, 0.9455301761627197, 0.9455747008323669, 0.945547342300415, 0.9455593824386597, 0.9456015825271606, 0.9454953670501709, 0.9456112384796143, 0.94549959897995, 0.9455456137657166, 0.9457017779350281, 0.9455530047416687, 0.9455796480178833, 0.9455286264419556]
val step Loss: [0.9458179473876953, 0.9475346803665161, 0.9458184242248535, 0.9457114934921265, 0.9457064867019653, 0.9466961026191711, 0.9456716179847717, 0.9457201957702637, 0.9466978311538696, 0.945816159248352, 0.9458391070365906, 0.9506389498710632, 0.9519534707069397, 0.9456900358200073, 0.9458093643188477, 0.9457165598869324, 0.9457595944404602, 0.9457132816314697, 0.9459463953971863, 0.9458174109458923, 0.9457436800003052, 0.9466738104820251, 0.946822464466095, 0.9457425475120544, 0.9457363486289978, 0.9457549452781677, 0.945753812789917]
Train step Accs: [1.0, 1.0, 1.0, 1.0, 1.0, 1.0, 1.0, 1.0, 1.0, 1.0, 1.0, 1.0, 1.0, 1.0, 1.0, 1.0, 1.0, 1.0, 1.0, 1.0, 1.0, 1.0, 1.0, 1.0, 1.0, 1.0, 1.0, 1.0, 1.0, 1.0, 1.0, 1.0, 1.0, 1.0, 1.0, 1.0, 1.0, 1.0, 1.0, 1.0, 1.0, 1.0, 1.0, 1.0, 1.0, 1.0, 1.0, 1.0, 1.0, 1.0, 1.0, 1.0, 1.0, 1.0, 1.0, 1.0, 1.0, 1.0, 1.0, 1.0, 1.0, 1.0, 1.0, 1.0, 1.0, 1.0, 1.0, 1.0, 1.0, 1.0, 1.0, 1.0, 1.0, 1.0, 1.0, 1.0, 1.0, 1.0, 1.0, 1.0, 1.0, 1.0, 1.0, 1.0, 1.0, 1.0, 1.0, 1.0, 1.0, 1.0, 1.0, 1.0, 1.0, 1.0, 1.0, 1.0, 1.0, 1.0, 1.0, 1.0, 1.0, 1.0, 1.0, 1.0, 1.0]
val step Accs: [1.0, 0.9996781461216607, 1.0, 1.0, 1.0, 0.9998389953308646, 1.0, 1.0, 0.9998232903339813, 1.0, 1.0, 0.9991144564976755, 0.9988694177501414, 1.0, 1.0, 1.0, 1.0, 1.0, 1.0, 1.0, 1.0, 0.9998194293968942, 0.9998169838945827, 1.0, 1.0, 1.0, 1.0]
Preds: [17, 17, 287, 111, 111, 240, 167, 17, 17, 259, 75, 273, 106, 494, 293, 293, 215, 35, 458, 144, 27, 27, 437, 437, 284, 284, 284, 284, 284, 306, 206, 206, 387, 406, 406, 406, 467, 467, 467, 134, 134, 375, 98, 98, 98, 98, 98, 48, 13, 229, 229, 170, 170, 47, 47, 244, 47, 391, 244, 244, 321, 321, 321, 320, 441, 441, 441, 346, 346, 293, 293, 293, 58, 29, 29, 242, 242, 348, 216, 199, 34, 188, 188, 420, 120, 120, 330, 37, 422, 310, 183, 395, 351, 351, 443, 443, 443, 486, 460, 460, 169, 150, 323, 395, 395, 395, 382, 382, 313, 313, 313, 99, 219, 395, 395, 374, 374, 213, 171, 360, 252, 252, 143, 196, 70, 473, 398, 374, 374, 374, 374, 374, 374, 374, 152, 318, 257, 186, 31, 162, 482, 482, 482, 142, 397, 273, 153, 153, 276, 473, 473, 288, 290, 290, 213, 246, 246, 246, 246, 246, 301, 422, 143, 259, 259, 22, 283, 250, 153, 153, 153, 276, 153, 153, 182, 182, 182, 387, 387, 372, 250, 147, 147, 380, 380, 499, 499, 265, 265, 85, 85, 85, 169, 169, 368, 99, 107, 107, 395, 400, 41, 41, 324, 324, 19, 19, 19, 454, 229, 229, 82, 247, 126, 126, 292, 292, 292, 292, 326, 326, 101, 101, 149, 149, 320, 7, 219, 152, 152, 286, 464, 301, 301, 378, 399, 399, 473, 65, 65, 65, 284, 284, 486, 460, 460, 169, 169, 150, 99, 338, 338, 338, 400, 183, 451, 451, 171, 171, 171, 171, 301, 301, 173, 8, 280, 29, 109, 109, 355, 355, 443, 113, 206, 206, 206, 240, 240, 216, 8, 345, 345, 100, 153, 153, 497, 497, 43, 43, 364, 276, 276, 276, 346, 346, 346, 426, 426, 426, 426, 426, 426, 450, 182, 182, 250, 276, 276, 138, 138, 182, 182, 182, 375, 98, 98, 98, 229, 229, 247, 247, 312, 1, 1, 101, 101, 101, 321, 287, 287, 287, 287, 284, 206, 206, 169, 215, 35, 35, 29, 29, 287, 499, 499, 499, 206, 206, 460, 169, 150, 478, 342, 68, 68, 172, 115, 115, 267, 267, 267, 267, 213, 213, 246, 246, 246, 246, 464, 464, 114, 443, 443, 443, 443, 271, 271, 150, 150, 323, 323, 224, 273, 106, 153, 297, 297, 182, 182, 182, 387, 387, 42, 406, 147, 380, 380, 499, 499, 499, 265, 85, 85, 85, 85, 146, 240, 368, 368, 310, 107, 107, 395, 400, 41, 41, 19, 19, 17, 420, 420, 420, 420, 420, 420, 420, 420, 420, 420, 420, 420, 420, 420, 420, 420, 420, 420, 420, 420, 420, 420, 420, 420, 420, 420, 420, 420, 420, 420, 420, 420, 420, 420, 420, 420, 420, 420, 420, 420, 420, 420, 420, 420, 420, 420, 420, 420, 420, 420, 420, 420, 420, 420, 420, 420, 420, 420, 420, 420, 420, 420, 420, 420, 420, 420, 420, 420, 420, 420, 420, 420, 420, 420, 420, 420, 420, 420, 420, 420, 420, 420, 420, 420, 420, 420, 420, 420, 420, 420, 420, 420, 420, 420, 420, 420, 420, 420, 420, 420, 420, 420, 420, 420, 420, 420, 420, 420, 420, 420, 420, 420, 420, 420, 420, 420, 420, 420, 420, 420, 420, 420, 420, 420, 420, 420, 420, 420, 420, 420, 420, 420, 420, 420, 420, 420, 420, 420, 420, 420, 420, 420, 420, 420, 420, 420, 420, 420, 420, 420, 420, 420, 420, 420, 420, 420, 420, 420, 420, 420, 420, 420, 420, 420, 420, 420, 420, 420, 420, 420, 420, 420, 420, 420, 420, 420, 420, 420, 420, 420, 420, 420, 420]

ep356
Train step Loss: [0.9455443024635315, 0.9455445408821106, 0.9455242156982422, 0.9455157518386841, 0.9455934166908264, 0.9455348253250122, 0.945643424987793, 0.9454682469367981, 0.9455289840698242, 0.9455819129943848, 0.9455490112304688, 0.9454875588417053, 0.9455398321151733, 0.9455518126487732, 0.9455312490463257, 0.9455605149269104, 0.9455475807189941, 0.9454983472824097, 0.9455193877220154, 0.9455516338348389, 0.9455633163452148, 0.9455041289329529, 0.9455227255821228, 0.9455229043960571, 0.945549726486206, 0.9454918503761292, 0.9455626606941223, 0.9455481171607971, 0.945522665977478, 0.9455581903457642, 0.945527195930481, 0.9455620050430298, 0.9455662965774536, 0.9455339908599854, 0.9456003308296204, 0.9456072449684143, 0.945491373538971, 0.9455862641334534, 0.9456359148025513, 0.945529580116272, 0.9454893469810486, 0.9454860687255859, 0.9454648494720459, 0.9455515146255493, 0.9455051422119141, 0.9455435872077942, 0.9455978274345398, 0.9455789923667908, 0.9455734491348267, 0.945594310760498, 0.9455236792564392, 0.9454768896102905, 0.9456314444541931, 0.9454793334007263, 0.9455574154853821, 0.9454976916313171, 0.9455934762954712, 0.945577085018158, 0.9456475377082825, 0.9455432891845703, 0.9454848170280457, 0.9455445408821106, 0.9454902410507202, 0.9455503821372986, 0.9454944133758545, 0.9454681873321533, 0.9455538988113403, 0.9455273747444153, 0.9455182552337646, 0.945626437664032, 0.945561408996582, 0.9455640316009521, 0.9455323815345764, 0.945611298084259, 0.9455175995826721, 0.9455637335777283, 0.9455564618110657, 0.9455609917640686, 0.9455562233924866, 0.9455219507217407, 0.9456125497817993, 0.9454967379570007, 0.9456260800361633, 0.9455718398094177, 0.9455519914627075, 0.9455761313438416, 0.9455370306968689, 0.9455837607383728, 0.9456082582473755, 0.9456019401550293, 0.9455482363700867, 0.9455763697624207, 0.9455058574676514, 0.9455145597457886, 0.9454840421676636, 0.9454894661903381, 0.9455934166908264, 0.9455517530441284, 0.9455788135528564, 0.9455223679542542, 0.9455896019935608, 0.9455811977386475, 0.945558488368988, 0.9455627202987671, 0.9455667734146118]
val step Loss: [0.9456818103790283, 0.9457739591598511, 0.9457453489303589, 0.9457828998565674, 0.9457705020904541, 0.9458003044128418, 0.9467737078666687, 0.945790708065033, 0.9457336664199829, 0.9457576870918274, 0.9458215236663818, 0.9457967877388, 0.9457937479019165, 0.9456940293312073, 0.9456747770309448, 0.9512173533439636, 0.9457370638847351, 0.9456081390380859, 0.9504712820053101, 0.9456301927566528, 0.9456426501274109, 0.9488298892974854, 0.9468343257904053, 0.9458032250404358, 0.9457848072052002, 0.9458954334259033, 0.9458233714103699]
Train step Accs: [1.0, 1.0, 1.0, 1.0, 1.0, 1.0, 1.0, 1.0, 1.0, 1.0, 1.0, 1.0, 1.0, 1.0, 1.0, 1.0, 1.0, 1.0, 1.0, 1.0, 1.0, 1.0, 1.0, 1.0, 1.0, 1.0, 1.0, 1.0, 1.0, 1.0, 1.0, 1.0, 1.0, 1.0, 1.0, 1.0, 1.0, 1.0, 1.0, 1.0, 1.0, 1.0, 1.0, 1.0, 1.0, 1.0, 1.0, 1.0, 1.0, 1.0, 1.0, 1.0, 1.0, 1.0, 1.0, 1.0, 1.0, 1.0, 1.0, 1.0, 1.0, 1.0, 1.0, 1.0, 1.0, 1.0, 1.0, 1.0, 1.0, 1.0, 1.0, 1.0, 1.0, 1.0, 1.0, 1.0, 1.0, 1.0, 1.0, 1.0, 1.0, 1.0, 1.0, 1.0, 1.0, 1.0, 1.0, 1.0, 1.0, 1.0, 1.0, 1.0, 1.0, 1.0, 1.0, 1.0, 1.0, 1.0, 1.0, 1.0, 1.0, 1.0, 1.0, 1.0, 1.0]
val step Accs: [1.0, 1.0, 1.0, 1.0, 1.0, 1.0, 0.9998206599713056, 1.0, 1.0, 1.0, 1.0, 1.0, 1.0, 1.0, 1.0, 0.998993288590604, 1.0, 1.0, 0.9991523987116461, 1.0, 1.0, 0.9994255074684029, 0.9998090509833875, 1.0, 1.0, 1.0, 1.0]
Preds: [17, 17, 17, 287, 287, 287, 284, 293, 293, 43, 43, 276, 276, 174, 174, 174, 206, 206, 438, 219, 219, 219, 219, 152, 152, 152, 374, 374, 378, 14, 88, 109, 62, 443, 240, 240, 216, 216, 114, 114, 180, 486, 376, 460, 460, 169, 58, 35, 441, 441, 100, 153, 153, 387, 387, 98, 458, 208, 441, 100, 100, 481, 481, 481, 481, 375, 375, 98, 98, 98, 13, 229, 229, 82, 244, 312, 312, 292, 23, 23, 101, 101, 149, 149, 321, 321, 287, 287, 287, 111, 111, 111, 146, 146, 438, 438, 339, 212, 465, 58, 110, 443, 486, 486, 460, 460, 460, 146, 335, 183, 188, 188, 340, 340, 340, 116, 466, 127, 22, 114, 382, 382, 382, 396, 406, 285, 335, 145, 145, 145, 315, 315, 315, 450, 450, 450, 406, 42, 42, 42, 147, 147, 147, 288, 337, 41, 41, 246, 246, 246, 246, 246, 19, 19, 19, 454, 454, 229, 414, 244, 244, 312, 292, 292, 408, 408, 408, 408, 408, 321, 320, 320, 127, 127, 114, 431, 443, 319, 240, 167, 167, 58, 219, 398, 331, 180, 486, 284, 284, 284, 450, 35, 29, 109, 109, 403, 171, 171, 324, 252, 301, 280, 152, 152, 286, 286, 468, 406, 406, 467, 467, 460, 460, 460, 35, 183, 183, 451, 451, 30, 301, 143, 354, 29, 467, 382, 313, 116, 10, 466, 479, 331, 84, 84, 496, 274, 274, 274, 219, 219, 485, 286, 286, 468, 406, 406, 467, 467, 139, 139, 175, 175, 81, 166, 171, 171, 171, 171, 324, 324, 99, 99, 338, 338, 338, 395, 395, 395, 470, 443, 443, 443, 443, 460, 169, 169, 402, 402, 402, 485, 152, 152, 477, 374, 132, 458, 208, 441, 441, 100, 153, 497, 413, 250, 117, 17, 420, 435, 420, 435, 435, 435, 435, 435, 435, 435, 435, 435, 435, 435, 435, 435, 435, 435, 435, 435, 435, 435, 435, 435, 435, 435, 435, 435, 435, 435, 435, 435, 435, 435, 435, 435, 435, 435, 435, 435, 435, 435, 435, 435, 435, 435, 435, 435, 435, 435, 435, 435, 435, 435, 435, 435, 435, 435, 435, 435, 435, 435, 435, 435, 435, 435, 435, 435, 435, 435, 435, 435, 435, 435, 435, 435, 435, 435, 435, 435, 435, 435, 435, 435, 435, 435, 435, 435, 435, 435, 435, 435, 435, 435, 435, 435, 435, 435, 435, 435, 435, 435, 435, 435, 435, 435, 435, 435, 435, 435, 435, 435, 435, 435, 435, 435, 435, 435, 435, 435, 435, 435, 435, 435, 435, 435, 435, 435, 435, 435, 435, 435, 435, 435, 435, 435, 435, 435, 435, 435, 435, 435, 435, 435, 435, 435, 435, 435, 435, 435, 435, 435, 435, 435, 435, 435, 435, 435, 435, 435, 435, 435, 435, 435, 435, 435, 435, 435, 435, 435, 435, 435, 435, 435, 435, 435, 435, 435, 435, 435, 435, 435, 435, 435, 435, 435, 435, 435, 435, 435, 435, 435, 435, 435, 435, 435, 435, 435, 435, 435, 435, 435, 435, 435, 435, 435, 435, 435, 435, 435, 435, 435, 435, 435, 435, 435, 435, 435, 435, 435, 435, 435, 435, 435, 435, 435, 435, 435, 435, 435, 435, 435, 435, 435, 435, 435, 435, 435, 435, 435, 435, 435, 435, 435, 435, 435, 435, 435, 435, 435, 435, 435, 435, 435, 435, 435, 435, 435, 435, 435, 435, 435, 435, 435, 435, 435, 435, 435, 435, 435, 435, 435, 435, 435, 435, 435, 435, 435, 435, 435, 435, 435, 435, 435, 435, 435, 435, 435, 435, 435, 435, 435, 435, 435, 435, 435, 435, 435, 435, 435, 435, 435, 435, 435]

ep357
Train step Loss: [0.9455813765525818, 0.9455031752586365, 0.9455018639564514, 0.9455176591873169, 0.9455528855323792, 0.9455451965332031, 0.9455681443214417, 0.9455746412277222, 0.9455437660217285, 0.945559024810791, 0.9455794095993042, 0.9455946087837219, 0.9455404877662659, 0.9455899596214294, 0.9456208944320679, 0.9455327987670898, 0.9455051422119141, 0.9455056190490723, 0.9455550312995911, 0.9455229640007019, 0.9455739855766296, 0.9455710053443909, 0.9455764293670654, 0.9454689621925354, 0.9455130100250244, 0.9455609321594238, 0.9456332921981812, 0.9455651044845581, 0.9455767869949341, 0.9456079602241516, 0.9455727338790894, 0.9455359578132629, 0.9455796480178833, 0.9455258846282959, 0.9455496072769165, 0.945529043674469, 0.9455997347831726, 0.9455279111862183, 0.945494532585144, 0.9455083608627319, 0.9456095695495605, 0.9455092549324036, 0.9454978704452515, 0.9454972743988037, 0.9455682039260864, 0.9455602169036865, 0.9456381797790527, 0.9455434083938599, 0.9456132650375366, 0.9455828666687012, 0.9455558657646179, 0.9455366730690002, 0.9455267786979675, 0.945620596408844, 0.9455150365829468, 0.9455277323722839, 0.9455984830856323, 0.9455786943435669, 0.9455579519271851, 0.9455306529998779, 0.9455400705337524, 0.9455722570419312, 0.9455550312995911, 0.9455296993255615, 0.9455024003982544, 0.9455748200416565, 0.9455310106277466, 0.9455147385597229, 0.9455808997154236, 0.9454986453056335, 0.9455856084823608, 0.94554603099823, 0.9454861283302307, 0.945540189743042, 0.9454905390739441, 0.9455248713493347, 0.9456074833869934, 0.9455628395080566, 0.9455729722976685, 0.945563554763794, 0.9455806612968445, 0.9455581903457642, 0.9455130100250244, 0.9455262422561646, 0.9455581307411194, 0.945486843585968, 0.9455316662788391, 0.9455929398536682, 0.9455127716064453, 0.945538341999054, 0.9455375075340271, 0.9456247091293335, 0.9455746412277222, 0.9455829858779907, 0.9456395506858826, 0.9455825686454773, 0.9455664753913879, 0.9454858303070068, 0.9454857707023621, 0.9455188512802124, 0.9455533027648926, 0.9455659985542297, 0.9455378651618958, 0.945590078830719, 0.945570707321167]
val step Loss: [0.9456918239593506, 0.9466902613639832, 0.945846438407898, 0.9458334445953369, 0.9505549669265747, 0.94579017162323, 0.94584721326828, 0.9491322636604309, 0.9458403587341309, 0.9458266496658325, 0.9456382989883423, 0.946853518486023, 0.945873498916626, 0.945692241191864, 0.9467076659202576, 0.9476733803749084, 0.9458456635475159, 0.9456426501274109, 0.9458613991737366, 0.9458208680152893, 0.9457783699035645, 0.945813775062561, 0.945912778377533, 0.9457000494003296, 0.9464936256408691, 0.9457995891571045, 0.9456264972686768]
Train step Accs: [1.0, 1.0, 1.0, 1.0, 1.0, 1.0, 1.0, 1.0, 1.0, 1.0, 1.0, 1.0, 1.0, 1.0, 1.0, 1.0, 1.0, 1.0, 1.0, 1.0, 1.0, 1.0, 1.0, 1.0, 1.0, 1.0, 1.0, 1.0, 1.0, 1.0, 1.0, 1.0, 1.0, 1.0, 1.0, 1.0, 1.0, 1.0, 1.0, 1.0, 1.0, 1.0, 1.0, 1.0, 1.0, 1.0, 1.0, 1.0, 1.0, 1.0, 1.0, 1.0, 1.0, 1.0, 1.0, 1.0, 1.0, 1.0, 1.0, 1.0, 1.0, 1.0, 1.0, 1.0, 1.0, 1.0, 1.0, 1.0, 1.0, 1.0, 1.0, 1.0, 1.0, 1.0, 1.0, 1.0, 1.0, 1.0, 1.0, 1.0, 1.0, 1.0, 1.0, 1.0, 1.0, 1.0, 1.0, 1.0, 1.0, 1.0, 1.0, 1.0, 1.0, 1.0, 1.0, 1.0, 1.0, 1.0, 1.0, 1.0, 1.0, 1.0, 1.0, 1.0, 1.0]
val step Accs: [1.0, 0.9998262984193156, 1.0, 1.0, 0.9991015274034142, 1.0, 1.0, 0.9993795563828137, 1.0, 1.0, 1.0, 0.999805900621118, 1.0, 1.0, 0.999809885931559, 0.9996424740793708, 1.0, 1.0, 1.0, 1.0, 1.0, 1.0, 1.0, 1.0, 0.9998324396782842, 1.0, 1.0]
Preds: [17, 152, 152, 378, 378, 43, 276, 276, 174, 174, 174, 319, 319, 330, 167, 7, 219, 34, 114, 420, 443, 443, 330, 313, 313, 368, 186, 453, 168, 114, 420, 420, 420, 464, 301, 378, 378, 43, 345, 109, 346, 428, 428, 428, 146, 240, 240, 36, 449, 377, 123, 382, 313, 337, 219, 324, 464, 464, 464, 464, 330, 330, 240, 143, 465, 75, 272, 377, 441, 441, 84, 274, 274, 274, 413, 348, 199, 331, 331, 84, 284, 481, 481, 293, 293, 43, 276, 276, 346, 284, 284, 284, 284, 481, 450, 413, 413, 42, 42, 42, 406, 406, 406, 406, 406, 134, 497, 497, 58, 183, 183, 451, 213, 213, 213, 301, 301, 173, 53, 29, 29, 275, 275, 98, 98, 98, 229, 229, 321, 244, 312, 292, 23, 23, 101, 149, 320, 320, 479, 331, 331, 486, 486, 460, 460, 169, 169, 77, 449, 494, 30, 422, 99, 338, 54, 54, 395, 273, 443, 443, 151, 460, 169, 215, 35, 465, 75, 75, 420, 420, 324, 324, 464, 464, 464, 180, 315, 284, 284, 450, 450, 293, 43, 43, 276, 346, 346, 346, 428, 146, 146, 219, 219, 219, 219, 464, 464, 464, 301, 173, 8, 354, 29, 499, 499, 151, 240, 240, 240, 216, 114, 114, 114, 443, 443, 403, 403, 403, 207, 207, 358, 19, 454, 458, 259, 354, 81, 431, 431, 443, 376, 376, 460, 240, 271, 271, 77, 449, 183, 183, 451, 30, 213, 286, 278, 120, 120, 120, 120, 385, 454, 414, 229, 321, 321, 247, 126, 126, 326, 101, 408, 149, 320, 7, 7, 219, 398, 152, 374, 374, 330, 378, 399, 70, 65, 284, 480, 480, 480, 85, 146, 146, 146, 219, 219, 378, 345, 109, 346, 346, 428, 428, 85, 146, 146, 146, 358, 143, 143, 259, 75, 371, 448, 324, 324, 324, 301, 301, 301, 251, 81, 81, 81, 403, 403, 171, 171, 246, 246, 301, 301, 173, 280, 109, 109, 355, 355, 355, 355, 452, 452, 263, 229, 229, 312, 23, 23, 101, 149, 320, 320, 7, 219, 219, 152, 464, 374, 315, 284, 319, 319, 348, 348, 285, 199, 84, 302, 293, 497, 281, 269, 9, 9, 168, 485, 477, 374, 139, 497, 497, 122, 216, 81, 431, 284, 284, 486, 486, 85, 85, 85, 85, 85, 85, 85, 282, 37, 271, 24, 310, 107, 395, 395, 477, 374, 374, 132, 17, 420, 435, 420, 420, 435, 435, 435, 435, 435, 435, 435, 435, 435, 435, 435, 435, 435, 435, 435, 435, 435, 435, 435, 435, 435, 435, 435, 435, 435, 435, 435, 435, 435, 435, 435, 435, 435, 435, 435, 435, 435, 435, 435, 435, 435, 435, 435, 435, 435, 435, 435, 435, 435, 435, 435, 435, 435, 435, 435, 435, 435, 435, 435, 435, 435, 435, 435, 435, 435, 435, 435, 435, 435, 435, 435, 435, 435, 435, 435, 435, 435, 435, 435, 435, 435, 435, 435, 435, 435, 435, 435, 435, 435, 435, 435, 435, 435, 435, 435, 435, 435, 435, 435, 435, 435, 435, 435, 435, 435, 435, 435, 435, 435, 435, 435, 435, 435, 435, 435, 435, 435, 435, 435, 435, 435, 435, 435, 435, 435, 435, 435, 435, 435, 435, 435, 435, 435, 435, 435, 435, 435, 435, 435, 435, 435, 435, 435, 435, 435, 435, 435, 435, 435, 435, 435, 435, 435, 435, 435, 435, 435, 435, 435, 435, 435, 435, 435, 435, 435, 435, 435, 435, 435, 435, 435, 435, 435, 435, 435, 435, 435, 435, 435, 435, 435, 435, 435, 435, 435, 435, 435, 435, 435, 435, 435, 435, 435, 435, 435, 435, 435, 435]

ep358
Train step Loss: [0.9456143379211426, 0.9455181956291199, 0.945516049861908, 0.9455192685127258, 0.9455547332763672, 0.9455853700637817, 0.9456043243408203, 0.9455000162124634, 0.9455929398536682, 0.945630669593811, 0.9455807209014893, 0.9455083012580872, 0.9455695748329163, 0.945510745048523, 0.9455587267875671, 0.9455346465110779, 0.9455817341804504, 0.9455815553665161, 0.9455506801605225, 0.9455208778381348, 0.9456332325935364, 0.9455331563949585, 0.9455420970916748, 0.9455103874206543, 0.9455794095993042, 0.9455549120903015, 0.945529043674469, 0.9455103874206543, 0.9455225467681885, 0.9455347061157227, 0.9455749988555908, 0.9455296993255615, 0.9455941319465637, 0.9455038905143738, 0.9455065727233887, 0.9456045627593994, 0.9454893469810486, 0.9455126523971558, 0.9455353021621704, 0.945537269115448, 0.9455345273017883, 0.9455653429031372, 0.9456015825271606, 0.9455170035362244, 0.9455536603927612, 0.9455282688140869, 0.9454904794692993, 0.9456332921981812, 0.9455466270446777, 0.9454954266548157, 0.945559561252594, 0.9455441832542419, 0.9455484747886658, 0.9455657601356506, 0.9455962777137756, 0.9455761313438416, 0.9454928636550903, 0.9455450773239136, 0.9455089569091797, 0.9455212950706482, 0.9454843401908875, 0.9455560445785522, 0.9455368518829346, 0.9455817341804504, 0.9455146789550781, 0.9455355405807495, 0.9455015063285828, 0.9455878138542175, 0.945586085319519, 0.9455591440200806, 0.9455369710922241, 0.9455587267875671, 0.9455742835998535, 0.9455422163009644, 0.945574164390564, 0.9455819725990295, 0.9455967545509338, 0.9456132650375366, 0.9455446600914001, 0.9455246329307556, 0.9456065893173218, 0.9455223083496094, 0.9455217123031616, 0.9455080032348633, 0.945582389831543, 0.9455394744873047, 0.9455352425575256, 0.945639431476593, 0.9455666542053223, 0.9455218315124512, 0.9455617070198059, 0.9455543756484985, 0.9455873370170593, 0.9455764293670654, 0.9455274343490601, 0.9455655813217163, 0.9454897046089172, 0.9455597400665283, 0.9454948902130127, 0.9455971121788025, 0.945489764213562, 0.9455853700637817, 0.9456037878990173, 0.9455555081367493, 0.9455782771110535]
val step Loss: [0.9458373785018921, 0.9484071135520935, 0.9458455443382263, 0.9465609788894653, 0.945775032043457, 0.9458309412002563, 0.9492992162704468, 0.945819616317749, 0.9457575678825378, 0.945769190788269, 0.9457676410675049, 0.9456567168235779, 0.9468196034431458, 0.9457728266716003, 0.9456768035888672, 0.9508379101753235, 0.946766197681427, 0.9458417892456055, 0.9470018148422241, 0.9456671476364136, 0.9455961585044861, 0.9457578659057617, 0.9457202553749084, 0.9457394480705261, 0.9457213878631592, 0.9456804394721985, 0.9457036852836609]
Train step Accs: [1.0, 1.0, 1.0, 1.0, 1.0, 1.0, 1.0, 1.0, 1.0, 1.0, 1.0, 1.0, 1.0, 1.0, 1.0, 1.0, 1.0, 1.0, 1.0, 1.0, 1.0, 1.0, 1.0, 1.0, 1.0, 1.0, 1.0, 1.0, 1.0, 1.0, 1.0, 1.0, 1.0, 1.0, 1.0, 1.0, 1.0, 1.0, 1.0, 1.0, 1.0, 1.0, 1.0, 1.0, 1.0, 1.0, 1.0, 1.0, 1.0, 1.0, 1.0, 1.0, 1.0, 1.0, 1.0, 1.0, 1.0, 1.0, 1.0, 1.0, 1.0, 1.0, 1.0, 1.0, 1.0, 1.0, 1.0, 1.0, 1.0, 1.0, 1.0, 1.0, 1.0, 1.0, 1.0, 1.0, 1.0, 1.0, 1.0, 1.0, 1.0, 1.0, 1.0, 1.0, 1.0, 1.0, 1.0, 1.0, 1.0, 1.0, 1.0, 1.0, 1.0, 1.0, 1.0, 1.0, 1.0, 1.0, 1.0, 1.0, 1.0, 1.0, 1.0, 1.0, 1.0]
val step Accs: [1.0, 0.9995268511947007, 1.0, 0.9998527896363903, 1.0, 1.0, 0.9993398250536392, 1.0, 1.0, 1.0, 1.0, 1.0, 0.9998272884283247, 1.0, 1.0, 0.9990509332489719, 0.9998307952622674, 1.0, 0.9997770345596433, 1.0, 1.0, 1.0, 1.0, 1.0, 1.0, 1.0, 1.0]
Preds: [17, 17, 17, 287, 284, 284, 284, 293, 88, 88, 276, 276, 174, 174, 387, 428, 146, 299, 434, 324, 324, 301, 24, 24, 239, 239, 227, 397, 397, 441, 43, 129, 401, 244, 244, 354, 354, 109, 443, 120, 120, 207, 207, 454, 263, 417, 414, 414, 414, 170, 244, 244, 305, 305, 244, 244, 187, 187, 12, 23, 23, 23, 101, 149, 149, 228, 244, 244, 209, 287, 287, 111, 240, 285, 285, 131, 34, 134, 43, 129, 129, 259, 354, 109, 109, 443, 240, 175, 251, 241, 431, 84, 84, 16, 88, 88, 88, 346, 106, 230, 293, 122, 416, 129, 458, 208, 79, 487, 337, 422, 31, 31, 164, 164, 6, 272, 114, 180, 486, 486, 206, 215, 215, 8, 239, 354, 354, 470, 264, 120, 139, 175, 251, 241, 106, 302, 100, 387, 497, 122, 8, 8, 32, 354, 354, 441, 148, 153, 182, 182, 182, 497, 442, 349, 349, 234, 234, 234, 234, 234, 261, 261, 25, 148, 148, 148, 153, 153, 387, 387, 387, 335, 457, 457, 188, 188, 152, 222, 406, 406, 406, 467, 467, 481, 481, 293, 251, 251, 251, 241, 431, 106, 496, 274, 43, 43, 364, 441, 276, 276, 153, 387, 387, 387, 387, 406, 42, 406, 467, 467, 288, 207, 207, 388, 116, 10, 10, 479, 398, 324, 324, 301, 314, 32, 239, 354, 354, 180, 443, 443, 403, 146, 146, 464, 378, 43, 43, 276, 276, 109, 109, 486, 486, 206, 240, 240, 24, 239, 384, 371, 324, 324, 422, 422, 239, 239, 384, 371, 371, 278, 278, 278, 236, 143, 36, 36, 342, 172, 224, 273, 273, 355, 355, 355, 355, 452, 263, 263, 229, 244, 82, 312, 126, 326, 326, 101, 101, 391, 391, 244, 73, 244, 82, 66, 66, 68, 172, 172, 115, 267, 267, 267, 213, 213, 246, 246, 3, 3, 14, 188, 188, 152, 378, 43, 43, 43, 276, 109, 109, 284, 486, 460, 206, 240, 314, 239, 239, 239, 384, 371, 444, 213, 213, 213, 213, 246, 246, 246, 246, 246, 246, 246, 246, 246, 246, 246, 246, 19, 19, 17, 420, 435, 435, 435, 435, 435, 435, 435, 435, 435, 435, 435, 435, 435, 435, 435, 435, 435, 435, 435, 435, 435, 435, 435, 435, 435, 435, 435, 435, 435, 435, 435, 435, 435, 435, 435, 435, 435, 435, 435, 435, 435, 435, 435, 435, 435, 435, 435, 435, 435, 435, 435, 435, 435, 435, 435, 435, 435, 435, 435, 435, 435, 435, 435, 435, 435, 435, 435, 435, 435, 435, 435, 435, 435, 435, 435, 435, 435, 435, 435, 435, 435, 435, 435, 435, 435, 435, 435, 435, 435, 435, 435, 435, 435, 435, 435, 435, 435, 435, 435, 435, 435, 435, 435, 435, 435, 435, 435, 435, 435, 435, 435, 435, 435, 435, 435, 435, 435, 435, 435, 435, 435, 435, 435, 435, 435, 435, 435, 435, 435, 435, 435, 435, 435, 435, 435, 435, 435, 435, 435, 435, 435, 435, 435, 435, 435, 435, 435, 435, 435, 435, 435, 435, 435, 435, 435, 435, 435, 435, 435, 435, 435, 435, 435, 435, 435, 435, 435, 435, 435, 435, 435, 435, 435, 435, 435, 435, 435, 435, 435, 435, 435, 435, 435, 435, 435, 435, 435, 435, 435, 435, 435, 435, 435, 435, 435, 435, 435, 435, 435, 435, 435, 435, 435, 435, 435, 435, 435, 435, 435, 435, 435, 435, 435, 435, 435, 435, 435, 435, 435, 435, 435, 435, 435, 435, 435, 435, 435, 435, 435, 435, 435, 435, 435, 435, 435, 435, 435, 435, 435, 435, 435, 435, 435, 435, 435, 435, 435, 435, 435]

ep359
Train step Loss: [0.9455478191375732, 0.9455236792564392, 0.9455427527427673, 0.945523202419281, 0.9455850124359131, 0.945602536201477, 0.9456102848052979, 0.9456214308738708, 0.9455616474151611, 0.9455430507659912, 0.9455015659332275, 0.9455690383911133, 0.9456356763839722, 0.9455252885818481, 0.9455651640892029, 0.9455493688583374, 0.9455607533454895, 0.9455239772796631, 0.9456078410148621, 0.9455565214157104, 0.9455604553222656, 0.9455201625823975, 0.9455670714378357, 0.9455515742301941, 0.9454618096351624, 0.945527970790863, 0.9456315040588379, 0.9455446600914001, 0.9455904960632324, 0.9455772638320923, 0.9455636739730835, 0.9455138444900513, 0.945536196231842, 0.9454967975616455, 0.9455524682998657, 0.9455723166465759, 0.9455321431159973, 0.9455257654190063, 0.9454743266105652, 0.945501983165741, 0.9454788565635681, 0.9455284476280212, 0.9454817175865173, 0.9455453157424927, 0.945529043674469, 0.9455570578575134, 0.9454997777938843, 0.9455037713050842, 0.9455692768096924, 0.9455424547195435, 0.945589005947113, 0.9456023573875427, 0.9455645084381104, 0.945529580116272, 0.9455313682556152, 0.9456455111503601, 0.9455814957618713, 0.9455313086509705, 0.9455227255821228, 0.9455866813659668, 0.9455472230911255, 0.9455413818359375, 0.9456168413162231, 0.9455515146255493, 0.9455685615539551, 0.9454898834228516, 0.9455598592758179, 0.9455459117889404, 0.945496678352356, 0.9454811811447144, 0.9455364346504211, 0.9455335736274719, 0.9455821514129639, 0.9455468058586121, 0.9455333948135376, 0.9455845952033997, 0.9455720782279968, 0.9455047845840454, 0.9455903172492981, 0.9455282688140869, 0.9455824494361877, 0.9455752968788147, 0.9455954432487488, 0.9455533027648926, 0.9455366134643555, 0.9455245137214661, 0.9455463290214539, 0.9456828236579895, 0.9455353617668152, 0.9455554485321045, 0.9455551505088806, 0.9455068707466125, 0.9455592036247253, 0.9454814195632935, 0.9455518126487732, 0.9455641508102417, 0.9455372095108032, 0.9455578327178955, 0.9455426335334778, 0.9455229640007019, 0.9455211758613586, 0.9455081820487976, 0.945502758026123, 0.9455175399780273, 0.9456289410591125]
val step Loss: [0.9476012587547302, 0.9457046389579773, 0.9458184838294983, 0.9466602206230164, 0.945762038230896, 0.9456998109817505, 0.9518204927444458, 0.9456690549850464, 0.9458200335502625, 0.9457911849021912, 0.9457390308380127, 0.9458996057510376, 0.9456869959831238, 0.9457746744155884, 0.9475389719009399, 0.9457396864891052, 0.945756196975708, 0.9459154605865479, 0.9457195401191711, 0.9468499422073364, 0.9456014037132263, 0.9458293914794922, 0.9458372592926025, 0.9457568526268005, 0.9493426084518433, 0.9457605481147766, 0.9461858868598938]
Train step Accs: [1.0, 1.0, 1.0, 1.0, 1.0, 1.0, 1.0, 1.0, 1.0, 1.0, 1.0, 1.0, 1.0, 1.0, 1.0, 1.0, 1.0, 1.0, 1.0, 1.0, 1.0, 1.0, 1.0, 1.0, 1.0, 1.0, 1.0, 1.0, 1.0, 1.0, 1.0, 1.0, 1.0, 1.0, 1.0, 1.0, 1.0, 1.0, 1.0, 1.0, 1.0, 1.0, 1.0, 1.0, 1.0, 1.0, 1.0, 1.0, 1.0, 1.0, 1.0, 1.0, 1.0, 1.0, 1.0, 1.0, 1.0, 1.0, 1.0, 1.0, 1.0, 1.0, 1.0, 1.0, 1.0, 1.0, 1.0, 1.0, 1.0, 1.0, 1.0, 1.0, 1.0, 1.0, 1.0, 1.0, 1.0, 1.0, 1.0, 1.0, 1.0, 1.0, 1.0, 1.0, 1.0, 1.0, 1.0, 1.0, 1.0, 1.0, 1.0, 1.0, 1.0, 1.0, 1.0, 1.0, 1.0, 1.0, 1.0, 1.0, 1.0, 1.0, 1.0, 1.0, 1.0]
val step Accs: [0.9996547557396859, 1.0, 1.0, 0.9998313090418354, 1.0, 1.0, 0.9988984762254453, 1.0, 1.0, 1.0, 1.0, 1.0, 1.0, 1.0, 0.9996765847347995, 1.0, 1.0, 1.0, 1.0, 0.9998297872340426, 1.0, 1.0, 1.0, 1.0, 0.9993547346346184, 1.0, 1.0]
Preds: [17, 17, 188, 152, 152, 152, 301, 301, 325, 199, 420, 171, 443, 278, 278, 240, 186, 186, 162, 54, 54, 54, 115, 273, 273, 470, 288, 288, 290, 171, 171, 434, 434, 434, 434, 339, 219, 398, 398, 398, 286, 464, 468, 468, 467, 355, 486, 486, 486, 282, 282, 388, 94, 199, 199, 136, 120, 120, 120, 207, 207, 358, 143, 36, 310, 449, 449, 377, 485, 152, 374, 374, 132, 132, 473, 398, 464, 464, 464, 464, 443, 486, 460, 460, 58, 58, 58, 72, 110, 110, 110, 264, 443, 443, 330, 330, 330, 173, 43, 345, 100, 100, 100, 497, 293, 387, 387, 14, 219, 219, 213, 213, 213, 213, 213, 246, 318, 99, 99, 107, 107, 447, 447, 400, 400, 454, 427, 56, 259, 247, 126, 126, 23, 23, 23, 101, 72, 486, 486, 486, 460, 460, 322, 322, 35, 35, 164, 451, 451, 451, 476, 171, 171, 171, 464, 318, 318, 368, 77, 453, 168, 168, 81, 81, 81, 81, 374, 337, 324, 324, 324, 324, 324, 301, 143, 259, 25, 106, 284, 284, 486, 486, 428, 206, 468, 468, 406, 467, 288, 403, 403, 290, 171, 171, 434, 358, 358, 454, 321, 75, 417, 351, 275, 275, 355, 303, 355, 282, 452, 263, 263, 13, 78, 170, 170, 392, 392, 244, 392, 392, 392, 244, 321, 249, 321, 321, 451, 451, 30, 213, 213, 301, 301, 8, 8, 354, 354, 106, 106, 284, 284, 265, 265, 265, 85, 85, 85, 146, 299, 299, 299, 14, 457, 219, 213, 213, 213, 30, 301, 301, 378, 280, 280, 331, 106, 84, 284, 284, 206, 293, 293, 167, 285, 29, 337, 337, 324, 324, 324, 464, 175, 331, 443, 403, 403, 403, 171, 171, 171, 171, 434, 252, 339, 8, 196, 196, 473, 429, 429, 360, 246, 246, 246, 246, 246, 3, 3, 14, 411, 411, 411, 145, 145, 290, 330, 330, 330, 330, 94, 94, 199, 199, 290, 290, 290, 330, 330, 330, 339, 33, 76, 465, 219, 219, 213, 213, 213, 213, 213, 360, 360, 301, 143, 458, 75, 192, 420, 420, 213, 213, 213, 246, 19, 19, 48, 414, 414, 417, 442, 80, 80, 80, 289, 321, 320, 7, 251, 251, 241, 278, 278, 278, 443, 443, 443, 240, 368, 368, 453, 449, 168, 168, 324, 301, 378, 378, 88, 106, 106, 284, 206, 206, 169, 150, 453, 168, 168, 273, 355, 486, 92, 460, 460, 169, 35, 321, 75, 75, 164, 351, 351, 470, 464, 464, 120, 282, 282, 282, 388, 251, 241, 331, 431, 284, 315, 113, 450, 450, 293, 293, 43, 43, 43, 182, 182, 182, 182, 182, 497, 497, 98, 58, 58, 72, 110, 110, 286, 253, 271, 31, 342, 342, 342, 115, 351, 351, 486, 315, 315, 315, 450, 450, 450, 88, 88, 109, 109, 109, 146, 146, 299, 340, 216, 22, 114, 114, 277, 207, 422, 143, 205, 261, 29, 109, 109, 264, 264, 264, 264, 264, 264, 264, 468, 468, 468, 207, 207, 207, 207, 37, 454, 17, 420, 420, 420, 420, 420, 420, 420, 420, 420, 420, 420, 420, 420, 420, 420, 420, 420, 420, 420, 420, 420, 420, 420, 420, 420, 420, 420, 420, 420, 420, 420, 420, 420, 420, 420, 420, 420, 420, 420, 420, 420, 420, 420, 420, 420, 420, 420, 420, 420, 420, 420, 420, 420, 420, 420, 420, 420, 420, 420, 420, 420, 420, 420, 420, 420, 420, 420, 420, 420, 420, 420, 420, 420, 420, 420, 420, 420, 420, 420, 420, 420, 420, 420, 420, 420, 420, 420, 420, 420, 420, 420, 420, 420, 420, 420, 420, 420, 420]

ep360
Train step Loss: [0.9455211162567139, 0.9455137252807617, 0.945501446723938, 0.9455627202987671, 0.9455320835113525, 0.945563018321991, 0.9455364942550659, 0.9454920291900635, 0.9456212520599365, 0.9455482959747314, 0.9455295205116272, 0.9455832242965698, 0.9455357193946838, 0.9455327987670898, 0.9455703496932983, 0.9455729722976685, 0.9455426931381226, 0.9455856680870056, 0.9455709457397461, 0.9455810785293579, 0.9455564618110657, 0.9455289840698242, 0.9455424547195435, 0.945592999458313, 0.9455876350402832, 0.9455989003181458, 0.9455283284187317, 0.945527970790863, 0.9455516338348389, 0.9455843567848206, 0.945577085018158, 0.9455163478851318, 0.9455375671386719, 0.9455189108848572, 0.9455576539039612, 0.9455326795578003, 0.9455130100250244, 0.9455561637878418, 0.9455276131629944, 0.9455680847167969, 0.9455190300941467, 0.9455330967903137, 0.9455560445785522, 0.9455930590629578, 0.9455690383911133, 0.9455284476280212, 0.9454881548881531, 0.945534348487854, 0.9455533027648926, 0.9454993009567261, 0.945558488368988, 0.945515513420105, 0.9455097317695618, 0.9455659985542297, 0.945560097694397, 0.9455370306968689, 0.9455816745758057, 0.9455394148826599, 0.9455413222312927, 0.9455059766769409, 0.945563793182373, 0.9454790949821472, 0.9454797506332397, 0.9455196261405945, 0.945534348487854, 0.9455227851867676, 0.9455259442329407, 0.945561408996582, 0.9455135464668274, 0.9455381035804749, 0.9455370903015137, 0.9455506801605225, 0.9455172419548035, 0.9455273151397705, 0.9456467032432556, 0.9456081390380859, 0.9456167221069336, 0.9455440044403076, 0.9455516934394836, 0.9454684853553772, 0.9455979466438293, 0.9456252455711365, 0.9455602169036865, 0.9454902410507202, 0.9455518126487732, 0.9455615878105164, 0.9455901384353638, 0.9454812407493591, 0.9455863237380981, 0.9455898404121399, 0.9455809593200684, 0.9455572366714478, 0.945626974105835, 0.9456601738929749, 0.9455437064170837, 0.9455336332321167, 0.9454758763313293, 0.9455300569534302, 0.945573091506958, 0.945559024810791, 0.9455707669258118, 0.9455320239067078, 0.9456709623336792, 0.9455662965774536, 0.9454956650733948]
val step Loss: [0.9458534121513367, 0.9456787109375, 0.9474725723266602, 0.9455922842025757, 0.9457827210426331, 0.9457686543464661, 0.9456815719604492, 0.9457082748413086, 0.9458106160163879, 0.9457947015762329, 0.9457612633705139, 0.9456648826599121, 0.9458044767379761, 0.9466800689697266, 0.9457252621650696, 0.9458059072494507, 0.9457538723945618, 0.9458109736442566, 0.9457870125770569, 0.946029007434845, 0.9494426846504211, 0.9528253078460693, 0.9466267824172974, 0.9458104372024536, 0.9458163976669312, 0.9465930461883545, 0.9458669424057007]
Train step Accs: [1.0, 1.0, 1.0, 1.0, 1.0, 1.0, 1.0, 1.0, 1.0, 1.0, 1.0, 1.0, 1.0, 1.0, 1.0, 1.0, 1.0, 1.0, 1.0, 1.0, 1.0, 1.0, 1.0, 1.0, 1.0, 1.0, 1.0, 1.0, 1.0, 1.0, 1.0, 1.0, 1.0, 1.0, 1.0, 1.0, 1.0, 1.0, 1.0, 1.0, 1.0, 1.0, 1.0, 1.0, 1.0, 1.0, 1.0, 1.0, 1.0, 1.0, 1.0, 1.0, 1.0, 1.0, 1.0, 1.0, 1.0, 1.0, 1.0, 1.0, 1.0, 1.0, 1.0, 1.0, 1.0, 1.0, 1.0, 1.0, 1.0, 1.0, 1.0, 1.0, 1.0, 1.0, 1.0, 1.0, 1.0, 1.0, 1.0, 1.0, 1.0, 1.0, 1.0, 1.0, 1.0, 1.0, 1.0, 1.0, 1.0, 1.0, 1.0, 1.0, 1.0, 1.0, 1.0, 1.0, 1.0, 1.0, 1.0, 1.0, 1.0, 1.0, 1.0, 1.0, 1.0]
val step Accs: [1.0, 1.0, 0.9996735759751918, 1.0, 1.0, 1.0, 1.0, 1.0, 1.0, 1.0, 1.0, 1.0, 1.0, 0.9998294388538291, 1.0, 1.0, 1.0, 1.0, 1.0, 1.0, 0.9993282955499581, 0.998724722171616, 0.9998407643312102, 1.0, 1.0, 0.9998282377189969, 1.0]
Preds: [17, 17, 441, 441, 153, 387, 387, 240, 348, 24, 24, 384, 371, 180, 180, 486, 376, 376, 282, 263, 263, 229, 229, 247, 312, 363, 363, 363, 408, 408, 149, 228, 228, 244, 320, 7, 479, 331, 278, 301, 378, 8, 129, 354, 109, 180, 486, 486, 460, 240, 240, 35, 36, 342, 224, 351, 196, 479, 331, 331, 315, 450, 450, 450, 88, 88, 88, 109, 337, 207, 301, 143, 129, 401, 244, 354, 354, 100, 389, 425, 425, 251, 331, 106, 302, 497, 43, 43, 43, 276, 276, 276, 346, 284, 284, 284, 450, 450, 293, 43, 43, 276, 345, 109, 109, 116, 116, 10, 398, 398, 398, 374, 374, 495, 406, 406, 380, 134, 387, 387, 109, 337, 324, 219, 246, 246, 301, 301, 8, 8, 354, 354, 180, 180, 486, 486, 206, 240, 240, 314, 129, 401, 401, 32, 354, 354, 100, 153, 153, 153, 153, 182, 182, 182, 132, 132, 132, 132, 303, 303, 303, 442, 442, 442, 229, 229, 170, 170, 244, 187, 1, 1, 408, 408, 408, 244, 228, 228, 412, 287, 287, 287, 284, 284, 460, 169, 215, 35, 35, 75, 208, 441, 148, 153, 153, 387, 387, 122, 348, 64, 466, 479, 331, 242, 242, 348, 466, 466, 479, 331, 307, 307, 319, 206, 240, 251, 251, 359, 34, 166, 278, 278, 278, 173, 8, 8, 70, 70, 65, 65, 46, 46, 46, 46, 206, 215, 215, 129, 401, 354, 354, 106, 106, 180, 284, 315, 315, 315, 315, 315, 450, 450, 450, 450, 203, 250, 364, 276, 276, 345, 109, 109, 207, 324, 324, 3, 301, 26, 251, 241, 241, 431, 486, 486, 282, 282, 330, 388, 94, 303, 199, 331, 375, 375, 98, 98, 13, 244, 170, 170, 392, 63, 63, 63, 63, 63, 63, 63, 244, 40, 40, 40, 63, 40, 244, 40, 63, 244, 63, 73, 244, 244, 289, 320, 188, 188, 213, 324, 422, 416, 32, 239, 354, 114, 180, 180, 486, 460, 460, 178, 215, 129, 401, 244, 321, 354, 276, 148, 148, 153, 387, 387, 387, 387, 167, 122, 35, 321, 75, 449, 273, 180, 486, 486, 460, 240, 215, 215, 129, 239, 354, 420, 420, 213, 213, 324, 464, 464, 464, 443, 240, 314, 314, 239, 239, 239, 384, 371, 371, 324, 324, 324, 324, 324, 464, 464, 464, 180, 145, 486, 460, 240, 240, 314, 35, 75, 131, 377, 87, 32, 32, 32, 354, 354, 100, 100, 153, 153, 153, 182, 43, 43, 8, 196, 303, 303, 303, 303, 303, 48, 48, 48, 170, 244, 392, 392, 392, 392, 392, 392, 392, 392, 392, 392, 73, 73, 73, 320, 320, 188, 188, 171, 213, 246, 246, 246, 246, 246, 246, 422, 143, 36, 478, 323, 482, 224, 224, 273, 485, 374, 139, 153, 387, 387, 387, 387, 413, 348, 348, 64, 394, 32, 32, 32, 32, 239, 384, 377, 371, 444, 213, 213, 246, 434, 434, 434, 3, 335, 14, 14, 287, 145, 287, 145, 460, 240, 215, 129, 32, 354, 354, 109, 499, 486, 486, 264, 240, 285, 467, 145, 145, 486, 85, 85, 85, 468, 468, 406, 406, 467, 337, 337, 277, 301, 143, 129, 401, 244, 75, 74, 190, 190, 487, 499, 151, 487, 442, 193, 17, 17, 420, 420, 420, 420, 420, 420, 420, 420, 420, 420, 420, 420, 420, 420, 420, 420, 420, 420, 420, 420, 420, 420, 420, 420, 420, 420, 420, 420, 420, 420, 420, 420, 420, 420, 420, 420, 420, 420, 420, 420, 420, 420, 420, 420, 420, 420, 420, 420, 420, 420, 420, 420, 420, 420, 420, 420, 420, 420, 420, 420]

ep361
Train step Loss: [0.9455211758613586, 0.9455724358558655, 0.9455242156982422, 0.9455026388168335, 0.9454934597015381, 0.9455493688583374, 0.9455352425575256, 0.9455280900001526, 0.9455404281616211, 0.9455283284187317, 0.945597231388092, 0.9456013441085815, 0.9455154538154602, 0.9455686211585999, 0.9455949068069458, 0.9455763101577759, 0.9455275535583496, 0.9455589652061462, 0.945580244064331, 0.945549488067627, 0.9454972147941589, 0.9455019235610962, 0.9455515146255493, 0.9455479979515076, 0.9455919861793518, 0.9455664157867432, 0.9455665946006775, 0.9454694390296936, 0.9455146789550781, 0.9455521106719971, 0.9455785155296326, 0.9455931186676025, 0.9454845190048218, 0.9455939531326294, 0.9455785751342773, 0.945533037185669, 0.9456983804702759, 0.9455245733261108, 0.9454836845397949, 0.9455735683441162, 0.9455142617225647, 0.9456115365028381, 0.9455358386039734, 0.9455037713050842, 0.9455426931381226, 0.9455788731575012, 0.9456586241722107, 0.9455832839012146, 0.9455270767211914, 0.9455034732818604, 0.9455140829086304, 0.9455323815345764, 0.9455682039260864, 0.9455427527427673, 0.9455912113189697, 0.9455682039260864, 0.9455615282058716, 0.9455248713493347, 0.945509672164917, 0.9454915523529053, 0.9454552531242371, 0.9455719590187073, 0.9455832242965698, 0.9454648494720459, 0.9455552697181702, 0.9455983638763428, 0.9455150365829468, 0.9455767869949341, 0.9455651640892029, 0.9455446004867554, 0.9455229043960571, 0.9455395340919495, 0.9455885887145996, 0.9455035924911499, 0.9455708265304565, 0.9454782009124756, 0.9455546140670776, 0.9455621242523193, 0.9455944299697876, 0.9455485343933105, 0.9455424547195435, 0.9456096291542053, 0.9455170631408691, 0.9454839825630188, 0.9455272555351257, 0.9455848932266235, 0.9455287456512451, 0.9454692006111145, 0.9455759525299072, 0.9455221891403198, 0.9455653429031372, 0.9455439448356628, 0.9455252885818481, 0.9454848766326904, 0.9455872774124146, 0.9456163048744202, 0.9455863237380981, 0.9455321431159973, 0.9455040693283081, 0.9455389976501465, 0.9455122947692871, 0.9455975890159607, 0.9454707503318787, 0.9455267190933228, 0.9455645084381104]
val step Loss: [0.9457042813301086, 0.9455931186676025, 0.9456701278686523, 0.945722758769989, 0.9457318186759949, 0.9504778385162354, 0.9456647038459778, 0.9456894397735596, 0.9457888007164001, 0.9458407163619995, 0.9457003474235535, 0.9477323889732361, 0.9466754794120789, 0.945755660533905, 0.9457212686538696, 0.9457216262817383, 0.9457775950431824, 0.9456993341445923, 0.9457464218139648, 0.9457933902740479, 0.9457262754440308, 0.9513449668884277, 0.9456728100776672, 0.9466077089309692, 0.9457978010177612, 0.9456324577331543, 0.9485073685646057]
Train step Accs: [1.0, 1.0, 1.0, 1.0, 1.0, 1.0, 1.0, 1.0, 1.0, 1.0, 1.0, 1.0, 1.0, 1.0, 1.0, 1.0, 1.0, 1.0, 1.0, 1.0, 1.0, 1.0, 1.0, 1.0, 1.0, 1.0, 1.0, 1.0, 1.0, 1.0, 1.0, 1.0, 1.0, 1.0, 1.0, 1.0, 1.0, 1.0, 1.0, 1.0, 1.0, 1.0, 1.0, 1.0, 1.0, 1.0, 1.0, 1.0, 1.0, 1.0, 1.0, 1.0, 1.0, 1.0, 1.0, 1.0, 1.0, 1.0, 1.0, 1.0, 1.0, 1.0, 1.0, 1.0, 1.0, 1.0, 1.0, 1.0, 1.0, 1.0, 1.0, 1.0, 1.0, 1.0, 1.0, 1.0, 1.0, 1.0, 1.0, 1.0, 1.0, 1.0, 1.0, 1.0, 1.0, 1.0, 1.0, 1.0, 1.0, 1.0, 1.0, 1.0, 1.0, 1.0, 1.0, 1.0, 1.0, 1.0, 1.0, 1.0, 1.0, 1.0, 1.0, 1.0, 1.0]
val step Accs: [1.0, 1.0, 1.0, 1.0, 1.0, 0.9991068238656663, 1.0, 1.0, 1.0, 1.0, 1.0, 0.9996256784577953, 0.9998547567175018, 1.0, 1.0, 1.0, 1.0, 1.0, 1.0, 1.0, 1.0, 0.9989937950695958, 1.0, 0.9998447204968944, 1.0, 1.0, 0.999512432959532]
Preds: [17, 296, 32, 32, 32, 32, 239, 354, 354, 180, 443, 443, 443, 443, 240, 240, 240, 35, 75, 164, 164, 27, 27, 302, 302, 496, 293, 293, 368, 453, 453, 168, 168, 494, 324, 301, 301, 325, 183, 398, 398, 398, 398, 464, 464, 175, 175, 431, 443, 486, 486, 486, 460, 460, 14, 411, 411, 171, 171, 171, 171, 171, 171, 171, 171, 246, 19, 19, 19, 454, 454, 229, 229, 170, 47, 47, 408, 244, 249, 102, 321, 321, 320, 127, 114, 420, 420, 403, 443, 264, 378, 378, 88, 106, 284, 284, 460, 169, 150, 150, 342, 342, 232, 232, 172, 115, 267, 267, 267, 267, 267, 213, 213, 213, 3, 3, 411, 188, 213, 213, 213, 213, 246, 246, 246, 246, 246, 19, 19, 19, 454, 229, 414, 80, 80, 289, 320, 321, 411, 424, 424, 424, 424, 424, 424, 497, 497, 497, 122, 144, 144, 27, 27, 180, 486, 486, 486, 460, 460, 58, 58, 183, 110, 110, 286, 171, 171, 171, 171, 171, 171, 358, 358, 358, 186, 99, 436, 436, 447, 447, 97, 56, 336, 237, 237, 237, 320, 7, 276, 345, 345, 109, 109, 109, 109, 146, 146, 146, 252, 252, 368, 77, 198, 164, 164, 384, 371, 444, 444, 444, 213, 213, 252, 252, 310, 107, 107, 107, 395, 395, 444, 41, 41, 41, 246, 19, 19, 19, 454, 454, 126, 126, 326, 326, 101, 101, 149, 289, 321, 320, 75, 354, 106, 106, 284, 481, 493, 493, 240, 175, 58, 180, 180, 284, 284, 355, 355, 169, 169, 169, 402, 402, 402, 29, 29, 337, 286, 286, 464, 180, 180, 284, 284, 284, 284, 376, 206, 206, 460, 85, 85, 299, 41, 41, 41, 41, 19, 19, 19, 19, 454, 229, 414, 414, 187, 187, 408, 244, 244, 321, 321, 412, 83, 331, 331, 315, 315, 315, 319, 282, 282, 388, 35, 22, 448, 448, 324, 324, 324, 3, 3, 411, 411, 171, 171, 171, 171, 171, 171, 171, 252, 143, 458, 445, 445, 445, 213, 213, 213, 246, 246, 246, 246, 19, 19, 454, 454, 229, 229, 15, 244, 15, 412, 287, 287, 287, 145, 486, 460, 460, 240, 150, 77, 342, 449, 371, 470, 180, 180, 315, 319, 426, 426, 450, 203, 53, 473, 65, 65, 290, 290, 330, 330, 116, 199, 199, 134, 134, 134, 399, 399, 217, 473, 398, 398, 286, 286, 264, 468, 406, 406, 467, 499, 499, 426, 98, 98, 98, 420, 435, 435, 435, 435, 435, 435, 435, 435, 435, 435, 435, 435, 435, 435, 435, 435, 435, 435, 435, 435, 435, 435, 435, 435, 435, 435, 435, 435, 435, 435, 435, 435, 435, 435, 435, 435, 435, 435, 435, 435, 435, 435, 435, 435, 435, 435, 435, 435, 435, 435, 435, 435, 435, 435, 435, 435, 435, 435, 435, 435, 435, 435, 435, 435, 435, 435, 435, 435, 435, 435, 435, 435, 435, 435, 435, 435, 435, 435, 435, 435, 435, 435, 435, 435, 435, 435, 435, 435, 435, 435, 435, 435, 435, 435, 435, 435, 435, 435, 435, 435, 435, 435, 435, 435, 435, 435, 435, 435, 435, 435, 435, 435, 435, 435, 435, 435, 435, 435, 435, 435, 435, 435, 435, 435, 435, 435, 435, 435, 435, 435, 435, 435, 435, 435, 435, 435, 435, 435, 435, 435, 435, 435, 435, 435, 435, 435, 435, 435, 435, 435, 435, 435, 435, 435, 435, 435, 435, 435, 435, 435, 435, 435, 435, 435, 435, 435, 435, 435, 435, 435, 435, 435, 435, 435, 435, 435, 435, 435, 435, 435, 435, 435, 435, 435, 435, 435, 435, 435, 435, 435, 435]

